{
  "fio version" : "fio-3.1",
  "timestamp" : 1574247686,
  "timestamp_ms" : 1574247686519,
  "time" : "Wed Nov 20 11:01:26 2019",
  "global options" : {
    "directory" : "data/fio_write/beegfs-write-64-m4pv5",
    "bs" : "2097152",
    "fallocate" : "none",
    "runtime" : "30",
    "time_based" : "1",
    "ioengine" : "libaio",
    "iodepth" : "8",
    "direct" : "1",
    "buffered" : "0",
    "invalidate" : "1",
    "ramp_time" : "0",
    "thread" : "0",
    "group_reporting" : "1",
    "filesize" : "32g",
    "size" : "32g",
    "filename_format" : "$jobnum.dat"
  },
  "jobs" : [
    {
      "jobname" : "fio-job",
      "groupid" : 0,
      "error" : 0,
      "eta" : 0,
      "elapsed" : 31,
      "job options" : {
        "rw" : "write"
      },
      "read" : {
        "io_bytes" : 0,
        "io_kbytes" : 0,
        "bw" : 0,
        "iops" : 0.000000,
        "runtime" : 0,
        "total_ios" : 0,
        "short_ios" : 0,
        "drop_ios" : 0,
        "slat_ns" : {
          "min" : 0,
          "max" : 0,
          "mean" : 0.000000,
          "stddev" : 0.000000
        },
        "clat_ns" : {
          "min" : 0,
          "max" : 0,
          "mean" : 0.000000,
          "stddev" : 0.000000,
          "percentile" : {
            "1.000000" : 0,
            "5.000000" : 0,
            "10.000000" : 0,
            "20.000000" : 0,
            "30.000000" : 0,
            "40.000000" : 0,
            "50.000000" : 0,
            "60.000000" : 0,
            "70.000000" : 0,
            "80.000000" : 0,
            "90.000000" : 0,
            "95.000000" : 0,
            "99.000000" : 0,
            "99.500000" : 0,
            "99.900000" : 0,
            "99.950000" : 0,
            "99.990000" : 0,
            "0.00" : 0,
            "0.00" : 0,
            "0.00" : 0
          },
          "bins" : {

          }
        },
        "lat_ns" : {
          "min" : 0,
          "max" : 0,
          "mean" : 0.000000,
          "stddev" : 0.000000
        },
        "bw_min" : 0,
        "bw_max" : 0,
        "bw_agg" : 0.000000,
        "bw_mean" : 0.000000,
        "bw_dev" : 0.000000,
        "bw_samples" : 0,
        "iops_min" : 0,
        "iops_max" : 0,
        "iops_mean" : 0.000000,
        "iops_stddev" : 0.000000,
        "iops_samples" : 0
      },
      "write" : {
        "io_bytes" : 2365587456,
        "io_kbytes" : 2310144,
        "bw" : 76748,
        "iops" : 37.475083,
        "runtime" : 30100,
        "total_ios" : 1128,
        "short_ios" : 0,
        "drop_ios" : 0,
        "slat_ns" : {
          "min" : 2555110,
          "max" : 1800224995,
          "mean" : 106545670.549645,
          "stddev" : 173997696.828480
        },
        "clat_ns" : {
          "min" : 4026,
          "max" : 3362421457,
          "mean" : 741662198.198581,
          "stddev" : 415445211.086985,
          "percentile" : {
            "1.000000" : 149946368,
            "5.000000" : 283115520,
            "10.000000" : 383778816,
            "20.000000" : 442499072,
            "30.000000" : 480247808,
            "40.000000" : 534773760,
            "50.000000" : 608174080,
            "60.000000" : 708837376,
            "70.000000" : 851443712,
            "80.000000" : 1052770304,
            "90.000000" : 1317011456,
            "95.000000" : 1484783616,
            "99.000000" : 2332033024,
            "99.500000" : 2499805184,
            "99.900000" : 2801795072,
            "99.950000" : 3372220416,
            "99.990000" : 3372220416,
            "0.00" : 0,
            "0.00" : 0,
            "0.00" : 0
          },
          "bins" : {
            "4016" : 1,
            "6688" : 2,
            "7456" : 1,
            "21364736" : 1,
            "104333312" : 1,
            "137363456" : 1,
            "143654912" : 1,
            "145752064" : 3,
            "149946368" : 1,
            "156237824" : 1,
            "164626432" : 1,
            "168820736" : 1,
            "173015040" : 1,
            "175112192" : 1,
            "177209344" : 2,
            "181403648" : 1,
            "187695104" : 2,
            "189792256" : 2,
            "193986560" : 1,
            "198180864" : 1,
            "206569472" : 2,
            "210763776" : 1,
            "212860928" : 2,
            "225443840" : 2,
            "229638144" : 3,
            "235929600" : 1,
            "240123904" : 3,
            "242221056" : 1,
            "244318208" : 1,
            "250609664" : 2,
            "252706816" : 1,
            "254803968" : 2,
            "258998272" : 1,
            "263192576" : 2,
            "265289728" : 1,
            "270532608" : 2,
            "274726912" : 2,
            "278921216" : 1,
            "283115520" : 4,
            "287309824" : 3,
            "291504128" : 2,
            "295698432" : 3,
            "304087040" : 3,
            "308281344" : 2,
            "312475648" : 3,
            "325058560" : 3,
            "333447168" : 1,
            "337641472" : 2,
            "341835776" : 3,
            "346030080" : 3,
            "350224384" : 1,
            "354418688" : 2,
            "358612992" : 2,
            "362807296" : 2,
            "367001600" : 4,
            "371195904" : 5,
            "375390208" : 2,
            "379584512" : 4,
            "383778816" : 4,
            "387973120" : 1,
            "392167424" : 4,
            "396361728" : 6,
            "400556032" : 6,
            "404750336" : 5,
            "408944640" : 12,
            "413138944" : 12,
            "417333248" : 12,
            "421527552" : 8,
            "425721856" : 9,
            "429916160" : 12,
            "434110464" : 10,
            "438304768" : 10,
            "442499072" : 9,
            "446693376" : 13,
            "450887680" : 17,
            "455081984" : 12,
            "459276288" : 9,
            "463470592" : 9,
            "467664896" : 12,
            "471859200" : 13,
            "476053504" : 15,
            "480247808" : 9,
            "484442112" : 12,
            "488636416" : 13,
            "492830720" : 11,
            "497025024" : 11,
            "501219328" : 9,
            "505413632" : 8,
            "509607936" : 7,
            "513802240" : 7,
            "517996544" : 6,
            "522190848" : 9,
            "526385152" : 5,
            "530579456" : 9,
            "534773760" : 9,
            "541065216" : 18,
            "549453824" : 14,
            "557842432" : 15,
            "566231040" : 15,
            "574619648" : 14,
            "583008256" : 17,
            "591396864" : 10,
            "599785472" : 5,
            "608174080" : 12,
            "616562688" : 10,
            "624951296" : 8,
            "633339904" : 8,
            "641728512" : 7,
            "650117120" : 14,
            "658505728" : 7,
            "666894336" : 7,
            "675282944" : 7,
            "683671552" : 8,
            "692060160" : 12,
            "700448768" : 7,
            "708837376" : 7,
            "717225984" : 9,
            "725614592" : 10,
            "734003200" : 6,
            "742391808" : 3,
            "750780416" : 7,
            "759169024" : 9,
            "767557632" : 9,
            "775946240" : 10,
            "784334848" : 8,
            "792723456" : 7,
            "801112064" : 5,
            "809500672" : 3,
            "817889280" : 3,
            "826277888" : 5,
            "834666496" : 7,
            "843055104" : 7,
            "851443712" : 9,
            "859832320" : 8,
            "868220928" : 3,
            "876609536" : 4,
            "884998144" : 2,
            "893386752" : 6,
            "901775360" : 6,
            "910163968" : 2,
            "918552576" : 6,
            "926941184" : 3,
            "935329792" : 8,
            "943718400" : 4,
            "952107008" : 8,
            "960495616" : 5,
            "968884224" : 3,
            "977272832" : 5,
            "985661440" : 3,
            "994050048" : 6,