{
  "fio version" : "fio-3.1",
  "timestamp" : 1556100228,
  "timestamp_ms" : 1556100228370,
  "time" : "Wed Apr 24 10:03:48 2019",
  "global options" : {
    "fallocate" : "none",
    "runtime" : "30",
    "directory" : "data/fio_write/beegfs-randwrite-64-q5nvh",
    "bs" : "8192",
    "time_based" : "1",
    "ioengine" : "libaio",
    "iodepth" : "8",
    "direct" : "1",
    "buffered" : "0",
    "thread" : "0",
    "group_reporting" : "1",
    "filesize" : "32g",
    "size" : "32g",
    "filename_format" : "$jobnum.dat"
  },
  "jobs" : [
    {
      "jobname" : "fio-job",
      "groupid" : 0,
      "error" : 0,
      "eta" : 0,
      "elapsed" : 34,
      "job options" : {
        "rw" : "randwrite"
      },
      "read" : {
        "io_bytes" : 0,
        "io_kbytes" : 0,
        "bw" : 0,
        "iops" : 0.000000,
        "runtime" : 0,
        "total_ios" : 0,
        "short_ios" : 0,
        "drop_ios" : 0,
        "slat_ns" : {
          "min" : 0,
          "max" : 0,
          "mean" : 0.000000,
          "stddev" : 0.000000
        },
        "clat_ns" : {
          "min" : 0,
          "max" : 0,
          "mean" : 0.000000,
          "stddev" : 0.000000,
          "percentile" : {
            "1.000000" : 0,
            "5.000000" : 0,
            "10.000000" : 0,
            "20.000000" : 0,
            "30.000000" : 0,
            "40.000000" : 0,
            "50.000000" : 0,
            "60.000000" : 0,
            "70.000000" : 0,
            "80.000000" : 0,
            "90.000000" : 0,
            "95.000000" : 0,
            "99.000000" : 0,
            "99.500000" : 0,
            "99.900000" : 0,
            "99.950000" : 0,
            "99.990000" : 0,
            "0.00" : 0,
            "0.00" : 0,
            "0.00" : 0
          },
          "bins" : {

          }
        },
        "lat_ns" : {
          "min" : 0,
          "max" : 0,
          "mean" : 0.000000,
          "stddev" : 0.000000
        },
        "bw_min" : 0,
        "bw_max" : 0,
        "bw_agg" : 0.000000,
        "bw_mean" : 0.000000,
        "bw_dev" : 0.000000,
        "bw_samples" : 0,
        "iops_min" : 0,
        "iops_max" : 0,
        "iops_mean" : 0.000000,
        "iops_stddev" : 0.000000,
        "iops_samples" : 0
      },
      "write" : {
        "io_bytes" : 2252800,
        "io_kbytes" : 2200,
        "bw" : 69,
        "iops" : 8.747932,
        "runtime" : 31436,
        "total_ios" : 275,
        "short_ios" : 0,
        "drop_ios" : 0,
        "slat_ns" : {
          "min" : 131238,
          "max" : 6318480742,
          "mean" : 388631420.501818,
          "stddev" : 1041875111.371803
        },
        "clat_ns" : {
          "min" : 5812,
          "max" : 11953364693,
          "mean" : 2579558534.458183,
          "stddev" : 2698199492.125504,
          "percentile" : {
            "1.000000" : 7392,
            "5.000000" : 14352384,
            "10.000000" : 59506688,
            "20.000000" : 173015040,
            "30.000000" : 826277888,
            "40.000000" : 1233125376,
            "50.000000" : 1870659584,
            "60.000000" : 2332033024,
            "70.000000" : 2902458368,
            "80.000000" : 4798283776,
            "90.000000" : 6744440832,
            "95.000000" : 8220835840,
            "99.000000" : 11341398016,
            "99.500000" : 12012486656,
            "99.900000" : 12012486656,
            "99.950000" : 12012486656,
            "99.990000" : 12012486656,
            "0.00" : 0,
            "0.00" : 0,
            "0.00" : 0
          },
          "bins" : {
            "5792" : 1,
            "5856" : 1,
            "7392" : 1,
            "9280" : 1,
            "1646592" : 1,
            "6520832" : 1,
            "6782976" : 1,
            "7766016" : 2,
            "10551296" : 1,
            "10682368" : 2,
            "14221312" : 1,
            "14352384" : 2,
            "14483456" : 1,
            "36962304" : 2,
            "38010880" : 1,
            "44302336" : 1,
            "53215232" : 1,
            "53739520" : 2,
            "57933824" : 2,
            "58982400" : 1,
            "59506688" : 2,
            "63700992" : 1,
            "64225280" : 2,
            "64749568" : 1,
            "67633152" : 1,
            "72876032" : 1,
            "76021760" : 1,
            "82313216" : 1,
            "86507520" : 1,
            "93847552" : 1,
            "95944704" : 1,
            "108527616" : 1,
            "117964800" : 1,
            "129499136" : 1,
            "130547712" : 3,
            "131596288" : 2,
            "132644864" : 2,
            "137363456" : 1,
            "139460608" : 1,
            "156237824" : 2,
            "168820736" : 1,
            "173015040" : 1,
            "177209344" : 1,
            "181403648" : 1,
            "208666624" : 1,
            "214958080" : 1,
            "219152384" : 2,
            "221249536" : 2,
            "233832448" : 2,
            "242221056" : 1,
            "278921216" : 1,
            "308281344" : 1,
            "346030080" : 1,
            "425721856" : 4,
            "442499072" : 3,
            "459276288" : 1,
            "526385152" : 1,
            "583008256" : 1,
            "608174080" : 1,
            "792723456" : 1,
            "801112064" : 1,
            "826277888" : 1,
            "834666496" : 2,
            "851443712" : 1,
            "868220928" : 1,
            "876609536" : 2,
            "910163968" : 1,
            "926941184" : 1,
            "943718400" : 1,
            "968884224" : 1,
            "977272832" : 1,
            "1002438656" : 2,
            "1052770304" : 1,
            "1082130432" : 3,
            "1098907648" : 2,
            "1115684864" : 1,
            "1132462080" : 2,
            "1216348160" : 3,
            "1233125376" : 2,
            "1249902592" : 1,
            "1266679808" : 1,
            "1283457024" : 1,
            "1417674752" : 1,
            "1451229184" : 2,
            "1518338048" : 5,
            "1602224128" : 2,
            "1635778560" : 2,
            "1652555776" : 1,
            "1669332992" : 1,
            "1686110208" : 1,
            "1702887424" : 2,
            "1719664640" : 2,
            "1736441856" : 4,
            "1870659584" : 4,
            "1887436800" : 3,
            "1904214016" : 5,
            "1920991232" : 4,
            "1937768448" : 1,
            "1971322880" : 1,
            "2197815296" : 1,
            "2231369728" : 1,
            "2264924160" : 4,
            "2298478592" : 1,
            "2332033024" : 10,
            "2365587456" : 1,
            "2399141888" : 2,
            "2432696320" : 1,
            "2466250752" : 1,
            "2701131776" : 1,
            "2734686208" : 3,
            "2768240640" : 1,
            "2835349504" : 6,
            "2868903936" : 3,
            "2902458368" : 4,
            "2936012800" : 2,
            "2969567232" : 2,
            "3003121664" : 3,
            "3204448256" : 1,
            "3271557120" : 7,
            "3305111552" : 1,
            "3674210304" : 1,
            "3774873600" : 2,
            "4110417920" : 1,
            "4143972352" : 1,
            "4177526784" : 4,
            "4798283776" : 2,
            "4865392640" : 3,
            "4932501504" : 1,
            "4999610368" : 1,
            "5133828096" : 1,
            "5402263552" : 6,
            "5536481280" : 1,
            "6274678784" : 1,
            "6341787648" : 1,
            "6408896512" : 3,
            "6476005376" : 1,
            "6543114240" : 2,
            "6677331968" : 4,
            "6744440832" : 2,
            "6878658560" : 1,
            "6945767424" : 1,
            "7214202880" : 4,
            "7549747200" : 1,
            "7616856064" : 4,
            "7683964928" : 1,
            "8220835840" : 4,
            "8287944704" : 1,
            "8657043456" : 1,
            "9059696640" : 1,
            "9193914368" : 1,
            "10401873920" : 2,