{
  "fio version" : "fio-3.1",
  "timestamp" : 1556099223,
  "timestamp_ms" : 1556099223153,
  "time" : "Wed Apr 24 09:47:03 2019",
  "global options" : {
    "fallocate" : "none",
    "runtime" : "30",
    "directory" : "data/fio_write/beegfs-write-64-b7ks9",
    "bs" : "1024",
    "time_based" : "1",
    "ioengine" : "libaio",
    "iodepth" : "8",
    "direct" : "1",
    "buffered" : "0",
    "thread" : "0",
    "group_reporting" : "1",
    "filesize" : "32g",
    "size" : "32g",
    "filename_format" : "$jobnum.dat"
  },
  "jobs" : [
    {
      "jobname" : "fio-job",
      "groupid" : 0,
      "error" : 0,
      "eta" : 0,
      "elapsed" : 31,
      "job options" : {
        "rw" : "write"
      },
      "read" : {
        "io_bytes" : 0,
        "io_kbytes" : 0,
        "bw" : 0,
        "iops" : 0.000000,
        "runtime" : 0,
        "total_ios" : 0,
        "short_ios" : 0,
        "drop_ios" : 0,
        "slat_ns" : {
          "min" : 0,
          "max" : 0,
          "mean" : 0.000000,
          "stddev" : 0.000000
        },
        "clat_ns" : {
          "min" : 0,
          "max" : 0,
          "mean" : 0.000000,
          "stddev" : 0.000000,
          "percentile" : {
            "1.000000" : 0,
            "5.000000" : 0,
            "10.000000" : 0,
            "20.000000" : 0,
            "30.000000" : 0,
            "40.000000" : 0,
            "50.000000" : 0,
            "60.000000" : 0,
            "70.000000" : 0,
            "80.000000" : 0,
            "90.000000" : 0,
            "95.000000" : 0,
            "99.000000" : 0,
            "99.500000" : 0,
            "99.900000" : 0,
            "99.950000" : 0,
            "99.990000" : 0,
            "0.00" : 0,
            "0.00" : 0,
            "0.00" : 0
          },
          "bins" : {

          }
        },
        "lat_ns" : {
          "min" : 0,
          "max" : 0,
          "mean" : 0.000000,
          "stddev" : 0.000000
        },
        "bw_min" : 0,
        "bw_max" : 0,
        "bw_agg" : 0.000000,
        "bw_mean" : 0.000000,
        "bw_dev" : 0.000000,
        "bw_samples" : 0,
        "iops_min" : 0,
        "iops_max" : 0,
        "iops_mean" : 0.000000,
        "iops_stddev" : 0.000000,
        "iops_samples" : 0
      },
      "write" : {
        "io_bytes" : 582608896,
        "io_kbytes" : 568954,
        "bw" : 18964,
        "iops" : 18964.501183,
        "runtime" : 30001,
        "total_ios" : 568954,
        "short_ios" : 0,
        "drop_ios" : 0,
        "slat_ns" : {
          "min" : 29047,
          "max" : 83693679,
          "mean" : 204795.706887,
          "stddev" : 311042.801029
        },
        "clat_ns" : {
          "min" : 4778,
          "max" : 86024957,
          "mean" : 1477250.112144,
          "stddev" : 1021320.295922,
          "percentile" : {
            "1.000000" : 561152,
            "5.000000" : 684032,
            "10.000000" : 741376,
            "20.000000" : 815104,
            "30.000000" : 897024,
            "40.000000" : 1056768,
            "50.000000" : 1286144,
            "60.000000" : 1515520,
            "70.000000" : 1679360,
            "80.000000" : 1925120,
            "90.000000" : 2473984,
            "95.000000" : 3063808,
            "99.000000" : 4554752,
            "99.500000" : 5210112,
            "99.900000" : 6979584,
            "99.950000" : 7962624,
            "99.990000" : 12124160,
            "0.00" : 0,
            "0.00" : 0,
            "0.00" : 0
          },
          "bins" : {
            "4768" : 1,
            "5024" : 1,
            "5536" : 1,
            "6304" : 1,
            "218112" : 1,
            "280576" : 1,
            "288768" : 1,
            "317440" : 1,
            "329728" : 1,
            "370688" : 1,
            "403456" : 2,
            "407552" : 2,
            "411648" : 2,
            "415744" : 3,
            "419840" : 8,
            "423936" : 8,
            "428032" : 10,
            "432128" : 8,
            "436224" : 9,
            "440320" : 13,
            "444416" : 20,
            "448512" : 16,
            "452608" : 31,
            "456704" : 40,
            "460800" : 48,
            "464896" : 45,
            "468992" : 46,
            "473088" : 54,
            "477184" : 75,
            "481280" : 95,
            "485376" : 95,
            "489472" : 120,
            "493568" : 139,
            "497664" : 142,
            "501760" : 200,
            "505856" : 193,
            "509952" : 206,
            "514048" : 213,
            "518144" : 243,
            "522240" : 243,
            "528384" : 534,
            "536576" : 660,
            "544768" : 689,
            "552960" : 773,
            "561152" : 779,
            "569344" : 780,
            "577536" : 844,
            "585728" : 987,
            "593920" : 998,
            "602112" : 1136,
            "610304" : 1296,
            "618496" : 1459,
            "626688" : 1476,
            "634880" : 1682,
            "643072" : 1777,
            "651264" : 1963,
            "659456" : 2119,
            "667648" : 2373,
            "675840" : 2431,
            "684032" : 2776,
            "692224" : 3033,
            "700416" : 3277,
            "708608" : 3568,
            "716800" : 3911,
            "724992" : 4285,
            "733184" : 4652,
            "741376" : 5171,
            "749568" : 5728,
            "757760" : 6035,
            "765952" : 6461,
            "774144" : 6662,
            "782336" : 6976,
            "790528" : 7088,
            "798720" : 7049,
            "806912" : 7086,
            "815104" : 7017,
            "823296" : 6742,
            "831488" : 6439,
            "839680" : 6265,
            "847872" : 6198,
            "856064" : 5798,
            "864256" : 5424,
            "872448" : 4977,
            "880640" : 4861,
            "888832" : 4612,
            "897024" : 4311,
            "905216" : 4078,
            "913408" : 3810,
            "921600" : 3694,
            "929792" : 3586,
            "937984" : 3360,
            "946176" : 3249,
            "954368" : 3117,
            "962560" : 3004,
            "970752" : 3002,
            "978944" : 2786,
            "987136" : 2712,
            "995328" : 2638,
            "1003520" : 2617,
            "1011712" : 2494,
            "1019904" : 2429,
            "1028096" : 2421,
            "1036288" : 2333,
            "1044480" : 2249,
            "1056768" : 4299,
            "1073152" : 4345,
            "1089536" : 4297,
            "1105920" : 3978,
            "1122304" : 4038,
            "1138688" : 3999,
            "1155072" : 3979,
            "1171456" : 3848,
            "1187840" : 3795,
            "1204224" : 3807,
            "1220608" : 3796,
            "1236992" : 3720,
            "1253376" : 3763,
            "1269760" : 3682,
            "1286144" : 3759,
            "1302528" : 3728,
            "1318912" : 3718,
            "1335296" : 3731,
            "1351680" : 3855,
            "1368064" : 3952,
            "1384448" : 3836,
            "1400832" : 3905,
            "1417216" : 3852,
            "1433600" : 3987,
            "1449984" : 4194,
            "1466368" : 4422,
            "1482752" : 4655,
            "1499136" : 4953,
            "1515520" : 5272,
            "1531904" : 5705,
            "1548288" : 5908,
            "1564672" : 6078,
            "1581056" : 6201,
            "1597440" : 5991,
            "1613824" : 5918,
            "1630208" : 5745,
            "1646592" : 5649,
            "1662976" : 5372,
            "1679360" : 5096,
            "1695744" : 4993,
            "1712128" : 4652,
            "1728512" : 4491,
            "1744896" : 4227,
            "1761280" : 4183,
            "1777664" : 4095,
            "1794048" : 3633,
            "1810432" : 3709,
            "1826816" : 3317,
            "1843200" : 3253,
            "1859584" : 3074,
            "1875968" : 2949,