{
  "fio version" : "fio-3.1",
  "timestamp" : 1555517605,
  "timestamp_ms" : 1555517605383,
  "time" : "Wed Apr 17 16:13:25 2019",
  "global options" : {
    "fallocate" : "none",
    "runtime" : "30",
    "directory" : "/data/fio_write/beegfs-write-64-p9bpb",
    "bs" : "131072",
    "time_based" : "1",
    "ioengine" : "libaio",
    "iodepth" : "8",
    "direct" : "1",
    "buffered" : "0",
    "thread" : "0",
    "group_reporting" : "1",
    "filesize" : "32g",
    "size" : "32g",
    "filename_format" : "$jobnum.dat"
  },
  "jobs" : [
    {
      "jobname" : "fio-job",
      "groupid" : 0,
      "error" : 0,
      "eta" : 0,
      "elapsed" : 31,
      "job options" : {
        "rw" : "write"
      },
      "read" : {
        "io_bytes" : 0,
        "io_kbytes" : 0,
        "bw" : 0,
        "iops" : 0.000000,
        "runtime" : 0,
        "total_ios" : 0,
        "short_ios" : 0,
        "drop_ios" : 0,
        "slat_ns" : {
          "min" : 0,
          "max" : 0,
          "mean" : 0.000000,
          "stddev" : 0.000000
        },
        "clat_ns" : {
          "min" : 0,
          "max" : 0,
          "mean" : 0.000000,
          "stddev" : 0.000000,
          "percentile" : {
            "1.000000" : 0,
            "5.000000" : 0,
            "10.000000" : 0,
            "20.000000" : 0,
            "30.000000" : 0,
            "40.000000" : 0,
            "50.000000" : 0,
            "60.000000" : 0,
            "70.000000" : 0,
            "80.000000" : 0,
            "90.000000" : 0,
            "95.000000" : 0,
            "99.000000" : 0,
            "99.500000" : 0,
            "99.900000" : 0,
            "99.950000" : 0,
            "99.990000" : 0,
            "0.00" : 0,
            "0.00" : 0,
            "0.00" : 0
          },
          "bins" : {

          }
        },
        "lat_ns" : {
          "min" : 0,
          "max" : 0,
          "mean" : 0.000000,
          "stddev" : 0.000000
        },
        "bw_min" : 0,
        "bw_max" : 0,
        "bw_agg" : 0.000000,
        "bw_mean" : 0.000000,
        "bw_dev" : 0.000000,
        "bw_samples" : 0,
        "iops_min" : 0,
        "iops_max" : 0,
        "iops_mean" : 0.000000,
        "iops_stddev" : 0.000000,
        "iops_samples" : 0
      },
      "write" : {
        "io_bytes" : 2375811072,
        "io_kbytes" : 2320128,
        "bw" : 77332,
        "iops" : 604.159723,
        "runtime" : 30002,
        "total_ios" : 18126,
        "short_ios" : 0,
        "drop_ios" : 0,
        "slat_ns" : {
          "min" : 876750,
          "max" : 1185648684,
          "mean" : 6584570.694748,
          "stddev" : 22473671.531988
        },
        "clat_ns" : {
          "min" : 6230,
          "max" : 1230754177,
          "mean" : 46126217.633896,
          "stddev" : 57209885.748715,
          "percentile" : {
            "1.000000" : 10289152,
            "5.000000" : 15532032,
            "10.000000" : 22413312,
            "20.000000" : 28180480,
            "30.000000" : 32374784,
            "40.000000" : 35913728,
            "50.000000" : 39059456,
            "60.000000" : 42205184,
            "70.000000" : 45875200,
            "80.000000" : 51642368,
            "90.000000" : 60555264,
            "95.000000" : 74973184,
            "99.000000" : 238026752,
            "99.500000" : 408944640,
            "99.900000" : 826277888,
            "99.950000" : 1166016512,
            "99.990000" : 1233125376,
            "0.00" : 0,
            "0.00" : 0,
            "0.00" : 0
          },
          "bins" : {
            "6240" : 1,
            "7072" : 2,
            "46336" : 1,
            "1875968" : 1,
            "2179072" : 1,
            "2572288" : 1,
            "3063808" : 1,
            "4014080" : 1,
            "4685824" : 1,
            "5079040" : 2,
            "6651904" : 1,
            "6979584" : 1,
            "7110656" : 1,
            "7307264" : 1,
            "8028160" : 1,
            "8290304" : 1,
            "8454144" : 5,
            "8585216" : 2,
            "8716288" : 7,
            "8847360" : 7,
            "8978432" : 3,
            "9109504" : 8,
            "9240576" : 7,
            "9371648" : 17,
            "9502720" : 12,
            "9633792" : 16,
            "9764864" : 20,
            "9895936" : 12,
            "10027008" : 24,
            "10158080" : 16,
            "10289152" : 9,
            "10420224" : 14,
            "10551296" : 12,
            "10682368" : 15,
            "10813440" : 16,
            "10944512" : 13,
            "11075584" : 11,
            "11206656" : 12,
            "11337728" : 20,
            "11468800" : 25,
            "11599872" : 15,
            "11730944" : 15,
            "11862016" : 30,
            "11993088" : 19,
            "12124160" : 11,
            "12255232" : 18,
            "12386304" : 19,
            "12517376" : 12,
            "12648448" : 20,
            "12779520" : 16,
            "12910592" : 27,
            "13041664" : 15,
            "13172736" : 23,
            "13303808" : 25,
            "13434880" : 23,
            "13565952" : 18,
            "13697024" : 28,
            "13828096" : 23,
            "13959168" : 25,
            "14090240" : 17,
            "14221312" : 16,
            "14352384" : 21,
            "14483456" : 23,
            "14614528" : 13,
            "14745600" : 16,
            "14876672" : 17,
            "15007744" : 11,
            "15138816" : 22,
            "15269888" : 20,
            "15400960" : 15,
            "15532032" : 14,
            "15663104" : 15,
            "15794176" : 18,
            "15925248" : 14,
            "16056320" : 11,
            "16187392" : 11,
            "16318464" : 18,
            "16449536" : 17,
            "16580608" : 16,
            "16711680" : 22,
            "16908288" : 28,
            "17170432" : 28,
            "17432576" : 22,
            "17694720" : 33,
            "17956864" : 21,
            "18219008" : 36,
            "18481152" : 32,
            "18743296" : 30,
            "19005440" : 33,
            "19267584" : 30,
            "19529728" : 28,
            "19791872" : 43,
            "20054016" : 34,
            "20316160" : 52,
            "20578304" : 41,
            "20840448" : 39,
            "21102592" : 31,
            "21364736" : 47,
            "21626880" : 38,
            "21889024" : 43,
            "22151168" : 55,
            "22413312" : 68,
            "22675456" : 52,
            "22937600" : 62,
            "23199744" : 48,
            "23461888" : 69,
            "23724032" : 75,
            "23986176" : 69,
            "24248320" : 68,
            "24510464" : 75,
            "24772608" : 82,
            "25034752" : 80,
            "25296896" : 72,
            "25559040" : 66,
            "25821184" : 78,
            "26083328" : 100,
            "26345472" : 82,
            "26607616" : 97,
            "26869760" : 116,
            "27131904" : 101,
            "27394048" : 81,
            "27656192" : 100,
            "27918336" : 107,
            "28180480" : 97,
            "28442624" : 126,
            "28704768" : 110,
            "28966912" : 101,
            "29229056" : 107,
            "29491200" : 94,
            "29753344" : 126,
            "30015488" : 106,
            "30277632" : 103,
            "30539776" : 114,
            "30801920" : 94,
            "31064064" : 121,
            "31326208" : 125,
            "31588352" : 123,
            "31850496" : 117,
            "32112640" : 129,
            "32374784" : 142,
            "32636928" : 116,
            "32899072" : 121,
            "33161216" : 138,
            "33423360" : 119,
            "33816576" : 289,
            "34340864" : 278,
            "34865152" : 320,
            "35389440" : 306,
            "35913728" : 303,
            "36438016" : 316,
            "36962304" : 291,
            "37486592" : 277,
            "38010880" : 296,