{
  "fio version" : "fio-3.1",
  "timestamp" : 1556021605,
  "timestamp_ms" : 1556021605543,
  "time" : "Tue Apr 23 13:13:25 2019",
  "global options" : {
    "fallocate" : "none",
    "runtime" : "30",
    "directory" : "/data/fio_write/beegfs-write-64-client-90087-40",
    "bs" : "131072",
    "time_based" : "1",
    "ioengine" : "libaio",
    "iodepth" : "8",
    "direct" : "1",
    "buffered" : "0",
    "thread" : "0",
    "group_reporting" : "1",
    "filesize" : "32g",
    "size" : "32g",
    "filename_format" : "$jobnum.dat"
  },
  "jobs" : [
    {
      "jobname" : "fio-job",
      "groupid" : 0,
      "error" : 0,
      "eta" : 0,
      "elapsed" : 31,
      "job options" : {
        "rw" : "write"
      },
      "read" : {
        "io_bytes" : 0,
        "io_kbytes" : 0,
        "bw" : 0,
        "iops" : 0.000000,
        "runtime" : 0,
        "total_ios" : 0,
        "short_ios" : 0,
        "drop_ios" : 0,
        "slat_ns" : {
          "min" : 0,
          "max" : 0,
          "mean" : 0.000000,
          "stddev" : 0.000000
        },
        "clat_ns" : {
          "min" : 0,
          "max" : 0,
          "mean" : 0.000000,
          "stddev" : 0.000000,
          "percentile" : {
            "1.000000" : 0,
            "5.000000" : 0,
            "10.000000" : 0,
            "20.000000" : 0,
            "30.000000" : 0,
            "40.000000" : 0,
            "50.000000" : 0,
            "60.000000" : 0,
            "70.000000" : 0,
            "80.000000" : 0,
            "90.000000" : 0,
            "95.000000" : 0,
            "99.000000" : 0,
            "99.500000" : 0,
            "99.900000" : 0,
            "99.950000" : 0,
            "99.990000" : 0,
            "0.00" : 0,
            "0.00" : 0,
            "0.00" : 0
          },
          "bins" : {

          }
        },
        "lat_ns" : {
          "min" : 0,
          "max" : 0,
          "mean" : 0.000000,
          "stddev" : 0.000000
        },
        "bw_min" : 0,
        "bw_max" : 0,
        "bw_agg" : 0.000000,
        "bw_mean" : 0.000000,
        "bw_dev" : 0.000000,
        "bw_samples" : 0,
        "iops_min" : 0,
        "iops_max" : 0,
        "iops_mean" : 0.000000,
        "iops_stddev" : 0.000000,
        "iops_samples" : 0
      },
      "write" : {
        "io_bytes" : 323878912,
        "io_kbytes" : 316288,
        "bw" : 10527,
        "iops" : 82.243302,
        "runtime" : 30045,
        "total_ios" : 2471,
        "short_ios" : 0,
        "drop_ios" : 0,
        "slat_ns" : {
          "min" : 400228,
          "max" : 178426943,
          "mean" : 48560023.271955,
          "stddev" : 11803194.332303
        },
        "clat_ns" : {
          "min" : 2654,
          "max" : 465775697,
          "mean" : 339005165.460138,
          "stddev" : 51208858.154662,
          "percentile" : {
            "1.000000" : 212860928,
            "5.000000" : 283115520,
            "10.000000" : 291504128,
            "20.000000" : 299892736,
            "30.000000" : 308281344,
            "40.000000" : 316669952,
            "50.000000" : 333447168,
            "60.000000" : 354418688,
            "70.000000" : 367001600,
            "80.000000" : 379584512,
            "90.000000" : 404750336,
            "95.000000" : 425721856,
            "99.000000" : 450887680,
            "99.500000" : 455081984,
            "99.900000" : 463470592,
            "99.950000" : 463470592,
            "99.990000" : 467664896,
            "0.00" : 0,
            "0.00" : 0,
            "0.00" : 0
          },
          "bins" : {
            "2640" : 1,
            "2736" : 1,
            "2928" : 1,
            "3216" : 1,
            "45350912" : 1,
            "48496640" : 2,
            "51118080" : 1,
            "99090432" : 1,
            "105381888" : 2,
            "106430464" : 1,
            "149946368" : 1,
            "154140672" : 2,
            "156237824" : 1,
            "189792256" : 1,
            "191889408" : 1,
            "202375168" : 2,
            "204472320" : 3,
            "206569472" : 1,
            "212860928" : 1,
            "214958080" : 1,
            "225443840" : 1,
            "227540992" : 2,
            "229638144" : 2,
            "231735296" : 1,
            "233832448" : 2,
            "235929600" : 1,
            "238026752" : 1,
            "240123904" : 1,
            "242221056" : 4,
            "244318208" : 7,
            "246415360" : 1,
            "248512512" : 2,
            "250609664" : 6,
            "252706816" : 3,
            "254803968" : 2,
            "256901120" : 3,
            "258998272" : 4,
            "261095424" : 2,
            "263192576" : 8,
            "265289728" : 2,
            "267386880" : 7,
            "270532608" : 11,
            "274726912" : 12,
            "278921216" : 9,
            "283115520" : 39,
            "287309824" : 81,
            "291504128" : 77,
            "295698432" : 121,
            "299892736" : 146,
            "304087040" : 107,
            "308281344" : 127,
            "312475648" : 133,
            "316669952" : 83,
            "320864256" : 91,
            "325058560" : 42,
            "329252864" : 49,
            "333447168" : 39,
            "337641472" : 40,
            "341835776" : 59,
            "346030080" : 49,
            "350224384" : 52,
            "354418688" : 80,
            "358612992" : 83,
            "362807296" : 98,
            "367001600" : 63,
            "371195904" : 77,
            "375390208" : 74,
            "379584512" : 63,
            "383778816" : 49,
            "387973120" : 61,
            "392167424" : 42,
            "396361728" : 31,
            "400556032" : 21,
            "404750336" : 33,
            "408944640" : 29,
            "413138944" : 27,
            "417333248" : 14,
            "421527552" : 30,
            "425721856" : 28,
            "429916160" : 31,
            "434110464" : 8,
            "438304768" : 23,
            "442499072" : 13,
            "446693376" : 3,
            "450887680" : 19,
            "455081984" : 4,
            "463470592" : 11,
            "467664896" : 1
          }
        },
        "lat_ns" : {
          "min" : 45144825,
          "max" : 528503834,
          "mean" : 387565631.301093,
          "stddev" : 56057205.003464
        },
        "bw_min" : 1280,
        "bw_max" : 3584,
        "bw_agg" : 24.717473,
        "bw_mean" : 2602.008333,
        "bw_dev" : 366.039392,
        "bw_samples" : 240,
        "iops_min" : 10,
        "iops_max" : 28,
        "iops_mean" : 20.325000,
        "iops_stddev" : 2.859799,
        "iops_samples" : 240
      },
      "trim" : {
        "io_bytes" : 0,
        "io_kbytes" : 0,
        "bw" : 0,
        "iops" : 0.000000,
        "runtime" : 0,
        "total_ios" : 0,
        "short_ios" : 0,
        "drop_ios" : 0,
        "slat_ns" : {
          "min" : 0,
          "max" : 0,
          "mean" : 0.000000,
          "stddev" : 0.000000
        },
        "clat_ns" : {
          "min" : 0,
          "max" : 0,
          "mean" : 0.000000,
          "stddev" : 0.000000,
          "percentile" : {
            "1.000000" : 0,
            "5.000000" : 0,
            "10.000000" : 0,
            "20.000000" : 0,
            "30.000000" : 0,
            "40.000000" : 0,
            "50.000000" : 0,
            "60.000000" : 0,
            "70.000000" : 0,
            "80.000000" : 0,
            "90.000000" : 0,
            "95.000000" : 0,
            "99.000000" : 0,
            "99.500000" : 0,
            "99.900000" : 0,
            "99.950000" : 0,
            "99.990000" : 0,
            "0.00" : 0,
            "0.00" : 0,
            "0.00" : 0
          },
          "bins" : {

          }
        },
        "lat_ns" : {
          "min" : 0,
          "max" : 0,
          "mean" : 0.000000,
          "stddev" : 0.000000
        },
        "bw_min" : 0,
        "bw_max" : 0,
        "bw_agg" : 0.000000,