{
  "fio version" : "fio-3.1",
  "timestamp" : 1556725508,
  "timestamp_ms" : 1556725508348,
  "time" : "Wed May  1 15:45:08 2019",
  "global options" : {
    "fallocate" : "none",
    "runtime" : "30",
    "directory" : "data/fio_write/beegfs-randwrite-8-fxm8f",
    "bs" : "4194304",
    "time_based" : "1",
    "ioengine" : "libaio",
    "iodepth" : "8",
    "direct" : "1",
    "buffered" : "0",
    "thread" : "0",
    "group_reporting" : "1",
    "filesize" : "32g",
    "size" : "32g",
    "filename_format" : "$jobnum.dat"
  },
  "jobs" : [
    {
      "jobname" : "fio-job",
      "groupid" : 0,
      "error" : 0,
      "eta" : 0,
      "elapsed" : 31,
      "job options" : {
        "rw" : "randwrite"
      },
      "read" : {
        "io_bytes" : 0,
        "io_kbytes" : 0,
        "bw" : 0,
        "iops" : 0.000000,
        "runtime" : 0,
        "total_ios" : 0,
        "short_ios" : 0,
        "drop_ios" : 0,
        "slat_ns" : {
          "min" : 0,
          "max" : 0,
          "mean" : 0.000000,
          "stddev" : 0.000000
        },
        "clat_ns" : {
          "min" : 0,
          "max" : 0,
          "mean" : 0.000000,
          "stddev" : 0.000000,
          "percentile" : {
            "1.000000" : 0,
            "5.000000" : 0,
            "10.000000" : 0,
            "20.000000" : 0,
            "30.000000" : 0,
            "40.000000" : 0,
            "50.000000" : 0,
            "60.000000" : 0,
            "70.000000" : 0,
            "80.000000" : 0,
            "90.000000" : 0,
            "95.000000" : 0,
            "99.000000" : 0,
            "99.500000" : 0,
            "99.900000" : 0,
            "99.950000" : 0,
            "99.990000" : 0,
            "0.00" : 0,
            "0.00" : 0,
            "0.00" : 0
          },
          "bins" : {

          }
        },
        "lat_ns" : {
          "min" : 0,
          "max" : 0,
          "mean" : 0.000000,
          "stddev" : 0.000000
        },
        "bw_min" : 0,
        "bw_max" : 0,
        "bw_agg" : 0.000000,
        "bw_mean" : 0.000000,
        "bw_dev" : 0.000000,
        "bw_samples" : 0,
        "iops_min" : 0,
        "iops_max" : 0,
        "iops_mean" : 0.000000,
        "iops_stddev" : 0.000000,
        "iops_samples" : 0
      },
      "write" : {
        "io_bytes" : 10812915712,
        "io_kbytes" : 10559488,
        "bw" : 351654,
        "iops" : 85.853204,
        "runtime" : 30028,
        "total_ios" : 2578,
        "short_ios" : 0,
        "drop_ios" : 0,
        "slat_ns" : {
          "min" : 13831667,
          "max" : 128460325,
          "mean" : 46567017.126455,
          "stddev" : 14469522.548855
        },
        "clat_ns" : {
          "min" : 4100,
          "max" : 460549140,
          "mean" : 324565915.838635,
          "stddev" : 62006770.356423,
          "percentile" : {
            "1.000000" : 210763776,
            "5.000000" : 233832448,
            "10.000000" : 244318208,
            "20.000000" : 258998272,
            "30.000000" : 287309824,
            "40.000000" : 312475648,
            "50.000000" : 333447168,
            "60.000000" : 350224384,
            "70.000000" : 367001600,
            "80.000000" : 379584512,
            "90.000000" : 396361728,
            "95.000000" : 413138944,
            "99.000000" : 434110464,
            "99.500000" : 442499072,
            "99.900000" : 450887680,
            "99.950000" : 459276288,
            "99.990000" : 459276288,
            "0.00" : 0,
            "0.00" : 0,
            "0.00" : 0
          },
          "bins" : {
            "4128" : 1,
            "5344" : 1,
            "5408" : 1,
            "5984" : 1,
            "20054016" : 1,
            "21364736" : 1,
            "27131904" : 1,
            "32112640" : 1,
            "41156608" : 1,
            "42205184" : 1,
            "45350912" : 1,
            "51118080" : 1,
            "69730304" : 1,
            "80216064" : 1,
            "96993280" : 1,
            "99090432" : 1,
            "108527616" : 1,
            "123207680" : 1,
            "129499136" : 1,
            "139460608" : 2,
            "158334976" : 1,
            "177209344" : 1,
            "196083712" : 1,
            "198180864" : 1,
            "210763776" : 1,
            "212860928" : 1,
            "217055232" : 3,
            "219152384" : 3,
            "221249536" : 1,
            "223346688" : 10,
            "225443840" : 11,
            "227540992" : 10,
            "229638144" : 22,
            "231735296" : 22,
            "233832448" : 24,
            "235929600" : 29,
            "238026752" : 32,
            "240123904" : 32,
            "242221056" : 27,
            "244318208" : 25,
            "246415360" : 49,
            "248512512" : 37,
            "250609664" : 26,
            "252706816" : 30,
            "254803968" : 33,
            "256901120" : 33,
            "258998272" : 31,
            "261095424" : 25,
            "263192576" : 21,
            "265289728" : 28,
            "267386880" : 25,
            "270532608" : 38,
            "274726912" : 44,
            "278921216" : 33,
            "283115520" : 30,
            "287309824" : 26,
            "291504128" : 41,
            "295698432" : 35,
            "299892736" : 44,
            "304087040" : 42,
            "308281344" : 45,
            "312475648" : 49,
            "316669952" : 46,
            "320864256" : 45,
            "325058560" : 42,
            "329252864" : 43,
            "333447168" : 71,
            "337641472" : 70,
            "341835776" : 53,
            "346030080" : 78,
            "350224384" : 81,
            "354418688" : 73,
            "358612992" : 86,
            "362807296" : 67,
            "367001600" : 79,
            "371195904" : 72,
            "375390208" : 100,
            "379584512" : 71,
            "383778816" : 54,
            "387973120" : 56,
            "392167424" : 52,
            "396361728" : 46,
            "400556032" : 42,
            "404750336" : 38,
            "408944640" : 34,
            "413138944" : 32,
            "417333248" : 26,
            "421527552" : 24,
            "425721856" : 13,
            "429916160" : 7,
            "434110464" : 16,
            "438304768" : 4,
            "442499072" : 5,
            "446693376" : 3,
            "450887680" : 4,
            "459276288" : 2
          }
        },
        "lat_ns" : {
          "min" : 20024270,
          "max" : 524822919,
          "mean" : 371134260.802948,
          "stddev" : 68684143.867726
        },
        "bw_min" : 32768,
        "bw_max" : 122880,
        "bw_agg" : 24.710872,
        "bw_mean" : 86896.770833,
        "bw_dev" : 16596.463169,
        "bw_samples" : 240,
        "iops_min" : 8,
        "iops_max" : 30,
        "iops_mean" : 21.179167,
        "iops_stddev" : 4.051600,
        "iops_samples" : 240
      },
      "trim" : {
        "io_bytes" : 0,
        "io_kbytes" : 0,
        "bw" : 0,
        "iops" : 0.000000,
        "runtime" : 0,
        "total_ios" : 0,
        "short_ios" : 0,
        "drop_ios" : 0,
        "slat_ns" : {
          "min" : 0,
          "max" : 0,
          "mean" : 0.000000,
          "stddev" : 0.000000
        },
        "clat_ns" : {
          "min" : 0,
          "max" : 0,
          "mean" : 0.000000,
          "stddev" : 0.000000,
          "percentile" : {
            "1.000000" : 0,
            "5.000000" : 0,
            "10.000000" : 0,
            "20.000000" : 0,
            "30.000000" : 0,
            "40.000000" : 0,
            "50.000000" : 0,
            "60.000000" : 0,
            "70.000000" : 0,
            "80.000000" : 0,
            "90.000000" : 0,
            "95.000000" : 0,
            "99.000000" : 0,
            "99.500000" : 0,
            "99.900000" : 0,
            "99.950000" : 0,
            "99.990000" : 0,
            "0.00" : 0,
            "0.00" : 0,
            "0.00" : 0
          },