{
  "fio version" : "fio-3.1",
  "timestamp" : 1556096954,
  "timestamp_ms" : 1556096954748,
  "time" : "Wed Apr 24 10:09:14 2019",
  "global options" : {
    "fallocate" : "none",
    "runtime" : "30",
    "directory" : "/mnt/storage-nvme/fio_write/beegfs-write-64-client-39945-8",
    "bs" : "8388608",
    "time_based" : "1",
    "ioengine" : "libaio",
    "iodepth" : "8",
    "direct" : "1",
    "buffered" : "0",
    "thread" : "0",
    "group_reporting" : "1",
    "filesize" : "32g",
    "size" : "32g",
    "filename_format" : "$jobnum.dat"
  },
  "jobs" : [
    {
      "jobname" : "fio-job",
      "groupid" : 0,
      "error" : 0,
      "eta" : 0,
      "elapsed" : 31,
      "job options" : {
        "rw" : "write"
      },
      "read" : {
        "io_bytes" : 0,
        "io_kbytes" : 0,
        "bw" : 0,
        "iops" : 0.000000,
        "runtime" : 0,
        "total_ios" : 0,
        "short_ios" : 0,
        "drop_ios" : 0,
        "slat_ns" : {
          "min" : 0,
          "max" : 0,
          "mean" : 0.000000,
          "stddev" : 0.000000
        },
        "clat_ns" : {
          "min" : 0,
          "max" : 0,
          "mean" : 0.000000,
          "stddev" : 0.000000,
          "percentile" : {
            "1.000000" : 0,
            "5.000000" : 0,
            "10.000000" : 0,
            "20.000000" : 0,
            "30.000000" : 0,
            "40.000000" : 0,
            "50.000000" : 0,
            "60.000000" : 0,
            "70.000000" : 0,
            "80.000000" : 0,
            "90.000000" : 0,
            "95.000000" : 0,
            "99.000000" : 0,
            "99.500000" : 0,
            "99.900000" : 0,
            "99.950000" : 0,
            "99.990000" : 0,
            "0.00" : 0,
            "0.00" : 0,
            "0.00" : 0
          },
          "bins" : {

          }
        },
        "lat_ns" : {
          "min" : 0,
          "max" : 0,
          "mean" : 0.000000,
          "stddev" : 0.000000
        },
        "bw_min" : 0,
        "bw_max" : 0,
        "bw_agg" : 0.000000,
        "bw_mean" : 0.000000,
        "bw_dev" : 0.000000,
        "bw_samples" : 0,
        "iops_min" : 0,
        "iops_max" : 0,
        "iops_mean" : 0.000000,
        "iops_stddev" : 0.000000,
        "iops_samples" : 0
      },
      "write" : {
        "io_bytes" : 1853882368,
        "io_kbytes" : 1810432,
        "bw" : 59319,
        "iops" : 7.241153,
        "runtime" : 30520,
        "total_ios" : 221,
        "short_ios" : 0,
        "drop_ios" : 0,
        "slat_ns" : {
          "min" : 70722550,
          "max" : 2067806300,
          "mean" : 548922645.723982,
          "stddev" : 381499908.777557
        },
        "clat_ns" : {
          "min" : 5810,
          "max" : 6451180093,
          "mean" : 3701951245.040724,
          "stddev" : 1327216474.272414,
          "percentile" : {
            "1.000000" : 6432,
            "5.000000" : 1115684864,
            "10.000000" : 1870659584,
            "20.000000" : 2701131776,
            "30.000000" : 3170893824,
            "40.000000" : 3472883712,
            "50.000000" : 3808428032,
            "60.000000" : 4177526784,
            "70.000000" : 4529848320,
            "80.000000" : 4865392640,
            "90.000000" : 5268045824,
            "95.000000" : 5603590144,
            "99.000000" : 6207569920,
            "99.500000" : 6274678784,
            "99.900000" : 6476005376,
            "99.950000" : 6476005376,
            "99.990000" : 6476005376,
            "0.00" : 0,
            "0.00" : 0,
            "0.00" : 0
          },
          "bins" : {
            "5792" : 1,
            "6112" : 1,
            "6432" : 1,
            "6496" : 1,
            "517996544" : 1,
            "541065216" : 1,
            "683671552" : 1,
            "792723456" : 1,
            "801112064" : 1,
            "1061158912" : 1,
            "1098907648" : 1,
            "1115684864" : 1,
            "1233125376" : 1,
            "1333788672" : 1,
            "1350565888" : 1,
            "1434451968" : 1,
            "1501560832" : 1,
            "1551892480" : 1,
            "1568669696" : 1,
            "1686110208" : 1,
            "1719664640" : 1,
            "1753219072" : 1,
            "1870659584" : 1,
            "2055208960" : 1,
            "2088763392" : 1,
            "2122317824" : 1,
            "2197815296" : 1,
            "2231369728" : 1,
            "2264924160" : 1,
            "2298478592" : 1,
            "2365587456" : 2,
            "2432696320" : 2,
            "2466250752" : 2,
            "2499805184" : 4,
            "2566914048" : 1,
            "2600468480" : 1,
            "2667577344" : 1,
            "2701131776" : 5,
            "2768240640" : 2,
            "2835349504" : 1,
            "2868903936" : 1,
            "2902458368" : 1,
            "2936012800" : 2,
            "2969567232" : 1,
            "3003121664" : 1,
            "3036676096" : 3,
            "3070230528" : 3,
            "3103784960" : 3,
            "3170893824" : 3,
            "3204448256" : 1,
            "3238002688" : 1,
            "3271557120" : 2,
            "3305111552" : 3,
            "3338665984" : 2,
            "3372220416" : 3,
            "3405774848" : 2,
            "3439329280" : 5,
            "3472883712" : 2,
            "3506438144" : 2,
            "3539992576" : 1,
            "3573547008" : 1,
            "3607101440" : 1,
            "3640655872" : 1,
            "3674210304" : 4,
            "3707764736" : 5,
            "3741319168" : 1,
            "3774873600" : 4,
            "3808428032" : 2,
            "3841982464" : 5,
            "3909091328" : 2,
            "3942645760" : 2,
            "3976200192" : 2,
            "4043309056" : 2,
            "4076863488" : 2,
            "4110417920" : 2,
            "4143972352" : 2,
            "4177526784" : 3,
            "4211081216" : 1,
            "4244635648" : 6,
            "4278190080" : 2,
            "4328521728" : 5,
            "4395630592" : 3,
            "4462739456" : 2,
            "4529848320" : 6,
            "4596957184" : 1,
            "4664066048" : 6,
            "4731174912" : 5,
            "4798283776" : 5,
            "4865392640" : 4,
            "4932501504" : 2,
            "4999610368" : 4,
            "5066719232" : 3,
            "5133828096" : 6,
            "5200936960" : 2,
            "5268045824" : 4,
            "5335154688" : 4,
            "5402263552" : 2,
            "5536481280" : 2,
            "5603590144" : 2,
            "5670699008" : 2,
            "5804916736" : 2,
            "5872025600" : 2,
            "6140461056" : 1,
            "6207569920" : 1,
            "6274678784" : 1,
            "6476005376" : 1
          }
        },
        "lat_ns" : {
          "min" : 518058368,
          "max" : 7882244026,
          "mean" : 4250876003.067873,
          "stddev" : 1405346853.924263
        },
        "bw_min" : 16351,
        "bw_max" : 49349,
        "bw_agg" : 36.594803,
        "bw_mean" : 21707.671329,
        "bw_dev" : 8627.693505,
        "bw_samples" : 143,
        "iops_min" : 1,
        "iops_max" : 6,
        "iops_mean" : 2.622378,
        "iops_stddev" : 1.060190,
        "iops_samples" : 143
      },
      "trim" : {
        "io_bytes" : 0,
        "io_kbytes" : 0,
        "bw" : 0,
        "iops" : 0.000000,
        "runtime" : 0,
        "total_ios" : 0,
        "short_ios" : 0,
        "drop_ios" : 0,
        "slat_ns" : {
          "min" : 0,
          "max" : 0,
          "mean" : 0.000000,
          "stddev" : 0.000000
        },
        "clat_ns" : {
          "min" : 0,
          "max" : 0,
          "mean" : 0.000000,
          "stddev" : 0.000000,
          "percentile" : {
            "1.000000" : 0,
            "5.000000" : 0,
            "10.000000" : 0,
            "20.000000" : 0,
            "30.000000" : 0,
            "40.000000" : 0,
            "50.000000" : 0,