{
  "fio version" : "fio-3.1",
  "timestamp" : 1574247686,
  "timestamp_ms" : 1574247686791,
  "time" : "Wed Nov 20 11:01:26 2019",
  "global options" : {
    "directory" : "data/fio_write/beegfs-write-64-hnsnd",
    "bs" : "2097152",
    "fallocate" : "none",
    "runtime" : "30",
    "time_based" : "1",
    "ioengine" : "libaio",
    "iodepth" : "8",
    "direct" : "1",
    "buffered" : "0",
    "invalidate" : "1",
    "ramp_time" : "0",
    "thread" : "0",
    "group_reporting" : "1",
    "filesize" : "32g",
    "size" : "32g",
    "filename_format" : "$jobnum.dat"
  },
  "jobs" : [
    {
      "jobname" : "fio-job",
      "groupid" : 0,
      "error" : 0,
      "eta" : 0,
      "elapsed" : 31,
      "job options" : {
        "rw" : "write"
      },
      "read" : {
        "io_bytes" : 0,
        "io_kbytes" : 0,
        "bw" : 0,
        "iops" : 0.000000,
        "runtime" : 0,
        "total_ios" : 0,
        "short_ios" : 0,
        "drop_ios" : 0,
        "slat_ns" : {
          "min" : 0,
          "max" : 0,
          "mean" : 0.000000,
          "stddev" : 0.000000
        },
        "clat_ns" : {
          "min" : 0,
          "max" : 0,
          "mean" : 0.000000,
          "stddev" : 0.000000,
          "percentile" : {
            "1.000000" : 0,
            "5.000000" : 0,
            "10.000000" : 0,
            "20.000000" : 0,
            "30.000000" : 0,
            "40.000000" : 0,
            "50.000000" : 0,
            "60.000000" : 0,
            "70.000000" : 0,
            "80.000000" : 0,
            "90.000000" : 0,
            "95.000000" : 0,
            "99.000000" : 0,
            "99.500000" : 0,
            "99.900000" : 0,
            "99.950000" : 0,
            "99.990000" : 0,
            "0.00" : 0,
            "0.00" : 0,
            "0.00" : 0
          },
          "bins" : {

          }
        },
        "lat_ns" : {
          "min" : 0,
          "max" : 0,
          "mean" : 0.000000,
          "stddev" : 0.000000
        },
        "bw_min" : 0,
        "bw_max" : 0,
        "bw_agg" : 0.000000,
        "bw_mean" : 0.000000,
        "bw_dev" : 0.000000,
        "bw_samples" : 0,
        "iops_min" : 0,
        "iops_max" : 0,
        "iops_mean" : 0.000000,
        "iops_stddev" : 0.000000,
        "iops_samples" : 0
      },
      "write" : {
        "io_bytes" : 1855979520,
        "io_kbytes" : 1812480,
        "bw" : 60391,
        "iops" : 29.488205,
        "runtime" : 30012,
        "total_ios" : 885,
        "short_ios" : 0,
        "drop_ios" : 0,
        "slat_ns" : {
          "min" : 3006019,
          "max" : 1854750038,
          "mean" : 135595466.364972,
          "stddev" : 195266891.781379
        },
        "clat_ns" : {
          "min" : 5371,
          "max" : 3581341755,
          "mean" : 938856667.232768,
          "stddev" : 545111062.981855,
          "percentile" : {
            "1.000000" : 54788096,
            "5.000000" : 312475648,
            "10.000000" : 429916160,
            "20.000000" : 541065216,
            "30.000000" : 616562688,
            "40.000000" : 675282944,
            "50.000000" : 775946240,
            "60.000000" : 918552576,
            "70.000000" : 1082130432,
            "80.000000" : 1333788672,
            "90.000000" : 1652555776,
            "95.000000" : 1954545664,
            "99.000000" : 3103784960,
            "99.500000" : 3204448256,
            "99.900000" : 3573547008,
            "99.950000" : 3573547008,
            "99.990000" : 3573547008,
            "0.00" : 0,
            "0.00" : 0,
            "0.00" : 0
          },
          "bins" : {
            "5344" : 1,
            "6368" : 1,
            "6624" : 1,
            "7328" : 1,
            "6848512" : 1,
            "7634944" : 1,
            "17694720" : 1,
            "34865152" : 1,
            "54788096" : 1,
            "65798144" : 1,
            "69730304" : 1,
            "71827456" : 1,
            "137363456" : 1,
            "154140672" : 1,
            "160432128" : 1,
            "162529280" : 2,
            "177209344" : 1,
            "179306496" : 2,
            "183500800" : 1,
            "187695104" : 1,
            "189792256" : 1,
            "193986560" : 1,
            "214958080" : 1,
            "227540992" : 1,
            "229638144" : 1,
            "235929600" : 4,
            "242221056" : 1,
            "246415360" : 1,
            "252706816" : 1,
            "256901120" : 1,
            "267386880" : 1,
            "274726912" : 2,
            "291504128" : 2,
            "299892736" : 3,
            "312475648" : 3,
            "316669952" : 2,
            "325058560" : 5,
            "329252864" : 4,
            "333447168" : 2,
            "337641472" : 2,
            "350224384" : 1,
            "354418688" : 1,
            "358612992" : 3,
            "362807296" : 1,
            "367001600" : 2,
            "371195904" : 2,
            "379584512" : 1,
            "387973120" : 2,
            "392167424" : 1,
            "396361728" : 1,
            "400556032" : 2,
            "413138944" : 2,
            "417333248" : 2,
            "421527552" : 2,
            "425721856" : 3,
            "429916160" : 2,
            "434110464" : 4,
            "438304768" : 1,
            "446693376" : 1,
            "450887680" : 1,
            "455081984" : 5,
            "467664896" : 3,
            "471859200" : 1,
            "476053504" : 7,
            "480247808" : 1,
            "484442112" : 5,
            "488636416" : 3,
            "492830720" : 2,
            "497025024" : 2,
            "501219328" : 4,
            "505413632" : 4,
            "509607936" : 5,
            "513802240" : 5,
            "517996544" : 4,
            "522190848" : 2,
            "526385152" : 5,
            "530579456" : 6,
            "534773760" : 8,
            "541065216" : 18,
            "549453824" : 8,
            "557842432" : 7,
            "566231040" : 8,
            "574619648" : 9,
            "583008256" : 11,
            "591396864" : 13,
            "599785472" : 6,
            "608174080" : 12,
            "616562688" : 11,
            "624951296" : 14,
            "633339904" : 16,
            "641728512" : 10,
            "650117120" : 11,
            "658505728" : 15,
            "666894336" : 13,
            "675282944" : 18,
            "683671552" : 9,
            "692060160" : 7,
            "700448768" : 6,
            "708837376" : 8,
            "717225984" : 11,
            "725614592" : 3,
            "734003200" : 3,
            "742391808" : 6,
            "750780416" : 4,
            "767557632" : 8,
            "775946240" : 10,
            "784334848" : 4,
            "792723456" : 4,
            "801112064" : 5,
            "809500672" : 8,
            "817889280" : 3,
            "826277888" : 8,
            "834666496" : 3,
            "843055104" : 8,
            "851443712" : 7,
            "859832320" : 4,
            "876609536" : 6,
            "884998144" : 9,
            "893386752" : 4,
            "901775360" : 7,
            "910163968" : 5,
            "918552576" : 7,
            "926941184" : 8,
            "935329792" : 5,
            "943718400" : 6,
            "952107008" : 1,
            "960495616" : 2,
            "968884224" : 3,
            "977272832" : 5,
            "985661440" : 3,
            "994050048" : 3,
            "1002438656" : 9,
            "1010827264" : 2,
            "1019215872" : 2,
            "1027604480" : 5,
            "1035993088" : 2,
            "1044381696" : 7,
            "1052770304" : 4,
            "1061158912" : 7,
            "1069547520" : 2,
            "1082130432" : 9,
            "1098907648" : 7,
            "1115684864" : 6,
            "1132462080" : 4,
            "1149239296" : 6,
            "1166016512" : 8,
            "1182793728" : 7,
            "1199570944" : 4,
            "1216348160" : 7,
            "1233125376" : 4,