{
  "fio version" : "fio-3.1",
  "timestamp" : 1574274091,
  "timestamp_ms" : 1574274091276,
  "time" : "Wed Nov 20 18:21:31 2019",
  "global options" : {
    "directory" : "data/fio_write/beegfs-write-64-fc52f",
    "bs" : "16777216",
    "fallocate" : "none",
    "runtime" : "30",
    "time_based" : "1",
    "ioengine" : "libaio",
    "iodepth" : "8",
    "direct" : "1",
    "buffered" : "0",
    "invalidate" : "1",
    "ramp_time" : "0",
    "thread" : "0",
    "group_reporting" : "1",
    "filesize" : "32g",
    "size" : "32g",
    "filename_format" : "$jobnum.dat"
  },
  "jobs" : [
    {
      "jobname" : "fio-job",
      "groupid" : 0,
      "error" : 0,
      "eta" : 0,
      "elapsed" : 33,
      "job options" : {
        "rw" : "write"
      },
      "read" : {
        "io_bytes" : 0,
        "io_kbytes" : 0,
        "bw" : 0,
        "iops" : 0.000000,
        "runtime" : 0,
        "total_ios" : 0,
        "short_ios" : 0,
        "drop_ios" : 0,
        "slat_ns" : {
          "min" : 0,
          "max" : 0,
          "mean" : 0.000000,
          "stddev" : 0.000000
        },
        "clat_ns" : {
          "min" : 0,
          "max" : 0,
          "mean" : 0.000000,
          "stddev" : 0.000000,
          "percentile" : {
            "1.000000" : 0,
            "5.000000" : 0,
            "10.000000" : 0,
            "20.000000" : 0,
            "30.000000" : 0,
            "40.000000" : 0,
            "50.000000" : 0,
            "60.000000" : 0,
            "70.000000" : 0,
            "80.000000" : 0,
            "90.000000" : 0,
            "95.000000" : 0,
            "99.000000" : 0,
            "99.500000" : 0,
            "99.900000" : 0,
            "99.950000" : 0,
            "99.990000" : 0,
            "0.00" : 0,
            "0.00" : 0,
            "0.00" : 0
          },
          "bins" : {

          }
        },
        "lat_ns" : {
          "min" : 0,
          "max" : 0,
          "mean" : 0.000000,
          "stddev" : 0.000000
        },
        "bw_min" : 0,
        "bw_max" : 0,
        "bw_agg" : 0.000000,
        "bw_mean" : 0.000000,
        "bw_dev" : 0.000000,
        "bw_samples" : 0,
        "iops_min" : 0,
        "iops_max" : 0,
        "iops_mean" : 0.000000,
        "iops_stddev" : 0.000000,
        "iops_samples" : 0
      },
      "write" : {
        "io_bytes" : 1660944384,
        "io_kbytes" : 1622016,
        "bw" : 53290,
        "iops" : 3.252620,
        "runtime" : 30437,
        "total_ios" : 99,
        "short_ios" : 0,
        "drop_ios" : 0,
        "slat_ns" : {
          "min" : 446027652,
          "max" : 2562807507,
          "mean" : 1223578987.313132,
          "stddev" : 482923555.762749
        },
        "clat_ns" : {
          "min" : 11264,
          "max" : 12460825970,
          "mean" : 7568503825.484848,
          "stddev" : 3180630662.117115,
          "percentile" : {
            "1.000000" : 11328,
            "5.000000" : 484442112,
            "10.000000" : 1585446912,
            "20.000000" : 5066719232,
            "30.000000" : 7281311744,
            "40.000000" : 8220835840,
            "50.000000" : 8489271296,
            "60.000000" : 8657043456,
            "70.000000" : 9059696640,
            "80.000000" : 10133438464,
            "90.000000" : 10804527104,
            "95.000000" : 11878268928,
            "99.000000" : 12415139840,
            "99.500000" : 12415139840,
            "99.900000" : 12415139840,
            "99.950000" : 12415139840,
            "99.990000" : 12415139840,
            "0.00" : 0,
            "0.00" : 0,
            "0.00" : 0
          },
          "bins" : {
            "11328" : 2,
            "12480" : 1,
            "16064" : 1,
            "484442112" : 1,
            "717225984" : 1,
            "817889280" : 1,
            "968884224" : 1,
            "1585446912" : 2,
            "1954545664" : 1,
            "2164260864" : 1,
            "2801795072" : 1,
            "3103784960" : 1,
            "3405774848" : 1,
            "3573547008" : 1,
            "3875536896" : 1,
            "4664066048" : 1,
            "4731174912" : 1,
            "5066719232" : 1,
            "5268045824" : 1,
            "5603590144" : 1,
            "6006243328" : 1,
            "6476005376" : 2,
            "6744440832" : 1,
            "6811549696" : 1,
            "7079985152" : 2,
            "7281311744" : 1,
            "7415529472" : 1,
            "7616856064" : 1,
            "7885291520" : 1,
            "8019509248" : 2,
            "8086618112" : 2,
            "8220835840" : 5,
            "8287944704" : 1,
            "8422162432" : 5,
            "8489271296" : 4,
            "8556380160" : 3,
            "8657043456" : 5,
            "8791261184" : 7,
            "8925478912" : 2,
            "9059696640" : 3,
            "9193914368" : 2,
            "9328132096" : 1,
            "9462349824" : 1,
            "9596567552" : 1,
            "9730785280" : 1,
            "10133438464" : 4,
            "10267656192" : 1,
            "10401873920" : 1,
            "10536091648" : 3,
            "10670309376" : 1,
            "10804527104" : 2,
            "11072962560" : 1,
            "11341398016" : 1,
            "11475615744" : 1,
            "11744051200" : 1,
            "11878268928" : 4,
            "12415139840" : 1
          }
        },
        "lat_ns" : {
          "min" : 483033024,
          "max" : 13943307609,
          "mean" : 8792085697.616163,
          "stddev" : 3275102440.894663
        },
        "bw_min" : 32702,
        "bw_max" : 33165,
        "bw_agg" : 61.692877,
        "bw_mean" : 32876.134328,
        "bw_dev" : 138.759318,
        "bw_samples" : 67,
        "iops_min" : 1,
        "iops_max" : 2,
        "iops_mean" : 1.970149,
        "iops_stddev" : 0.171460,
        "iops_samples" : 67
      },
      "trim" : {
        "io_bytes" : 0,
        "io_kbytes" : 0,
        "bw" : 0,
        "iops" : 0.000000,
        "runtime" : 0,
        "total_ios" : 0,
        "short_ios" : 0,
        "drop_ios" : 0,
        "slat_ns" : {
          "min" : 0,
          "max" : 0,
          "mean" : 0.000000,
          "stddev" : 0.000000
        },
        "clat_ns" : {
          "min" : 0,
          "max" : 0,
          "mean" : 0.000000,
          "stddev" : 0.000000,
          "percentile" : {
            "1.000000" : 0,
            "5.000000" : 0,
            "10.000000" : 0,
            "20.000000" : 0,
            "30.000000" : 0,
            "40.000000" : 0,
            "50.000000" : 0,
            "60.000000" : 0,
            "70.000000" : 0,
            "80.000000" : 0,
            "90.000000" : 0,
            "95.000000" : 0,
            "99.000000" : 0,
            "99.500000" : 0,
            "99.900000" : 0,
            "99.950000" : 0,
            "99.990000" : 0,
            "0.00" : 0,
            "0.00" : 0,
            "0.00" : 0
          },
          "bins" : {

          }
        },
        "lat_ns" : {
          "min" : 0,
          "max" : 0,
          "mean" : 0.000000,
          "stddev" : 0.000000
        },
        "bw_min" : 0,
        "bw_max" : 0,
        "bw_agg" : 0.000000,
        "bw_mean" : 0.000000,
        "bw_dev" : 0.000000,
        "bw_samples" : 0,
        "iops_min" : 0,
        "iops_max" : 0,
        "iops_mean" : 0.000000,
        "iops_stddev" : 0.000000,
        "iops_samples" : 0
      },
      "usr_cpu" : 0.081691,
      "sys_cpu" : 0.051985,
      "ctx" : 1726,
      "majf" : 0,
      "minf" : 37,
      "iodepth_level" : {
        "1" : 4.040404,
        "2" : 8.080808,
        "4" : 16.161616,
        "8" : 71.717172,
        "16" : 0.000000,
        "32" : 0.000000,
        ">=64" : 0.000000
      },
      "latency_ns" : {
        "2" : 0.000000,
        "4" : 0.000000,
        "10" : 0.000000,
        "20" : 0.000000,
        "50" : 0.000000,
        "100" : 0.000000,
        "250" : 0.000000,
        "500" : 0.000000,
        "750" : 0.000000,