{
  "fio version" : "fio-3.1",
  "timestamp" : 1574248318,
  "timestamp_ms" : 1574248318489,
  "time" : "Wed Nov 20 11:11:58 2019",
  "global options" : {
    "directory" : "data/fio_write/beegfs-randwrite-64-thslg",
    "bs" : "1048576",
    "fallocate" : "none",
    "runtime" : "30",
    "time_based" : "1",
    "ioengine" : "libaio",
    "iodepth" : "8",
    "direct" : "1",
    "buffered" : "0",
    "invalidate" : "1",
    "ramp_time" : "0",
    "thread" : "0",
    "group_reporting" : "1",
    "filesize" : "32g",
    "size" : "32g",
    "filename_format" : "$jobnum.dat"
  },
  "jobs" : [
    {
      "jobname" : "fio-job",
      "groupid" : 0,
      "error" : 0,
      "eta" : 0,
      "elapsed" : 31,
      "job options" : {
        "rw" : "randwrite"
      },
      "read" : {
        "io_bytes" : 0,
        "io_kbytes" : 0,
        "bw" : 0,
        "iops" : 0.000000,
        "runtime" : 0,
        "total_ios" : 0,
        "short_ios" : 0,
        "drop_ios" : 0,
        "slat_ns" : {
          "min" : 0,
          "max" : 0,
          "mean" : 0.000000,
          "stddev" : 0.000000
        },
        "clat_ns" : {
          "min" : 0,
          "max" : 0,
          "mean" : 0.000000,
          "stddev" : 0.000000,
          "percentile" : {
            "1.000000" : 0,
            "5.000000" : 0,
            "10.000000" : 0,
            "20.000000" : 0,
            "30.000000" : 0,
            "40.000000" : 0,
            "50.000000" : 0,
            "60.000000" : 0,
            "70.000000" : 0,
            "80.000000" : 0,
            "90.000000" : 0,
            "95.000000" : 0,
            "99.000000" : 0,
            "99.500000" : 0,
            "99.900000" : 0,
            "99.950000" : 0,
            "99.990000" : 0,
            "0.00" : 0,
            "0.00" : 0,
            "0.00" : 0
          },
          "bins" : {

          }
        },
        "lat_ns" : {
          "min" : 0,
          "max" : 0,
          "mean" : 0.000000,
          "stddev" : 0.000000
        },
        "bw_min" : 0,
        "bw_max" : 0,
        "bw_agg" : 0.000000,
        "bw_mean" : 0.000000,
        "bw_dev" : 0.000000,
        "bw_samples" : 0,
        "iops_min" : 0,
        "iops_max" : 0,
        "iops_mean" : 0.000000,
        "iops_stddev" : 0.000000,
        "iops_samples" : 0
      },
      "write" : {
        "io_bytes" : 75497472,
        "io_kbytes" : 73728,
        "bw" : 2413,
        "iops" : 2.357332,
        "runtime" : 30543,
        "total_ios" : 72,
        "short_ios" : 0,
        "drop_ios" : 0,
        "slat_ns" : {
          "min" : 1834059,
          "max" : 5764855633,
          "mean" : 1691789649.944444,
          "stddev" : 1393510023.425748
        },
        "clat_ns" : {
          "min" : 4571,
          "max" : 19635328900,
          "mean" : 10528911880.069443,
          "stddev" : 5768547308.877781,
          "percentile" : {
            "1.000000" : 4576,
            "5.000000" : 15936,
            "10.000000" : 2122317824,
            "20.000000" : 3271557120,
            "30.000000" : 7415529472,
            "40.000000" : 9596567552,
            "50.000000" : 11207180288,
            "60.000000" : 12952010752,
            "70.000000" : 14428405760,
            "80.000000" : 16307453952,
            "90.000000" : 17112760320,
            "95.000000" : 17112760320,
            "99.000000" : 17112760320,
            "99.500000" : 17112760320,
            "99.900000" : 17112760320,
            "99.950000" : 17112760320,
            "99.990000" : 17112760320,
            "0.00" : 0,
            "0.00" : 0,
            "0.00" : 0
          },
          "bins" : {
            "4576" : 1,
            "6368" : 1,
            "7456" : 1,
            "15936" : 1,
            "1971322880" : 1,
            "2038431744" : 1,
            "2122317824" : 2,
            "2164260864" : 1,
            "2667577344" : 1,
            "2902458368" : 1,
            "3103784960" : 2,
            "3271557120" : 2,
            "3506438144" : 1,
            "4278190080" : 1,
            "6207569920" : 1,
            "6945767424" : 3,
            "7415529472" : 1,
            "8019509248" : 1,
            "8657043456" : 3,
            "8791261184" : 2,
            "9596567552" : 1,
            "9730785280" : 1,
            "9999220736" : 2,
            "10133438464" : 1,
            "10267656192" : 2,
            "11207180288" : 1,
            "11609833472" : 1,
            "11744051200" : 2,
            "12549357568" : 1,
            "12683575296" : 1,
            "12952010752" : 3,
            "13086228480" : 1,
            "13220446208" : 1,
            "13623099392" : 1,
            "14025752576" : 1,
            "14294188032" : 1,
            "14428405760" : 2,
            "14562623488" : 2,
            "15502147584" : 2,
            "15770583040" : 1,
            "16173236224" : 1,
            "16307453952" : 1,
            "16710107136" : 3,
            "17112760320" : 11
          }
        },
        "lat_ns" : {
          "min" : 1977282155,
          "max" : 20440986744,
          "mean" : 12220703638.319445,
          "stddev" : 5943831511.079926
        },
        "bw_min" : 242,
        "bw_max" : 486,
        "bw_agg" : 10.991140,
        "bw_mean" : 265.216216,
        "bw_dev" : 66.764984,
        "bw_samples" : 37,
        "iops_min" : 0,
        "iops_max" : 0,
        "iops_mean" : 0.000000,
        "iops_stddev" : 0.000000,
        "iops_samples" : 37
      },
      "trim" : {
        "io_bytes" : 0,
        "io_kbytes" : 0,
        "bw" : 0,
        "iops" : 0.000000,
        "runtime" : 0,
        "total_ios" : 0,
        "short_ios" : 0,
        "drop_ios" : 0,
        "slat_ns" : {
          "min" : 0,
          "max" : 0,
          "mean" : 0.000000,
          "stddev" : 0.000000
        },
        "clat_ns" : {
          "min" : 0,
          "max" : 0,
          "mean" : 0.000000,
          "stddev" : 0.000000,
          "percentile" : {
            "1.000000" : 0,
            "5.000000" : 0,
            "10.000000" : 0,
            "20.000000" : 0,
            "30.000000" : 0,
            "40.000000" : 0,
            "50.000000" : 0,
            "60.000000" : 0,
            "70.000000" : 0,
            "80.000000" : 0,
            "90.000000" : 0,
            "95.000000" : 0,
            "99.000000" : 0,
            "99.500000" : 0,
            "99.900000" : 0,
            "99.950000" : 0,
            "99.990000" : 0,
            "0.00" : 0,
            "0.00" : 0,
            "0.00" : 0
          },
          "bins" : {

          }
        },
        "lat_ns" : {
          "min" : 0,
          "max" : 0,
          "mean" : 0.000000,
          "stddev" : 0.000000
        },
        "bw_min" : 0,
        "bw_max" : 0,
        "bw_agg" : 0.000000,
        "bw_mean" : 0.000000,
        "bw_dev" : 0.000000,
        "bw_samples" : 0,
        "iops_min" : 0,
        "iops_max" : 0,
        "iops_mean" : 0.000000,
        "iops_stddev" : 0.000000,
        "iops_samples" : 0
      },
      "usr_cpu" : 0.008205,
      "sys_cpu" : 4.785388,
      "ctx" : 183,
      "majf" : 0,
      "minf" : 49,
      "iodepth_level" : {
        "1" : 5.555556,
        "2" : 11.111111,
        "4" : 22.222222,
        "8" : 61.111111,
        "16" : 0.000000,
        "32" : 0.000000,
        ">=64" : 0.000000
      },
      "latency_ns" : {
        "2" : 0.000000,
        "4" : 0.000000,
        "10" : 0.000000,
        "20" : 0.000000,
        "50" : 0.000000,
        "100" : 0.000000,
        "250" : 0.000000,
        "500" : 0.000000,
        "750" : 0.000000,
        "1000" : 0.000000
      },
      "latency_us" : {
        "2" : 0.000000,
        "4" : 0.000000,
        "10" : 4.166667,
        "20" : 1.388889,
        "50" : 0.000000,
        "100" : 0.000000,
        "250" : 0.000000,
        "500" : 0.000000,
        "750" : 0.000000,
        "1000" : 0.000000
      },
      "latency_ms" : {
        "2" : 0.000000,
        "4" : 0.000000,