{
  "fio version" : "fio-3.1",
  "timestamp" : 1574247930,
  "timestamp_ms" : 1574247930350,
  "time" : "Wed Nov 20 11:05:30 2019",
  "global options" : {
    "directory" : "data/fio_write/beegfs-randwrite-64-thslg",
    "bs" : "512",
    "fallocate" : "none",
    "runtime" : "30",
    "time_based" : "1",
    "ioengine" : "libaio",
    "iodepth" : "8",
    "direct" : "1",
    "buffered" : "0",
    "invalidate" : "1",
    "ramp_time" : "0",
    "thread" : "0",
    "group_reporting" : "1",
    "filesize" : "32g",
    "size" : "32g",
    "filename_format" : "$jobnum.dat"
  },
  "jobs" : [
    {
      "jobname" : "fio-job",
      "groupid" : 0,
      "error" : 0,
      "eta" : 0,
      "elapsed" : 31,
      "job options" : {
        "rw" : "randwrite"
      },
      "read" : {
        "io_bytes" : 0,
        "io_kbytes" : 0,
        "bw" : 0,
        "iops" : 0.000000,
        "runtime" : 0,
        "total_ios" : 0,
        "short_ios" : 0,
        "drop_ios" : 0,
        "slat_ns" : {
          "min" : 0,
          "max" : 0,
          "mean" : 0.000000,
          "stddev" : 0.000000
        },
        "clat_ns" : {
          "min" : 0,
          "max" : 0,
          "mean" : 0.000000,
          "stddev" : 0.000000,
          "percentile" : {
            "1.000000" : 0,
            "5.000000" : 0,
            "10.000000" : 0,
            "20.000000" : 0,
            "30.000000" : 0,
            "40.000000" : 0,
            "50.000000" : 0,
            "60.000000" : 0,
            "70.000000" : 0,
            "80.000000" : 0,
            "90.000000" : 0,
            "95.000000" : 0,
            "99.000000" : 0,
            "99.500000" : 0,
            "99.900000" : 0,
            "99.950000" : 0,
            "99.990000" : 0,
            "0.00" : 0,
            "0.00" : 0,
            "0.00" : 0
          },
          "bins" : {

          }
        },
        "lat_ns" : {
          "min" : 0,
          "max" : 0,
          "mean" : 0.000000,
          "stddev" : 0.000000
        },
        "bw_min" : 0,
        "bw_max" : 0,
        "bw_agg" : 0.000000,
        "bw_mean" : 0.000000,
        "bw_dev" : 0.000000,
        "bw_samples" : 0,
        "iops_min" : 0,
        "iops_max" : 0,
        "iops_mean" : 0.000000,
        "iops_stddev" : 0.000000,
        "iops_samples" : 0
      },
      "write" : {
        "io_bytes" : 77824,
        "io_kbytes" : 76,
        "bw" : 2,
        "iops" : 4.938753,
        "runtime" : 30777,
        "total_ios" : 152,
        "short_ios" : 0,
        "drop_ios" : 0,
        "slat_ns" : {
          "min" : 117496,
          "max" : 4118303650,
          "mean" : 809630533.144737,
          "stddev" : 780275189.334105
        },
        "clat_ns" : {
          "min" : 4710,
          "max" : 10626173047,
          "mean" : 5608832307.401316,
          "stddev" : 2566300829.061777,
          "percentile" : {
            "1.000000" : 5280,
            "5.000000" : 1266679808,
            "10.000000" : 1870659584,
            "20.000000" : 3640655872,
            "30.000000" : 4462739456,
            "40.000000" : 4932501504,
            "50.000000" : 5603590144,
            "60.000000" : 6341787648,
            "70.000000" : 7214202880,
            "80.000000" : 7952400384,
            "90.000000" : 9059696640,
            "95.000000" : 9596567552,
            "99.000000" : 10267656192,
            "99.500000" : 10670309376,
            "99.900000" : 10670309376,
            "99.950000" : 10670309376,
            "99.990000" : 10670309376,
            "0.00" : 0,
            "0.00" : 0,
            "0.00" : 0
          },
          "bins" : {
            "4704" : 1,
            "5280" : 2,
            "9024" : 1,
            "574619648" : 1,
            "1249902592" : 1,
            "1266679808" : 4,
            "1317011456" : 1,
            "1568669696" : 1,
            "1837105152" : 1,
            "1870659584" : 4,
            "1887436800" : 1,
            "2021654528" : 1,
            "2197815296" : 1,
            "2231369728" : 1,
            "2365587456" : 1,
            "2432696320" : 1,
            "2533359616" : 2,
            "2902458368" : 1,
            "3070230528" : 2,
            "3271557120" : 1,
            "3405774848" : 1,
            "3640655872" : 3,
            "3875536896" : 1,
            "3942645760" : 1,
            "3976200192" : 1,
            "4076863488" : 1,
            "4143972352" : 1,
            "4177526784" : 3,
            "4328521728" : 1,
            "4462739456" : 5,
            "4529848320" : 3,
            "4664066048" : 2,
            "4731174912" : 2,
            "4798283776" : 2,
            "4865392640" : 2,
            "4932501504" : 3,
            "4999610368" : 6,
            "5066719232" : 2,
            "5133828096" : 1,
            "5200936960" : 1,
            "5268045824" : 1,
            "5335154688" : 1,
            "5402263552" : 1,
            "5536481280" : 1,
            "5603590144" : 1,
            "5737807872" : 3,
            "5804916736" : 1,
            "5872025600" : 4,
            "5939134464" : 1,
            "6006243328" : 1,
            "6073352192" : 2,
            "6274678784" : 3,
            "6341787648" : 1,
            "6408896512" : 2,
            "6543114240" : 1,
            "6610223104" : 1,
            "6677331968" : 2,
            "6744440832" : 1,
            "6811549696" : 2,
            "6945767424" : 2,
            "7012876288" : 1,
            "7079985152" : 1,
            "7214202880" : 3,
            "7281311744" : 2,
            "7348420608" : 2,
            "7415529472" : 1,
            "7482638336" : 1,
            "7549747200" : 2,
            "7616856064" : 2,
            "7683964928" : 1,
            "7751073792" : 1,
            "7885291520" : 1,
            "7952400384" : 2,
            "8019509248" : 1,
            "8153726976" : 1,
            "8220835840" : 1,
            "8355053568" : 1,
            "8422162432" : 1,
            "8556380160" : 1,
            "8657043456" : 1,
            "8791261184" : 1,
            "8925478912" : 2,
            "9059696640" : 4,
            "9193914368" : 3,
            "9328132096" : 1,
            "9462349824" : 2,
            "9596567552" : 2,
            "9730785280" : 3,
            "9865003008" : 1,
            "10133438464" : 1,
            "10267656192" : 1,
            "10670309376" : 1
          }
        },
        "lat_ns" : {
          "min" : 578104353,
          "max" : 12104075283,
          "mean" : 6418466232.355265,
          "stddev" : 2743129711.487973
        },
        "bw_min" : 0,
        "bw_max" : 2,
        "bw_agg" : 52.912621,
        "bw_mean" : 1.058252,
        "bw_dev" : 0.501473,
        "bw_samples" : 103,
        "iops_min" : 0,
        "iops_max" : 4,
        "iops_mean" : 2.194175,
        "iops_stddev" : 0.886260,
        "iops_samples" : 103
      },
      "trim" : {
        "io_bytes" : 0,
        "io_kbytes" : 0,
        "bw" : 0,
        "iops" : 0.000000,
        "runtime" : 0,
        "total_ios" : 0,
        "short_ios" : 0,
        "drop_ios" : 0,
        "slat_ns" : {
          "min" : 0,
          "max" : 0,
          "mean" : 0.000000,
          "stddev" : 0.000000
        },
        "clat_ns" : {
          "min" : 0,
          "max" : 0,
          "mean" : 0.000000,
          "stddev" : 0.000000,
          "percentile" : {
            "1.000000" : 0,
            "5.000000" : 0,
            "10.000000" : 0,
            "20.000000" : 0,
            "30.000000" : 0,
            "40.000000" : 0,
            "50.000000" : 0,
            "60.000000" : 0,
            "70.000000" : 0,
            "80.000000" : 0,
            "90.000000" : 0,
            "95.000000" : 0,
            "99.000000" : 0,
            "99.500000" : 0,
            "99.900000" : 0,
            "99.950000" : 0,
            "99.990000" : 0,
            "0.00" : 0,
            "0.00" : 0,
            "0.00" : 0
          },
          "bins" : {

          }
        },