{
  "fio version" : "fio-3.1",
  "timestamp" : 1555517864,
  "timestamp_ms" : 1555517864127,
  "time" : "Wed Apr 17 16:17:44 2019",
  "global options" : {
    "fallocate" : "none",
    "runtime" : "30",
    "directory" : "/data/fio_write/beegfs-write-64-j6lnl",
    "bs" : "16777216",
    "time_based" : "1",
    "ioengine" : "libaio",
    "iodepth" : "8",
    "direct" : "1",
    "buffered" : "0",
    "thread" : "0",
    "group_reporting" : "1",
    "filesize" : "32g",
    "size" : "32g",
    "filename_format" : "$jobnum.dat"
  },
  "jobs" : [
    {
      "jobname" : "fio-job",
      "groupid" : 0,
      "error" : 0,
      "eta" : 0,
      "elapsed" : 32,
      "job options" : {
        "rw" : "write"
      },
      "read" : {
        "io_bytes" : 0,
        "io_kbytes" : 0,
        "bw" : 0,
        "iops" : 0.000000,
        "runtime" : 0,
        "total_ios" : 0,
        "short_ios" : 0,
        "drop_ios" : 0,
        "slat_ns" : {
          "min" : 0,
          "max" : 0,
          "mean" : 0.000000,
          "stddev" : 0.000000
        },
        "clat_ns" : {
          "min" : 0,
          "max" : 0,
          "mean" : 0.000000,
          "stddev" : 0.000000,
          "percentile" : {
            "1.000000" : 0,
            "5.000000" : 0,
            "10.000000" : 0,
            "20.000000" : 0,
            "30.000000" : 0,
            "40.000000" : 0,
            "50.000000" : 0,
            "60.000000" : 0,
            "70.000000" : 0,
            "80.000000" : 0,
            "90.000000" : 0,
            "95.000000" : 0,
            "99.000000" : 0,
            "99.500000" : 0,
            "99.900000" : 0,
            "99.950000" : 0,
            "99.990000" : 0,
            "0.00" : 0,
            "0.00" : 0,
            "0.00" : 0
          },
          "bins" : {

          }
        },
        "lat_ns" : {
          "min" : 0,
          "max" : 0,
          "mean" : 0.000000,
          "stddev" : 0.000000
        },
        "bw_min" : 0,
        "bw_max" : 0,
        "bw_agg" : 0.000000,
        "bw_mean" : 0.000000,
        "bw_dev" : 0.000000,
        "bw_samples" : 0,
        "iops_min" : 0,
        "iops_max" : 0,
        "iops_mean" : 0.000000,
        "iops_stddev" : 0.000000,
        "iops_samples" : 0
      },
      "write" : {
        "io_bytes" : 4143972352,
        "io_kbytes" : 4046848,
        "bw" : 132931,
        "iops" : 8.113524,
        "runtime" : 30443,
        "total_ios" : 247,
        "short_ios" : 0,
        "drop_ios" : 0,
        "slat_ns" : {
          "min" : 256751176,
          "max" : 939338039,
          "mean" : 491001796.773279,
          "stddev" : 78472137.926466
        },
        "clat_ns" : {
          "min" : 11341,
          "max" : 4267863614,
          "mean" : 3274510554.202429,
          "stddev" : 724608888.716930,
          "percentile" : {
            "1.000000" : 14272,
            "5.000000" : 1585446912,
            "10.000000" : 2902458368,
            "20.000000" : 3238002688,
            "30.000000" : 3305111552,
            "40.000000" : 3372220416,
            "50.000000" : 3439329280,
            "60.000000" : 3472883712,
            "70.000000" : 3539992576,
            "80.000000" : 3607101440,
            "90.000000" : 3774873600,
            "95.000000" : 3976200192,
            "99.000000" : 4244635648,
            "99.500000" : 4278190080,
            "99.900000" : 4278190080,
            "99.950000" : 4278190080,
            "99.990000" : 4278190080,
            "0.00" : 0,
            "0.00" : 0,
            "0.00" : 0
          },
          "bins" : {
            "11328" : 1,
            "13504" : 1,
            "14272" : 1,
            "14656" : 1,
            "455081984" : 1,
            "492830720" : 1,
            "616562688" : 1,
            "708837376" : 1,
            "1082130432" : 2,
            "1333788672" : 1,
            "1350565888" : 1,
            "1585446912" : 1,
            "1652555776" : 1,
            "1753219072" : 1,
            "1786773504" : 1,
            "2055208960" : 1,
            "2105540608" : 1,
            "2164260864" : 1,
            "2231369728" : 1,
            "2533359616" : 1,
            "2566914048" : 1,
            "2634022912" : 2,
            "2902458368" : 2,
            "2969567232" : 1,
            "3003121664" : 1,
            "3036676096" : 3,
            "3070230528" : 2,
            "3103784960" : 2,
            "3137339392" : 1,
            "3170893824" : 3,
            "3204448256" : 9,
            "3238002688" : 11,
            "3271557120" : 5,
            "3305111552" : 12,
            "3338665984" : 17,
            "3372220416" : 12,
            "3405774848" : 8,
            "3439329280" : 18,
            "3472883712" : 21,
            "3506438144" : 15,
            "3539992576" : 23,
            "3573547008" : 7,
            "3607101440" : 7,
            "3640655872" : 8,
            "3674210304" : 4,
            "3707764736" : 2,
            "3741319168" : 2,
            "3774873600" : 4,
            "3808428032" : 2,
            "3841982464" : 2,
            "3875536896" : 1,
            "3909091328" : 3,
            "3942645760" : 2,
            "3976200192" : 3,
            "4009754624" : 1,
            "4076863488" : 1,
            "4110417920" : 2,
            "4143972352" : 1,
            "4177526784" : 2,
            "4244635648" : 1,
            "4278190080" : 2
          }
        },
        "lat_ns" : {
          "min" : 454089874,
          "max" : 4784615602,
          "mean" : 3765516137.744939,
          "stddev" : 724369988.455136
        },
        "bw_min" : 32702,
        "bw_max" : 66737,
        "bw_agg" : 26.184493,
        "bw_mean" : 34807.308824,
        "bw_dev" : 7493.035125,
        "bw_samples" : 204,
        "iops_min" : 1,
        "iops_max" : 4,
        "iops_mean" : 2.068627,
        "iops_stddev" : 0.501423,
        "iops_samples" : 204
      },
      "trim" : {
        "io_bytes" : 0,
        "io_kbytes" : 0,
        "bw" : 0,
        "iops" : 0.000000,
        "runtime" : 0,
        "total_ios" : 0,
        "short_ios" : 0,
        "drop_ios" : 0,
        "slat_ns" : {
          "min" : 0,
          "max" : 0,
          "mean" : 0.000000,
          "stddev" : 0.000000
        },
        "clat_ns" : {
          "min" : 0,
          "max" : 0,
          "mean" : 0.000000,
          "stddev" : 0.000000,
          "percentile" : {
            "1.000000" : 0,
            "5.000000" : 0,
            "10.000000" : 0,
            "20.000000" : 0,
            "30.000000" : 0,
            "40.000000" : 0,
            "50.000000" : 0,
            "60.000000" : 0,
            "70.000000" : 0,
            "80.000000" : 0,
            "90.000000" : 0,
            "95.000000" : 0,
            "99.000000" : 0,
            "99.500000" : 0,
            "99.900000" : 0,
            "99.950000" : 0,
            "99.990000" : 0,
            "0.00" : 0,
            "0.00" : 0,
            "0.00" : 0
          },
          "bins" : {

          }
        },
        "lat_ns" : {
          "min" : 0,
          "max" : 0,
          "mean" : 0.000000,
          "stddev" : 0.000000
        },
        "bw_min" : 0,
        "bw_max" : 0,
        "bw_agg" : 0.000000,
        "bw_mean" : 0.000000,
        "bw_dev" : 0.000000,
        "bw_samples" : 0,
        "iops_min" : 0,
        "iops_max" : 0,
        "iops_mean" : 0.000000,
        "iops_stddev" : 0.000000,
        "iops_samples" : 0
      },
      "usr_cpu" : 0.318190,
      "sys_cpu" : 2.449077,
      "ctx" : 508919,
      "majf" : 0,
      "minf" : 41,
      "iodepth_level" : {
        "1" : 1.619433,
        "2" : 3.238866,
        "4" : 6.477733,
        "8" : 88.663968,
        "16" : 0.000000,
        "32" : 0.000000,
        ">=64" : 0.000000
      },
      "latency_ns" : {
        "2" : 0.000000,
        "4" : 0.000000,
        "10" : 0.000000,
        "20" : 0.000000,
        "50" : 0.000000,
        "100" : 0.000000,