{
  "fio version" : "fio-3.1",
  "timestamp" : 1555517751,
  "timestamp_ms" : 1555517751987,
  "time" : "Wed Apr 17 16:15:51 2019",
  "global options" : {
    "fallocate" : "none",
    "runtime" : "30",
    "directory" : "/data/fio_write/beegfs-write-64-j6lnl",
    "bs" : "2097152",
    "time_based" : "1",
    "ioengine" : "libaio",
    "iodepth" : "8",
    "direct" : "1",
    "buffered" : "0",
    "thread" : "0",
    "group_reporting" : "1",
    "filesize" : "32g",
    "size" : "32g",
    "filename_format" : "$jobnum.dat"
  },
  "jobs" : [
    {
      "jobname" : "fio-job",
      "groupid" : 0,
      "error" : 0,
      "eta" : 0,
      "elapsed" : 31,
      "job options" : {
        "rw" : "write"
      },
      "read" : {
        "io_bytes" : 0,
        "io_kbytes" : 0,
        "bw" : 0,
        "iops" : 0.000000,
        "runtime" : 0,
        "total_ios" : 0,
        "short_ios" : 0,
        "drop_ios" : 0,
        "slat_ns" : {
          "min" : 0,
          "max" : 0,
          "mean" : 0.000000,
          "stddev" : 0.000000
        },
        "clat_ns" : {
          "min" : 0,
          "max" : 0,
          "mean" : 0.000000,
          "stddev" : 0.000000,
          "percentile" : {
            "1.000000" : 0,
            "5.000000" : 0,
            "10.000000" : 0,
            "20.000000" : 0,
            "30.000000" : 0,
            "40.000000" : 0,
            "50.000000" : 0,
            "60.000000" : 0,
            "70.000000" : 0,
            "80.000000" : 0,
            "90.000000" : 0,
            "95.000000" : 0,
            "99.000000" : 0,
            "99.500000" : 0,
            "99.900000" : 0,
            "99.950000" : 0,
            "99.990000" : 0,
            "0.00" : 0,
            "0.00" : 0,
            "0.00" : 0
          },
          "bins" : {

          }
        },
        "lat_ns" : {
          "min" : 0,
          "max" : 0,
          "mean" : 0.000000,
          "stddev" : 0.000000
        },
        "bw_min" : 0,
        "bw_max" : 0,
        "bw_agg" : 0.000000,
        "bw_mean" : 0.000000,
        "bw_dev" : 0.000000,
        "bw_samples" : 0,
        "iops_min" : 0,
        "iops_max" : 0,
        "iops_mean" : 0.000000,
        "iops_stddev" : 0.000000,
        "iops_samples" : 0
      },
      "write" : {
        "io_bytes" : 4135583744,
        "io_kbytes" : 4038656,
        "bw" : 134326,
        "iops" : 65.589037,
        "runtime" : 30066,
        "total_ios" : 1972,
        "short_ios" : 0,
        "drop_ios" : 0,
        "slat_ns" : {
          "min" : 18457015,
          "max" : 319580112,
          "mean" : 60891431.135903,
          "stddev" : 25069184.341716
        },
        "clat_ns" : {
          "min" : 8942,
          "max" : 726774721,
          "mean" : 423332313.911765,
          "stddev" : 70336614.114429,
          "percentile" : {
            "1.000000" : 219152384,
            "5.000000" : 316669952,
            "10.000000" : 350224384,
            "20.000000" : 387973120,
            "30.000000" : 400556032,
            "40.000000" : 413138944,
            "50.000000" : 421527552,
            "60.000000" : 434110464,
            "70.000000" : 446693376,
            "80.000000" : 459276288,
            "90.000000" : 488636416,
            "95.000000" : 530579456,
            "99.000000" : 641728512,
            "99.500000" : 683671552,
            "99.900000" : 725614592,
            "99.950000" : 725614592,
            "99.990000" : 725614592,
            "0.00" : 0,
            "0.00" : 0,
            "0.00" : 0
          },
          "bins" : {
            "8896" : 1,
            "10048" : 1,
            "14272" : 1,
            "14656" : 1,
            "27918336" : 1,
            "65798144" : 1,
            "71827456" : 1,
            "83361792" : 1,
            "88604672" : 1,
            "101187584" : 1,
            "110624768" : 1,
            "120061952" : 1,
            "124256256" : 1,
            "162529280" : 1,
            "168820736" : 2,
            "193986560" : 1,
            "206569472" : 1,
            "210763776" : 1,
            "219152384" : 1,
            "223346688" : 1,
            "229638144" : 1,
            "233832448" : 1,
            "235929600" : 1,
            "246415360" : 1,
            "250609664" : 1,
            "261095424" : 1,
            "263192576" : 2,
            "265289728" : 2,
            "267386880" : 1,
            "270532608" : 3,
            "274726912" : 4,
            "278921216" : 3,
            "283115520" : 3,
            "287309824" : 5,
            "291504128" : 4,
            "295698432" : 4,
            "299892736" : 8,
            "304087040" : 8,
            "308281344" : 5,
            "312475648" : 9,
            "316669952" : 12,
            "320864256" : 12,
            "325058560" : 15,
            "329252864" : 11,
            "333447168" : 12,
            "337641472" : 11,
            "341835776" : 11,
            "346030080" : 18,
            "350224384" : 17,
            "354418688" : 19,
            "358612992" : 14,
            "362807296" : 20,
            "367001600" : 19,
            "371195904" : 20,
            "375390208" : 20,
            "379584512" : 22,
            "383778816" : 32,
            "387973120" : 41,
            "392167424" : 63,
            "396361728" : 55,
            "400556032" : 76,
            "404750336" : 66,
            "408944640" : 74,
            "413138944" : 79,
            "417333248" : 80,
            "421527552" : 88,
            "425721856" : 76,
            "429916160" : 90,
            "434110464" : 69,
            "438304768" : 71,
            "442499072" : 48,
            "446693376" : 80,
            "450887680" : 50,
            "455081984" : 56,
            "459276288" : 47,
            "463470592" : 34,
            "467664896" : 35,
            "471859200" : 41,
            "476053504" : 34,
            "480247808" : 28,
            "484442112" : 20,
            "488636416" : 15,
            "492830720" : 10,
            "497025024" : 5,
            "501219328" : 14,
            "505413632" : 11,
            "509607936" : 4,
            "513802240" : 9,
            "517996544" : 12,
            "522190848" : 6,
            "526385152" : 6,
            "530579456" : 8,
            "534773760" : 7,
            "541065216" : 12,
            "549453824" : 3,
            "557842432" : 6,
            "566231040" : 9,
            "574619648" : 7,
            "583008256" : 7,
            "591396864" : 7,
            "599785472" : 5,
            "616562688" : 5,
            "624951296" : 4,
            "633339904" : 3,
            "641728512" : 5,
            "650117120" : 2,
            "658505728" : 5,
            "666894336" : 1,
            "683671552" : 1,
            "692060160" : 1,
            "700448768" : 2,
            "708837376" : 4,
            "725614592" : 2
          }
        },
        "lat_ns" : {
          "min" : 27892544,
          "max" : 773423711,
          "mean" : 484227621.962475,
          "stddev" : 74147468.764869
        },
        "bw_min" : 8175,
        "bw_max" : 49951,
        "bw_agg" : 24.831334,
        "bw_mean" : 33354.937500,
        "bw_dev" : 5723.254957,
        "bw_samples" : 240,
        "iops_min" : 3,
        "iops_max" : 24,
        "iops_mean" : 16.120833,
        "iops_stddev" : 2.807265,
        "iops_samples" : 240
      },
      "trim" : {
        "io_bytes" : 0,
        "io_kbytes" : 0,
        "bw" : 0,
        "iops" : 0.000000,
        "runtime" : 0,
        "total_ios" : 0,
        "short_ios" : 0,
        "drop_ios" : 0,
        "slat_ns" : {
          "min" : 0,
          "max" : 0,
          "mean" : 0.000000,
          "stddev" : 0.000000
        },
        "clat_ns" : {
          "min" : 0,
          "max" : 0,
          "mean" : 0.000000,
          "stddev" : 0.000000,
          "percentile" : {
            "1.000000" : 0,
            "5.000000" : 0,
            "10.000000" : 0,