{
  "fio version" : "fio-3.1",
  "timestamp" : 1555518247,
  "timestamp_ms" : 1555518247507,
  "time" : "Wed Apr 17 16:24:07 2019",
  "global options" : {
    "fallocate" : "none",
    "runtime" : "30",
    "directory" : "/data/fio_write/beegfs-randwrite-64-wgpch",
    "bs" : "8192",
    "time_based" : "1",
    "ioengine" : "libaio",
    "iodepth" : "8",
    "direct" : "1",
    "buffered" : "0",
    "thread" : "0",
    "group_reporting" : "1",
    "filesize" : "32g",
    "size" : "32g",
    "filename_format" : "$jobnum.dat"
  },
  "jobs" : [
    {
      "jobname" : "fio-job",
      "groupid" : 0,
      "error" : 0,
      "eta" : 0,
      "elapsed" : 32,
      "job options" : {
        "rw" : "randwrite"
      },
      "read" : {
        "io_bytes" : 0,
        "io_kbytes" : 0,
        "bw" : 0,
        "iops" : 0.000000,
        "runtime" : 0,
        "total_ios" : 0,
        "short_ios" : 0,
        "drop_ios" : 0,
        "slat_ns" : {
          "min" : 0,
          "max" : 0,
          "mean" : 0.000000,
          "stddev" : 0.000000
        },
        "clat_ns" : {
          "min" : 0,
          "max" : 0,
          "mean" : 0.000000,
          "stddev" : 0.000000,
          "percentile" : {
            "1.000000" : 0,
            "5.000000" : 0,
            "10.000000" : 0,
            "20.000000" : 0,
            "30.000000" : 0,
            "40.000000" : 0,
            "50.000000" : 0,
            "60.000000" : 0,
            "70.000000" : 0,
            "80.000000" : 0,
            "90.000000" : 0,
            "95.000000" : 0,
            "99.000000" : 0,
            "99.500000" : 0,
            "99.900000" : 0,
            "99.950000" : 0,
            "99.990000" : 0,
            "0.00" : 0,
            "0.00" : 0,
            "0.00" : 0
          },
          "bins" : {

          }
        },
        "lat_ns" : {
          "min" : 0,
          "max" : 0,
          "mean" : 0.000000,
          "stddev" : 0.000000
        },
        "bw_min" : 0,
        "bw_max" : 0,
        "bw_agg" : 0.000000,
        "bw_mean" : 0.000000,
        "bw_dev" : 0.000000,
        "bw_samples" : 0,
        "iops_min" : 0,
        "iops_max" : 0,
        "iops_mean" : 0.000000,
        "iops_stddev" : 0.000000,
        "iops_samples" : 0
      },
      "write" : {
        "io_bytes" : 2613248,
        "io_kbytes" : 2552,
        "bw" : 82,
        "iops" : 10.347400,
        "runtime" : 30829,
        "total_ios" : 319,
        "short_ios" : 0,
        "drop_ios" : 0,
        "slat_ns" : {
          "min" : 101358,
          "max" : 12288679136,
          "mean" : 372232425.570533,
          "stddev" : 1160656084.073736
        },
        "clat_ns" : {
          "min" : 12332,
          "max" : 14691915304,
          "mean" : 2475250279.266458,
          "stddev" : 3024720134.542851,
          "percentile" : {
            "1.000000" : 17024,
            "5.000000" : 1826816,
            "10.000000" : 19529728,
            "20.000000" : 119013376,
            "30.000000" : 650117120,
            "40.000000" : 1019215872,
            "50.000000" : 1417674752,
            "60.000000" : 1904214016,
            "70.000000" : 2432696320,
            "80.000000" : 4529848320,
            "90.000000" : 7079985152,
            "95.000000" : 9462349824,
            "99.000000" : 13086228480,
            "99.500000" : 14696841216,
            "99.900000" : 14696841216,
            "99.950000" : 14696841216,
            "99.990000" : 14696841216,
            "0.00" : 0,
            "0.00" : 0,
            "0.00" : 0
          },
          "bins" : {
            "12352" : 1,
            "12480" : 1,
            "12864" : 1,
            "17024" : 1,
            "1449984" : 1,
            "1466368" : 1,
            "1499136" : 1,
            "1515520" : 2,
            "1548288" : 1,
            "1564672" : 2,
            "1613824" : 1,
            "1679360" : 1,
            "1777664" : 1,
            "1826816" : 1,
            "2056192" : 1,
            "2179072" : 1,
            "2211840" : 1,
            "2244608" : 2,
            "2801664" : 1,
            "8716288" : 3,
            "8978432" : 1,
            "18481152" : 1,
            "18743296" : 1,
            "19267584" : 1,
            "19529728" : 3,
            "26083328" : 1,
            "30539776" : 1,
            "31326208" : 3,
            "35389440" : 1,
            "41156608" : 1,
            "41680896" : 1,
            "42205184" : 2,
            "42729472" : 1,
            "50593792" : 2,
            "52166656" : 1,
            "52690944" : 2,
            "56360960" : 2,
            "64225280" : 1,
            "70778880" : 1,
            "80216064" : 4,
            "82313216" : 2,
            "102236160" : 1,
            "112721920" : 1,
            "119013376" : 4,
            "129499136" : 2,
            "130547712" : 2,
            "137363456" : 1,
            "158334976" : 1,
            "221249536" : 1,
            "258998272" : 4,
            "346030080" : 1,
            "387973120" : 1,
            "400556032" : 3,
            "421527552" : 2,
            "429916160" : 1,
            "434110464" : 1,
            "438304768" : 2,
            "446693376" : 3,
            "463470592" : 1,
            "522190848" : 1,
            "650117120" : 6,
            "734003200" : 1,
            "742391808" : 4,
            "801112064" : 3,
            "809500672" : 1,
            "817889280" : 2,
            "834666496" : 1,
            "843055104" : 2,
            "859832320" : 1,
            "876609536" : 1,
            "884998144" : 1,
            "893386752" : 1,
            "901775360" : 1,
            "960495616" : 1,
            "985661440" : 2,
            "994050048" : 1,
            "1002438656" : 2,
            "1010827264" : 2,
            "1019215872" : 7,
            "1052770304" : 1,
            "1098907648" : 1,
            "1115684864" : 1,
            "1182793728" : 1,
            "1199570944" : 3,
            "1216348160" : 1,
            "1233125376" : 4,
            "1249902592" : 2,
            "1266679808" : 4,
            "1300234240" : 2,
            "1384120320" : 1,
            "1400897536" : 6,
            "1417674752" : 3,
            "1451229184" : 1,
            "1518338048" : 1,
            "1535115264" : 1,
            "1568669696" : 1,
            "1619001344" : 3,
            "1652555776" : 1,
            "1686110208" : 9,
            "1702887424" : 4,
            "1736441856" : 1,
            "1753219072" : 3,
            "1769996288" : 1,
            "1887436800" : 3,
            "1904214016" : 2,
            "1937768448" : 3,
            "1971322880" : 2,
            "2004877312" : 2,
            "2021654528" : 2,
            "2105540608" : 5,
            "2122317824" : 1,
            "2164260864" : 6,
            "2197815296" : 3,
            "2231369728" : 4,
            "2365587456" : 1,
            "2399141888" : 2,
            "2432696320" : 5,
            "2499805184" : 3,
            "2533359616" : 1,
            "2600468480" : 3,
            "2801795072" : 1,
            "2868903936" : 2,
            "2936012800" : 1,
            "3070230528" : 1,
            "3103784960" : 2,
            "3137339392" : 1,
            "3170893824" : 1,
            "3271557120" : 1,
            "3506438144" : 1,
            "3640655872" : 1,
            "3774873600" : 1,
            "3808428032" : 1,
            "3841982464" : 1,
            "3875536896" : 1,
            "4110417920" : 1,
            "4278190080" : 2,
            "4328521728" : 1,
            "4529848320" : 1,
            "4596957184" : 3,
            "4731174912" : 4,
            "4865392640" : 2,
            "4932501504" : 1,
            "4999610368" : 1,
            "5066719232" : 2,
            "5133828096" : 1,
            "5335154688" : 3,
            "5402263552" : 1,
            "5603590144" : 1,
            "5804916736" : 4,
            "5872025600" : 3,
            "6006243328" : 1,