{
  "fio version" : "fio-3.1",
  "timestamp" : 1574247760,
  "timestamp_ms" : 1574247760634,
  "time" : "Wed Nov 20 11:02:40 2019",
  "global options" : {
    "directory" : "data/fio_write/beegfs-write-64-gz7vb",
    "bs" : "8388608",
    "fallocate" : "none",
    "runtime" : "30",
    "time_based" : "1",
    "ioengine" : "libaio",
    "iodepth" : "8",
    "direct" : "1",
    "buffered" : "0",
    "invalidate" : "1",
    "ramp_time" : "0",
    "thread" : "0",
    "group_reporting" : "1",
    "filesize" : "32g",
    "size" : "32g",
    "filename_format" : "$jobnum.dat"
  },
  "jobs" : [
    {
      "jobname" : "fio-job",
      "groupid" : 0,
      "error" : 0,
      "eta" : 0,
      "elapsed" : 31,
      "job options" : {
        "rw" : "write"
      },
      "read" : {
        "io_bytes" : 0,
        "io_kbytes" : 0,
        "bw" : 0,
        "iops" : 0.000000,
        "runtime" : 0,
        "total_ios" : 0,
        "short_ios" : 0,
        "drop_ios" : 0,
        "slat_ns" : {
          "min" : 0,
          "max" : 0,
          "mean" : 0.000000,
          "stddev" : 0.000000
        },
        "clat_ns" : {
          "min" : 0,
          "max" : 0,
          "mean" : 0.000000,
          "stddev" : 0.000000,
          "percentile" : {
            "1.000000" : 0,
            "5.000000" : 0,
            "10.000000" : 0,
            "20.000000" : 0,
            "30.000000" : 0,
            "40.000000" : 0,
            "50.000000" : 0,
            "60.000000" : 0,
            "70.000000" : 0,
            "80.000000" : 0,
            "90.000000" : 0,
            "95.000000" : 0,
            "99.000000" : 0,
            "99.500000" : 0,
            "99.900000" : 0,
            "99.950000" : 0,
            "99.990000" : 0,
            "0.00" : 0,
            "0.00" : 0,
            "0.00" : 0
          },
          "bins" : {

          }
        },
        "lat_ns" : {
          "min" : 0,
          "max" : 0,
          "mean" : 0.000000,
          "stddev" : 0.000000
        },
        "bw_min" : 0,
        "bw_max" : 0,
        "bw_agg" : 0.000000,
        "bw_mean" : 0.000000,
        "bw_dev" : 0.000000,
        "bw_samples" : 0,
        "iops_min" : 0,
        "iops_max" : 0,
        "iops_mean" : 0.000000,
        "iops_stddev" : 0.000000,
        "iops_samples" : 0
      },
      "write" : {
        "io_bytes" : 2164260864,
        "io_kbytes" : 2113536,
        "bw" : 70277,
        "iops" : 8.578839,
        "runtime" : 30074,
        "total_ios" : 258,
        "short_ios" : 0,
        "drop_ios" : 0,
        "slat_ns" : {
          "min" : 44538872,
          "max" : 1917764923,
          "mean" : 465878074.488372,
          "stddev" : 304997321.573282
        },
        "clat_ns" : {
          "min" : 5068,
          "max" : 6619453816,
          "mean" : 3112542526.298450,
          "stddev" : 1155711264.275509,
          "percentile" : {
            "1.000000" : 7712,
            "5.000000" : 354418688,
            "10.000000" : 1719664640,
            "20.000000" : 2466250752,
            "30.000000" : 2768240640,
            "40.000000" : 3036676096,
            "50.000000" : 3238002688,
            "60.000000" : 3405774848,
            "70.000000" : 3607101440,
            "80.000000" : 3841982464,
            "90.000000" : 4211081216,
            "95.000000" : 4865392640,
            "99.000000" : 6408896512,
            "99.500000" : 6610223104,
            "99.900000" : 6610223104,
            "99.950000" : 6610223104,
            "99.990000" : 6610223104,
            "0.00" : 0,
            "0.00" : 0,
            "0.00" : 0
          },
          "bins" : {
            "5088" : 1,
            "7264" : 1,
            "7712" : 2,
            "72876032" : 1,
            "83361792" : 1,
            "133693440" : 1,
            "147849216" : 1,
            "152043520" : 1,
            "217055232" : 1,
            "304087040" : 1,
            "341835776" : 1,
            "354418688" : 1,
            "371195904" : 1,
            "557842432" : 1,
            "566231040" : 1,
            "725614592" : 1,
            "1082130432" : 2,
            "1098907648" : 1,
            "1132462080" : 1,
            "1350565888" : 1,
            "1384120320" : 1,
            "1484783616" : 1,
            "1669332992" : 1,
            "1719664640" : 1,
            "1820327936" : 1,
            "1971322880" : 1,
            "2038431744" : 1,
            "2139095040" : 1,
            "2164260864" : 6,
            "2197815296" : 2,
            "2231369728" : 1,
            "2264924160" : 4,
            "2332033024" : 1,
            "2365587456" : 3,
            "2399141888" : 4,
            "2466250752" : 1,
            "2499805184" : 3,
            "2566914048" : 5,
            "2600468480" : 4,
            "2634022912" : 2,
            "2667577344" : 3,
            "2701131776" : 3,
            "2734686208" : 2,
            "2768240640" : 4,
            "2801795072" : 3,
            "2835349504" : 5,
            "2868903936" : 1,
            "2902458368" : 4,
            "2936012800" : 2,
            "2969567232" : 2,
            "3003121664" : 5,
            "3036676096" : 4,
            "3070230528" : 3,
            "3103784960" : 5,
            "3137339392" : 7,
            "3170893824" : 3,
            "3204448256" : 5,
            "3238002688" : 6,
            "3271557120" : 2,
            "3305111552" : 5,
            "3338665984" : 5,
            "3372220416" : 4,
            "3405774848" : 6,
            "3439329280" : 4,
            "3472883712" : 5,
            "3506438144" : 3,
            "3539992576" : 2,
            "3573547008" : 6,
            "3607101440" : 7,
            "3640655872" : 6,
            "3674210304" : 4,
            "3707764736" : 5,
            "3741319168" : 1,
            "3774873600" : 6,
            "3808428032" : 1,
            "3841982464" : 2,
            "3875536896" : 4,
            "3909091328" : 6,
            "3942645760" : 2,
            "3976200192" : 2,
            "4009754624" : 2,
            "4043309056" : 3,
            "4076863488" : 1,
            "4110417920" : 3,
            "4177526784" : 1,
            "4211081216" : 2,
            "4244635648" : 2,
            "4278190080" : 1,
            "4328521728" : 2,
            "4395630592" : 2,
            "4462739456" : 2,
            "4529848320" : 1,
            "4731174912" : 2,
            "4865392640" : 2,
            "5066719232" : 1,
            "5133828096" : 3,
            "5268045824" : 1,
            "5939134464" : 1,
            "6006243328" : 1,
            "6140461056" : 1,
            "6408896512" : 1,
            "6610223104" : 2
          }
        },
        "lat_ns" : {
          "min" : 72798553,
          "max" : 7102808664,
          "mean" : 3578425218.410853,
          "stddev" : 1233149565.623637
        },
        "bw_min" : 16351,
        "bw_max" : 49951,
        "bw_agg" : 30.562643,
        "bw_mean" : 21478.508671,
        "bw_dev" : 8570.359002,
        "bw_samples" : 173,
        "iops_min" : 1,
        "iops_max" : 6,
        "iops_mean" : 2.566474,
        "iops_stddev" : 1.090353,
        "iops_samples" : 173
      },
      "trim" : {
        "io_bytes" : 0,
        "io_kbytes" : 0,
        "bw" : 0,
        "iops" : 0.000000,
        "runtime" : 0,
        "total_ios" : 0,
        "short_ios" : 0,
        "drop_ios" : 0,
        "slat_ns" : {
          "min" : 0,
          "max" : 0,
          "mean" : 0.000000,
          "stddev" : 0.000000
        },
        "clat_ns" : {
          "min" : 0,
          "max" : 0,
          "mean" : 0.000000,
          "stddev" : 0.000000,
          "percentile" : {
            "1.000000" : 0,
            "5.000000" : 0,
            "10.000000" : 0,
            "20.000000" : 0,
            "30.000000" : 0,
            "40.000000" : 0,
            "50.000000" : 0,
            "60.000000" : 0,
            "70.000000" : 0,
            "80.000000" : 0,
            "90.000000" : 0,