{
  "fio version" : "fio-3.1",
  "timestamp" : 1556021447,
  "timestamp_ms" : 1556021447057,
  "time" : "Tue Apr 23 13:10:47 2019",
  "global options" : {
    "fallocate" : "none",
    "runtime" : "30",
    "directory" : "/data/fio_write/beegfs-write-64-client-90087-47",
    "bs" : "4096",
    "time_based" : "1",
    "ioengine" : "libaio",
    "iodepth" : "8",
    "direct" : "1",
    "buffered" : "0",
    "thread" : "0",
    "group_reporting" : "1",
    "filesize" : "32g",
    "size" : "32g",
    "filename_format" : "$jobnum.dat"
  },
  "jobs" : [
    {
      "jobname" : "fio-job",
      "groupid" : 0,
      "error" : 0,
      "eta" : 0,
      "elapsed" : 31,
      "job options" : {
        "rw" : "write"
      },
      "read" : {
        "io_bytes" : 0,
        "io_kbytes" : 0,
        "bw" : 0,
        "iops" : 0.000000,
        "runtime" : 0,
        "total_ios" : 0,
        "short_ios" : 0,
        "drop_ios" : 0,
        "slat_ns" : {
          "min" : 0,
          "max" : 0,
          "mean" : 0.000000,
          "stddev" : 0.000000
        },
        "clat_ns" : {
          "min" : 0,
          "max" : 0,
          "mean" : 0.000000,
          "stddev" : 0.000000,
          "percentile" : {
            "1.000000" : 0,
            "5.000000" : 0,
            "10.000000" : 0,
            "20.000000" : 0,
            "30.000000" : 0,
            "40.000000" : 0,
            "50.000000" : 0,
            "60.000000" : 0,
            "70.000000" : 0,
            "80.000000" : 0,
            "90.000000" : 0,
            "95.000000" : 0,
            "99.000000" : 0,
            "99.500000" : 0,
            "99.900000" : 0,
            "99.950000" : 0,
            "99.990000" : 0,
            "0.00" : 0,
            "0.00" : 0,
            "0.00" : 0
          },
          "bins" : {

          }
        },
        "lat_ns" : {
          "min" : 0,
          "max" : 0,
          "mean" : 0.000000,
          "stddev" : 0.000000
        },
        "bw_min" : 0,
        "bw_max" : 0,
        "bw_agg" : 0.000000,
        "bw_mean" : 0.000000,
        "bw_dev" : 0.000000,
        "bw_samples" : 0,
        "iops_min" : 0,
        "iops_max" : 0,
        "iops_mean" : 0.000000,
        "iops_stddev" : 0.000000,
        "iops_samples" : 0
      },
      "write" : {
        "io_bytes" : 270102528,
        "io_kbytes" : 263772,
        "bw" : 8791,
        "iops" : 2197.953470,
        "runtime" : 30002,
        "total_ios" : 65943,
        "short_ios" : 0,
        "drop_ios" : 0,
        "slat_ns" : {
          "min" : 41054,
          "max" : 16296265,
          "mean" : 1816560.844199,
          "stddev" : 699027.374248
        },
        "clat_ns" : {
          "min" : 2499,
          "max" : 30789870,
          "mean" : 12733127.442549,
          "stddev" : 4519184.955633,
          "percentile" : {
            "1.000000" : 757760,
            "5.000000" : 880640,
            "10.000000" : 1318912,
            "20.000000" : 13697024,
            "30.000000" : 13828096,
            "40.000000" : 13959168,
            "50.000000" : 14221312,
            "60.000000" : 14352384,
            "70.000000" : 14483456,
            "80.000000" : 14614528,
            "90.000000" : 14745600,
            "95.000000" : 15269888,
            "99.000000" : 18743296,
            "99.500000" : 20054016,
            "99.900000" : 26607616,
            "99.950000" : 28442624,
            "99.990000" : 30277632,
            "0.00" : 0,
            "0.00" : 0,
            "0.00" : 0
          },
          "bins" : {
            "2512" : 2,
            "2544" : 1,
            "10560" : 1,
            "346112" : 2,
            "354304" : 1,
            "362496" : 1,
            "366592" : 3,
            "370688" : 4,
            "374784" : 5,
            "378880" : 1,
            "382976" : 1,
            "387072" : 5,
            "391168" : 8,
            "395264" : 4,
            "399360" : 1,
            "403456" : 3,
            "407552" : 4,
            "411648" : 5,
            "415744" : 5,
            "419840" : 3,
            "423936" : 4,
            "428032" : 6,
            "432128" : 2,
            "436224" : 2,
            "440320" : 1,
            "444416" : 3,
            "452608" : 6,
            "456704" : 5,
            "460800" : 2,
            "464896" : 5,
            "468992" : 5,
            "473088" : 6,
            "477184" : 3,
            "481280" : 7,
            "485376" : 1,
            "489472" : 5,
            "493568" : 1,
            "497664" : 2,
            "501760" : 1,
            "505856" : 3,
            "509952" : 2,
            "522240" : 4,
            "528384" : 4,
            "536576" : 6,
            "544768" : 9,
            "552960" : 8,
            "561152" : 9,
            "569344" : 15,
            "577536" : 12,
            "585728" : 14,
            "593920" : 22,
            "602112" : 30,
            "610304" : 17,
            "618496" : 10,
            "626688" : 8,
            "634880" : 16,
            "643072" : 29,
            "651264" : 22,
            "659456" : 13,
            "667648" : 29,
            "675840" : 20,
            "684032" : 19,
            "692224" : 13,
            "700416" : 18,
            "708608" : 16,
            "716800" : 20,
            "724992" : 21,
            "733184" : 31,
            "741376" : 31,
            "749568" : 38,
            "757760" : 34,
            "765952" : 44,
            "774144" : 28,
            "782336" : 31,
            "790528" : 32,
            "798720" : 30,
            "806912" : 44,
            "815104" : 93,
            "823296" : 178,
            "831488" : 377,
            "839680" : 413,
            "847872" : 454,
            "856064" : 362,
            "864256" : 278,
            "872448" : 182,
            "880640" : 109,
            "888832" : 76,
            "897024" : 63,
            "905216" : 55,
            "913408" : 64,
            "921600" : 110,
            "929792" : 190,
            "937984" : 241,
            "946176" : 357,
            "954368" : 305,
            "962560" : 267,
            "970752" : 193,
            "978944" : 140,
            "987136" : 122,
            "995328" : 100,
            "1003520" : 74,
            "1011712" : 58,
            "1019904" : 28,
            "1028096" : 20,
            "1036288" : 32,
            "1044480" : 18,
            "1056768" : 27,
            "1073152" : 20,
            "1089536" : 22,
            "1105920" : 19,
            "1122304" : 20,
            "1138688" : 26,
            "1155072" : 18,
            "1171456" : 16,
            "1187840" : 8,
            "1204224" : 22,
            "1220608" : 81,
            "1236992" : 156,
            "1253376" : 139,
            "1269760" : 64,
            "1286144" : 47,
            "1302528" : 32,
            "1318912" : 62,
            "1335296" : 163,
            "1351680" : 176,
            "1368064" : 205,
            "1384448" : 111,
            "1400832" : 75,
            "1417216" : 45,
            "1433600" : 47,
            "1449984" : 17,
            "1466368" : 19,
            "1482752" : 8,
            "1499136" : 12,
            "1515520" : 15,
            "1531904" : 5,
            "1548288" : 7,
            "1564672" : 8,
            "1581056" : 11,
            "1597440" : 18,
            "1613824" : 12,
            "1630208" : 7,
            "1646592" : 16,
            "1662976" : 11,
            "1679360" : 7,
            "1695744" : 9,
            "1712128" : 6,
            "1728512" : 6,
            "1744896" : 8,
            "1761280" : 5,
            "1777664" : 2,
            "1794048" : 5,
            "1810432" : 6,
            "1826816" : 12,
            "1843200" : 17,
            "1859584" : 7,
            "1875968" : 13,
            "1892352" : 14,
            "1908736" : 20,
            "1925120" : 13,
            "1941504" : 9,
            "1957888" : 14,
            "1974272" : 4,
            "1990656" : 4,