{
  "fio version" : "fio-3.1",
  "timestamp" : 1556099564,
  "timestamp_ms" : 1556099564873,
  "time" : "Wed Apr 24 09:52:44 2019",
  "global options" : {
    "fallocate" : "none",
    "runtime" : "30",
    "directory" : "data/fio_write/beegfs-write-64-zmt5j",
    "bs" : "524288",
    "time_based" : "1",
    "ioengine" : "libaio",
    "iodepth" : "8",
    "direct" : "1",
    "buffered" : "0",
    "thread" : "0",
    "group_reporting" : "1",
    "filesize" : "32g",
    "size" : "32g",
    "filename_format" : "$jobnum.dat"
  },
  "jobs" : [
    {
      "jobname" : "fio-job",
      "groupid" : 0,
      "error" : 0,
      "eta" : 0,
      "elapsed" : 31,
      "job options" : {
        "rw" : "write"
      },
      "read" : {
        "io_bytes" : 0,
        "io_kbytes" : 0,
        "bw" : 0,
        "iops" : 0.000000,
        "runtime" : 0,
        "total_ios" : 0,
        "short_ios" : 0,
        "drop_ios" : 0,
        "slat_ns" : {
          "min" : 0,
          "max" : 0,
          "mean" : 0.000000,
          "stddev" : 0.000000
        },
        "clat_ns" : {
          "min" : 0,
          "max" : 0,
          "mean" : 0.000000,
          "stddev" : 0.000000,
          "percentile" : {
            "1.000000" : 0,
            "5.000000" : 0,
            "10.000000" : 0,
            "20.000000" : 0,
            "30.000000" : 0,
            "40.000000" : 0,
            "50.000000" : 0,
            "60.000000" : 0,
            "70.000000" : 0,
            "80.000000" : 0,
            "90.000000" : 0,
            "95.000000" : 0,
            "99.000000" : 0,
            "99.500000" : 0,
            "99.900000" : 0,
            "99.950000" : 0,
            "99.990000" : 0,
            "0.00" : 0,
            "0.00" : 0,
            "0.00" : 0
          },
          "bins" : {

          }
        },
        "lat_ns" : {
          "min" : 0,
          "max" : 0,
          "mean" : 0.000000,
          "stddev" : 0.000000
        },
        "bw_min" : 0,
        "bw_max" : 0,
        "bw_agg" : 0.000000,
        "bw_mean" : 0.000000,
        "bw_dev" : 0.000000,
        "bw_samples" : 0,
        "iops_min" : 0,
        "iops_max" : 0,
        "iops_mean" : 0.000000,
        "iops_stddev" : 0.000000,
        "iops_samples" : 0
      },
      "write" : {
        "io_bytes" : 2403860480,
        "io_kbytes" : 2347520,
        "bw" : 78224,
        "iops" : 152.782406,
        "runtime" : 30010,
        "total_ios" : 4585,
        "short_ios" : 0,
        "drop_ios" : 0,
        "slat_ns" : {
          "min" : 4296010,
          "max" : 245022958,
          "mean" : 26142085.370338,
          "stddev" : 30955033.269320
        },
        "clat_ns" : {
          "min" : 6613,
          "max" : 482362300,
          "mean" : 182657309.384079,
          "stddev" : 73674521.393579,
          "percentile" : {
            "1.000000" : 67633152,
            "5.000000" : 105381888,
            "10.000000" : 119013376,
            "20.000000" : 131596288,
            "30.000000" : 139460608,
            "40.000000" : 147849216,
            "50.000000" : 156237824,
            "60.000000" : 166723584,
            "70.000000" : 185597952,
            "80.000000" : 252706816,
            "90.000000" : 304087040,
            "95.000000" : 337641472,
            "99.000000" : 383778816,
            "99.500000" : 400556032,
            "99.900000" : 450887680,
            "99.950000" : 455081984,
            "99.990000" : 484442112,
            "0.00" : 0,
            "0.00" : 0,
            "0.00" : 0
          },
          "bins" : {
            "6624" : 1,
            "7392" : 1,
            "7840" : 1,
            "10816" : 1,
            "7503872" : 1,
            "8159232" : 1,
            "8585216" : 1,
            "10682368" : 1,
            "17694720" : 2,
            "19791872" : 1,
            "20316160" : 1,
            "27918336" : 2,
            "28442624" : 2,
            "35913728" : 1,
            "36962304" : 1,
            "39059456" : 1,
            "40108032" : 1,
            "45875200" : 1,
            "46399488" : 1,
            "47972352" : 1,
            "49020928" : 1,
            "51118080" : 1,
            "53739520" : 1,
            "54788096" : 1,
            "57409536" : 1,
            "61079552" : 1,
            "63700992" : 2,
            "65273856" : 1,
            "65798144" : 3,
            "66322432" : 3,
            "66846720" : 2,
            "67633152" : 6,
            "68681728" : 3,
            "70778880" : 2,
            "71827456" : 2,
            "72876032" : 3,
            "73924608" : 3,
            "74973184" : 1,
            "76021760" : 4,
            "77070336" : 1,
            "78118912" : 2,
            "79167488" : 2,
            "80216064" : 6,
            "81264640" : 3,
            "82313216" : 6,
            "83361792" : 2,
            "84410368" : 8,
            "85458944" : 6,
            "86507520" : 7,
            "87556096" : 7,
            "88604672" : 2,
            "89653248" : 4,
            "90701824" : 7,
            "91750400" : 4,
            "92798976" : 6,
            "93847552" : 5,
            "94896128" : 13,
            "95944704" : 4,
            "96993280" : 7,
            "98041856" : 7,
            "99090432" : 8,
            "100139008" : 8,
            "101187584" : 6,
            "102236160" : 10,
            "103284736" : 8,
            "104333312" : 8,
            "105381888" : 15,
            "106430464" : 13,
            "107479040" : 17,
            "108527616" : 9,
            "109576192" : 20,
            "110624768" : 21,
            "111673344" : 15,
            "112721920" : 18,
            "113770496" : 17,
            "114819072" : 23,
            "115867648" : 18,
            "116916224" : 22,
            "117964800" : 27,
            "119013376" : 29,
            "120061952" : 30,
            "121110528" : 33,
            "122159104" : 29,
            "123207680" : 28,
            "124256256" : 29,
            "125304832" : 39,
            "126353408" : 44,
            "127401984" : 50,
            "128450560" : 38,
            "129499136" : 45,
            "130547712" : 40,
            "131596288" : 46,
            "132644864" : 57,
            "133693440" : 59,
            "135266304" : 110,
            "137363456" : 118,
            "139460608" : 133,
            "141557760" : 136,
            "143654912" : 132,
            "145752064" : 117,
            "147849216" : 135,
            "149946368" : 135,
            "152043520" : 122,
            "154140672" : 96,
            "156237824" : 93,
            "158334976" : 92,
            "160432128" : 91,
            "162529280" : 81,
            "164626432" : 70,
            "166723584" : 71,
            "168820736" : 82,
            "170917888" : 69,
            "173015040" : 63,
            "175112192" : 47,
            "177209344" : 42,
            "179306496" : 31,
            "181403648" : 38,
            "183500800" : 35,
            "185597952" : 36,
            "187695104" : 30,
            "189792256" : 25,
            "191889408" : 13,
            "193986560" : 17,
            "196083712" : 9,
            "198180864" : 29,
            "200278016" : 16,
            "202375168" : 17,
            "204472320" : 11,
            "206569472" : 11,
            "208666624" : 15,
            "210763776" : 16,
            "212860928" : 12,
            "214958080" : 11,
            "217055232" : 3,
            "219152384" : 12,
            "221249536" : 16,
            "223346688" : 13,
            "225443840" : 9,
            "227540992" : 14,
            "229638144" : 11,
            "231735296" : 16,
            "233832448" : 10,
            "235929600" : 10,
            "238026752" : 11,
            "240123904" : 11,
            "242221056" : 17,
            "244318208" : 13,
            "246415360" : 14,
            "248512512" : 16,
            "250609664" : 12,
            "252706816" : 16,
            "254803968" : 14,