{
  "fio version" : "fio-3.1",
  "timestamp" : 1556097087,
  "timestamp_ms" : 1556097087284,
  "time" : "Wed Apr 24 10:11:27 2019",
  "global options" : {
    "fallocate" : "none",
    "runtime" : "30",
    "directory" : "/mnt/storage-nvme/fio_write/beegfs-randwrite-64-client-75712-22",
    "bs" : "512",
    "time_based" : "1",
    "ioengine" : "libaio",
    "iodepth" : "8",
    "direct" : "1",
    "buffered" : "0",
    "thread" : "0",
    "group_reporting" : "1",
    "filesize" : "32g",
    "size" : "32g",
    "filename_format" : "$jobnum.dat"
  },
  "jobs" : [
    {
      "jobname" : "fio-job",
      "groupid" : 0,
      "error" : 0,
      "eta" : 0,
      "elapsed" : 31,
      "job options" : {
        "rw" : "randwrite"
      },
      "read" : {
        "io_bytes" : 0,
        "io_kbytes" : 0,
        "bw" : 0,
        "iops" : 0.000000,
        "runtime" : 0,
        "total_ios" : 0,
        "short_ios" : 0,
        "drop_ios" : 0,
        "slat_ns" : {
          "min" : 0,
          "max" : 0,
          "mean" : 0.000000,
          "stddev" : 0.000000
        },
        "clat_ns" : {
          "min" : 0,
          "max" : 0,
          "mean" : 0.000000,
          "stddev" : 0.000000,
          "percentile" : {
            "1.000000" : 0,
            "5.000000" : 0,
            "10.000000" : 0,
            "20.000000" : 0,
            "30.000000" : 0,
            "40.000000" : 0,
            "50.000000" : 0,
            "60.000000" : 0,
            "70.000000" : 0,
            "80.000000" : 0,
            "90.000000" : 0,
            "95.000000" : 0,
            "99.000000" : 0,
            "99.500000" : 0,
            "99.900000" : 0,
            "99.950000" : 0,
            "99.990000" : 0,
            "0.00" : 0,
            "0.00" : 0,
            "0.00" : 0
          },
          "bins" : {

          }
        },
        "lat_ns" : {
          "min" : 0,
          "max" : 0,
          "mean" : 0.000000,
          "stddev" : 0.000000
        },
        "bw_min" : 0,
        "bw_max" : 0,
        "bw_agg" : 0.000000,
        "bw_mean" : 0.000000,
        "bw_dev" : 0.000000,
        "bw_samples" : 0,
        "iops_min" : 0,
        "iops_max" : 0,
        "iops_mean" : 0.000000,
        "iops_stddev" : 0.000000,
        "iops_samples" : 0
      },
      "write" : {
        "io_bytes" : 23885312,
        "io_kbytes" : 23325,
        "bw" : 777,
        "iops" : 1554.515162,
        "runtime" : 30010,
        "total_ios" : 46651,
        "short_ios" : 0,
        "drop_ios" : 0,
        "slat_ns" : {
          "min" : 90250,
          "max" : 114431478,
          "mean" : 2567822.893829,
          "stddev" : 5986820.058928
        },
        "clat_ns" : {
          "min" : 2358,
          "max" : 208619165,
          "mean" : 17999328.041350,
          "stddev" : 16105501.012295,
          "percentile" : {
            "1.000000" : 1826816,
            "5.000000" : 3391488,
            "10.000000" : 4751360,
            "20.000000" : 6914048,
            "30.000000" : 8716288,
            "40.000000" : 10682368,
            "50.000000" : 13041664,
            "60.000000" : 16056320,
            "70.000000" : 19791872,
            "80.000000" : 25821184,
            "90.000000" : 36962304,
            "95.000000" : 49545216,
            "99.000000" : 81264640,
            "99.500000" : 94896128,
            "99.900000" : 123207680,
            "99.950000" : 137363456,
            "99.990000" : 173015040,
            "0.00" : 0,
            "0.00" : 0,
            "0.00" : 0
          },
          "bins" : {
            "2352" : 1,
            "3088" : 1,
            "3312" : 1,
            "4576" : 1,
            "252928" : 1,
            "468992" : 1,
            "1335296" : 1,
            "1351680" : 1,
            "1368064" : 3,
            "1384448" : 5,
            "1400832" : 10,
            "1417216" : 6,
            "1433600" : 10,
            "1449984" : 9,
            "1466368" : 12,
            "1482752" : 12,
            "1499136" : 16,
            "1515520" : 19,
            "1531904" : 13,
            "1548288" : 19,
            "1564672" : 20,
            "1581056" : 23,
            "1597440" : 26,
            "1613824" : 19,
            "1630208" : 12,
            "1646592" : 25,
            "1662976" : 19,
            "1679360" : 18,
            "1695744" : 17,
            "1712128" : 18,
            "1728512" : 20,
            "1744896" : 15,
            "1761280" : 24,
            "1777664" : 21,
            "1794048" : 18,
            "1810432" : 22,
            "1826816" : 11,
            "1843200" : 9,
            "1859584" : 13,
            "1875968" : 16,
            "1892352" : 17,
            "1908736" : 16,
            "1925120" : 15,
            "1941504" : 17,
            "1957888" : 14,
            "1974272" : 17,
            "1990656" : 19,
            "2007040" : 17,
            "2023424" : 11,
            "2039808" : 15,
            "2056192" : 9,
            "2072576" : 11,
            "2088960" : 15,
            "2113536" : 45,
            "2146304" : 27,
            "2179072" : 32,
            "2211840" : 27,
            "2244608" : 15,
            "2277376" : 26,
            "2310144" : 30,
            "2342912" : 29,
            "2375680" : 25,
            "2408448" : 36,
            "2441216" : 41,
            "2473984" : 38,
            "2506752" : 35,
            "2539520" : 30,
            "2572288" : 50,
            "2605056" : 43,
            "2637824" : 35,
            "2670592" : 43,
            "2703360" : 33,
            "2736128" : 57,
            "2768896" : 43,
            "2801664" : 46,
            "2834432" : 49,
            "2867200" : 39,
            "2899968" : 42,
            "2932736" : 46,
            "2965504" : 55,
            "2998272" : 46,
            "3031040" : 45,
            "3063808" : 55,
            "3096576" : 35,
            "3129344" : 46,
            "3162112" : 53,
            "3194880" : 44,
            "3227648" : 54,
            "3260416" : 47,
            "3293184" : 46,
            "3325952" : 63,
            "3358720" : 43,
            "3391488" : 49,
            "3424256" : 56,
            "3457024" : 55,
            "3489792" : 47,
            "3522560" : 51,
            "3555328" : 43,
            "3588096" : 53,
            "3620864" : 46,
            "3653632" : 42,
            "3686400" : 48,
            "3719168" : 48,
            "3751936" : 41,
            "3784704" : 51,
            "3817472" : 41,
            "3850240" : 52,
            "3883008" : 49,
            "3915776" : 44,
            "3948544" : 67,
            "3981312" : 59,
            "4014080" : 57,
            "4046848" : 55,
            "4079616" : 69,
            "4112384" : 55,
            "4145152" : 43,
            "4177920" : 54,
            "4227072" : 140,
            "4292608" : 123,
            "4358144" : 113,
            "4423680" : 122,
            "4489216" : 127,
            "4554752" : 125,
            "4620288" : 130,
            "4685824" : 130,
            "4751360" : 108,
            "4816896" : 127,
            "4882432" : 130,
            "4947968" : 132,
            "5013504" : 121,
            "5079040" : 136,
            "5144576" : 116,
            "5210112" : 148,
            "5275648" : 148,
            "5341184" : 130,
            "5406720" : 150,
            "5472256" : 159,
            "5537792" : 133,
            "5603328" : 105,
            "5668864" : 139,
            "5734400" : 137,
            "5799936" : 149,
            "5865472" : 134,
            "5931008" : 127,
            "5996544" : 157,
            "6062080" : 126,
            "6127616" : 163,
            "6193152" : 143,
            "6258688" : 166,
            "6324224" : 125,
            "6389760" : 153,
            "6455296" : 154,
            "6520832" : 152,
            "6586368" : 151,
            "6651904" : 139,
            "6717440" : 157,
            "6782976" : 148,