{
  "fio version" : "fio-3.1",
  "timestamp" : 1555518681,
  "timestamp_ms" : 1555518681420,
  "time" : "Wed Apr 17 16:31:21 2019",
  "global options" : {
    "fallocate" : "none",
    "runtime" : "30",
    "directory" : "/data/fio_write/beegfs-randwrite-64-tq682",
    "bs" : "2097152",
    "time_based" : "1",
    "ioengine" : "libaio",
    "iodepth" : "8",
    "direct" : "1",
    "buffered" : "0",
    "thread" : "0",
    "group_reporting" : "1",
    "filesize" : "32g",
    "size" : "32g",
    "filename_format" : "$jobnum.dat"
  },
  "jobs" : [
    {
      "jobname" : "fio-job",
      "groupid" : 0,
      "error" : 0,
      "eta" : 0,
      "elapsed" : 35,
      "job options" : {
        "rw" : "randwrite"
      },
      "read" : {
        "io_bytes" : 0,
        "io_kbytes" : 0,
        "bw" : 0,
        "iops" : 0.000000,
        "runtime" : 0,
        "total_ios" : 0,
        "short_ios" : 0,
        "drop_ios" : 0,
        "slat_ns" : {
          "min" : 0,
          "max" : 0,
          "mean" : 0.000000,
          "stddev" : 0.000000
        },
        "clat_ns" : {
          "min" : 0,
          "max" : 0,
          "mean" : 0.000000,
          "stddev" : 0.000000,
          "percentile" : {
            "1.000000" : 0,
            "5.000000" : 0,
            "10.000000" : 0,
            "20.000000" : 0,
            "30.000000" : 0,
            "40.000000" : 0,
            "50.000000" : 0,
            "60.000000" : 0,
            "70.000000" : 0,
            "80.000000" : 0,
            "90.000000" : 0,
            "95.000000" : 0,
            "99.000000" : 0,
            "99.500000" : 0,
            "99.900000" : 0,
            "99.950000" : 0,
            "99.990000" : 0,
            "0.00" : 0,
            "0.00" : 0,
            "0.00" : 0
          },
          "bins" : {

          }
        },
        "lat_ns" : {
          "min" : 0,
          "max" : 0,
          "mean" : 0.000000,
          "stddev" : 0.000000
        },
        "bw_min" : 0,
        "bw_max" : 0,
        "bw_agg" : 0.000000,
        "bw_mean" : 0.000000,
        "bw_dev" : 0.000000,
        "bw_samples" : 0,
        "iops_min" : 0,
        "iops_max" : 0,
        "iops_mean" : 0.000000,
        "iops_stddev" : 0.000000,
        "iops_samples" : 0
      },
      "write" : {
        "io_bytes" : 197132288,
        "io_kbytes" : 192512,
        "bw" : 5799,
        "iops" : 2.831837,
        "runtime" : 33194,
        "total_ios" : 94,
        "short_ios" : 0,
        "drop_ios" : 0,
        "slat_ns" : {
          "min" : 16750930,
          "max" : 10751503922,
          "mean" : 1358256060.936170,
          "stddev" : 2413948772.464767
        },
        "clat_ns" : {
          "min" : 10111,
          "max" : 23395448383,
          "mean" : 9038462081.319149,
          "stddev" : 5905818981.399350,
          "percentile" : {
            "1.000000" : 10048,
            "5.000000" : 147849216,
            "10.000000" : 2004877312,
            "20.000000" : 3841982464,
            "30.000000" : 5804916736,
            "40.000000" : 6073352192,
            "50.000000" : 7549747200,
            "60.000000" : 9462349824,
            "70.000000" : 12280922112,
            "80.000000" : 14159970304,
            "90.000000" : 17112760320,
            "95.000000" : 17112760320,
            "99.000000" : 17112760320,
            "99.500000" : 17112760320,
            "99.900000" : 17112760320,
            "99.950000" : 17112760320,
            "99.990000" : 17112760320,
            "0.00" : 0,
            "0.00" : 0,
            "0.00" : 0
          },
          "bins" : {
            "10048" : 1,
            "11200" : 1,
            "13888" : 1,
            "45312" : 1,
            "147849216" : 1,
            "775946240" : 1,
            "977272832" : 1,
            "1568669696" : 1,
            "1619001344" : 1,
            "2004877312" : 1,
            "3338665984" : 1,
            "3372220416" : 1,
            "3607101440" : 1,
            "3741319168" : 1,
            "3774873600" : 2,
            "3808428032" : 1,
            "3841982464" : 2,
            "3875536896" : 1,
            "4328521728" : 3,
            "4664066048" : 1,
            "4731174912" : 1,
            "5670699008" : 2,
            "5804916736" : 4,
            "5872025600" : 1,
            "5939134464" : 1,
            "6006243328" : 3,
            "6073352192" : 2,
            "6207569920" : 2,
            "6341787648" : 1,
            "6610223104" : 1,
            "7147094016" : 1,
            "7348420608" : 1,
            "7482638336" : 1,
            "7549747200" : 2,
            "7616856064" : 3,
            "7683964928" : 1,
            "7751073792" : 1,
            "7818182656" : 1,
            "8220835840" : 1,
            "8925478912" : 1,
            "9462349824" : 3,
            "9865003008" : 3,
            "11072962560" : 1,
            "11207180288" : 1,
            "11341398016" : 1,
            "12146704384" : 1,
            "12280922112" : 2,
            "12549357568" : 3,
            "13086228480" : 2,
            "14025752576" : 1,
            "14159970304" : 3,
            "14562623488" : 1,
            "14696841216" : 1,
            "15233712128" : 1,
            "15502147584" : 1,
            "15636365312" : 1,
            "16441671680" : 1,
            "17112760320" : 12
          }
        },
        "lat_ns" : {
          "min" : 794582428,
          "max" : 25037419194,
          "mean" : 10396721194.053192,
          "stddev" : 6169022135.239438
        },
        "bw_min" : 4096,
        "bw_max" : 20521,
        "bw_agg" : 100.000000,
        "bw_mean" : 10192.080000,
        "bw_dev" : 5568.802489,
        "bw_samples" : 25,
        "iops_min" : 2,
        "iops_max" : 10,
        "iops_mean" : 4.920000,
        "iops_stddev" : 2.706782,
        "iops_samples" : 25
      },
      "trim" : {
        "io_bytes" : 0,
        "io_kbytes" : 0,
        "bw" : 0,
        "iops" : 0.000000,
        "runtime" : 0,
        "total_ios" : 0,
        "short_ios" : 0,
        "drop_ios" : 0,
        "slat_ns" : {
          "min" : 0,
          "max" : 0,
          "mean" : 0.000000,
          "stddev" : 0.000000
        },
        "clat_ns" : {
          "min" : 0,
          "max" : 0,
          "mean" : 0.000000,
          "stddev" : 0.000000,
          "percentile" : {
            "1.000000" : 0,
            "5.000000" : 0,
            "10.000000" : 0,
            "20.000000" : 0,
            "30.000000" : 0,
            "40.000000" : 0,
            "50.000000" : 0,
            "60.000000" : 0,
            "70.000000" : 0,
            "80.000000" : 0,
            "90.000000" : 0,
            "95.000000" : 0,
            "99.000000" : 0,
            "99.500000" : 0,
            "99.900000" : 0,
            "99.950000" : 0,
            "99.990000" : 0,
            "0.00" : 0,
            "0.00" : 0,
            "0.00" : 0
          },
          "bins" : {

          }
        },
        "lat_ns" : {
          "min" : 0,
          "max" : 0,
          "mean" : 0.000000,
          "stddev" : 0.000000
        },
        "bw_min" : 0,
        "bw_max" : 0,
        "bw_agg" : 0.000000,
        "bw_mean" : 0.000000,
        "bw_dev" : 0.000000,
        "bw_samples" : 0,
        "iops_min" : 0,
        "iops_max" : 0,
        "iops_mean" : 0.000000,
        "iops_stddev" : 0.000000,
        "iops_samples" : 0
      },
      "usr_cpu" : 0.013280,
      "sys_cpu" : 0.116392,
      "ctx" : 24196,
      "majf" : 0,
      "minf" : 33,
      "iodepth_level" : {
        "1" : 4.255319,
        "2" : 8.510638,
        "4" : 17.021277,
        "8" : 70.212766,
        "16" : 0.000000,
        "32" : 0.000000,
        ">=64" : 0.000000
      },
      "latency_ns" : {
        "2" : 0.000000,
        "4" : 0.000000,
        "10" : 0.000000,
        "20" : 0.000000,
        "50" : 0.000000,
        "100" : 0.000000,
        "250" : 0.000000,
        "500" : 0.000000,
        "750" : 0.000000,