{
  "fio version" : "fio-3.1",
  "timestamp" : 1556020616,
  "timestamp_ms" : 1556020616232,
  "time" : "Tue Apr 23 12:56:56 2019",
  "global options" : {
    "fallocate" : "none",
    "runtime" : "30",
    "directory" : "/data/fio_write/beegfs-randwrite-64-client-26896-20",
    "bs" : "524288",
    "time_based" : "1",
    "ioengine" : "libaio",
    "iodepth" : "8",
    "direct" : "1",
    "buffered" : "0",
    "thread" : "0",
    "group_reporting" : "1",
    "filesize" : "32g",
    "size" : "32g",
    "filename_format" : "$jobnum.dat"
  },
  "jobs" : [
    {
      "jobname" : "fio-job",
      "groupid" : 0,
      "error" : 0,
      "eta" : 0,
      "elapsed" : 31,
      "job options" : {
        "rw" : "randwrite"
      },
      "read" : {
        "io_bytes" : 0,
        "io_kbytes" : 0,
        "bw" : 0,
        "iops" : 0.000000,
        "runtime" : 0,
        "total_ios" : 0,
        "short_ios" : 0,
        "drop_ios" : 0,
        "slat_ns" : {
          "min" : 0,
          "max" : 0,
          "mean" : 0.000000,
          "stddev" : 0.000000
        },
        "clat_ns" : {
          "min" : 0,
          "max" : 0,
          "mean" : 0.000000,
          "stddev" : 0.000000,
          "percentile" : {
            "1.000000" : 0,
            "5.000000" : 0,
            "10.000000" : 0,
            "20.000000" : 0,
            "30.000000" : 0,
            "40.000000" : 0,
            "50.000000" : 0,
            "60.000000" : 0,
            "70.000000" : 0,
            "80.000000" : 0,
            "90.000000" : 0,
            "95.000000" : 0,
            "99.000000" : 0,
            "99.500000" : 0,
            "99.900000" : 0,
            "99.950000" : 0,
            "99.990000" : 0,
            "0.00" : 0,
            "0.00" : 0,
            "0.00" : 0
          },
          "bins" : {

          }
        },
        "lat_ns" : {
          "min" : 0,
          "max" : 0,
          "mean" : 0.000000,
          "stddev" : 0.000000
        },
        "bw_min" : 0,
        "bw_max" : 0,
        "bw_agg" : 0.000000,
        "bw_mean" : 0.000000,
        "bw_dev" : 0.000000,
        "bw_samples" : 0,
        "iops_min" : 0,
        "iops_max" : 0,
        "iops_mean" : 0.000000,
        "iops_stddev" : 0.000000,
        "iops_samples" : 0
      },
      "write" : {
        "io_bytes" : 240648192,
        "io_kbytes" : 235008,
        "bw" : 7677,
        "iops" : 14.994610,
        "runtime" : 30611,
        "total_ios" : 459,
        "short_ios" : 0,
        "drop_ios" : 0,
        "slat_ns" : {
          "min" : 37093,
          "max" : 2749418689,
          "mean" : 256451041.004357,
          "stddev" : 586058014.794191
        },
        "clat_ns" : {
          "min" : 25463345,
          "max" : 4994743752,
          "mean" : 1773452084.607843,
          "stddev" : 891269414.329906,
          "percentile" : {
            "1.000000" : 38535168,
            "5.000000" : 73924608,
            "10.000000" : 124256256,
            "20.000000" : 1451229184,
            "30.000000" : 1686110208,
            "40.000000" : 1736441856,
            "50.000000" : 1786773504,
            "60.000000" : 1820327936,
            "70.000000" : 1887436800,
            "80.000000" : 2088763392,
            "90.000000" : 3137339392,
            "95.000000" : 3405774848,
            "99.000000" : 4596957184,
            "99.500000" : 4999610368,
            "99.900000" : 4999610368,
            "99.950000" : 4999610368,
            "99.990000" : 4999610368,
            "0.00" : 0,
            "0.00" : 0,
            "0.00" : 0
          },
          "bins" : {
            "25559040" : 1,
            "30539776" : 1,
            "35913728" : 2,
            "38535168" : 1,
            "41156608" : 1,
            "41680896" : 2,
            "44302336" : 1,
            "45875200" : 1,
            "47972352" : 1,
            "49545216" : 1,
            "51118080" : 2,
            "52166656" : 1,
            "58458112" : 1,
            "61079552" : 1,
            "62128128" : 1,
            "64749568" : 1,
            "68681728" : 2,
            "72876032" : 1,
            "73924608" : 1,
            "74973184" : 1,
            "78118912" : 1,
            "79167488" : 1,
            "81264640" : 1,
            "82313216" : 1,
            "83361792" : 1,
            "85458944" : 2,
            "87556096" : 1,
            "88604672" : 2,
            "90701824" : 2,
            "93847552" : 2,
            "96993280" : 1,
            "100139008" : 2,
            "101187584" : 1,
            "102236160" : 1,
            "104333312" : 1,
            "119013376" : 1,
            "124256256" : 1,
            "143654912" : 1,
            "152043520" : 2,
            "208666624" : 1,
            "362807296" : 1,
            "367001600" : 1,
            "375390208" : 1,
            "574619648" : 1,
            "583008256" : 1,
            "608174080" : 1,
            "717225984" : 1,
            "742391808" : 1,
            "868220928" : 1,
            "943718400" : 1,
            "1019215872" : 7,
            "1027604480" : 2,
            "1061158912" : 1,
            "1132462080" : 1,
            "1182793728" : 6,
            "1216348160" : 1,
            "1266679808" : 6,
            "1400897536" : 7,
            "1451229184" : 5,
            "1501560832" : 1,
            "1518338048" : 1,
            "1535115264" : 8,
            "1568669696" : 14,
            "1602224128" : 3,
            "1635778560" : 7,
            "1652555776" : 2,
            "1686110208" : 28,
            "1719664640" : 14,
            "1736441856" : 17,
            "1753219072" : 13,
            "1769996288" : 17,
            "1786773504" : 12,
            "1803550720" : 25,
            "1820327936" : 22,
            "1837105152" : 8,
            "1853882368" : 7,
            "1870659584" : 22,
            "1887436800" : 8,
            "1904214016" : 12,
            "1920991232" : 3,
            "1954545664" : 14,
            "1971322880" : 7,
            "2004877312" : 5,
            "2038431744" : 1,
            "2088763392" : 4,
            "2105540608" : 6,
            "2122317824" : 6,
            "2164260864" : 8,
            "2197815296" : 2,
            "2298478592" : 1,
            "2399141888" : 2,
            "2432696320" : 1,
            "2466250752" : 1,
            "2499805184" : 1,
            "2667577344" : 1,
            "2768240640" : 6,
            "3036676096" : 1,
            "3070230528" : 2,
            "3103784960" : 4,
            "3137339392" : 6,
            "3170893824" : 2,
            "3238002688" : 14,
            "3271557120" : 1,
            "3405774848" : 1,
            "3472883712" : 1,
            "3607101440" : 1,
            "3640655872" : 2,
            "3674210304" : 6,
            "3774873600" : 2,
            "3875536896" : 1,
            "3976200192" : 3,
            "4596957184" : 2,
            "4731174912" : 1,
            "4999610368" : 3
          }
        },
        "lat_ns" : {
          "min" : 25564014,
          "max" : 6646137772,
          "mean" : 2029903401.562092,
          "stddev" : 1070802595.693574
        },
        "bw_min" : 1024,
        "bw_max" : 9234,
        "bw_agg" : 74.186514,
        "bw_mean" : 5695.298701,
        "bw_dev" : 3120.797769,
        "bw_samples" : 77,
        "iops_min" : 2,
        "iops_max" : 18,
        "iops_mean" : 11.116883,
        "iops_stddev" : 6.091353,
        "iops_samples" : 77
      },
      "trim" : {
        "io_bytes" : 0,
        "io_kbytes" : 0,
        "bw" : 0,
        "iops" : 0.000000,
        "runtime" : 0,
        "total_ios" : 0,
        "short_ios" : 0,
        "drop_ios" : 0,
        "slat_ns" : {
          "min" : 0,
          "max" : 0,
          "mean" : 0.000000,
          "stddev" : 0.000000
        },
        "clat_ns" : {
          "min" : 0,
          "max" : 0,
          "mean" : 0.000000,
          "stddev" : 0.000000,
          "percentile" : {
            "1.000000" : 0,