{
  "fio version" : "fio-3.1",
  "timestamp" : 1556020616,
  "timestamp_ms" : 1556020616010,
  "time" : "Tue Apr 23 12:56:56 2019",
  "global options" : {
    "fallocate" : "none",
    "runtime" : "30",
    "directory" : "/data/fio_write/beegfs-randwrite-64-client-26896-8",
    "bs" : "524288",
    "time_based" : "1",
    "ioengine" : "libaio",
    "iodepth" : "8",
    "direct" : "1",
    "buffered" : "0",
    "thread" : "0",
    "group_reporting" : "1",
    "filesize" : "32g",
    "size" : "32g",
    "filename_format" : "$jobnum.dat"
  },
  "jobs" : [
    {
      "jobname" : "fio-job",
      "groupid" : 0,
      "error" : 0,
      "eta" : 0,
      "elapsed" : 31,
      "job options" : {
        "rw" : "randwrite"
      },
      "read" : {
        "io_bytes" : 0,
        "io_kbytes" : 0,
        "bw" : 0,
        "iops" : 0.000000,
        "runtime" : 0,
        "total_ios" : 0,
        "short_ios" : 0,
        "drop_ios" : 0,
        "slat_ns" : {
          "min" : 0,
          "max" : 0,
          "mean" : 0.000000,
          "stddev" : 0.000000
        },
        "clat_ns" : {
          "min" : 0,
          "max" : 0,
          "mean" : 0.000000,
          "stddev" : 0.000000,
          "percentile" : {
            "1.000000" : 0,
            "5.000000" : 0,
            "10.000000" : 0,
            "20.000000" : 0,
            "30.000000" : 0,
            "40.000000" : 0,
            "50.000000" : 0,
            "60.000000" : 0,
            "70.000000" : 0,
            "80.000000" : 0,
            "90.000000" : 0,
            "95.000000" : 0,
            "99.000000" : 0,
            "99.500000" : 0,
            "99.900000" : 0,
            "99.950000" : 0,
            "99.990000" : 0,
            "0.00" : 0,
            "0.00" : 0,
            "0.00" : 0
          },
          "bins" : {

          }
        },
        "lat_ns" : {
          "min" : 0,
          "max" : 0,
          "mean" : 0.000000,
          "stddev" : 0.000000
        },
        "bw_min" : 0,
        "bw_max" : 0,
        "bw_agg" : 0.000000,
        "bw_mean" : 0.000000,
        "bw_dev" : 0.000000,
        "bw_samples" : 0,
        "iops_min" : 0,
        "iops_max" : 0,
        "iops_mean" : 0.000000,
        "iops_stddev" : 0.000000,
        "iops_samples" : 0
      },
      "write" : {
        "io_bytes" : 277872640,
        "io_kbytes" : 271360,
        "bw" : 8835,
        "iops" : 17.257098,
        "runtime" : 30712,
        "total_ios" : 530,
        "short_ios" : 0,
        "drop_ios" : 0,
        "slat_ns" : {
          "min" : 39272,
          "max" : 3157491170,
          "mean" : 221682272.494340,
          "stddev" : 543509256.981659
        },
        "clat_ns" : {
          "min" : 30600199,
          "max" : 5097938754,
          "mean" : 1586402942.252830,
          "stddev" : 866350496.548558,
          "percentile" : {
            "1.000000" : 39059456,
            "5.000000" : 71827456,
            "10.000000" : 116916224,
            "20.000000" : 725614592,
            "30.000000" : 1501560832,
            "40.000000" : 1602224128,
            "50.000000" : 1652555776,
            "60.000000" : 1769996288,
            "70.000000" : 1887436800,
            "80.000000" : 2004877312,
            "90.000000" : 2533359616,
            "95.000000" : 3170893824,
            "99.000000" : 3774873600,
            "99.500000" : 5066719232,
            "99.900000" : 5066719232,
            "99.950000" : 5066719232,
            "99.990000" : 5066719232,
            "0.00" : 0,
            "0.00" : 0,
            "0.00" : 0
          },
          "bins" : {
            "30539776" : 1,
            "34865152" : 1,
            "35389440" : 1,
            "37486592" : 1,
            "39059456" : 2,
            "42729472" : 2,
            "43778048" : 1,
            "45350912" : 1,
            "50593792" : 1,
            "56885248" : 2,
            "57409536" : 1,
            "58458112" : 1,
            "58982400" : 1,
            "63700992" : 2,
            "64749568" : 3,
            "65798144" : 2,
            "66846720" : 1,
            "68681728" : 1,
            "71827456" : 2,
            "72876032" : 1,
            "74973184" : 1,
            "76021760" : 2,
            "77070336" : 2,
            "80216064" : 1,
            "81264640" : 4,
            "87556096" : 1,
            "88604672" : 1,
            "89653248" : 2,
            "100139008" : 2,
            "103284736" : 1,
            "105381888" : 1,
            "109576192" : 1,
            "111673344" : 1,
            "113770496" : 1,
            "114819072" : 1,
            "116916224" : 3,
            "119013376" : 1,
            "121110528" : 1,
            "162529280" : 5,
            "202375168" : 3,
            "219152384" : 1,
            "221249536" : 1,
            "265289728" : 2,
            "295698432" : 1,
            "299892736" : 1,
            "325058560" : 1,
            "379584512" : 1,
            "396361728" : 1,
            "429916160" : 7,
            "450887680" : 2,
            "455081984" : 1,
            "505413632" : 1,
            "583008256" : 5,
            "599785472" : 1,
            "608174080" : 1,
            "641728512" : 1,
            "700448768" : 1,
            "708837376" : 7,
            "717225984" : 6,
            "725614592" : 4,
            "734003200" : 1,
            "767557632" : 2,
            "784334848" : 1,
            "843055104" : 1,
            "859832320" : 1,
            "884998144" : 1,
            "893386752" : 1,
            "935329792" : 1,
            "977272832" : 1,
            "985661440" : 1,
            "1082130432" : 1,
            "1132462080" : 1,
            "1149239296" : 1,
            "1199570944" : 1,
            "1283457024" : 1,
            "1300234240" : 1,
            "1384120320" : 1,
            "1400897536" : 1,
            "1417674752" : 1,
            "1434451968" : 1,
            "1451229184" : 7,
            "1484783616" : 11,
            "1501560832" : 13,
            "1518338048" : 28,
            "1535115264" : 13,
            "1551892480" : 5,
            "1568669696" : 1,
            "1585446912" : 2,
            "1602224128" : 2,
            "1619001344" : 17,
            "1635778560" : 34,
            "1652555776" : 26,
            "1686110208" : 3,
            "1702887424" : 1,
            "1719664640" : 7,
            "1736441856" : 6,
            "1753219072" : 8,
            "1769996288" : 15,
            "1786773504" : 1,
            "1803550720" : 9,
            "1820327936" : 9,
            "1837105152" : 4,
            "1853882368" : 2,
            "1870659584" : 7,
            "1887436800" : 12,
            "1904214016" : 7,
            "1920991232" : 2,
            "1937768448" : 11,
            "1971322880" : 17,
            "1988100096" : 10,
            "2004877312" : 7,
            "2038431744" : 19,
            "2055208960" : 7,
            "2071986176" : 6,
            "2164260864" : 1,
            "2264924160" : 2,
            "2432696320" : 6,
            "2499805184" : 6,
            "2533359616" : 12,
            "2801795072" : 6,
            "2868903936" : 5,
            "3036676096" : 1,
            "3070230528" : 5,
            "3170893824" : 3,
            "3305111552" : 6,
            "3405774848" : 2,
            "3472883712" : 8,
            "3506438144" : 2,
            "3774873600" : 2,
            "5066719232" : 4
          }
        },
        "lat_ns" : {
          "min" : 30703793,
          "max" : 6032900350,
          "mean" : 1808085526.215094,
          "stddev" : 1031699554.517665
        },
        "bw_min" : 1021,
        "bw_max" : 9234,
        "bw_agg" : 66.134048,
        "bw_mean" : 5842.943182,
        "bw_dev" : 3129.829158,
        "bw_samples" : 88,
        "iops_min" : 1,
        "iops_max" : 18,
        "iops_mean" : 11.397727,
        "iops_stddev" : 6.129896,
        "iops_samples" : 88
      },
      "trim" : {
        "io_bytes" : 0,