{
  "fio version" : "fio-3.1",
  "timestamp" : 1556096954,
  "timestamp_ms" : 1556096954771,
  "time" : "Wed Apr 24 10:09:14 2019",
  "global options" : {
    "fallocate" : "none",
    "runtime" : "30",
    "directory" : "/mnt/storage-nvme/fio_write/beegfs-write-64-client-39945-51",
    "bs" : "8388608",
    "time_based" : "1",
    "ioengine" : "libaio",
    "iodepth" : "8",
    "direct" : "1",
    "buffered" : "0",
    "thread" : "0",
    "group_reporting" : "1",
    "filesize" : "32g",
    "size" : "32g",
    "filename_format" : "$jobnum.dat"
  },
  "jobs" : [
    {
      "jobname" : "fio-job",
      "groupid" : 0,
      "error" : 0,
      "eta" : 0,
      "elapsed" : 31,
      "job options" : {
        "rw" : "write"
      },
      "read" : {
        "io_bytes" : 0,
        "io_kbytes" : 0,
        "bw" : 0,
        "iops" : 0.000000,
        "runtime" : 0,
        "total_ios" : 0,
        "short_ios" : 0,
        "drop_ios" : 0,
        "slat_ns" : {
          "min" : 0,
          "max" : 0,
          "mean" : 0.000000,
          "stddev" : 0.000000
        },
        "clat_ns" : {
          "min" : 0,
          "max" : 0,
          "mean" : 0.000000,
          "stddev" : 0.000000,
          "percentile" : {
            "1.000000" : 0,
            "5.000000" : 0,
            "10.000000" : 0,
            "20.000000" : 0,
            "30.000000" : 0,
            "40.000000" : 0,
            "50.000000" : 0,
            "60.000000" : 0,
            "70.000000" : 0,
            "80.000000" : 0,
            "90.000000" : 0,
            "95.000000" : 0,
            "99.000000" : 0,
            "99.500000" : 0,
            "99.900000" : 0,
            "99.950000" : 0,
            "99.990000" : 0,
            "0.00" : 0,
            "0.00" : 0,
            "0.00" : 0
          },
          "bins" : {

          }
        },
        "lat_ns" : {
          "min" : 0,
          "max" : 0,
          "mean" : 0.000000,
          "stddev" : 0.000000
        },
        "bw_min" : 0,
        "bw_max" : 0,
        "bw_agg" : 0.000000,
        "bw_mean" : 0.000000,
        "bw_dev" : 0.000000,
        "bw_samples" : 0,
        "iops_min" : 0,
        "iops_max" : 0,
        "iops_mean" : 0.000000,
        "iops_stddev" : 0.000000,
        "iops_samples" : 0
      },
      "write" : {
        "io_bytes" : 1845493760,
        "io_kbytes" : 1802240,
        "bw" : 59208,
        "iops" : 7.227570,
        "runtime" : 30439,
        "total_ios" : 220,
        "short_ios" : 0,
        "drop_ios" : 0,
        "slat_ns" : {
          "min" : 93747239,
          "max" : 3124957454,
          "mean" : 549047777.531818,
          "stddev" : 396040988.291588
        },
        "clat_ns" : {
          "min" : 5178,
          "max" : 6463022082,
          "mean" : 3564021663.722727,
          "stddev" : 1240084529.636923,
          "percentile" : {
            "1.000000" : 6624,
            "5.000000" : 1166016512,
            "10.000000" : 2122317824,
            "20.000000" : 2768240640,
            "30.000000" : 3070230528,
            "40.000000" : 3338665984,
            "50.000000" : 3573547008,
            "60.000000" : 3808428032,
            "70.000000" : 4211081216,
            "80.000000" : 4462739456,
            "90.000000" : 5066719232,
            "95.000000" : 5737807872,
            "99.000000" : 6274678784,
            "99.500000" : 6341787648,
            "99.900000" : 6476005376,
            "99.950000" : 6476005376,
            "99.990000" : 6476005376,
            "0.00" : 0,
            "0.00" : 0,
            "0.00" : 0
          },
          "bins" : {
            "5152" : 1,
            "6048" : 1,
            "6624" : 1,
            "7008" : 1,
            "250609664" : 1,
            "396361728" : 1,
            "557842432" : 2,
            "826277888" : 1,
            "985661440" : 1,
            "1166016512" : 2,
            "1266679808" : 1,
            "1535115264" : 1,
            "1619001344" : 1,
            "1736441856" : 1,
            "1870659584" : 1,
            "1920991232" : 1,
            "2055208960" : 1,
            "2071986176" : 1,
            "2122317824" : 2,
            "2164260864" : 1,
            "2197815296" : 1,
            "2264924160" : 2,
            "2332033024" : 1,
            "2365587456" : 1,
            "2399141888" : 1,
            "2432696320" : 1,
            "2466250752" : 1,
            "2499805184" : 2,
            "2533359616" : 1,
            "2566914048" : 1,
            "2600468480" : 1,
            "2634022912" : 1,
            "2667577344" : 1,
            "2701131776" : 3,
            "2734686208" : 1,
            "2768240640" : 2,
            "2801795072" : 1,
            "2835349504" : 3,
            "2868903936" : 3,
            "2902458368" : 1,
            "2936012800" : 3,
            "2969567232" : 4,
            "3003121664" : 5,
            "3036676096" : 1,
            "3070230528" : 3,
            "3103784960" : 6,
            "3137339392" : 3,
            "3170893824" : 2,
            "3204448256" : 1,
            "3238002688" : 1,
            "3271557120" : 2,
            "3305111552" : 1,
            "3338665984" : 8,
            "3372220416" : 2,
            "3405774848" : 4,
            "3439329280" : 1,
            "3472883712" : 2,
            "3506438144" : 3,
            "3539992576" : 1,
            "3573547008" : 8,
            "3607101440" : 3,
            "3640655872" : 1,
            "3674210304" : 3,
            "3707764736" : 4,
            "3741319168" : 2,
            "3774873600" : 3,
            "3808428032" : 3,
            "3841982464" : 1,
            "3875536896" : 1,
            "3909091328" : 2,
            "3942645760" : 3,
            "3976200192" : 2,
            "4009754624" : 1,
            "4043309056" : 2,
            "4076863488" : 1,
            "4143972352" : 5,
            "4177526784" : 3,
            "4211081216" : 2,
            "4244635648" : 4,
            "4278190080" : 4,
            "4328521728" : 5,
            "4395630592" : 7,
            "4462739456" : 3,
            "4529848320" : 4,
            "4596957184" : 5,
            "4664066048" : 5,
            "4731174912" : 1,
            "4798283776" : 3,
            "4932501504" : 1,
            "5066719232" : 2,
            "5133828096" : 2,
            "5200936960" : 2,
            "5335154688" : 2,
            "5536481280" : 1,
            "5670699008" : 3,
            "5737807872" : 1,
            "5804916736" : 1,
            "6006243328" : 2,
            "6073352192" : 2,
            "6140461056" : 2,
            "6274678784" : 1,
            "6341787648" : 1,
            "6476005376" : 1
          }
        },
        "lat_ns" : {
          "min" : 251390059,
          "max" : 7340316894,
          "mean" : 4113071201.677274,
          "stddev" : 1291945845.909905
        },
        "bw_min" : 16384,
        "bw_max" : 49250,
        "bw_agg" : 35.457437,
        "bw_mean" : 20993.639456,
        "bw_dev" : 8539.489124,
        "bw_samples" : 147,
        "iops_min" : 2,
        "iops_max" : 6,
        "iops_mean" : 2.551020,
        "iops_stddev" : 1.034896,
        "iops_samples" : 147
      },
      "trim" : {
        "io_bytes" : 0,
        "io_kbytes" : 0,
        "bw" : 0,
        "iops" : 0.000000,
        "runtime" : 0,
        "total_ios" : 0,
        "short_ios" : 0,
        "drop_ios" : 0,
        "slat_ns" : {
          "min" : 0,
          "max" : 0,
          "mean" : 0.000000,
          "stddev" : 0.000000
        },
        "clat_ns" : {
          "min" : 0,
          "max" : 0,
          "mean" : 0.000000,
          "stddev" : 0.000000,
          "percentile" : {
            "1.000000" : 0,
            "5.000000" : 0,
            "10.000000" : 0,
            "20.000000" : 0,
            "30.000000" : 0,
            "40.000000" : 0,
            "50.000000" : 0,
            "60.000000" : 0,
            "70.000000" : 0,
            "80.000000" : 0,