{
  "fio version" : "fio-3.1",
  "timestamp" : 1556099682,
  "timestamp_ms" : 1556099682013,
  "time" : "Wed Apr 24 09:54:42 2019",
  "global options" : {
    "fallocate" : "none",
    "runtime" : "30",
    "directory" : "data/fio_write/beegfs-write-64-g5zzx",
    "bs" : "4194304",
    "time_based" : "1",
    "ioengine" : "libaio",
    "iodepth" : "8",
    "direct" : "1",
    "buffered" : "0",
    "thread" : "0",
    "group_reporting" : "1",
    "filesize" : "32g",
    "size" : "32g",
    "filename_format" : "$jobnum.dat"
  },
  "jobs" : [
    {
      "jobname" : "fio-job",
      "groupid" : 0,
      "error" : 0,
      "eta" : 0,
      "elapsed" : 31,
      "job options" : {
        "rw" : "write"
      },
      "read" : {
        "io_bytes" : 0,
        "io_kbytes" : 0,
        "bw" : 0,
        "iops" : 0.000000,
        "runtime" : 0,
        "total_ios" : 0,
        "short_ios" : 0,
        "drop_ios" : 0,
        "slat_ns" : {
          "min" : 0,
          "max" : 0,
          "mean" : 0.000000,
          "stddev" : 0.000000
        },
        "clat_ns" : {
          "min" : 0,
          "max" : 0,
          "mean" : 0.000000,
          "stddev" : 0.000000,
          "percentile" : {
            "1.000000" : 0,
            "5.000000" : 0,
            "10.000000" : 0,
            "20.000000" : 0,
            "30.000000" : 0,
            "40.000000" : 0,
            "50.000000" : 0,
            "60.000000" : 0,
            "70.000000" : 0,
            "80.000000" : 0,
            "90.000000" : 0,
            "95.000000" : 0,
            "99.000000" : 0,
            "99.500000" : 0,
            "99.900000" : 0,
            "99.950000" : 0,
            "99.990000" : 0,
            "0.00" : 0,
            "0.00" : 0,
            "0.00" : 0
          },
          "bins" : {

          }
        },
        "lat_ns" : {
          "min" : 0,
          "max" : 0,
          "mean" : 0.000000,
          "stddev" : 0.000000
        },
        "bw_min" : 0,
        "bw_max" : 0,
        "bw_agg" : 0.000000,
        "bw_mean" : 0.000000,
        "bw_dev" : 0.000000,
        "bw_samples" : 0,
        "iops_min" : 0,
        "iops_max" : 0,
        "iops_mean" : 0.000000,
        "iops_stddev" : 0.000000,
        "iops_samples" : 0
      },
      "write" : {
        "io_bytes" : 2235564032,
        "io_kbytes" : 2183168,
        "bw" : 71633,
        "iops" : 17.488598,
        "runtime" : 30477,
        "total_ios" : 533,
        "short_ios" : 0,
        "drop_ios" : 0,
        "slat_ns" : {
          "min" : 86637802,
          "max" : 507924222,
          "mean" : 226208111.784240,
          "stddev" : 83342945.389468
        },
        "clat_ns" : {
          "min" : 10543,
          "max" : 2241431787,
          "mean" : 1548806643.530957,
          "stddev" : 347552368.079632,
          "percentile" : {
            "1.000000" : 110624768,
            "5.000000" : 1044381696,
            "10.000000" : 1216348160,
            "20.000000" : 1317011456,
            "30.000000" : 1468006400,
            "40.000000" : 1551892480,
            "50.000000" : 1602224128,
            "60.000000" : 1652555776,
            "70.000000" : 1719664640,
            "80.000000" : 1786773504,
            "90.000000" : 1904214016,
            "95.000000" : 2004877312,
            "99.000000" : 2088763392,
            "99.500000" : 2231369728,
            "99.900000" : 2231369728,
            "99.950000" : 2231369728,
            "99.990000" : 2231369728,
            "0.00" : 0,
            "0.00" : 0,
            "0.00" : 0
          },
          "bins" : {
            "10560" : 1,
            "12608" : 1,
            "17280" : 1,
            "40704" : 1,
            "108527616" : 1,
            "110624768" : 1,
            "116916224" : 1,
            "238026752" : 1,
            "246415360" : 1,
            "270532608" : 1,
            "337641472" : 1,
            "346030080" : 1,
            "417333248" : 1,
            "455081984" : 2,
            "509607936" : 1,
            "541065216" : 1,
            "549453824" : 1,
            "624951296" : 1,
            "633339904" : 1,
            "750780416" : 1,
            "859832320" : 1,
            "884998144" : 1,
            "935329792" : 1,
            "960495616" : 1,
            "1019215872" : 1,
            "1044381696" : 1,
            "1098907648" : 2,
            "1115684864" : 1,
            "1149239296" : 5,
            "1166016512" : 6,
            "1182793728" : 5,
            "1199570944" : 6,
            "1216348160" : 5,
            "1233125376" : 10,
            "1249902592" : 9,
            "1266679808" : 9,
            "1283457024" : 7,
            "1300234240" : 6,
            "1317011456" : 9,
            "1333788672" : 6,
            "1350565888" : 4,
            "1384120320" : 7,
            "1400897536" : 6,
            "1417674752" : 5,
            "1434451968" : 14,
            "1451229184" : 8,
            "1468006400" : 8,
            "1484783616" : 9,
            "1501560832" : 13,
            "1518338048" : 10,
            "1535115264" : 9,
            "1551892480" : 14,
            "1568669696" : 13,
            "1585446912" : 15,
            "1602224128" : 24,
            "1619001344" : 19,
            "1635778560" : 21,
            "1652555776" : 15,
            "1669332992" : 20,
            "1686110208" : 13,
            "1702887424" : 12,
            "1719664640" : 14,
            "1736441856" : 14,
            "1753219072" : 8,
            "1769996288" : 15,
            "1786773504" : 5,
            "1803550720" : 11,
            "1820327936" : 6,
            "1837105152" : 9,
            "1853882368" : 6,
            "1870659584" : 11,
            "1887436800" : 3,
            "1904214016" : 10,
            "1920991232" : 4,
            "1937768448" : 3,
            "1954545664" : 8,
            "1971322880" : 5,
            "1988100096" : 1,
            "2004877312" : 7,
            "2021654528" : 4,
            "2038431744" : 3,
            "2055208960" : 4,
            "2071986176" : 1,
            "2088763392" : 4,
            "2122317824" : 1,
            "2197815296" : 1,
            "2231369728" : 3
          }
        },
        "lat_ns" : {
          "min" : 109018090,
          "max" : 2437986669,
          "mean" : 1775019283.482176,
          "stddev" : 370810709.435640
        },
        "bw_min" : 8175,
        "bw_max" : 40878,
        "bw_agg" : 24.900353,
        "bw_mean" : 17836.870130,
        "bw_dev" : 5373.318189,
        "bw_samples" : 231,
        "iops_min" : 1,
        "iops_max" : 9,
        "iops_mean" : 4.281385,
        "iops_stddev" : 1.303357,
        "iops_samples" : 231
      },
      "trim" : {
        "io_bytes" : 0,
        "io_kbytes" : 0,
        "bw" : 0,
        "iops" : 0.000000,
        "runtime" : 0,
        "total_ios" : 0,
        "short_ios" : 0,
        "drop_ios" : 0,
        "slat_ns" : {
          "min" : 0,
          "max" : 0,
          "mean" : 0.000000,
          "stddev" : 0.000000
        },
        "clat_ns" : {
          "min" : 0,
          "max" : 0,
          "mean" : 0.000000,
          "stddev" : 0.000000,
          "percentile" : {
            "1.000000" : 0,
            "5.000000" : 0,
            "10.000000" : 0,
            "20.000000" : 0,
            "30.000000" : 0,
            "40.000000" : 0,
            "50.000000" : 0,
            "60.000000" : 0,
            "70.000000" : 0,
            "80.000000" : 0,
            "90.000000" : 0,
            "95.000000" : 0,
            "99.000000" : 0,
            "99.500000" : 0,
            "99.900000" : 0,
            "99.950000" : 0,
            "99.990000" : 0,
            "0.00" : 0,
            "0.00" : 0,
            "0.00" : 0
          },
          "bins" : {

          }
        },
        "lat_ns" : {
          "min" : 0,
          "max" : 0,
          "mean" : 0.000000,
          "stddev" : 0.000000
        },
        "bw_min" : 0,
        "bw_max" : 0,