{
  "fio version" : "fio-3.1",
  "timestamp" : 1556019841,
  "timestamp_ms" : 1556019841697,
  "time" : "Tue Apr 23 12:44:01 2019",
  "global options" : {
    "fallocate" : "none",
    "runtime" : "30",
    "directory" : "/data/fio_write/beegfs-write-1-client-142741-0",
    "bs" : "2048",
    "time_based" : "1",
    "ioengine" : "libaio",
    "iodepth" : "8",
    "direct" : "1",
    "buffered" : "0",
    "thread" : "0",
    "group_reporting" : "1",
    "filesize" : "32g",
    "size" : "32g",
    "filename_format" : "$jobnum.dat"
  },
  "jobs" : [
    {
      "jobname" : "fio-job",
      "groupid" : 0,
      "error" : 0,
      "eta" : 0,
      "elapsed" : 31,
      "job options" : {
        "rw" : "write"
      },
      "read" : {
        "io_bytes" : 0,
        "io_kbytes" : 0,
        "bw" : 0,
        "iops" : 0.000000,
        "runtime" : 0,
        "total_ios" : 0,
        "short_ios" : 0,
        "drop_ios" : 0,
        "slat_ns" : {
          "min" : 0,
          "max" : 0,
          "mean" : 0.000000,
          "stddev" : 0.000000
        },
        "clat_ns" : {
          "min" : 0,
          "max" : 0,
          "mean" : 0.000000,
          "stddev" : 0.000000,
          "percentile" : {
            "1.000000" : 0,
            "5.000000" : 0,
            "10.000000" : 0,
            "20.000000" : 0,
            "30.000000" : 0,
            "40.000000" : 0,
            "50.000000" : 0,
            "60.000000" : 0,
            "70.000000" : 0,
            "80.000000" : 0,
            "90.000000" : 0,
            "95.000000" : 0,
            "99.000000" : 0,
            "99.500000" : 0,
            "99.900000" : 0,
            "99.950000" : 0,
            "99.990000" : 0,
            "0.00" : 0,
            "0.00" : 0,
            "0.00" : 0
          },
          "bins" : {

          }
        },
        "lat_ns" : {
          "min" : 0,
          "max" : 0,
          "mean" : 0.000000,
          "stddev" : 0.000000
        },
        "bw_min" : 0,
        "bw_max" : 0,
        "bw_agg" : 0.000000,
        "bw_mean" : 0.000000,
        "bw_dev" : 0.000000,
        "bw_samples" : 0,
        "iops_min" : 0,
        "iops_max" : 0,
        "iops_mean" : 0.000000,
        "iops_stddev" : 0.000000,
        "iops_samples" : 0
      },
      "write" : {
        "io_bytes" : 1320742912,
        "io_kbytes" : 1289788,
        "bw" : 42991,
        "iops" : 21495.750142,
        "runtime" : 30001,
        "total_ios" : 644894,
        "short_ios" : 0,
        "drop_ios" : 0,
        "slat_ns" : {
          "min" : 36302,
          "max" : 8806530,
          "mean" : 184419.505511,
          "stddev" : 392913.319818
        },
        "clat_ns" : {
          "min" : 1956,
          "max" : 16682865,
          "mean" : 1303312.642703,
          "stddev" : 1175745.946877,
          "percentile" : {
            "1.000000" : 585728,
            "5.000000" : 634880,
            "10.000000" : 659456,
            "20.000000" : 692224,
            "30.000000" : 733184,
            "40.000000" : 798720,
            "50.000000" : 913408,
            "60.000000" : 1073152,
            "70.000000" : 1368064,
            "80.000000" : 1728512,
            "90.000000" : 1957888,
            "95.000000" : 2441216,
            "99.000000" : 7045120,
            "99.500000" : 8355840,
            "99.900000" : 11206656,
            "99.950000" : 11993088,
            "99.990000" : 13697024,
            "0.00" : 0,
            "0.00" : 0,
            "0.00" : 0
          },
          "bins" : {
            "1960" : 1,
            "2096" : 1,
            "2128" : 1,
            "5216" : 1,
            "79360" : 1,
            "86528" : 1,
            "195584" : 2,
            "242688" : 1,
            "246784" : 1,
            "317440" : 2,
            "378880" : 1,
            "411648" : 1,
            "468992" : 1,
            "473088" : 2,
            "477184" : 1,
            "489472" : 1,
            "528384" : 13,
            "536576" : 64,
            "544768" : 265,
            "552960" : 624,
            "561152" : 1053,
            "569344" : 1453,
            "577536" : 1795,
            "585728" : 2308,
            "593920" : 2819,
            "602112" : 3569,
            "610304" : 4551,
            "618496" : 5846,
            "626688" : 7209,
            "634880" : 8586,
            "643072" : 10213,
            "651264" : 11234,
            "659456" : 12613,
            "667648" : 13430,
            "675840" : 14201,
            "684032" : 14687,
            "692224" : 14773,
            "700416" : 14915,
            "708608" : 14412,
            "716800" : 13727,
            "724992" : 12749,
            "733184" : 12135,
            "741376" : 10995,
            "749568" : 9725,
            "757760" : 8881,
            "765952" : 7799,
            "774144" : 7019,
            "782336" : 6372,
            "790528" : 6098,
            "798720" : 5725,
            "806912" : 5395,
            "815104" : 5295,
            "823296" : 5005,
            "831488" : 4775,
            "839680" : 4813,
            "847872" : 4552,
            "856064" : 4410,
            "864256" : 4183,
            "872448" : 3976,
            "880640" : 3744,
            "888832" : 3691,
            "897024" : 3622,
            "905216" : 3527,
            "913408" : 3597,
            "921600" : 3541,
            "929792" : 3504,
            "937984" : 3488,
            "946176" : 3488,
            "954368" : 3511,
            "962560" : 3491,
            "970752" : 3428,
            "978944" : 3481,
            "987136" : 3429,
            "995328" : 3323,
            "1003520" : 3346,
            "1011712" : 3317,
            "1019904" : 3327,
            "1028096" : 3109,
            "1036288" : 3110,
            "1044480" : 2964,
            "1056768" : 5877,
            "1073152" : 5664,
            "1089536" : 5515,
            "1105920" : 5038,
            "1122304" : 4964,
            "1138688" : 4635,
            "1155072" : 4356,
            "1171456" : 4203,
            "1187840" : 3930,
            "1204224" : 3852,
            "1220608" : 3625,
            "1236992" : 3485,
            "1253376" : 3312,
            "1269760" : 3073,
            "1286144" : 2913,
            "1302528" : 2677,
            "1318912" : 2695,
            "1335296" : 2448,
            "1351680" : 2365,
            "1368064" : 2225,
            "1384448" : 2104,
            "1400832" : 2010,
            "1417216" : 2024,
            "1433600" : 1965,
            "1449984" : 1949,
            "1466368" : 1973,
            "1482752" : 2056,
            "1499136" : 2051,
            "1515520" : 2149,
            "1531904" : 2310,
            "1548288" : 2434,
            "1564672" : 2623,
            "1581056" : 2815,
            "1597440" : 2997,
            "1613824" : 3210,
            "1630208" : 3450,
            "1646592" : 3814,
            "1662976" : 3978,
            "1679360" : 4329,
            "1695744" : 4499,
            "1712128" : 4613,
            "1728512" : 4561,
            "1744896" : 4607,
            "1761280" : 4535,
            "1777664" : 4716,
            "1794048" : 4786,
            "1810432" : 4780,
            "1826816" : 4710,
            "1843200" : 4748,
            "1859584" : 4822,
            "1875968" : 4718,
            "1892352" : 4593,
            "1908736" : 4391,
            "1925120" : 4210,
            "1941504" : 4069,
            "1957888" : 3865,
            "1974272" : 3596,
            "1990656" : 3400,
            "2007040" : 3088,
            "2023424" : 2827,
            "2039808" : 2597,
            "2056192" : 2339,
            "2072576" : 1991,
            "2088960" : 1856,
            "2113536" : 3034,
            "2146304" : 2183,
            "2179072" : 1473,
            "2211840" : 1047,
            "2244608" : 694,
            "2277376" : 487,
            "2310144" : 365,
            "2342912" : 302,
            "2375680" : 372,