{
  "fio version" : "fio-3.1",
  "timestamp" : 1556021384,
  "timestamp_ms" : 1556021384216,
  "time" : "Tue Apr 23 13:09:44 2019",
  "global options" : {
    "fallocate" : "none",
    "runtime" : "30",
    "directory" : "/data/fio_write/beegfs-write-64-client-90087-41",
    "bs" : "1024",
    "time_based" : "1",
    "ioengine" : "libaio",
    "iodepth" : "8",
    "direct" : "1",
    "buffered" : "0",
    "thread" : "0",
    "group_reporting" : "1",
    "filesize" : "32g",
    "size" : "32g",
    "filename_format" : "$jobnum.dat"
  },
  "jobs" : [
    {
      "jobname" : "fio-job",
      "groupid" : 0,
      "error" : 0,
      "eta" : 0,
      "elapsed" : 31,
      "job options" : {
        "rw" : "write"
      },
      "read" : {
        "io_bytes" : 0,
        "io_kbytes" : 0,
        "bw" : 0,
        "iops" : 0.000000,
        "runtime" : 0,
        "total_ios" : 0,
        "short_ios" : 0,
        "drop_ios" : 0,
        "slat_ns" : {
          "min" : 0,
          "max" : 0,
          "mean" : 0.000000,
          "stddev" : 0.000000
        },
        "clat_ns" : {
          "min" : 0,
          "max" : 0,
          "mean" : 0.000000,
          "stddev" : 0.000000,
          "percentile" : {
            "1.000000" : 0,
            "5.000000" : 0,
            "10.000000" : 0,
            "20.000000" : 0,
            "30.000000" : 0,
            "40.000000" : 0,
            "50.000000" : 0,
            "60.000000" : 0,
            "70.000000" : 0,
            "80.000000" : 0,
            "90.000000" : 0,
            "95.000000" : 0,
            "99.000000" : 0,
            "99.500000" : 0,
            "99.900000" : 0,
            "99.950000" : 0,
            "99.990000" : 0,
            "0.00" : 0,
            "0.00" : 0,
            "0.00" : 0
          },
          "bins" : {

          }
        },
        "lat_ns" : {
          "min" : 0,
          "max" : 0,
          "mean" : 0.000000,
          "stddev" : 0.000000
        },
        "bw_min" : 0,
        "bw_max" : 0,
        "bw_agg" : 0.000000,
        "bw_mean" : 0.000000,
        "bw_dev" : 0.000000,
        "bw_samples" : 0,
        "iops_min" : 0,
        "iops_max" : 0,
        "iops_mean" : 0.000000,
        "iops_stddev" : 0.000000,
        "iops_samples" : 0
      },
      "write" : {
        "io_bytes" : 32681984,
        "io_kbytes" : 31916,
        "bw" : 1063,
        "iops" : 1063.653936,
        "runtime" : 30006,
        "total_ios" : 31916,
        "short_ios" : 0,
        "drop_ios" : 0,
        "slat_ns" : {
          "min" : 267180,
          "max" : 107221118,
          "mean" : 3758142.684108,
          "stddev" : 2365084.532844
        },
        "clat_ns" : {
          "min" : 2178,
          "max" : 128026701,
          "mean" : 26308783.747525,
          "stddev" : 4702593.562045,
          "percentile" : {
            "1.000000" : 19791872,
            "5.000000" : 22937600,
            "10.000000" : 23724032,
            "20.000000" : 24772608,
            "30.000000" : 25559040,
            "40.000000" : 26083328,
            "50.000000" : 26345472,
            "60.000000" : 26607616,
            "70.000000" : 26869760,
            "80.000000" : 27131904,
            "90.000000" : 27918336,
            "95.000000" : 28966912,
            "99.000000" : 32112640,
            "99.500000" : 36438016,
            "99.900000" : 124256256,
            "99.950000" : 127401984,
            "99.990000" : 128450560,
            "0.00" : 0,
            "0.00" : 0,
            "0.00" : 0
          },
          "bins" : {
            "2192" : 1,
            "2544" : 1,
            "2768" : 1,
            "4016" : 1,
            "6193152" : 1,
            "6651904" : 1,
            "6717440" : 2,
            "12517376" : 1,
            "12648448" : 3,
            "13959168" : 1,
            "14221312" : 7,
            "14352384" : 1,
            "14483456" : 2,
            "14614528" : 3,
            "14745600" : 3,
            "14876672" : 2,
            "15007744" : 9,
            "15138816" : 8,
            "15269888" : 12,
            "15400960" : 30,
            "15532032" : 19,
            "15663104" : 5,
            "15794176" : 5,
            "15925248" : 10,
            "16056320" : 16,
            "16187392" : 11,
            "16318464" : 4,
            "16449536" : 1,
            "16580608" : 4,
            "16711680" : 3,
            "16908288" : 19,
            "17170432" : 11,
            "17432576" : 8,
            "17694720" : 7,
            "17956864" : 2,
            "18219008" : 4,
            "18481152" : 4,
            "18743296" : 5,
            "19005440" : 7,
            "19267584" : 28,
            "19529728" : 45,
            "19791872" : 34,
            "20054016" : 17,
            "20316160" : 45,
            "20578304" : 48,
            "20840448" : 62,
            "21102592" : 57,
            "21364736" : 70,
            "21626880" : 82,
            "21889024" : 117,
            "22151168" : 143,
            "22413312" : 221,
            "22675456" : 302,
            "22937600" : 456,
            "23199744" : 423,
            "23461888" : 466,
            "23724032" : 475,
            "23986176" : 598,
            "24248320" : 776,
            "24510464" : 873,
            "24772608" : 1140,
            "25034752" : 1155,
            "25296896" : 1133,
            "25559040" : 1333,
            "25821184" : 1765,
            "26083328" : 2061,
            "26345472" : 2832,
            "26607616" : 3433,
            "26869760" : 3379,
            "27131904" : 2074,
            "27394048" : 1420,
            "27656192" : 925,
            "27918336" : 716,
            "28180480" : 542,
            "28442624" : 381,
            "28704768" : 247,
            "28966912" : 270,
            "29229056" : 186,
            "29491200" : 165,
            "29753344" : 183,
            "30015488" : 151,
            "30277632" : 117,
            "30539776" : 93,
            "30801920" : 84,
            "31064064" : 76,
            "31326208" : 51,
            "31588352" : 47,
            "31850496" : 38,
            "32112640" : 27,
            "32374784" : 22,
            "32636928" : 23,
            "32899072" : 19,
            "33161216" : 11,
            "33423360" : 3,
            "33816576" : 24,
            "34340864" : 18,
            "34865152" : 10,
            "35389440" : 18,
            "35913728" : 11,
            "36438016" : 5,
            "36962304" : 4,
            "37486592" : 3,
            "38010880" : 6,
            "38535168" : 7,
            "39059456" : 4,
            "39583744" : 13,
            "40108032" : 3,
            "40632320" : 5,
            "41156608" : 5,
            "41680896" : 3,
            "42205184" : 2,
            "42729472" : 3,
            "43253760" : 2,
            "43778048" : 1,
            "44826624" : 2,
            "45350912" : 6,
            "45875200" : 6,
            "46399488" : 1,
            "46923776" : 2,
            "49020928" : 4,
            "49545216" : 3,
            "50593792" : 1,
            "52166656" : 3,
            "52690944" : 4,
            "55312384" : 3,
            "56885248" : 1,
            "58458112" : 1,
            "64225280" : 1,
            "120061952" : 3,
            "121110528" : 17,
            "124256256" : 9,
            "125304832" : 2,
            "126353408" : 3,
            "127401984" : 18,
            "128450560" : 4
          }
        },
        "lat_ns" : {
          "min" : 6164343,
          "max" : 134081992,
          "mean" : 30067217.439811,
          "stddev" : 5107938.575657
        },
        "bw_min" : 212,
        "bw_max" : 286,
        "bw_agg" : 24.994512,
        "bw_mean" : 265.691667,
        "bw_dev" : 12.363934,
        "bw_samples" : 240,
        "iops_min" : 212,
        "iops_max" : 286,
        "iops_mean" : 265.691667,
        "iops_stddev" : 12.363934,
        "iops_samples" : 240
      },
      "trim" : {
        "io_bytes" : 0,