{
  "fio version" : "fio-3.1",
  "timestamp" : 1556097552,
  "timestamp_ms" : 1556097552514,
  "time" : "Wed Apr 24 10:19:12 2019",
  "global options" : {
    "fallocate" : "none",
    "runtime" : "30",
    "directory" : "/mnt/storage-nvme/fio_write/beegfs-randwrite-64-client-75712-11",
    "bs" : "8388608",
    "time_based" : "1",
    "ioengine" : "libaio",
    "iodepth" : "8",
    "direct" : "1",
    "buffered" : "0",
    "thread" : "0",
    "group_reporting" : "1",
    "filesize" : "32g",
    "size" : "32g",
    "filename_format" : "$jobnum.dat"
  },
  "jobs" : [
    {
      "jobname" : "fio-job",
      "groupid" : 0,
      "error" : 0,
      "eta" : 0,
      "elapsed" : 31,
      "job options" : {
        "rw" : "randwrite"
      },
      "read" : {
        "io_bytes" : 0,
        "io_kbytes" : 0,
        "bw" : 0,
        "iops" : 0.000000,
        "runtime" : 0,
        "total_ios" : 0,
        "short_ios" : 0,
        "drop_ios" : 0,
        "slat_ns" : {
          "min" : 0,
          "max" : 0,
          "mean" : 0.000000,
          "stddev" : 0.000000
        },
        "clat_ns" : {
          "min" : 0,
          "max" : 0,
          "mean" : 0.000000,
          "stddev" : 0.000000,
          "percentile" : {
            "1.000000" : 0,
            "5.000000" : 0,
            "10.000000" : 0,
            "20.000000" : 0,
            "30.000000" : 0,
            "40.000000" : 0,
            "50.000000" : 0,
            "60.000000" : 0,
            "70.000000" : 0,
            "80.000000" : 0,
            "90.000000" : 0,
            "95.000000" : 0,
            "99.000000" : 0,
            "99.500000" : 0,
            "99.900000" : 0,
            "99.950000" : 0,
            "99.990000" : 0,
            "0.00" : 0,
            "0.00" : 0,
            "0.00" : 0
          },
          "bins" : {

          }
        },
        "lat_ns" : {
          "min" : 0,
          "max" : 0,
          "mean" : 0.000000,
          "stddev" : 0.000000
        },
        "bw_min" : 0,
        "bw_max" : 0,
        "bw_agg" : 0.000000,
        "bw_mean" : 0.000000,
        "bw_dev" : 0.000000,
        "bw_samples" : 0,
        "iops_min" : 0,
        "iops_max" : 0,
        "iops_mean" : 0.000000,
        "iops_stddev" : 0.000000,
        "iops_samples" : 0
      },
      "write" : {
        "io_bytes" : 1694498816,
        "io_kbytes" : 1654784,
        "bw" : 54616,
        "iops" : 6.667107,
        "runtime" : 30298,
        "total_ios" : 202,
        "short_ios" : 0,
        "drop_ios" : 0,
        "slat_ns" : {
          "min" : 122497684,
          "max" : 2296786425,
          "mean" : 598005737.940594,
          "stddev" : 374631900.285189
        },
        "clat_ns" : {
          "min" : 5035,
          "max" : 6963363140,
          "mean" : 3871218119.811881,
          "stddev" : 1259937116.135113,
          "percentile" : {
            "1.000000" : 7456,
            "5.000000" : 1010827264,
            "10.000000" : 2566914048,
            "20.000000" : 3204448256,
            "30.000000" : 3573547008,
            "40.000000" : 3774873600,
            "50.000000" : 3976200192,
            "60.000000" : 4211081216,
            "70.000000" : 4529848320,
            "80.000000" : 4798283776,
            "90.000000" : 5133828096,
            "95.000000" : 5402263552,
            "99.000000" : 6677331968,
            "99.500000" : 6677331968,
            "99.900000" : 6945767424,
            "99.950000" : 6945767424,
            "99.990000" : 6945767424,
            "0.00" : 0,
            "0.00" : 0,
            "0.00" : 0
          },
          "bins" : {
            "5024" : 1,
            "7264" : 1,
            "7456" : 1,
            "8096" : 1,
            "438304768" : 1,
            "549453824" : 1,
            "608174080" : 1,
            "658505728" : 2,
            "692060160" : 1,
            "1010827264" : 1,
            "1044381696" : 1,
            "1233125376" : 1,
            "1249902592" : 1,
            "1619001344" : 1,
            "1635778560" : 1,
            "1736441856" : 1,
            "2004877312" : 1,
            "2021654528" : 1,
            "2566914048" : 2,
            "2634022912" : 2,
            "2667577344" : 2,
            "2701131776" : 1,
            "2734686208" : 1,
            "2868903936" : 1,
            "2936012800" : 1,
            "2969567232" : 2,
            "3003121664" : 1,
            "3036676096" : 1,
            "3070230528" : 2,
            "3103784960" : 2,
            "3137339392" : 2,
            "3204448256" : 2,
            "3238002688" : 1,
            "3305111552" : 2,
            "3338665984" : 2,
            "3372220416" : 1,
            "3405774848" : 2,
            "3439329280" : 1,
            "3472883712" : 1,
            "3506438144" : 4,
            "3539992576" : 5,
            "3573547008" : 6,
            "3607101440" : 3,
            "3640655872" : 4,
            "3674210304" : 5,
            "3774873600" : 4,
            "3841982464" : 5,
            "3875536896" : 3,
            "3909091328" : 3,
            "3942645760" : 4,
            "3976200192" : 4,
            "4009754624" : 5,
            "4043309056" : 3,
            "4076863488" : 1,
            "4110417920" : 4,
            "4143972352" : 3,
            "4177526784" : 3,
            "4211081216" : 4,
            "4244635648" : 1,
            "4278190080" : 4,
            "4328521728" : 1,
            "4395630592" : 4,
            "4462739456" : 4,
            "4529848320" : 6,
            "4596957184" : 2,
            "4664066048" : 5,
            "4731174912" : 8,
            "4798283776" : 4,
            "4865392640" : 4,
            "4932501504" : 3,
            "4999610368" : 3,
            "5066719232" : 5,
            "5133828096" : 7,
            "5268045824" : 2,
            "5335154688" : 1,
            "5402263552" : 4,
            "5469372416" : 1,
            "5536481280" : 2,
            "5737807872" : 1,
            "5939134464" : 1,
            "6073352192" : 2,
            "6677331968" : 2,
            "6945767424" : 1
          }
        },
        "lat_ns" : {
          "min" : 439537022,
          "max" : 7595660682,
          "mean" : 4469225569.252475,
          "stddev" : 1292977146.036514
        },
        "bw_min" : 16351,
        "bw_max" : 33032,
        "bw_agg" : 35.040525,
        "bw_mean" : 19137.732877,
        "bw_dev" : 6108.152225,
        "bw_samples" : 146,
        "iops_min" : 1,
        "iops_max" : 4,
        "iops_mean" : 2.294521,
        "iops_stddev" : 0.762643,
        "iops_samples" : 146
      },
      "trim" : {
        "io_bytes" : 0,
        "io_kbytes" : 0,
        "bw" : 0,
        "iops" : 0.000000,
        "runtime" : 0,
        "total_ios" : 0,
        "short_ios" : 0,
        "drop_ios" : 0,
        "slat_ns" : {
          "min" : 0,
          "max" : 0,
          "mean" : 0.000000,
          "stddev" : 0.000000
        },
        "clat_ns" : {
          "min" : 0,
          "max" : 0,
          "mean" : 0.000000,
          "stddev" : 0.000000,
          "percentile" : {
            "1.000000" : 0,
            "5.000000" : 0,
            "10.000000" : 0,
            "20.000000" : 0,
            "30.000000" : 0,
            "40.000000" : 0,
            "50.000000" : 0,
            "60.000000" : 0,
            "70.000000" : 0,
            "80.000000" : 0,
            "90.000000" : 0,
            "95.000000" : 0,
            "99.000000" : 0,
            "99.500000" : 0,
            "99.900000" : 0,
            "99.950000" : 0,
            "99.990000" : 0,
            "0.00" : 0,
            "0.00" : 0,
            "0.00" : 0
          },
          "bins" : {

          }
        },
        "lat_ns" : {
          "min" : 0,
          "max" : 0,
          "mean" : 0.000000,
          "stddev" : 0.000000
        },
        "bw_min" : 0,
        "bw_max" : 0,
        "bw_agg" : 0.000000,
        "bw_mean" : 0.000000,
        "bw_dev" : 0.000000,