{
  "fio version" : "fio-3.1",
  "timestamp" : 1574274525,
  "timestamp_ms" : 1574274525618,
  "time" : "Wed Nov 20 18:28:45 2019",
  "global options" : {
    "directory" : "data/fio_write/beegfs-randwrite-64-hvjk5",
    "bs" : "16384",
    "fallocate" : "none",
    "runtime" : "30",
    "time_based" : "1",
    "ioengine" : "libaio",
    "iodepth" : "8",
    "direct" : "1",
    "buffered" : "0",
    "invalidate" : "1",
    "ramp_time" : "0",
    "thread" : "0",
    "group_reporting" : "1",
    "filesize" : "32g",
    "size" : "32g",
    "filename_format" : "$jobnum.dat"
  },
  "jobs" : [
    {
      "jobname" : "fio-job",
      "groupid" : 0,
      "error" : 0,
      "eta" : 0,
      "elapsed" : 36,
      "job options" : {
        "rw" : "randwrite"
      },
      "read" : {
        "io_bytes" : 0,
        "io_kbytes" : 0,
        "bw" : 0,
        "iops" : 0.000000,
        "runtime" : 0,
        "total_ios" : 0,
        "short_ios" : 0,
        "drop_ios" : 0,
        "slat_ns" : {
          "min" : 0,
          "max" : 0,
          "mean" : 0.000000,
          "stddev" : 0.000000
        },
        "clat_ns" : {
          "min" : 0,
          "max" : 0,
          "mean" : 0.000000,
          "stddev" : 0.000000,
          "percentile" : {
            "1.000000" : 0,
            "5.000000" : 0,
            "10.000000" : 0,
            "20.000000" : 0,
            "30.000000" : 0,
            "40.000000" : 0,
            "50.000000" : 0,
            "60.000000" : 0,
            "70.000000" : 0,
            "80.000000" : 0,
            "90.000000" : 0,
            "95.000000" : 0,
            "99.000000" : 0,
            "99.500000" : 0,
            "99.900000" : 0,
            "99.950000" : 0,
            "99.990000" : 0,
            "0.00" : 0,
            "0.00" : 0,
            "0.00" : 0
          },
          "bins" : {

          }
        },
        "lat_ns" : {
          "min" : 0,
          "max" : 0,
          "mean" : 0.000000,
          "stddev" : 0.000000
        },
        "bw_min" : 0,
        "bw_max" : 0,
        "bw_agg" : 0.000000,
        "bw_mean" : 0.000000,
        "bw_dev" : 0.000000,
        "bw_samples" : 0,
        "iops_min" : 0,
        "iops_max" : 0,
        "iops_mean" : 0.000000,
        "iops_stddev" : 0.000000,
        "iops_samples" : 0
      },
      "write" : {
        "io_bytes" : 7340032,
        "io_kbytes" : 7168,
        "bw" : 201,
        "iops" : 12.611547,
        "runtime" : 35523,
        "total_ios" : 448,
        "short_ios" : 0,
        "drop_ios" : 0,
        "slat_ns" : {
          "min" : 3297,
          "max" : 8249986973,
          "mean" : 253250253.946429,
          "stddev" : 732789094.649289
        },
        "clat_ns" : {
          "min" : 58940,
          "max" : 14871102827,
          "mean" : 2055569806.979911,
          "stddev" : 2663901522.481086,
          "percentile" : {
            "1.000000" : 1122304,
            "5.000000" : 68681728,
            "10.000000" : 108527616,
            "20.000000" : 162529280,
            "30.000000" : 274726912,
            "40.000000" : 446693376,
            "50.000000" : 926941184,
            "60.000000" : 1283457024,
            "70.000000" : 2055208960,
            "80.000000" : 4009754624,
            "90.000000" : 6610223104,
            "95.000000" : 8355053568,
            "99.000000" : 10267656192,
            "99.500000" : 12146704384,
            "99.900000" : 14831058944,
            "99.950000" : 14831058944,
            "99.990000" : 14831058944,
            "0.00" : 0,
            "0.00" : 0,
            "0.00" : 0
          },
          "bins" : {
            "59136" : 1,
            "481280" : 1,
            "708608" : 1,
            "716800" : 1,
            "1122304" : 1,
            "2441216" : 1,
            "2736128" : 1,
            "3162112" : 1,
            "3260416" : 1,
            "3555328" : 1,
            "9633792" : 1,
            "10682368" : 1,
            "10813440" : 1,
            "36438016" : 1,
            "41680896" : 1,
            "47972352" : 1,
            "55312384" : 1,
            "66322432" : 1,
            "66846720" : 1,
            "67633152" : 1,
            "68681728" : 3,
            "69730304" : 1,
            "72876032" : 2,
            "73924608" : 2,
            "82313216" : 1,
            "84410368" : 1,
            "85458944" : 1,
            "86507520" : 1,
            "87556096" : 1,
            "93847552" : 2,
            "94896128" : 1,
            "100139008" : 1,
            "101187584" : 3,
            "103284736" : 1,
            "106430464" : 2,
            "108527616" : 3,
            "112721920" : 1,
            "113770496" : 3,
            "114819072" : 1,
            "117964800" : 3,
            "119013376" : 4,
            "120061952" : 4,
            "123207680" : 1,
            "125304832" : 5,
            "128450560" : 2,
            "129499136" : 1,
            "132644864" : 2,
            "137363456" : 2,
            "139460608" : 1,
            "141557760" : 1,
            "143654912" : 2,
            "145752064" : 1,
            "147849216" : 1,
            "152043520" : 1,
            "154140672" : 3,
            "158334976" : 2,
            "160432128" : 1,
            "162529280" : 4,
            "164626432" : 4,
            "166723584" : 1,
            "170917888" : 1,
            "173015040" : 1,
            "175112192" : 3,
            "177209344" : 1,
            "181403648" : 1,
            "183500800" : 1,
            "185597952" : 2,
            "191889408" : 1,
            "193986560" : 3,
            "196083712" : 1,
            "198180864" : 3,
            "200278016" : 3,
            "202375168" : 1,
            "210763776" : 1,
            "212860928" : 2,
            "214958080" : 1,
            "217055232" : 1,
            "223346688" : 2,
            "242221056" : 1,
            "248512512" : 1,
            "250609664" : 1,
            "252706816" : 1,
            "254803968" : 1,
            "261095424" : 1,
            "263192576" : 1,
            "270532608" : 1,
            "274726912" : 2,
            "283115520" : 1,
            "287309824" : 2,
            "295698432" : 2,
            "299892736" : 3,
            "304087040" : 4,
            "308281344" : 6,
            "325058560" : 5,
            "333447168" : 2,
            "341835776" : 1,
            "362807296" : 1,
            "367001600" : 2,
            "379584512" : 1,
            "400556032" : 2,
            "404750336" : 1,
            "413138944" : 2,
            "417333248" : 1,
            "421527552" : 2,
            "429916160" : 3,
            "442499072" : 1,
            "446693376" : 2,
            "450887680" : 1,
            "459276288" : 1,
            "463470592" : 3,
            "471859200" : 2,
            "497025024" : 1,
            "509607936" : 1,
            "513802240" : 1,
            "522190848" : 1,
            "526385152" : 1,
            "530579456" : 1,
            "534773760" : 1,
            "574619648" : 1,
            "583008256" : 1,
            "624951296" : 2,
            "658505728" : 1,
            "692060160" : 1,
            "725614592" : 1,
            "734003200" : 1,
            "775946240" : 3,
            "792723456" : 4,
            "809500672" : 1,
            "826277888" : 1,
            "834666496" : 1,
            "859832320" : 3,
            "876609536" : 3,
            "893386752" : 1,
            "918552576" : 3,
            "926941184" : 2,
            "935329792" : 1,
            "943718400" : 1,
            "968884224" : 1,
            "977272832" : 2,
            "994050048" : 2,
            "1052770304" : 1,
            "1082130432" : 1,
            "1098907648" : 3,
            "1132462080" : 5,
            "1149239296" : 2,
            "1166016512" : 6,
            "1182793728" : 2,
            "1199570944" : 2,
            "1216348160" : 5,
            "1233125376" : 2,
            "1249902592" : 4,