{
  "fio version" : "fio-3.1",
  "timestamp" : 1556021384,
  "timestamp_ms" : 1556021384291,
  "time" : "Tue Apr 23 13:09:44 2019",
  "global options" : {
    "fallocate" : "none",
    "runtime" : "30",
    "directory" : "/data/fio_write/beegfs-write-64-client-90087-37",
    "bs" : "1024",
    "time_based" : "1",
    "ioengine" : "libaio",
    "iodepth" : "8",
    "direct" : "1",
    "buffered" : "0",
    "thread" : "0",
    "group_reporting" : "1",
    "filesize" : "32g",
    "size" : "32g",
    "filename_format" : "$jobnum.dat"
  },
  "jobs" : [
    {
      "jobname" : "fio-job",
      "groupid" : 0,
      "error" : 0,
      "eta" : 0,
      "elapsed" : 31,
      "job options" : {
        "rw" : "write"
      },
      "read" : {
        "io_bytes" : 0,
        "io_kbytes" : 0,
        "bw" : 0,
        "iops" : 0.000000,
        "runtime" : 0,
        "total_ios" : 0,
        "short_ios" : 0,
        "drop_ios" : 0,
        "slat_ns" : {
          "min" : 0,
          "max" : 0,
          "mean" : 0.000000,
          "stddev" : 0.000000
        },
        "clat_ns" : {
          "min" : 0,
          "max" : 0,
          "mean" : 0.000000,
          "stddev" : 0.000000,
          "percentile" : {
            "1.000000" : 0,
            "5.000000" : 0,
            "10.000000" : 0,
            "20.000000" : 0,
            "30.000000" : 0,
            "40.000000" : 0,
            "50.000000" : 0,
            "60.000000" : 0,
            "70.000000" : 0,
            "80.000000" : 0,
            "90.000000" : 0,
            "95.000000" : 0,
            "99.000000" : 0,
            "99.500000" : 0,
            "99.900000" : 0,
            "99.950000" : 0,
            "99.990000" : 0,
            "0.00" : 0,
            "0.00" : 0,
            "0.00" : 0
          },
          "bins" : {

          }
        },
        "lat_ns" : {
          "min" : 0,
          "max" : 0,
          "mean" : 0.000000,
          "stddev" : 0.000000
        },
        "bw_min" : 0,
        "bw_max" : 0,
        "bw_agg" : 0.000000,
        "bw_mean" : 0.000000,
        "bw_dev" : 0.000000,
        "bw_samples" : 0,
        "iops_min" : 0,
        "iops_max" : 0,
        "iops_mean" : 0.000000,
        "iops_stddev" : 0.000000,
        "iops_samples" : 0
      },
      "write" : {
        "io_bytes" : 32699392,
        "io_kbytes" : 31933,
        "bw" : 1064,
        "iops" : 1064.220489,
        "runtime" : 30006,
        "total_ios" : 31933,
        "short_ios" : 0,
        "drop_ios" : 0,
        "slat_ns" : {
          "min" : 592202,
          "max" : 107194110,
          "mean" : 3755932.986065,
          "stddev" : 2374576.318005
        },
        "clat_ns" : {
          "min" : 2517,
          "max" : 127964411,
          "mean" : 26290099.451696,
          "stddev" : 4639148.420487,
          "percentile" : {
            "1.000000" : 19791872,
            "5.000000" : 22937600,
            "10.000000" : 23724032,
            "20.000000" : 24772608,
            "30.000000" : 25559040,
            "40.000000" : 26083328,
            "50.000000" : 26345472,
            "60.000000" : 26607616,
            "70.000000" : 26869760,
            "80.000000" : 27131904,
            "90.000000" : 27918336,
            "95.000000" : 28966912,
            "99.000000" : 32112640,
            "99.500000" : 35389440,
            "99.900000" : 125304832,
            "99.950000" : 127401984,
            "99.990000" : 127401984,
            "0.00" : 0,
            "0.00" : 0,
            "0.00" : 0
          },
          "bins" : {
            "2512" : 1,
            "2576" : 1,
            "2928" : 1,
            "4192" : 1,
            "4947968" : 1,
            "5013504" : 1,
            "7503872" : 1,
            "9371648" : 1,
            "13959168" : 2,
            "14090240" : 2,
            "14221312" : 1,
            "14352384" : 9,
            "14483456" : 5,
            "14876672" : 3,
            "15007744" : 8,
            "15138816" : 13,
            "15269888" : 15,
            "15400960" : 28,
            "15532032" : 11,
            "15663104" : 5,
            "15794176" : 9,
            "15925248" : 14,
            "16056320" : 14,
            "16187392" : 7,
            "16318464" : 4,
            "16449536" : 3,
            "16580608" : 5,
            "16711680" : 6,
            "16908288" : 14,
            "17170432" : 13,
            "17432576" : 7,
            "17694720" : 6,
            "17956864" : 5,
            "18219008" : 3,
            "18481152" : 2,
            "18743296" : 2,
            "19005440" : 2,
            "19267584" : 33,
            "19529728" : 44,
            "19791872" : 33,
            "20054016" : 26,
            "20316160" : 38,
            "20578304" : 58,
            "20840448" : 54,
            "21102592" : 58,
            "21364736" : 65,
            "21626880" : 72,
            "21889024" : 126,
            "22151168" : 173,
            "22413312" : 181,
            "22675456" : 329,
            "22937600" : 411,
            "23199744" : 429,
            "23461888" : 465,
            "23724032" : 531,
            "23986176" : 604,
            "24248320" : 710,
            "24510464" : 897,
            "24772608" : 1164,
            "25034752" : 1158,
            "25296896" : 1172,
            "25559040" : 1402,
            "25821184" : 1677,
            "26083328" : 2034,
            "26345472" : 2778,
            "26607616" : 3564,
            "26869760" : 3424,
            "27131904" : 2141,
            "27394048" : 1310,
            "27656192" : 950,
            "27918336" : 624,
            "28180480" : 543,
            "28442624" : 355,
            "28704768" : 248,
            "28966912" : 234,
            "29229056" : 201,
            "29491200" : 165,
            "29753344" : 172,
            "30015488" : 147,
            "30277632" : 120,
            "30539776" : 104,
            "30801920" : 96,
            "31064064" : 96,
            "31326208" : 56,
            "31588352" : 53,
            "31850496" : 39,
            "32112640" : 40,
            "32374784" : 21,
            "32636928" : 24,
            "32899072" : 16,
            "33161216" : 11,
            "33423360" : 7,
            "33816576" : 19,
            "34340864" : 25,
            "34865152" : 18,
            "35389440" : 16,
            "35913728" : 6,
            "36438016" : 9,
            "36962304" : 5,
            "37486592" : 10,
            "38010880" : 10,
            "38535168" : 8,
            "39059456" : 7,
            "39583744" : 6,
            "40108032" : 6,
            "40632320" : 6,
            "41156608" : 4,
            "41680896" : 1,
            "42205184" : 3,
            "42729472" : 3,
            "43253760" : 4,
            "43778048" : 1,
            "44826624" : 1,
            "119013376" : 2,
            "120061952" : 5,
            "121110528" : 16,
            "124256256" : 1,
            "125304832" : 3,
            "127401984" : 28,
            "128450560" : 1
          }
        },
        "lat_ns" : {
          "min" : 4926685,
          "max" : 133978144,
          "mean" : 30046354.407603,
          "stddev" : 5037303.466236
        },
        "bw_min" : 224,
        "bw_max" : 286,
        "bw_agg" : 24.985119,
        "bw_mean" : 265.841667,
        "bw_dev" : 10.574696,
        "bw_samples" : 240,
        "iops_min" : 224,
        "iops_max" : 286,
        "iops_mean" : 265.841667,
        "iops_stddev" : 10.574696,
        "iops_samples" : 240
      },
      "trim" : {
        "io_bytes" : 0,
        "io_kbytes" : 0,
        "bw" : 0,
        "iops" : 0.000000,
        "runtime" : 0,
        "total_ios" : 0,
        "short_ios" : 0,
        "drop_ios" : 0,
        "slat_ns" : {
          "min" : 0,
          "max" : 0,
          "mean" : 0.000000,
          "stddev" : 0.000000
        },
        "clat_ns" : {
          "min" : 0,
          "max" : 0,
          "mean" : 0.000000,
          "stddev" : 0.000000,