{
  "fio version" : "fio-3.1",
  "timestamp" : 1555517567,
  "timestamp_ms" : 1555517567589,
  "time" : "Wed Apr 17 16:12:47 2019",
  "global options" : {
    "fallocate" : "none",
    "runtime" : "30",
    "directory" : "/data/fio_write/beegfs-write-64-zqskf",
    "bs" : "65536",
    "time_based" : "1",
    "ioengine" : "libaio",
    "iodepth" : "8",
    "direct" : "1",
    "buffered" : "0",
    "thread" : "0",
    "group_reporting" : "1",
    "filesize" : "32g",
    "size" : "32g",
    "filename_format" : "$jobnum.dat"
  },
  "jobs" : [
    {
      "jobname" : "fio-job",
      "groupid" : 0,
      "error" : 0,
      "eta" : 0,
      "elapsed" : 31,
      "job options" : {
        "rw" : "write"
      },
      "read" : {
        "io_bytes" : 0,
        "io_kbytes" : 0,
        "bw" : 0,
        "iops" : 0.000000,
        "runtime" : 0,
        "total_ios" : 0,
        "short_ios" : 0,
        "drop_ios" : 0,
        "slat_ns" : {
          "min" : 0,
          "max" : 0,
          "mean" : 0.000000,
          "stddev" : 0.000000
        },
        "clat_ns" : {
          "min" : 0,
          "max" : 0,
          "mean" : 0.000000,
          "stddev" : 0.000000,
          "percentile" : {
            "1.000000" : 0,
            "5.000000" : 0,
            "10.000000" : 0,
            "20.000000" : 0,
            "30.000000" : 0,
            "40.000000" : 0,
            "50.000000" : 0,
            "60.000000" : 0,
            "70.000000" : 0,
            "80.000000" : 0,
            "90.000000" : 0,
            "95.000000" : 0,
            "99.000000" : 0,
            "99.500000" : 0,
            "99.900000" : 0,
            "99.950000" : 0,
            "99.990000" : 0,
            "0.00" : 0,
            "0.00" : 0,
            "0.00" : 0
          },
          "bins" : {

          }
        },
        "lat_ns" : {
          "min" : 0,
          "max" : 0,
          "mean" : 0.000000,
          "stddev" : 0.000000
        },
        "bw_min" : 0,
        "bw_max" : 0,
        "bw_agg" : 0.000000,
        "bw_mean" : 0.000000,
        "bw_dev" : 0.000000,
        "bw_samples" : 0,
        "iops_min" : 0,
        "iops_max" : 0,
        "iops_mean" : 0.000000,
        "iops_stddev" : 0.000000,
        "iops_samples" : 0
      },
      "write" : {
        "io_bytes" : 2460286976,
        "io_kbytes" : 2402624,
        "bw" : 80082,
        "iops" : 1251.283248,
        "runtime" : 30002,
        "total_ios" : 37541,
        "short_ios" : 0,
        "drop_ios" : 0,
        "slat_ns" : {
          "min" : 423230,
          "max" : 1619627610,
          "mean" : 3179231.757598,
          "stddev" : 17176216.574621
        },
        "clat_ns" : {
          "min" : 6014,
          "max" : 1625796368,
          "mean" : 22308334.463866,
          "stddev" : 43885099.064797,
          "percentile" : {
            "1.000000" : 4751360,
            "5.000000" : 5996544,
            "10.000000" : 7438336,
            "20.000000" : 10158080,
            "30.000000" : 13172736,
            "40.000000" : 15925248,
            "50.000000" : 17694720,
            "60.000000" : 19791872,
            "70.000000" : 22151168,
            "80.000000" : 25559040,
            "90.000000" : 32112640,
            "95.000000" : 39583744,
            "99.000000" : 120061952,
            "99.500000" : 231735296,
            "99.900000" : 624951296,
            "99.950000" : 717225984,
            "99.990000" : 1619001344,
            "0.00" : 0,
            "0.00" : 0,
            "0.00" : 0
          },
          "bins" : {
            "5984" : 1,
            "6176" : 1,
            "6944" : 1,
            "7328" : 1,
            "1384448" : 1,
            "1548288" : 2,
            "2670592" : 1,
            "2899968" : 1,
            "2998272" : 2,
            "3260416" : 1,
            "3293184" : 1,
            "3522560" : 1,
            "3588096" : 1,
            "3653632" : 2,
            "3686400" : 3,
            "3719168" : 1,
            "3751936" : 1,
            "3784704" : 1,
            "3817472" : 4,
            "3850240" : 4,
            "3883008" : 4,
            "3915776" : 4,
            "3948544" : 4,
            "3981312" : 1,
            "4014080" : 4,
            "4046848" : 5,
            "4079616" : 3,
            "4112384" : 4,
            "4145152" : 3,
            "4177920" : 7,
            "4227072" : 14,
            "4292608" : 25,
            "4358144" : 31,
            "4423680" : 28,
            "4489216" : 26,
            "4554752" : 44,
            "4620288" : 51,
            "4685824" : 46,
            "4751360" : 48,
            "4816896" : 60,
            "4882432" : 85,
            "4947968" : 85,
            "5013504" : 78,
            "5079040" : 85,
            "5144576" : 79,
            "5210112" : 79,
            "5275648" : 75,
            "5341184" : 83,
            "5406720" : 85,
            "5472256" : 82,
            "5537792" : 82,
            "5603328" : 74,
            "5668864" : 78,
            "5734400" : 87,
            "5799936" : 69,
            "5865472" : 74,
            "5931008" : 74,
            "5996544" : 91,
            "6062080" : 68,
            "6127616" : 75,
            "6193152" : 72,
            "6258688" : 75,
            "6324224" : 78,
            "6389760" : 82,
            "6455296" : 92,
            "6520832" : 87,
            "6586368" : 81,
            "6651904" : 69,
            "6717440" : 90,
            "6782976" : 109,
            "6848512" : 81,
            "6914048" : 82,
            "6979584" : 85,
            "7045120" : 107,
            "7110656" : 107,
            "7176192" : 96,
            "7241728" : 110,
            "7307264" : 87,
            "7372800" : 125,
            "7438336" : 122,
            "7503872" : 93,
            "7569408" : 109,
            "7634944" : 105,
            "7700480" : 106,
            "7766016" : 106,
            "7831552" : 107,
            "7897088" : 119,
            "7962624" : 108,
            "8028160" : 101,
            "8093696" : 110,
            "8159232" : 123,
            "8224768" : 91,
            "8290304" : 100,
            "8355840" : 101,
            "8454144" : 191,
            "8585216" : 171,
            "8716288" : 169,
            "8847360" : 200,
            "8978432" : 192,
            "9109504" : 154,
            "9240576" : 139,
            "9371648" : 135,
            "9502720" : 145,
            "9633792" : 173,
            "9764864" : 141,
            "9895936" : 143,
            "10027008" : 157,
            "10158080" : 158,
            "10289152" : 163,
            "10420224" : 142,
            "10551296" : 166,
            "10682368" : 144,
            "10813440" : 170,
            "10944512" : 155,
            "11075584" : 150,
            "11206656" : 152,
            "11337728" : 170,
            "11468800" : 142,
            "11599872" : 165,
            "11730944" : 170,
            "11862016" : 180,
            "11993088" : 184,
            "12124160" : 154,
            "12255232" : 167,
            "12386304" : 156,
            "12517376" : 160,
            "12648448" : 150,
            "12779520" : 149,
            "12910592" : 172,
            "13041664" : 179,
            "13172736" : 173,
            "13303808" : 148,
            "13434880" : 162,
            "13565952" : 148,
            "13697024" : 161,
            "13828096" : 180,
            "13959168" : 160,
            "14090240" : 160,
            "14221312" : 175,
            "14352384" : 166,
            "14483456" : 183,
            "14614528" : 175,
            "14745600" : 181,
            "14876672" : 222,
            "15007744" : 166,
            "15138816" : 199,
            "15269888" : 222,
            "15400960" : 220,
            "15532032" : 197,
            "15663104" : 212,
            "15794176" : 239,
            "15925248" : 214,
            "16056320" : 257,
            "16187392" : 218,
            "16318464" : 266,