{
  "fio version" : "fio-3.1",
  "timestamp" : 1556020552,
  "timestamp_ms" : 1556020552187,
  "time" : "Tue Apr 23 12:55:52 2019",
  "global options" : {
    "fallocate" : "none",
    "runtime" : "30",
    "directory" : "/data/fio_write/beegfs-randwrite-64-client-26896-43",
    "bs" : "131072",
    "time_based" : "1",
    "ioengine" : "libaio",
    "iodepth" : "8",
    "direct" : "1",
    "buffered" : "0",
    "thread" : "0",
    "group_reporting" : "1",
    "filesize" : "32g",
    "size" : "32g",
    "filename_format" : "$jobnum.dat"
  },
  "jobs" : [
    {
      "jobname" : "fio-job",
      "groupid" : 0,
      "error" : 0,
      "eta" : 0,
      "elapsed" : 31,
      "job options" : {
        "rw" : "randwrite"
      },
      "read" : {
        "io_bytes" : 0,
        "io_kbytes" : 0,
        "bw" : 0,
        "iops" : 0.000000,
        "runtime" : 0,
        "total_ios" : 0,
        "short_ios" : 0,
        "drop_ios" : 0,
        "slat_ns" : {
          "min" : 0,
          "max" : 0,
          "mean" : 0.000000,
          "stddev" : 0.000000
        },
        "clat_ns" : {
          "min" : 0,
          "max" : 0,
          "mean" : 0.000000,
          "stddev" : 0.000000,
          "percentile" : {
            "1.000000" : 0,
            "5.000000" : 0,
            "10.000000" : 0,
            "20.000000" : 0,
            "30.000000" : 0,
            "40.000000" : 0,
            "50.000000" : 0,
            "60.000000" : 0,
            "70.000000" : 0,
            "80.000000" : 0,
            "90.000000" : 0,
            "95.000000" : 0,
            "99.000000" : 0,
            "99.500000" : 0,
            "99.900000" : 0,
            "99.950000" : 0,
            "99.990000" : 0,
            "0.00" : 0,
            "0.00" : 0,
            "0.00" : 0
          },
          "bins" : {

          }
        },
        "lat_ns" : {
          "min" : 0,
          "max" : 0,
          "mean" : 0.000000,
          "stddev" : 0.000000
        },
        "bw_min" : 0,
        "bw_max" : 0,
        "bw_agg" : 0.000000,
        "bw_mean" : 0.000000,
        "bw_dev" : 0.000000,
        "bw_samples" : 0,
        "iops_min" : 0,
        "iops_max" : 0,
        "iops_mean" : 0.000000,
        "iops_stddev" : 0.000000,
        "iops_samples" : 0
      },
      "write" : {
        "io_bytes" : 362283008,
        "io_kbytes" : 353792,
        "bw" : 11773,
        "iops" : 91.983094,
        "runtime" : 30049,
        "total_ios" : 2764,
        "short_ios" : 0,
        "drop_ios" : 0,
        "slat_ns" : {
          "min" : 15404,
          "max" : 1099558114,
          "mean" : 40362720.693198,
          "stddev" : 111099954.831778
        },
        "clat_ns" : {
          "min" : 172235,
          "max" : 1879183300,
          "mean" : 302295206.945730,
          "stddev" : 212214098.084699,
          "percentile" : {
            "1.000000" : 10551296,
            "5.000000" : 14352384,
            "10.000000" : 16908288,
            "20.000000" : 30539776,
            "30.000000" : 214958080,
            "40.000000" : 337641472,
            "50.000000" : 358612992,
            "60.000000" : 371195904,
            "70.000000" : 383778816,
            "80.000000" : 400556032,
            "90.000000" : 463470592,
            "95.000000" : 624951296,
            "99.000000" : 910163968,
            "99.500000" : 1166016512,
            "99.900000" : 1870659584,
            "99.950000" : 1870659584,
            "99.990000" : 1887436800,
            "0.00" : 0,
            "0.00" : 0,
            "0.00" : 0
          },
          "bins" : {
            "173056" : 1,
            "6979584" : 1,
            "7372800" : 2,
            "8355840" : 1,
            "8454144" : 2,
            "8585216" : 1,
            "8716288" : 1,
            "8847360" : 1,
            "9109504" : 3,
            "9371648" : 1,
            "9502720" : 3,
            "9633792" : 1,
            "9764864" : 2,
            "9895936" : 1,
            "10027008" : 2,
            "10158080" : 2,
            "10420224" : 1,
            "10551296" : 2,
            "10682368" : 2,
            "10813440" : 2,
            "10944512" : 5,
            "11075584" : 1,
            "11206656" : 4,
            "11337728" : 4,
            "11468800" : 4,
            "11599872" : 3,
            "11730944" : 2,
            "11862016" : 2,
            "11993088" : 2,
            "12124160" : 4,
            "12255232" : 7,
            "12386304" : 2,
            "12517376" : 10,
            "12648448" : 5,
            "12779520" : 3,
            "12910592" : 2,
            "13041664" : 1,
            "13172736" : 7,
            "13303808" : 3,
            "13434880" : 3,
            "13565952" : 8,
            "13697024" : 5,
            "13828096" : 4,
            "13959168" : 4,
            "14090240" : 3,
            "14221312" : 7,
            "14352384" : 9,
            "14483456" : 1,
            "14614528" : 8,
            "14745600" : 9,
            "14876672" : 4,
            "15007744" : 4,
            "15138816" : 3,
            "15269888" : 10,
            "15400960" : 2,
            "15532032" : 10,
            "15663104" : 5,
            "15794176" : 10,
            "15925248" : 12,
            "16056320" : 8,
            "16187392" : 9,
            "16318464" : 5,
            "16449536" : 6,
            "16580608" : 11,
            "16711680" : 7,
            "16908288" : 8,
            "17170432" : 13,
            "17432576" : 11,
            "17694720" : 13,
            "17956864" : 11,
            "18219008" : 16,
            "18481152" : 16,
            "18743296" : 14,
            "19005440" : 14,
            "19267584" : 10,
            "19529728" : 7,
            "19791872" : 9,
            "20054016" : 5,
            "20316160" : 4,
            "20578304" : 2,
            "20840448" : 6,
            "21102592" : 4,
            "21364736" : 8,
            "21626880" : 7,
            "21889024" : 2,
            "22151168" : 5,
            "22413312" : 5,
            "22675456" : 4,
            "22937600" : 5,
            "23199744" : 4,
            "23461888" : 3,
            "23724032" : 3,
            "23986176" : 2,
            "24248320" : 5,
            "24510464" : 2,
            "24772608" : 3,
            "25034752" : 4,
            "25296896" : 4,
            "25559040" : 3,
            "25821184" : 3,
            "26083328" : 3,
            "26345472" : 5,
            "26607616" : 2,
            "26869760" : 4,
            "27131904" : 1,
            "27394048" : 1,
            "27656192" : 1,
            "27918336" : 1,
            "28180480" : 5,
            "28442624" : 5,
            "28704768" : 4,
            "28966912" : 1,
            "29491200" : 2,
            "29753344" : 5,
            "30015488" : 2,
            "30277632" : 3,
            "30539776" : 5,
            "30801920" : 2,
            "31064064" : 2,
            "31326208" : 2,
            "31588352" : 2,
            "31850496" : 3,
            "32112640" : 2,
            "32374784" : 2,
            "32636928" : 4,
            "32899072" : 5,
            "33161216" : 2,
            "33423360" : 2,
            "33816576" : 4,
            "34340864" : 8,
            "34865152" : 5,
            "35389440" : 1,
            "35913728" : 10,
            "36438016" : 6,
            "36962304" : 1,
            "37486592" : 2,
            "38010880" : 3,
            "38535168" : 1,
            "39059456" : 1,
            "40108032" : 5,
            "41156608" : 4,
            "41680896" : 1,
            "42205184" : 1,
            "42729472" : 4,
            "43778048" : 2,
            "44302336" : 1,
            "44826624" : 3,
            "45350912" : 1,
            "46399488" : 1,
            "46923776" : 1,
            "47448064" : 1,
            "47972352" : 1,
            "48496640" : 1,
            "49545216" : 1,
            "50593792" : 1,
            "51118080" : 1,
            "52166656" : 1,