{
  "fio version" : "fio-3.1",
  "timestamp" : 1556097520,
  "timestamp_ms" : 1556097520395,
  "time" : "Wed Apr 24 10:18:40 2019",
  "global options" : {
    "fallocate" : "none",
    "runtime" : "30",
    "directory" : "/mnt/storage-nvme/fio_write/beegfs-randwrite-64-client-75712-33",
    "bs" : "4194304",
    "time_based" : "1",
    "ioengine" : "libaio",
    "iodepth" : "8",
    "direct" : "1",
    "buffered" : "0",
    "thread" : "0",
    "group_reporting" : "1",
    "filesize" : "32g",
    "size" : "32g",
    "filename_format" : "$jobnum.dat"
  },
  "jobs" : [
    {
      "jobname" : "fio-job",
      "groupid" : 0,
      "error" : 0,
      "eta" : 0,
      "elapsed" : 31,
      "job options" : {
        "rw" : "randwrite"
      },
      "read" : {
        "io_bytes" : 0,
        "io_kbytes" : 0,
        "bw" : 0,
        "iops" : 0.000000,
        "runtime" : 0,
        "total_ios" : 0,
        "short_ios" : 0,
        "drop_ios" : 0,
        "slat_ns" : {
          "min" : 0,
          "max" : 0,
          "mean" : 0.000000,
          "stddev" : 0.000000
        },
        "clat_ns" : {
          "min" : 0,
          "max" : 0,
          "mean" : 0.000000,
          "stddev" : 0.000000,
          "percentile" : {
            "1.000000" : 0,
            "5.000000" : 0,
            "10.000000" : 0,
            "20.000000" : 0,
            "30.000000" : 0,
            "40.000000" : 0,
            "50.000000" : 0,
            "60.000000" : 0,
            "70.000000" : 0,
            "80.000000" : 0,
            "90.000000" : 0,
            "95.000000" : 0,
            "99.000000" : 0,
            "99.500000" : 0,
            "99.900000" : 0,
            "99.950000" : 0,
            "99.990000" : 0,
            "0.00" : 0,
            "0.00" : 0,
            "0.00" : 0
          },
          "bins" : {

          }
        },
        "lat_ns" : {
          "min" : 0,
          "max" : 0,
          "mean" : 0.000000,
          "stddev" : 0.000000
        },
        "bw_min" : 0,
        "bw_max" : 0,
        "bw_agg" : 0.000000,
        "bw_mean" : 0.000000,
        "bw_dev" : 0.000000,
        "bw_samples" : 0,
        "iops_min" : 0,
        "iops_max" : 0,
        "iops_mean" : 0.000000,
        "iops_stddev" : 0.000000,
        "iops_samples" : 0
      },
      "write" : {
        "io_bytes" : 1606418432,
        "io_kbytes" : 1568768,
        "bw" : 52179,
        "iops" : 12.739065,
        "runtime" : 30065,
        "total_ios" : 383,
        "short_ios" : 0,
        "drop_ios" : 0,
        "slat_ns" : {
          "min" : 28086308,
          "max" : 2040994258,
          "mean" : 313529646.057441,
          "stddev" : 326106799.082528
        },
        "clat_ns" : {
          "min" : 5940,
          "max" : 5573576932,
          "mean" : 2099770773.480418,
          "stddev" : 1025994569.151998,
          "percentile" : {
            "1.000000" : 21120,
            "5.000000" : 918552576,
            "10.000000" : 1098907648,
            "20.000000" : 1300234240,
            "30.000000" : 1484783616,
            "40.000000" : 1619001344,
            "50.000000" : 1837105152,
            "60.000000" : 2071986176,
            "70.000000" : 2499805184,
            "80.000000" : 2902458368,
            "90.000000" : 3707764736,
            "95.000000" : 4211081216,
            "99.000000" : 4865392640,
            "99.500000" : 5200936960,
            "99.900000" : 5603590144,
            "99.950000" : 5603590144,
            "99.990000" : 5603590144,
            "0.00" : 0,
            "0.00" : 0,
            "0.00" : 0
          },
          "bins" : {
            "5920" : 1,
            "6048" : 1,
            "6496" : 1,
            "21120" : 1,
            "111673344" : 1,
            "145752064" : 1,
            "164626432" : 1,
            "177209344" : 1,
            "204472320" : 1,
            "265289728" : 1,
            "383778816" : 1,
            "442499072" : 1,
            "759169024" : 1,
            "817889280" : 1,
            "826277888" : 1,
            "843055104" : 1,
            "876609536" : 2,
            "884998144" : 1,
            "918552576" : 1,
            "943718400" : 1,
            "960495616" : 1,
            "994050048" : 2,
            "1002438656" : 3,
            "1010827264" : 2,
            "1019215872" : 2,
            "1027604480" : 1,
            "1044381696" : 1,
            "1052770304" : 1,
            "1061158912" : 1,
            "1082130432" : 2,
            "1098907648" : 2,
            "1115684864" : 4,
            "1132462080" : 1,
            "1149239296" : 3,
            "1166016512" : 5,
            "1182793728" : 2,
            "1199570944" : 2,
            "1216348160" : 3,
            "1233125376" : 5,
            "1249902592" : 2,
            "1266679808" : 3,
            "1283457024" : 6,
            "1300234240" : 2,
            "1317011456" : 2,
            "1333788672" : 4,
            "1350565888" : 2,
            "1367343104" : 3,
            "1384120320" : 4,
            "1400897536" : 1,
            "1417674752" : 4,
            "1434451968" : 4,
            "1451229184" : 3,
            "1468006400" : 1,
            "1484783616" : 10,
            "1501560832" : 10,
            "1518338048" : 3,
            "1535115264" : 11,
            "1551892480" : 4,
            "1568669696" : 5,
            "1585446912" : 1,
            "1602224128" : 4,
            "1619001344" : 4,
            "1635778560" : 6,
            "1652555776" : 4,
            "1669332992" : 4,
            "1686110208" : 2,
            "1702887424" : 3,
            "1719664640" : 4,
            "1736441856" : 4,
            "1753219072" : 1,
            "1769996288" : 1,
            "1786773504" : 3,
            "1803550720" : 2,
            "1837105152" : 1,
            "1853882368" : 4,
            "1870659584" : 5,
            "1887436800" : 2,
            "1904214016" : 4,
            "1920991232" : 7,
            "1937768448" : 2,
            "1954545664" : 1,
            "1971322880" : 2,
            "1988100096" : 2,
            "2004877312" : 4,
            "2021654528" : 3,
            "2038431744" : 1,
            "2071986176" : 3,
            "2088763392" : 1,
            "2105540608" : 1,
            "2122317824" : 1,
            "2139095040" : 1,
            "2164260864" : 2,
            "2197815296" : 2,
            "2231369728" : 3,
            "2264924160" : 6,
            "2298478592" : 1,
            "2332033024" : 5,
            "2365587456" : 3,
            "2399141888" : 3,
            "2432696320" : 4,
            "2466250752" : 3,
            "2499805184" : 3,
            "2533359616" : 2,
            "2566914048" : 5,
            "2600468480" : 3,
            "2634022912" : 4,
            "2667577344" : 3,
            "2701131776" : 1,
            "2734686208" : 3,
            "2768240640" : 8,
            "2801795072" : 1,
            "2835349504" : 2,
            "2868903936" : 3,
            "2902458368" : 2,
            "2936012800" : 2,
            "2969567232" : 2,
            "3003121664" : 2,
            "3036676096" : 3,
            "3103784960" : 1,
            "3137339392" : 3,
            "3170893824" : 4,
            "3238002688" : 2,
            "3271557120" : 4,
            "3305111552" : 2,
            "3338665984" : 1,
            "3372220416" : 1,
            "3405774848" : 2,
            "3472883712" : 1,
            "3506438144" : 1,
            "3539992576" : 2,
            "3607101440" : 1,
            "3640655872" : 1,
            "3674210304" : 1,
            "3707764736" : 2,
            "3741319168" : 2,
            "3808428032" : 3,
            "3875536896" : 1,
            "3909091328" : 3,
            "3976200192" : 1,
            "4009754624" : 2,
            "4043309056" : 2,
            "4110417920" : 1,
            "4143972352" : 1,
            "4177526784" : 1,
            "4211081216" : 2,
            "4244635648" : 2,
            "4278190080" : 1,