{
  "fio version" : "fio-3.1",
  "timestamp" : 1555531813,
  "timestamp_ms" : 1555531813952,
  "time" : "Wed Apr 17 20:10:13 2019",
  "global options" : {
    "fallocate" : "none",
    "runtime" : "30",
    "directory" : "/data/fio_write/beegfs-randwrite-64-h2wch",
    "bs" : "2097152",
    "time_based" : "1",
    "ioengine" : "libaio",
    "iodepth" : "8",
    "direct" : "1",
    "buffered" : "0",
    "thread" : "0",
    "group_reporting" : "1",
    "filesize" : "32g",
    "size" : "32g",
    "filename_format" : "$jobnum.dat"
  },
  "jobs" : [
    {
      "jobname" : "fio-job",
      "groupid" : 0,
      "error" : 0,
      "eta" : 0,
      "elapsed" : 31,
      "job options" : {
        "rw" : "randwrite"
      },
      "read" : {
        "io_bytes" : 0,
        "io_kbytes" : 0,
        "bw" : 0,
        "iops" : 0.000000,
        "runtime" : 0,
        "total_ios" : 0,
        "short_ios" : 0,
        "drop_ios" : 0,
        "slat_ns" : {
          "min" : 0,
          "max" : 0,
          "mean" : 0.000000,
          "stddev" : 0.000000
        },
        "clat_ns" : {
          "min" : 0,
          "max" : 0,
          "mean" : 0.000000,
          "stddev" : 0.000000,
          "percentile" : {
            "1.000000" : 0,
            "5.000000" : 0,
            "10.000000" : 0,
            "20.000000" : 0,
            "30.000000" : 0,
            "40.000000" : 0,
            "50.000000" : 0,
            "60.000000" : 0,
            "70.000000" : 0,
            "80.000000" : 0,
            "90.000000" : 0,
            "95.000000" : 0,
            "99.000000" : 0,
            "99.500000" : 0,
            "99.900000" : 0,
            "99.950000" : 0,
            "99.990000" : 0,
            "0.00" : 0,
            "0.00" : 0,
            "0.00" : 0
          },
          "bins" : {

          }
        },
        "lat_ns" : {
          "min" : 0,
          "max" : 0,
          "mean" : 0.000000,
          "stddev" : 0.000000
        },
        "bw_min" : 0,
        "bw_max" : 0,
        "bw_agg" : 0.000000,
        "bw_mean" : 0.000000,
        "bw_dev" : 0.000000,
        "bw_samples" : 0,
        "iops_min" : 0,
        "iops_max" : 0,
        "iops_mean" : 0.000000,
        "iops_stddev" : 0.000000,
        "iops_samples" : 0
      },
      "write" : {
        "io_bytes" : 1665138688,
        "io_kbytes" : 1626112,
        "bw" : 53921,
        "iops" : 26.328879,
        "runtime" : 30157,
        "total_ios" : 794,
        "short_ios" : 0,
        "drop_ios" : 0,
        "slat_ns" : {
          "min" : 926707,
          "max" : 1678258755,
          "mean" : 151466080.996222,
          "stddev" : 271740216.027463
        },
        "clat_ns" : {
          "min" : 5558,
          "max" : 3678275820,
          "mean" : 1030504777.991184,
          "stddev" : 707296620.230438,
          "percentile" : {
            "1.000000" : 54263808,
            "5.000000" : 123207680,
            "10.000000" : 193986560,
            "20.000000" : 375390208,
            "30.000000" : 574619648,
            "40.000000" : 725614592,
            "50.000000" : 952107008,
            "60.000000" : 1115684864,
            "70.000000" : 1317011456,
            "80.000000" : 1602224128,
            "90.000000" : 1937768448,
            "95.000000" : 2264924160,
            "99.000000" : 3305111552,
            "99.500000" : 3439329280,
            "99.900000" : 3674210304,
            "99.950000" : 3674210304,
            "99.990000" : 3674210304,
            "0.00" : 0,
            "0.00" : 0,
            "0.00" : 0
          },
          "bins" : {
            "5536" : 1,
            "5920" : 1,
            "6304" : 1,
            "10432" : 1,
            "44302336" : 1,
            "46923776" : 1,
            "51642368" : 1,
            "54263808" : 1,
            "54788096" : 1,
            "55312384" : 2,
            "55836672" : 1,
            "56360960" : 1,
            "64225280" : 1,
            "67633152" : 3,
            "71827456" : 1,
            "72876032" : 1,
            "73924608" : 3,
            "74973184" : 1,
            "77070336" : 1,
            "78118912" : 1,
            "79167488" : 1,
            "82313216" : 2,
            "87556096" : 1,
            "94896128" : 1,
            "96993280" : 1,
            "99090432" : 1,
            "101187584" : 2,
            "104333312" : 1,
            "106430464" : 2,
            "110624768" : 1,
            "119013376" : 1,
            "123207680" : 1,
            "124256256" : 2,
            "127401984" : 1,
            "141557760" : 4,
            "143654912" : 1,
            "147849216" : 1,
            "152043520" : 4,
            "154140672" : 2,
            "162529280" : 2,
            "164626432" : 2,
            "168820736" : 1,
            "173015040" : 1,
            "175112192" : 1,
            "177209344" : 1,
            "179306496" : 4,
            "181403648" : 3,
            "183500800" : 3,
            "185597952" : 1,
            "187695104" : 3,
            "191889408" : 1,
            "193986560" : 2,
            "196083712" : 1,
            "198180864" : 1,
            "202375168" : 1,
            "212860928" : 1,
            "214958080" : 1,
            "217055232" : 2,
            "219152384" : 2,
            "221249536" : 1,
            "223346688" : 2,
            "225443840" : 4,
            "227540992" : 1,
            "229638144" : 1,
            "231735296" : 1,
            "235929600" : 1,
            "242221056" : 1,
            "246415360" : 1,
            "250609664" : 3,
            "252706816" : 2,
            "256901120" : 1,
            "261095424" : 2,
            "270532608" : 3,
            "274726912" : 3,
            "283115520" : 2,
            "287309824" : 2,
            "291504128" : 2,
            "295698432" : 1,
            "299892736" : 4,
            "308281344" : 4,
            "312475648" : 1,
            "316669952" : 2,
            "320864256" : 2,
            "325058560" : 1,
            "333447168" : 1,
            "337641472" : 2,
            "341835776" : 3,
            "346030080" : 3,
            "350224384" : 3,
            "354418688" : 3,
            "358612992" : 3,
            "367001600" : 1,
            "371195904" : 2,
            "375390208" : 4,
            "383778816" : 2,
            "387973120" : 1,
            "392167424" : 6,
            "396361728" : 3,
            "400556032" : 3,
            "404750336" : 1,
            "408944640" : 2,
            "413138944" : 3,
            "417333248" : 1,
            "421527552" : 1,
            "425721856" : 1,
            "429916160" : 2,
            "442499072" : 1,
            "446693376" : 4,
            "455081984" : 2,
            "459276288" : 3,
            "467664896" : 1,
            "471859200" : 2,
            "476053504" : 3,
            "484442112" : 3,
            "488636416" : 5,
            "497025024" : 2,
            "501219328" : 2,
            "505413632" : 1,
            "509607936" : 2,
            "513802240" : 3,
            "517996544" : 1,
            "522190848" : 1,
            "526385152" : 1,
            "541065216" : 3,
            "549453824" : 4,
            "557842432" : 3,
            "566231040" : 2,
            "574619648" : 8,
            "583008256" : 3,
            "591396864" : 3,
            "599785472" : 3,
            "616562688" : 5,
            "624951296" : 7,
            "633339904" : 6,
            "641728512" : 5,
            "650117120" : 5,
            "658505728" : 4,
            "666894336" : 1,
            "675282944" : 9,
            "683671552" : 4,
            "692060160" : 5,
            "700448768" : 2,
            "708837376" : 2,
            "717225984" : 6,
            "725614592" : 7,
            "734003200" : 5,
            "742391808" : 2,
            "750780416" : 4,
            "759169024" : 4,
            "767557632" : 3,
            "775946240" : 1,
            "784334848" : 5,
            "792723456" : 4,