{
  "fio version" : "fio-3.1",
  "timestamp" : 1556725445,
  "timestamp_ms" : 1556725445262,
  "time" : "Wed May  1 15:44:05 2019",
  "global options" : {
    "fallocate" : "none",
    "runtime" : "30",
    "directory" : "data/fio_write/beegfs-randwrite-8-2nqvn",
    "bs" : "1048576",
    "time_based" : "1",
    "ioengine" : "libaio",
    "iodepth" : "8",
    "direct" : "1",
    "buffered" : "0",
    "thread" : "0",
    "group_reporting" : "1",
    "filesize" : "32g",
    "size" : "32g",
    "filename_format" : "$jobnum.dat"
  },
  "jobs" : [
    {
      "jobname" : "fio-job",
      "groupid" : 0,
      "error" : 0,
      "eta" : 0,
      "elapsed" : 31,
      "job options" : {
        "rw" : "randwrite"
      },
      "read" : {
        "io_bytes" : 0,
        "io_kbytes" : 0,
        "bw" : 0,
        "iops" : 0.000000,
        "runtime" : 0,
        "total_ios" : 0,
        "short_ios" : 0,
        "drop_ios" : 0,
        "slat_ns" : {
          "min" : 0,
          "max" : 0,
          "mean" : 0.000000,
          "stddev" : 0.000000
        },
        "clat_ns" : {
          "min" : 0,
          "max" : 0,
          "mean" : 0.000000,
          "stddev" : 0.000000,
          "percentile" : {
            "1.000000" : 0,
            "5.000000" : 0,
            "10.000000" : 0,
            "20.000000" : 0,
            "30.000000" : 0,
            "40.000000" : 0,
            "50.000000" : 0,
            "60.000000" : 0,
            "70.000000" : 0,
            "80.000000" : 0,
            "90.000000" : 0,
            "95.000000" : 0,
            "99.000000" : 0,
            "99.500000" : 0,
            "99.900000" : 0,
            "99.950000" : 0,
            "99.990000" : 0,
            "0.00" : 0,
            "0.00" : 0,
            "0.00" : 0
          },
          "bins" : {

          }
        },
        "lat_ns" : {
          "min" : 0,
          "max" : 0,
          "mean" : 0.000000,
          "stddev" : 0.000000
        },
        "bw_min" : 0,
        "bw_max" : 0,
        "bw_agg" : 0.000000,
        "bw_mean" : 0.000000,
        "bw_dev" : 0.000000,
        "bw_samples" : 0,
        "iops_min" : 0,
        "iops_max" : 0,
        "iops_mean" : 0.000000,
        "iops_stddev" : 0.000000,
        "iops_samples" : 0
      },
      "write" : {
        "io_bytes" : 13301186560,
        "io_kbytes" : 12989440,
        "bw" : 432923,
        "iops" : 422.776963,
        "runtime" : 30004,
        "total_ios" : 12685,
        "short_ios" : 0,
        "drop_ios" : 0,
        "slat_ns" : {
          "min" : 575399,
          "max" : 75780449,
          "mean" : 9455238.640993,
          "stddev" : 10340625.082219
        },
        "clat_ns" : {
          "min" : 2316,
          "max" : 181510169,
          "mean" : 66148553.646512,
          "stddev" : 30827904.956904,
          "percentile" : {
            "1.000000" : 8716288,
            "5.000000" : 15663104,
            "10.000000" : 27918336,
            "20.000000" : 38010880,
            "30.000000" : 47972352,
            "40.000000" : 56360960,
            "50.000000" : 64749568,
            "60.000000" : 72876032,
            "70.000000" : 82313216,
            "80.000000" : 92798976,
            "90.000000" : 107479040,
            "95.000000" : 119013376,
            "99.000000" : 141557760,
            "99.500000" : 149946368,
            "99.900000" : 168820736,
            "99.950000" : 170917888,
            "99.990000" : 177209344,
            "0.00" : 0,
            "0.00" : 0,
            "0.00" : 0
          },
          "bins" : {
            "2320" : 1,
            "2864" : 1,
            "4320" : 2,
            "3522560" : 1,
            "4882432" : 1,
            "5079040" : 1,
            "5210112" : 2,
            "5275648" : 1,
            "5406720" : 3,
            "5472256" : 2,
            "5668864" : 3,
            "5734400" : 1,
            "5865472" : 2,
            "5931008" : 3,
            "5996544" : 4,
            "6062080" : 1,
            "6127616" : 5,
            "6193152" : 3,
            "6258688" : 2,
            "6324224" : 1,
            "6389760" : 2,
            "6520832" : 1,
            "6651904" : 1,
            "6717440" : 1,
            "6782976" : 1,
            "6848512" : 5,
            "6914048" : 1,
            "6979584" : 5,
            "7045120" : 6,
            "7110656" : 3,
            "7176192" : 3,
            "7241728" : 3,
            "7307264" : 2,
            "7438336" : 3,
            "7503872" : 3,
            "7634944" : 1,
            "7700480" : 2,
            "7766016" : 6,
            "7831552" : 4,
            "7897088" : 2,
            "7962624" : 1,
            "8028160" : 3,
            "8093696" : 1,
            "8159232" : 1,
            "8224768" : 3,
            "8290304" : 1,
            "8355840" : 4,
            "8454144" : 10,
            "8585216" : 5,
            "8716288" : 10,
            "8847360" : 12,
            "8978432" : 11,
            "9109504" : 4,
            "9240576" : 7,
            "9371648" : 12,
            "9502720" : 10,
            "9633792" : 7,
            "9764864" : 5,
            "9895936" : 8,
            "10027008" : 5,
            "10158080" : 6,
            "10289152" : 16,
            "10420224" : 8,
            "10551296" : 11,
            "10682368" : 14,
            "10813440" : 10,
            "10944512" : 8,
            "11075584" : 10,
            "11206656" : 7,
            "11337728" : 8,
            "11468800" : 6,
            "11599872" : 12,
            "11730944" : 7,
            "11862016" : 9,
            "11993088" : 13,
            "12124160" : 12,
            "12255232" : 8,
            "12386304" : 12,
            "12517376" : 6,
            "12648448" : 2,
            "12779520" : 10,
            "12910592" : 14,
            "13041664" : 13,
            "13172736" : 6,
            "13303808" : 9,
            "13434880" : 15,
            "13565952" : 14,
            "13697024" : 10,
            "13828096" : 10,
            "13959168" : 11,
            "14090240" : 10,
            "14221312" : 7,
            "14352384" : 6,
            "14483456" : 14,
            "14614528" : 11,
            "14745600" : 12,
            "14876672" : 9,
            "15007744" : 13,
            "15138816" : 11,
            "15269888" : 6,
            "15400960" : 7,
            "15532032" : 15,
            "15663104" : 8,
            "15794176" : 9,
            "15925248" : 7,
            "16056320" : 10,
            "16187392" : 5,
            "16318464" : 11,
            "16449536" : 9,
            "16580608" : 5,
            "16711680" : 10,
            "16908288" : 17,
            "17170432" : 29,
            "17432576" : 17,
            "17694720" : 18,
            "17956864" : 13,
            "18219008" : 9,
            "18481152" : 18,
            "18743296" : 16,
            "19005440" : 11,
            "19267584" : 13,
            "19529728" : 18,
            "19791872" : 21,
            "20054016" : 11,
            "20316160" : 11,
            "20578304" : 8,
            "20840448" : 7,
            "21102592" : 13,
            "21364736" : 18,
            "21626880" : 11,
            "21889024" : 14,
            "22151168" : 15,
            "22413312" : 10,
            "22675456" : 13,
            "22937600" : 10,
            "23199744" : 10,
            "23461888" : 6,
            "23724032" : 12,
            "23986176" : 2,
            "24248320" : 15,
            "24510464" : 12,
            "24772608" : 12,
            "25034752" : 6,
            "25296896" : 15,
            "25559040" : 19,
            "25821184" : 11,
            "26083328" : 15,
            "26345472" : 11,
            "26607616" : 14,
            "26869760" : 15,
            "27131904" : 20,
            "27394048" : 11,
            "27656192" : 13,
            "27918336" : 23,
            "28180480" : 17,
            "28442624" : 25,
            "28704768" : 17,