{
  "fio version" : "fio-3.1",
  "timestamp" : 1556725571,
  "timestamp_ms" : 1556725571634,
  "time" : "Wed May  1 15:46:11 2019",
  "global options" : {
    "fallocate" : "none",
    "runtime" : "30",
    "directory" : "data/fio_write/beegfs-randwrite-8-2nqvn",
    "bs" : "16777216",
    "time_based" : "1",
    "ioengine" : "libaio",
    "iodepth" : "8",
    "direct" : "1",
    "buffered" : "0",
    "thread" : "0",
    "group_reporting" : "1",
    "filesize" : "32g",
    "size" : "32g",
    "filename_format" : "$jobnum.dat"
  },
  "jobs" : [
    {
      "jobname" : "fio-job",
      "groupid" : 0,
      "error" : 0,
      "eta" : 0,
      "elapsed" : 31,
      "job options" : {
        "rw" : "randwrite"
      },
      "read" : {
        "io_bytes" : 0,
        "io_kbytes" : 0,
        "bw" : 0,
        "iops" : 0.000000,
        "runtime" : 0,
        "total_ios" : 0,
        "short_ios" : 0,
        "drop_ios" : 0,
        "slat_ns" : {
          "min" : 0,
          "max" : 0,
          "mean" : 0.000000,
          "stddev" : 0.000000
        },
        "clat_ns" : {
          "min" : 0,
          "max" : 0,
          "mean" : 0.000000,
          "stddev" : 0.000000,
          "percentile" : {
            "1.000000" : 0,
            "5.000000" : 0,
            "10.000000" : 0,
            "20.000000" : 0,
            "30.000000" : 0,
            "40.000000" : 0,
            "50.000000" : 0,
            "60.000000" : 0,
            "70.000000" : 0,
            "80.000000" : 0,
            "90.000000" : 0,
            "95.000000" : 0,
            "99.000000" : 0,
            "99.500000" : 0,
            "99.900000" : 0,
            "99.950000" : 0,
            "99.990000" : 0,
            "0.00" : 0,
            "0.00" : 0,
            "0.00" : 0
          },
          "bins" : {

          }
        },
        "lat_ns" : {
          "min" : 0,
          "max" : 0,
          "mean" : 0.000000,
          "stddev" : 0.000000
        },
        "bw_min" : 0,
        "bw_max" : 0,
        "bw_agg" : 0.000000,
        "bw_mean" : 0.000000,
        "bw_dev" : 0.000000,
        "bw_samples" : 0,
        "iops_min" : 0,
        "iops_max" : 0,
        "iops_mean" : 0.000000,
        "iops_stddev" : 0.000000,
        "iops_samples" : 0
      },
      "write" : {
        "io_bytes" : 9932111872,
        "io_kbytes" : 9699328,
        "bw" : 322515,
        "iops" : 19.684778,
        "runtime" : 30074,
        "total_ios" : 592,
        "short_ios" : 0,
        "drop_ios" : 0,
        "slat_ns" : {
          "min" : 57935444,
          "max" : 301142690,
          "mean" : 202984146.015203,
          "stddev" : 36166472.585528
        },
        "clat_ns" : {
          "min" : 4321,
          "max" : 1740583154,
          "mean" : 1386612377.719594,
          "stddev" : 251610225.420192,
          "percentile" : {
            "1.000000" : 132644864,
            "5.000000" : 960495616,
            "10.000000" : 1132462080,
            "20.000000" : 1333788672,
            "30.000000" : 1384120320,
            "40.000000" : 1417674752,
            "50.000000" : 1434451968,
            "60.000000" : 1468006400,
            "70.000000" : 1484783616,
            "80.000000" : 1535115264,
            "90.000000" : 1585446912,
            "95.000000" : 1619001344,
            "99.000000" : 1669332992,
            "99.500000" : 1702887424,
            "99.900000" : 1736441856,
            "99.950000" : 1736441856,
            "99.990000" : 1736441856,
            "0.00" : 0,
            "0.00" : 0,
            "0.00" : 0
          },
          "bins" : {
            "4320" : 1,
            "5152" : 1,
            "7264" : 1,
            "7328" : 1,
            "57933824" : 1,
            "132644864" : 1,
            "152043520" : 1,
            "191889408" : 1,
            "261095424" : 1,
            "274726912" : 1,
            "350224384" : 1,
            "387973120" : 1,
            "400556032" : 1,
            "484442112" : 1,
            "522190848" : 1,
            "530579456" : 1,
            "616562688" : 1,
            "641728512" : 1,
            "734003200" : 1,
            "750780416" : 1,
            "759169024" : 1,
            "767557632" : 1,
            "893386752" : 2,
            "901775360" : 1,
            "910163968" : 1,
            "926941184" : 1,
            "952107008" : 2,
            "960495616" : 1,
            "968884224" : 1,
            "977272832" : 1,
            "985661440" : 2,
            "1010827264" : 1,
            "1027604480" : 4,
            "1052770304" : 4,
            "1061158912" : 1,
            "1069547520" : 2,
            "1082130432" : 3,
            "1098907648" : 8,
            "1115684864" : 2,
            "1132462080" : 1,
            "1149239296" : 4,
            "1166016512" : 3,
            "1182793728" : 3,
            "1199570944" : 2,
            "1216348160" : 4,
            "1233125376" : 3,
            "1249902592" : 3,
            "1283457024" : 4,
            "1300234240" : 5,
            "1317011456" : 20,
            "1333788672" : 14,
            "1350565888" : 10,
            "1367343104" : 20,
            "1384120320" : 29,
            "1400897536" : 36,
            "1417674752" : 44,
            "1434451968" : 47,
            "1451229184" : 33,
            "1468006400" : 47,
            "1484783616" : 28,
            "1501560832" : 29,
            "1518338048" : 20,
            "1535115264" : 27,
            "1551892480" : 17,
            "1568669696" : 13,
            "1585446912" : 21,
            "1602224128" : 12,
            "1619001344" : 11,
            "1635778560" : 9,
            "1652555776" : 6,
            "1669332992" : 3,
            "1686110208" : 1,
            "1702887424" : 2,
            "1736441856" : 2
          }
        },
        "lat_ns" : {
          "min" : 57940634,
          "max" : 1968640120,
          "mean" : 1589598058.525338,
          "stddev" : 265877201.112086
        },
        "bw_min" : 32702,
        "bw_max" : 131072,
        "bw_agg" : 24.734477,
        "bw_mean" : 79772.400000,
        "bw_dev" : 18180.650594,
        "bw_samples" : 230,
        "iops_min" : 1,
        "iops_max" : 8,
        "iops_mean" : 4.804348,
        "iops_stddev" : 1.133445,
        "iops_samples" : 230
      },
      "trim" : {
        "io_bytes" : 0,
        "io_kbytes" : 0,
        "bw" : 0,
        "iops" : 0.000000,
        "runtime" : 0,
        "total_ios" : 0,
        "short_ios" : 0,
        "drop_ios" : 0,
        "slat_ns" : {
          "min" : 0,
          "max" : 0,
          "mean" : 0.000000,
          "stddev" : 0.000000
        },
        "clat_ns" : {
          "min" : 0,
          "max" : 0,
          "mean" : 0.000000,
          "stddev" : 0.000000,
          "percentile" : {
            "1.000000" : 0,
            "5.000000" : 0,
            "10.000000" : 0,
            "20.000000" : 0,
            "30.000000" : 0,
            "40.000000" : 0,
            "50.000000" : 0,
            "60.000000" : 0,
            "70.000000" : 0,
            "80.000000" : 0,
            "90.000000" : 0,
            "95.000000" : 0,
            "99.000000" : 0,
            "99.500000" : 0,
            "99.900000" : 0,
            "99.950000" : 0,
            "99.990000" : 0,
            "0.00" : 0,
            "0.00" : 0,
            "0.00" : 0
          },
          "bins" : {

          }
        },
        "lat_ns" : {
          "min" : 0,
          "max" : 0,
          "mean" : 0.000000,
          "stddev" : 0.000000
        },
        "bw_min" : 0,
        "bw_max" : 0,
        "bw_agg" : 0.000000,
        "bw_mean" : 0.000000,
        "bw_dev" : 0.000000,
        "bw_samples" : 0,
        "iops_min" : 0,
        "iops_max" : 0,
        "iops_mean" : 0.000000,
        "iops_stddev" : 0.000000,
        "iops_samples" : 0
      },
      "usr_cpu" : 0.486806,
      "sys_cpu" : 3.666442,
      "ctx" : 190544,
      "majf" : 0,
      "minf" : 2434,