{
  "fio version" : "fio-3.1",
  "timestamp" : 1556099330,
  "timestamp_ms" : 1556099330177,
  "time" : "Wed Apr 24 09:48:50 2019",
  "global options" : {
    "fallocate" : "none",
    "runtime" : "30",
    "directory" : "data/fio_write/beegfs-write-64-2qs7n",
    "bs" : "8192",
    "time_based" : "1",
    "ioengine" : "libaio",
    "iodepth" : "8",
    "direct" : "1",
    "buffered" : "0",
    "thread" : "0",
    "group_reporting" : "1",
    "filesize" : "32g",
    "size" : "32g",
    "filename_format" : "$jobnum.dat"
  },
  "jobs" : [
    {
      "jobname" : "fio-job",
      "groupid" : 0,
      "error" : 0,
      "eta" : 0,
      "elapsed" : 31,
      "job options" : {
        "rw" : "write"
      },
      "read" : {
        "io_bytes" : 0,
        "io_kbytes" : 0,
        "bw" : 0,
        "iops" : 0.000000,
        "runtime" : 0,
        "total_ios" : 0,
        "short_ios" : 0,
        "drop_ios" : 0,
        "slat_ns" : {
          "min" : 0,
          "max" : 0,
          "mean" : 0.000000,
          "stddev" : 0.000000
        },
        "clat_ns" : {
          "min" : 0,
          "max" : 0,
          "mean" : 0.000000,
          "stddev" : 0.000000,
          "percentile" : {
            "1.000000" : 0,
            "5.000000" : 0,
            "10.000000" : 0,
            "20.000000" : 0,
            "30.000000" : 0,
            "40.000000" : 0,
            "50.000000" : 0,
            "60.000000" : 0,
            "70.000000" : 0,
            "80.000000" : 0,
            "90.000000" : 0,
            "95.000000" : 0,
            "99.000000" : 0,
            "99.500000" : 0,
            "99.900000" : 0,
            "99.950000" : 0,
            "99.990000" : 0,
            "0.00" : 0,
            "0.00" : 0,
            "0.00" : 0
          },
          "bins" : {

          }
        },
        "lat_ns" : {
          "min" : 0,
          "max" : 0,
          "mean" : 0.000000,
          "stddev" : 0.000000
        },
        "bw_min" : 0,
        "bw_max" : 0,
        "bw_agg" : 0.000000,
        "bw_mean" : 0.000000,
        "bw_dev" : 0.000000,
        "bw_samples" : 0,
        "iops_min" : 0,
        "iops_max" : 0,
        "iops_mean" : 0.000000,
        "iops_stddev" : 0.000000,
        "iops_samples" : 0
      },
      "write" : {
        "io_bytes" : 2082971648,
        "io_kbytes" : 2034152,
        "bw" : 67802,
        "iops" : 8475.350822,
        "runtime" : 30001,
        "total_ios" : 254269,
        "short_ios" : 0,
        "drop_ios" : 0,
        "slat_ns" : {
          "min" : 72471,
          "max" : 206419177,
          "mean" : 464527.253369,
          "stddev" : 2693769.225760
        },
        "clat_ns" : {
          "min" : 5044,
          "max" : 209994752,
          "mean" : 3292739.816352,
          "stddev" : 7152138.664678,
          "percentile" : {
            "1.000000" : 1155072,
            "5.000000" : 1400832,
            "10.000000" : 1515520,
            "20.000000" : 1679360,
            "30.000000" : 1925120,
            "40.000000" : 2310144,
            "50.000000" : 2703360,
            "60.000000" : 3031040,
            "70.000000" : 3391488,
            "80.000000" : 3850240,
            "90.000000" : 4620288,
            "95.000000" : 5537792,
            "99.000000" : 10158080,
            "99.500000" : 14876672,
            "99.900000" : 154140672,
            "99.950000" : 170917888,
            "99.990000" : 202375168,
            "0.00" : 0,
            "0.00" : 0,
            "0.00" : 0
          },
          "bins" : {
            "5024" : 1,
            "5280" : 1,
            "5472" : 1,
            "5728" : 1,
            "127488" : 1,
            "173056" : 1,
            "179200" : 1,
            "254976" : 1,
            "305152" : 1,
            "346112" : 1,
            "354304" : 1,
            "452608" : 1,
            "481280" : 1,
            "505856" : 1,
            "514048" : 1,
            "610304" : 1,
            "634880" : 1,
            "667648" : 1,
            "716800" : 1,
            "741376" : 1,
            "790528" : 2,
            "798720" : 10,
            "806912" : 22,
            "815104" : 36,
            "823296" : 29,
            "831488" : 41,
            "839680" : 43,
            "847872" : 44,
            "856064" : 27,
            "864256" : 25,
            "872448" : 25,
            "880640" : 24,
            "888832" : 19,
            "897024" : 33,
            "905216" : 25,
            "913408" : 18,
            "921600" : 32,
            "929792" : 23,
            "937984" : 34,
            "946176" : 47,
            "954368" : 35,
            "962560" : 68,
            "970752" : 34,
            "978944" : 53,
            "987136" : 40,
            "995328" : 54,
            "1003520" : 53,
            "1011712" : 50,
            "1019904" : 62,
            "1028096" : 66,
            "1036288" : 62,
            "1044480" : 85,
            "1056768" : 120,
            "1073152" : 168,
            "1089536" : 191,
            "1105920" : 218,
            "1122304" : 193,
            "1138688" : 228,
            "1155072" : 261,
            "1171456" : 267,
            "1187840" : 296,
            "1204224" : 337,
            "1220608" : 372,
            "1236992" : 460,
            "1253376" : 500,
            "1269760" : 648,
            "1286144" : 671,
            "1302528" : 800,
            "1318912" : 865,
            "1335296" : 984,
            "1351680" : 1036,
            "1368064" : 1131,
            "1384448" : 1326,
            "1400832" : 1338,
            "1417216" : 1439,
            "1433600" : 1602,
            "1449984" : 1734,
            "1466368" : 1883,
            "1482752" : 2069,
            "1499136" : 2104,
            "1515520" : 2209,
            "1531904" : 2346,
            "1548288" : 2443,
            "1564672" : 2441,
            "1581056" : 2555,
            "1597440" : 2530,
            "1613824" : 2598,
            "1630208" : 2527,
            "1646592" : 2489,
            "1662976" : 2483,
            "1679360" : 2344,
            "1695744" : 2315,
            "1712128" : 2201,
            "1728512" : 2046,
            "1744896" : 1998,
            "1761280" : 1879,
            "1777664" : 1795,
            "1794048" : 1712,
            "1810432" : 1664,
            "1826816" : 1543,
            "1843200" : 1464,
            "1859584" : 1427,
            "1875968" : 1359,
            "1892352" : 1396,
            "1908736" : 1282,
            "1925120" : 1256,
            "1941504" : 1181,
            "1957888" : 1113,
            "1974272" : 1149,
            "1990656" : 1167,
            "2007040" : 1153,
            "2023424" : 1116,
            "2039808" : 1116,
            "2056192" : 1061,
            "2072576" : 1029,
            "2088960" : 1018,
            "2113536" : 2157,
            "2146304" : 2209,
            "2179072" : 2142,
            "2211840" : 2039,
            "2244608" : 2062,
            "2277376" : 2059,
            "2310144" : 2007,
            "2342912" : 2082,
            "2375680" : 2072,
            "2408448" : 2051,
            "2441216" : 2071,
            "2473984" : 2078,
            "2506752" : 2093,
            "2539520" : 2084,
            "2572288" : 2244,
            "2605056" : 2186,
            "2637824" : 2212,
            "2670592" : 2257,
            "2703360" : 2309,
            "2736128" : 2157,
            "2768896" : 2315,
            "2801664" : 2392,
            "2834432" : 2447,
            "2867200" : 2571,
            "2899968" : 2624,
            "2932736" : 2465,
            "2965504" : 2688,
            "2998272" : 2675,
            "3031040" : 2583,
            "3063808" : 2501,
            "3096576" : 2457,
            "3129344" : 2533,
            "3162112" : 2513,
            "3194880" : 2452,
            "3227648" : 2452,
            "3260416" : 2397,
            "3293184" : 2379,
            "3325952" : 2290,
            "3358720" : 2242,