{
  "fio version" : "fio-3.1",
  "timestamp" : 1556099223,
  "timestamp_ms" : 1556099223280,
  "time" : "Wed Apr 24 09:47:03 2019",
  "global options" : {
    "fallocate" : "none",
    "runtime" : "30",
    "directory" : "data/fio_write/beegfs-write-64-mb5cb",
    "bs" : "1024",
    "time_based" : "1",
    "ioengine" : "libaio",
    "iodepth" : "8",
    "direct" : "1",
    "buffered" : "0",
    "thread" : "0",
    "group_reporting" : "1",
    "filesize" : "32g",
    "size" : "32g",
    "filename_format" : "$jobnum.dat"
  },
  "jobs" : [
    {
      "jobname" : "fio-job",
      "groupid" : 0,
      "error" : 0,
      "eta" : 0,
      "elapsed" : 31,
      "job options" : {
        "rw" : "write"
      },
      "read" : {
        "io_bytes" : 0,
        "io_kbytes" : 0,
        "bw" : 0,
        "iops" : 0.000000,
        "runtime" : 0,
        "total_ios" : 0,
        "short_ios" : 0,
        "drop_ios" : 0,
        "slat_ns" : {
          "min" : 0,
          "max" : 0,
          "mean" : 0.000000,
          "stddev" : 0.000000
        },
        "clat_ns" : {
          "min" : 0,
          "max" : 0,
          "mean" : 0.000000,
          "stddev" : 0.000000,
          "percentile" : {
            "1.000000" : 0,
            "5.000000" : 0,
            "10.000000" : 0,
            "20.000000" : 0,
            "30.000000" : 0,
            "40.000000" : 0,
            "50.000000" : 0,
            "60.000000" : 0,
            "70.000000" : 0,
            "80.000000" : 0,
            "90.000000" : 0,
            "95.000000" : 0,
            "99.000000" : 0,
            "99.500000" : 0,
            "99.900000" : 0,
            "99.950000" : 0,
            "99.990000" : 0,
            "0.00" : 0,
            "0.00" : 0,
            "0.00" : 0
          },
          "bins" : {

          }
        },
        "lat_ns" : {
          "min" : 0,
          "max" : 0,
          "mean" : 0.000000,
          "stddev" : 0.000000
        },
        "bw_min" : 0,
        "bw_max" : 0,
        "bw_agg" : 0.000000,
        "bw_mean" : 0.000000,
        "bw_dev" : 0.000000,
        "bw_samples" : 0,
        "iops_min" : 0,
        "iops_max" : 0,
        "iops_mean" : 0.000000,
        "iops_stddev" : 0.000000,
        "iops_samples" : 0
      },
      "write" : {
        "io_bytes" : 706780160,
        "io_kbytes" : 690215,
        "bw" : 23006,
        "iops" : 23006.399787,
        "runtime" : 30001,
        "total_ios" : 690215,
        "short_ios" : 0,
        "drop_ios" : 0,
        "slat_ns" : {
          "min" : 31208,
          "max" : 15401508,
          "mean" : 167960.198267,
          "stddev" : 177527.943128
        },
        "clat_ns" : {
          "min" : 5469,
          "max" : 16862606,
          "mean" : 1218622.496221,
          "stddev" : 697649.369833,
          "percentile" : {
            "1.000000" : 552960,
            "5.000000" : 643072,
            "10.000000" : 708608,
            "20.000000" : 765952,
            "30.000000" : 815104,
            "40.000000" : 864256,
            "50.000000" : 946176,
            "60.000000" : 1105920,
            "70.000000" : 1351680,
            "80.000000" : 1613824,
            "90.000000" : 1974272,
            "95.000000" : 2473984,
            "99.000000" : 3883008,
            "99.500000" : 4489216,
            "99.900000" : 6455296,
            "99.950000" : 7372800,
            "99.990000" : 11599872,
            "0.00" : 0,
            "0.00" : 0,
            "0.00" : 0
          },
          "bins" : {
            "5472" : 2,
            "5536" : 1,
            "5664" : 1,
            "85504" : 1,
            "87552" : 1,
            "104960" : 1,
            "122368" : 1,
            "173056" : 1,
            "189440" : 1,
            "205824" : 1,
            "228352" : 1,
            "292864" : 1,
            "313344" : 1,
            "317440" : 1,
            "329728" : 1,
            "391168" : 1,
            "407552" : 2,
            "411648" : 1,
            "415744" : 5,
            "419840" : 7,
            "423936" : 12,
            "428032" : 5,
            "432128" : 10,
            "436224" : 9,
            "440320" : 29,
            "444416" : 32,
            "448512" : 23,
            "452608" : 26,
            "456704" : 39,
            "460800" : 43,
            "464896" : 59,
            "468992" : 61,
            "473088" : 66,
            "477184" : 94,
            "481280" : 142,
            "485376" : 147,
            "489472" : 153,
            "493568" : 161,
            "497664" : 200,
            "501760" : 272,
            "505856" : 243,
            "509952" : 264,
            "514048" : 323,
            "518144" : 357,
            "522240" : 430,
            "528384" : 928,
            "536576" : 1108,
            "544768" : 1293,
            "552960" : 1471,
            "561152" : 1629,
            "569344" : 1744,
            "577536" : 1830,
            "585728" : 2033,
            "593920" : 2240,
            "602112" : 2324,
            "610304" : 2528,
            "618496" : 2718,
            "626688" : 2926,
            "634880" : 3203,
            "643072" : 3337,
            "651264" : 3665,
            "659456" : 3984,
            "667648" : 4265,
            "675840" : 4738,
            "684032" : 4974,
            "692224" : 5777,
            "700416" : 6225,
            "708608" : 6790,
            "716800" : 7541,
            "724992" : 8089,
            "733184" : 8924,
            "741376" : 9529,
            "749568" : 10223,
            "757760" : 11226,
            "765952" : 11440,
            "774144" : 12011,
            "782336" : 12491,
            "790528" : 12761,
            "798720" : 12831,
            "806912" : 12590,
            "815104" : 12209,
            "823296" : 12074,
            "831488" : 11269,
            "839680" : 10936,
            "847872" : 10369,
            "856064" : 9813,
            "864256" : 9184,
            "872448" : 8656,
            "880640" : 8265,
            "888832" : 7691,
            "897024" : 7296,
            "905216" : 6734,
            "913408" : 6427,
            "921600" : 6096,
            "929792" : 5587,
            "937984" : 5393,
            "946176" : 5013,
            "954368" : 4741,
            "962560" : 4537,
            "970752" : 4376,
            "978944" : 4185,
            "987136" : 4052,
            "995328" : 3902,
            "1003520" : 3776,
            "1011712" : 3764,
            "1019904" : 3497,
            "1028096" : 3375,
            "1036288" : 3258,
            "1044480" : 3151,
            "1056768" : 6091,
            "1073152" : 5751,
            "1089536" : 5449,
            "1105920" : 5238,
            "1122304" : 5084,
            "1138688" : 4914,
            "1155072" : 4836,
            "1171456" : 4783,
            "1187840" : 4690,
            "1204224" : 4519,
            "1220608" : 4508,
            "1236992" : 4486,
            "1253376" : 4243,
            "1269760" : 4149,
            "1286144" : 4252,
            "1302528" : 4167,
            "1318912" : 4217,
            "1335296" : 4248,
            "1351680" : 4081,
            "1368064" : 3982,
            "1384448" : 3961,
            "1400832" : 4003,
            "1417216" : 4093,
            "1433600" : 3980,
            "1449984" : 3900,
            "1466368" : 4111,
            "1482752" : 3997,
            "1499136" : 4222,
            "1515520" : 4362,
            "1531904" : 4495,
            "1548288" : 4725,
            "1564672" : 5016,
            "1581056" : 4874,
            "1597440" : 4868,
            "1613824" : 4899,
            "1630208" : 4881,
            "1646592" : 4675,
            "1662976" : 4627,
            "1679360" : 4274,
            "1695744" : 4226,
            "1712128" : 4068,
            "1728512" : 3690,
            "1744896" : 3621,
            "1761280" : 3424,
            "1777664" : 3272,
            "1794048" : 3040,