{
  "fio version" : "fio-3.1",
  "timestamp" : 1555517605,
  "timestamp_ms" : 1555517605400,
  "time" : "Wed Apr 17 16:13:25 2019",
  "global options" : {
    "fallocate" : "none",
    "runtime" : "30",
    "directory" : "/data/fio_write/beegfs-write-64-xq86k",
    "bs" : "131072",
    "time_based" : "1",
    "ioengine" : "libaio",
    "iodepth" : "8",
    "direct" : "1",
    "buffered" : "0",
    "thread" : "0",
    "group_reporting" : "1",
    "filesize" : "32g",
    "size" : "32g",
    "filename_format" : "$jobnum.dat"
  },
  "jobs" : [
    {
      "jobname" : "fio-job",
      "groupid" : 0,
      "error" : 0,
      "eta" : 0,
      "elapsed" : 31,
      "job options" : {
        "rw" : "write"
      },
      "read" : {
        "io_bytes" : 0,
        "io_kbytes" : 0,
        "bw" : 0,
        "iops" : 0.000000,
        "runtime" : 0,
        "total_ios" : 0,
        "short_ios" : 0,
        "drop_ios" : 0,
        "slat_ns" : {
          "min" : 0,
          "max" : 0,
          "mean" : 0.000000,
          "stddev" : 0.000000
        },
        "clat_ns" : {
          "min" : 0,
          "max" : 0,
          "mean" : 0.000000,
          "stddev" : 0.000000,
          "percentile" : {
            "1.000000" : 0,
            "5.000000" : 0,
            "10.000000" : 0,
            "20.000000" : 0,
            "30.000000" : 0,
            "40.000000" : 0,
            "50.000000" : 0,
            "60.000000" : 0,
            "70.000000" : 0,
            "80.000000" : 0,
            "90.000000" : 0,
            "95.000000" : 0,
            "99.000000" : 0,
            "99.500000" : 0,
            "99.900000" : 0,
            "99.950000" : 0,
            "99.990000" : 0,
            "0.00" : 0,
            "0.00" : 0,
            "0.00" : 0
          },
          "bins" : {

          }
        },
        "lat_ns" : {
          "min" : 0,
          "max" : 0,
          "mean" : 0.000000,
          "stddev" : 0.000000
        },
        "bw_min" : 0,
        "bw_max" : 0,
        "bw_agg" : 0.000000,
        "bw_mean" : 0.000000,
        "bw_dev" : 0.000000,
        "bw_samples" : 0,
        "iops_min" : 0,
        "iops_max" : 0,
        "iops_mean" : 0.000000,
        "iops_stddev" : 0.000000,
        "iops_samples" : 0
      },
      "write" : {
        "io_bytes" : 2495348736,
        "io_kbytes" : 2436864,
        "bw" : 81223,
        "iops" : 634.557696,
        "runtime" : 30002,
        "total_ios" : 19038,
        "short_ios" : 0,
        "drop_ios" : 0,
        "slat_ns" : {
          "min" : 913541,
          "max" : 929610060,
          "mean" : 6278506.488549,
          "stddev" : 18380042.836977
        },
        "clat_ns" : {
          "min" : 4547,
          "max" : 945875896,
          "mean" : 44003619.580996,
          "stddev" : 46102663.345357,
          "percentile" : {
            "1.000000" : 9895936,
            "5.000000" : 13959168,
            "10.000000" : 19791872,
            "20.000000" : 26345472,
            "30.000000" : 31064064,
            "40.000000" : 34865152,
            "50.000000" : 38010880,
            "60.000000" : 41680896,
            "70.000000" : 45350912,
            "80.000000" : 50593792,
            "90.000000" : 60555264,
            "95.000000" : 74973184,
            "99.000000" : 229638144,
            "99.500000" : 379584512,
            "99.900000" : 583008256,
            "99.950000" : 926941184,
            "99.990000" : 943718400,
            "0.00" : 0,
            "0.00" : 0,
            "0.00" : 0
          },
          "bins" : {
            "4576" : 1,
            "5536" : 1,
            "5728" : 1,
            "7776" : 1,
            "1318912" : 1,
            "1597440" : 1,
            "1794048" : 1,
            "2023424" : 1,
            "2932736" : 1,
            "3096576" : 1,
            "3162112" : 1,
            "3588096" : 1,
            "4423680" : 1,
            "4685824" : 1,
            "4751360" : 1,
            "5144576" : 1,
            "6258688" : 1,
            "6848512" : 2,
            "6979584" : 1,
            "7897088" : 1,
            "7962624" : 1,
            "8028160" : 2,
            "8093696" : 2,
            "8224768" : 2,
            "8290304" : 2,
            "8355840" : 4,
            "8454144" : 3,
            "8585216" : 10,
            "8716288" : 9,
            "8847360" : 10,
            "8978432" : 13,
            "9109504" : 13,
            "9240576" : 14,
            "9371648" : 11,
            "9502720" : 14,
            "9633792" : 25,
            "9764864" : 15,
            "9895936" : 20,
            "10027008" : 25,
            "10158080" : 28,
            "10289152" : 28,
            "10420224" : 16,
            "10551296" : 13,
            "10682368" : 27,
            "10813440" : 22,
            "10944512" : 24,
            "11075584" : 33,
            "11206656" : 26,
            "11337728" : 29,
            "11468800" : 25,
            "11599872" : 28,
            "11730944" : 25,
            "11862016" : 30,
            "11993088" : 31,
            "12124160" : 26,
            "12255232" : 34,
            "12386304" : 19,
            "12517376" : 23,
            "12648448" : 22,
            "12779520" : 34,
            "12910592" : 29,
            "13041664" : 32,
            "13172736" : 24,
            "13303808" : 21,
            "13434880" : 19,
            "13565952" : 20,
            "13697024" : 21,
            "13828096" : 15,
            "13959168" : 20,
            "14090240" : 19,
            "14221312" : 24,
            "14352384" : 18,
            "14483456" : 15,
            "14614528" : 23,
            "14745600" : 19,
            "14876672" : 25,
            "15007744" : 19,
            "15138816" : 16,
            "15269888" : 21,
            "15400960" : 26,
            "15532032" : 21,
            "15663104" : 16,
            "15794176" : 13,
            "15925248" : 26,
            "16056320" : 21,
            "16187392" : 20,
            "16318464" : 15,
            "16449536" : 22,
            "16580608" : 16,
            "16711680" : 18,
            "16908288" : 43,
            "17170432" : 38,
            "17432576" : 43,
            "17694720" : 42,
            "17956864" : 44,
            "18219008" : 40,
            "18481152" : 51,
            "18743296" : 45,
            "19005440" : 43,
            "19267584" : 54,
            "19529728" : 54,
            "19791872" : 66,
            "20054016" : 48,
            "20316160" : 50,
            "20578304" : 44,
            "20840448" : 52,
            "21102592" : 39,
            "21364736" : 57,
            "21626880" : 73,
            "21889024" : 61,
            "22151168" : 95,
            "22413312" : 64,
            "22675456" : 71,
            "22937600" : 75,
            "23199744" : 77,
            "23461888" : 96,
            "23724032" : 82,
            "23986176" : 87,
            "24248320" : 65,
            "24510464" : 89,
            "24772608" : 94,
            "25034752" : 92,
            "25296896" : 91,
            "25559040" : 112,
            "25821184" : 103,
            "26083328" : 83,
            "26345472" : 79,
            "26607616" : 82,
            "26869760" : 96,
            "27131904" : 101,
            "27394048" : 115,
            "27656192" : 89,
            "27918336" : 103,
            "28180480" : 97,
            "28442624" : 102,
            "28704768" : 126,
            "28966912" : 106,
            "29229056" : 103,
            "29491200" : 112,
            "29753344" : 118,
            "30015488" : 108,
            "30277632" : 120,
            "30539776" : 116,
            "30801920" : 137,
            "31064064" : 131,
            "31326208" : 127,
            "31588352" : 131,
            "31850496" : 141,
            "32112640" : 133,
            "32374784" : 126,
            "32636928" : 151,
            "32899072" : 131,
            "33161216" : 172,
            "33423360" : 136,