{
  "fio version" : "fio-3.1",
  "timestamp" : 1555518515,
  "timestamp_ms" : 1555518515267,
  "time" : "Wed Apr 17 16:28:35 2019",
  "global options" : {
    "fallocate" : "none",
    "runtime" : "30",
    "directory" : "/data/fio_write/beegfs-randwrite-64-dr7w2",
    "bs" : "262144",
    "time_based" : "1",
    "ioengine" : "libaio",
    "iodepth" : "8",
    "direct" : "1",
    "buffered" : "0",
    "thread" : "0",
    "group_reporting" : "1",
    "filesize" : "32g",
    "size" : "32g",
    "filename_format" : "$jobnum.dat"
  },
  "jobs" : [
    {
      "jobname" : "fio-job",
      "groupid" : 0,
      "error" : 0,
      "eta" : 0,
      "elapsed" : 34,
      "job options" : {
        "rw" : "randwrite"
      },
      "read" : {
        "io_bytes" : 0,
        "io_kbytes" : 0,
        "bw" : 0,
        "iops" : 0.000000,
        "runtime" : 0,
        "total_ios" : 0,
        "short_ios" : 0,
        "drop_ios" : 0,
        "slat_ns" : {
          "min" : 0,
          "max" : 0,
          "mean" : 0.000000,
          "stddev" : 0.000000
        },
        "clat_ns" : {
          "min" : 0,
          "max" : 0,
          "mean" : 0.000000,
          "stddev" : 0.000000,
          "percentile" : {
            "1.000000" : 0,
            "5.000000" : 0,
            "10.000000" : 0,
            "20.000000" : 0,
            "30.000000" : 0,
            "40.000000" : 0,
            "50.000000" : 0,
            "60.000000" : 0,
            "70.000000" : 0,
            "80.000000" : 0,
            "90.000000" : 0,
            "95.000000" : 0,
            "99.000000" : 0,
            "99.500000" : 0,
            "99.900000" : 0,
            "99.950000" : 0,
            "99.990000" : 0,
            "0.00" : 0,
            "0.00" : 0,
            "0.00" : 0
          },
          "bins" : {

          }
        },
        "lat_ns" : {
          "min" : 0,
          "max" : 0,
          "mean" : 0.000000,
          "stddev" : 0.000000
        },
        "bw_min" : 0,
        "bw_max" : 0,
        "bw_agg" : 0.000000,
        "bw_mean" : 0.000000,
        "bw_dev" : 0.000000,
        "bw_samples" : 0,
        "iops_min" : 0,
        "iops_max" : 0,
        "iops_mean" : 0.000000,
        "iops_stddev" : 0.000000,
        "iops_samples" : 0
      },
      "write" : {
        "io_bytes" : 72089600,
        "io_kbytes" : 70400,
        "bw" : 2165,
        "iops" : 8.459716,
        "runtime" : 32507,
        "total_ios" : 275,
        "short_ios" : 0,
        "drop_ios" : 0,
        "slat_ns" : {
          "min" : 1973845,
          "max" : 11764451335,
          "mean" : 443103177.705455,
          "stddev" : 1426883388.823468
        },
        "clat_ns" : {
          "min" : 12333,
          "max" : 14702447221,
          "mean" : 3073831936.312727,
          "stddev" : 3430200341.368798,
          "percentile" : {
            "1.000000" : 12736,
            "5.000000" : 66322432,
            "10.000000" : 123207680,
            "20.000000" : 492830720,
            "30.000000" : 817889280,
            "40.000000" : 1283457024,
            "50.000000" : 1971322880,
            "60.000000" : 2432696320,
            "70.000000" : 4043309056,
            "80.000000" : 4596957184,
            "90.000000" : 8791261184,
            "95.000000" : 11341398016,
            "99.000000" : 14159970304,
            "99.500000" : 14159970304,
            "99.900000" : 14696841216,
            "99.950000" : 14696841216,
            "99.990000" : 14696841216,
            "0.00" : 0,
            "0.00" : 0,
            "0.00" : 0
          },
          "bins" : {
            "12352" : 1,
            "12608" : 1,
            "12736" : 1,
            "14272" : 1,
            "16056320" : 1,
            "16711680" : 1,
            "20054016" : 1,
            "36962304" : 2,
            "41680896" : 1,
            "53215232" : 1,
            "65798144" : 1,
            "66322432" : 3,
            "67633152" : 1,
            "68681728" : 1,
            "74973184" : 1,
            "81264640" : 1,
            "84410368" : 1,
            "93847552" : 1,
            "94896128" : 2,
            "96993280" : 2,
            "114819072" : 1,
            "120061952" : 1,
            "123207680" : 1,
            "128450560" : 1,
            "129499136" : 1,
            "130547712" : 1,
            "149946368" : 1,
            "164626432" : 2,
            "183500800" : 1,
            "198180864" : 1,
            "204472320" : 1,
            "221249536" : 2,
            "274726912" : 1,
            "291504128" : 2,
            "295698432" : 1,
            "354418688" : 1,
            "358612992" : 1,
            "362807296" : 1,
            "367001600" : 1,
            "387973120" : 1,
            "396361728" : 2,
            "421527552" : 1,
            "442499072" : 1,
            "484442112" : 1,
            "488636416" : 1,
            "492830720" : 1,
            "501219328" : 1,
            "513802240" : 1,
            "530579456" : 2,
            "549453824" : 1,
            "557842432" : 2,
            "566231040" : 1,
            "599785472" : 3,
            "666894336" : 3,
            "675282944" : 3,
            "692060160" : 2,
            "700448768" : 1,
            "717225984" : 2,
            "725614592" : 1,
            "775946240" : 1,
            "801112064" : 3,
            "817889280" : 2,
            "876609536" : 2,
            "901775360" : 3,
            "910163968" : 3,
            "918552576" : 2,
            "1010827264" : 2,
            "1035993088" : 1,
            "1132462080" : 1,
            "1166016512" : 1,
            "1182793728" : 4,
            "1199570944" : 1,
            "1233125376" : 1,
            "1266679808" : 3,
            "1283457024" : 6,
            "1300234240" : 1,
            "1317011456" : 3,
            "1333788672" : 3,
            "1468006400" : 1,
            "1551892480" : 3,
            "1602224128" : 4,
            "1619001344" : 1,
            "1686110208" : 1,
            "1702887424" : 3,
            "1803550720" : 2,
            "1920991232" : 1,
            "1971322880" : 3,
            "1988100096" : 2,
            "2004877312" : 4,
            "2021654528" : 1,
            "2038431744" : 1,
            "2055208960" : 2,
            "2088763392" : 1,
            "2122317824" : 1,
            "2164260864" : 2,
            "2197815296" : 6,
            "2264924160" : 1,
            "2298478592" : 2,
            "2332033024" : 1,
            "2432696320" : 4,
            "2466250752" : 4,
            "2499805184" : 1,
            "2533359616" : 3,
            "2566914048" : 2,
            "2600468480" : 1,
            "2734686208" : 2,
            "2768240640" : 1,
            "3070230528" : 5,
            "3640655872" : 1,
            "3674210304" : 2,
            "3909091328" : 2,
            "4043309056" : 1,
            "4110417920" : 3,
            "4143972352" : 1,
            "4244635648" : 3,
            "4278190080" : 1,
            "4328521728" : 3,
            "4395630592" : 3,
            "4462739456" : 1,
            "4529848320" : 8,
            "4596957184" : 5,
            "4731174912" : 2,
            "4999610368" : 2,
            "5268045824" : 1,
            "5335154688" : 1,
            "5670699008" : 1,
            "5737807872" : 1,
            "5939134464" : 2,
            "6006243328" : 2,
            "6073352192" : 1,
            "6140461056" : 7,
            "6610223104" : 1,
            "7683964928" : 1,
            "8019509248" : 1,
            "8220835840" : 1,
            "8287944704" : 2,
            "8791261184" : 1,
            "9328132096" : 1,
            "9730785280" : 1,
            "9999220736" : 2,
            "10267656192" : 1,
            "10401873920" : 2,
            "10938744832" : 2,
            "11072962560" : 3,
            "11341398016" : 2,
            "11475615744" : 2,
            "11878268928" : 1,
            "12012486656" : 2,
            "12146704384" : 2,