{
  "fio version" : "fio-3.1",
  "timestamp" : 1574248210,
  "timestamp_ms" : 1574248210289,
  "time" : "Wed Nov 20 11:10:10 2019",
  "global options" : {
    "directory" : "data/fio_write/beegfs-randwrite-64-7phwt",
    "bs" : "131072",
    "fallocate" : "none",
    "runtime" : "30",
    "time_based" : "1",
    "ioengine" : "libaio",
    "iodepth" : "8",
    "direct" : "1",
    "buffered" : "0",
    "invalidate" : "1",
    "ramp_time" : "0",
    "thread" : "0",
    "group_reporting" : "1",
    "filesize" : "32g",
    "size" : "32g",
    "filename_format" : "$jobnum.dat"
  },
  "jobs" : [
    {
      "jobname" : "fio-job",
      "groupid" : 0,
      "error" : 0,
      "eta" : 0,
      "elapsed" : 32,
      "job options" : {
        "rw" : "randwrite"
      },
      "read" : {
        "io_bytes" : 0,
        "io_kbytes" : 0,
        "bw" : 0,
        "iops" : 0.000000,
        "runtime" : 0,
        "total_ios" : 0,
        "short_ios" : 0,
        "drop_ios" : 0,
        "slat_ns" : {
          "min" : 0,
          "max" : 0,
          "mean" : 0.000000,
          "stddev" : 0.000000
        },
        "clat_ns" : {
          "min" : 0,
          "max" : 0,
          "mean" : 0.000000,
          "stddev" : 0.000000,
          "percentile" : {
            "1.000000" : 0,
            "5.000000" : 0,
            "10.000000" : 0,
            "20.000000" : 0,
            "30.000000" : 0,
            "40.000000" : 0,
            "50.000000" : 0,
            "60.000000" : 0,
            "70.000000" : 0,
            "80.000000" : 0,
            "90.000000" : 0,
            "95.000000" : 0,
            "99.000000" : 0,
            "99.500000" : 0,
            "99.900000" : 0,
            "99.950000" : 0,
            "99.990000" : 0,
            "0.00" : 0,
            "0.00" : 0,
            "0.00" : 0
          },
          "bins" : {

          }
        },
        "lat_ns" : {
          "min" : 0,
          "max" : 0,
          "mean" : 0.000000,
          "stddev" : 0.000000
        },
        "bw_min" : 0,
        "bw_max" : 0,
        "bw_agg" : 0.000000,
        "bw_mean" : 0.000000,
        "bw_dev" : 0.000000,
        "bw_samples" : 0,
        "iops_min" : 0,
        "iops_max" : 0,
        "iops_mean" : 0.000000,
        "iops_stddev" : 0.000000,
        "iops_samples" : 0
      },
      "write" : {
        "io_bytes" : 18481152,
        "io_kbytes" : 18048,
        "bw" : 582,
        "iops" : 4.552940,
        "runtime" : 30969,
        "total_ios" : 141,
        "short_ios" : 0,
        "drop_ios" : 0,
        "slat_ns" : {
          "min" : 157577,
          "max" : 4182782438,
          "mean" : 878226726.340425,
          "stddev" : 827807975.740190
        },
        "clat_ns" : {
          "min" : 5257,
          "max" : 10437370777,
          "mean" : 6115799120.822695,
          "stddev" : 2620574576.377717,
          "percentile" : {
            "1.000000" : 5728,
            "5.000000" : 1669332992,
            "10.000000" : 1719664640,
            "20.000000" : 3841982464,
            "30.000000" : 5066719232,
            "40.000000" : 6006243328,
            "50.000000" : 6543114240,
            "60.000000" : 6945767424,
            "70.000000" : 8153726976,
            "80.000000" : 8657043456,
            "90.000000" : 9059696640,
            "95.000000" : 9462349824,
            "99.000000" : 10267656192,
            "99.500000" : 10401873920,
            "99.900000" : 10401873920,
            "99.950000" : 10401873920,
            "99.990000" : 10401873920,
            "0.00" : 0,
            "0.00" : 0,
            "0.00" : 0
          },
          "bins" : {
            "5280" : 1,
            "5728" : 1,
            "5984" : 1,
            "7968" : 1,
            "700448768" : 1,
            "1098907648" : 1,
            "1182793728" : 1,
            "1669332992" : 1,
            "1686110208" : 1,
            "1702887424" : 3,
            "1719664640" : 4,
            "1736441856" : 1,
            "2122317824" : 2,
            "2902458368" : 1,
            "2969567232" : 3,
            "3036676096" : 1,
            "3271557120" : 1,
            "3338665984" : 1,
            "3741319168" : 1,
            "3808428032" : 1,
            "3841982464" : 1,
            "4076863488" : 2,
            "4177526784" : 1,
            "4278190080" : 3,
            "4395630592" : 1,
            "4462739456" : 4,
            "4798283776" : 1,
            "4999610368" : 1,
            "5066719232" : 1,
            "5268045824" : 1,
            "5335154688" : 2,
            "5469372416" : 1,
            "5603590144" : 1,
            "5670699008" : 2,
            "5737807872" : 3,
            "5872025600" : 1,
            "5939134464" : 2,
            "6006243328" : 1,
            "6073352192" : 4,
            "6140461056" : 1,
            "6274678784" : 2,
            "6408896512" : 1,
            "6476005376" : 3,
            "6543114240" : 5,
            "6677331968" : 1,
            "6744440832" : 5,
            "6811549696" : 3,
            "6945767424" : 3,
            "7079985152" : 2,
            "7147094016" : 2,
            "7415529472" : 1,
            "7482638336" : 2,
            "7616856064" : 1,
            "7683964928" : 2,
            "7818182656" : 1,
            "7952400384" : 1,
            "8019509248" : 1,
            "8153726976" : 1,
            "8220835840" : 4,
            "8287944704" : 2,
            "8355053568" : 2,
            "8489271296" : 3,
            "8556380160" : 2,
            "8657043456" : 3,
            "8791261184" : 6,
            "8925478912" : 3,
            "9059696640" : 5,
            "9193914368" : 3,
            "9328132096" : 1,
            "9462349824" : 3,
            "9596567552" : 1,
            "9730785280" : 1,
            "10133438464" : 1,
            "10267656192" : 1,
            "10401873920" : 1
          }
        },
        "lat_ns" : {
          "min" : 702974235,
          "max" : 10935501102,
          "mean" : 6994027593.226951,
          "stddev" : 2661629494.740005
        },
        "bw_min" : 25,
        "bw_max" : 512,
        "bw_agg" : 42.529429,
        "bw_mean" : 247.521277,
        "bw_dev" : 90.906750,
        "bw_samples" : 94,
        "iops_min" : 0,
        "iops_max" : 4,
        "iops_mean" : 1.829787,
        "iops_stddev" : 0.824860,
        "iops_samples" : 94
      },
      "trim" : {
        "io_bytes" : 0,
        "io_kbytes" : 0,
        "bw" : 0,
        "iops" : 0.000000,
        "runtime" : 0,
        "total_ios" : 0,
        "short_ios" : 0,
        "drop_ios" : 0,
        "slat_ns" : {
          "min" : 0,
          "max" : 0,
          "mean" : 0.000000,
          "stddev" : 0.000000
        },
        "clat_ns" : {
          "min" : 0,
          "max" : 0,
          "mean" : 0.000000,
          "stddev" : 0.000000,
          "percentile" : {
            "1.000000" : 0,
            "5.000000" : 0,
            "10.000000" : 0,
            "20.000000" : 0,
            "30.000000" : 0,
            "40.000000" : 0,
            "50.000000" : 0,
            "60.000000" : 0,
            "70.000000" : 0,
            "80.000000" : 0,
            "90.000000" : 0,
            "95.000000" : 0,
            "99.000000" : 0,
            "99.500000" : 0,
            "99.900000" : 0,
            "99.950000" : 0,
            "99.990000" : 0,
            "0.00" : 0,
            "0.00" : 0,
            "0.00" : 0
          },
          "bins" : {

          }
        },
        "lat_ns" : {
          "min" : 0,
          "max" : 0,
          "mean" : 0.000000,
          "stddev" : 0.000000
        },
        "bw_min" : 0,
        "bw_max" : 0,
        "bw_agg" : 0.000000,
        "bw_mean" : 0.000000,
        "bw_dev" : 0.000000,
        "bw_samples" : 0,
        "iops_min" : 0,
        "iops_max" : 0,
        "iops_mean" : 0.000000,
        "iops_stddev" : 0.000000,
        "iops_samples" : 0
      },
      "usr_cpu" : 0.000808,
      "sys_cpu" : 5.465425,