{
  "fio version" : "fio-3.1",
  "timestamp" : 1555518303,
  "timestamp_ms" : 1555518303291,
  "time" : "Wed Apr 17 16:25:03 2019",
  "global options" : {
    "fallocate" : "none",
    "runtime" : "30",
    "directory" : "/data/fio_write/beegfs-randwrite-64-srxk2",
    "bs" : "16384",
    "time_based" : "1",
    "ioengine" : "libaio",
    "iodepth" : "8",
    "direct" : "1",
    "buffered" : "0",
    "thread" : "0",
    "group_reporting" : "1",
    "filesize" : "32g",
    "size" : "32g",
    "filename_format" : "$jobnum.dat"
  },
  "jobs" : [
    {
      "jobname" : "fio-job",
      "groupid" : 0,
      "error" : 0,
      "eta" : 0,
      "elapsed" : 31,
      "job options" : {
        "rw" : "randwrite"
      },
      "read" : {
        "io_bytes" : 0,
        "io_kbytes" : 0,
        "bw" : 0,
        "iops" : 0.000000,
        "runtime" : 0,
        "total_ios" : 0,
        "short_ios" : 0,
        "drop_ios" : 0,
        "slat_ns" : {
          "min" : 0,
          "max" : 0,
          "mean" : 0.000000,
          "stddev" : 0.000000
        },
        "clat_ns" : {
          "min" : 0,
          "max" : 0,
          "mean" : 0.000000,
          "stddev" : 0.000000,
          "percentile" : {
            "1.000000" : 0,
            "5.000000" : 0,
            "10.000000" : 0,
            "20.000000" : 0,
            "30.000000" : 0,
            "40.000000" : 0,
            "50.000000" : 0,
            "60.000000" : 0,
            "70.000000" : 0,
            "80.000000" : 0,
            "90.000000" : 0,
            "95.000000" : 0,
            "99.000000" : 0,
            "99.500000" : 0,
            "99.900000" : 0,
            "99.950000" : 0,
            "99.990000" : 0,
            "0.00" : 0,
            "0.00" : 0,
            "0.00" : 0
          },
          "bins" : {

          }
        },
        "lat_ns" : {
          "min" : 0,
          "max" : 0,
          "mean" : 0.000000,
          "stddev" : 0.000000
        },
        "bw_min" : 0,
        "bw_max" : 0,
        "bw_agg" : 0.000000,
        "bw_mean" : 0.000000,
        "bw_dev" : 0.000000,
        "bw_samples" : 0,
        "iops_min" : 0,
        "iops_max" : 0,
        "iops_mean" : 0.000000,
        "iops_stddev" : 0.000000,
        "iops_samples" : 0
      },
      "write" : {
        "io_bytes" : 470843392,
        "io_kbytes" : 459808,
        "bw" : 15326,
        "iops" : 957.901403,
        "runtime" : 30001,
        "total_ios" : 28738,
        "short_ios" : 0,
        "drop_ios" : 0,
        "slat_ns" : {
          "min" : 125560,
          "max" : 8112307444,
          "mean" : 4105313.449161,
          "stddev" : 108206303.710094
        },
        "clat_ns" : {
          "min" : 4071,
          "max" : 10513889698,
          "mean" : 27000885.850164,
          "stddev" : 348893529.891044,
          "percentile" : {
            "1.000000" : 1695744,
            "5.000000" : 1761280,
            "10.000000" : 1810432,
            "20.000000" : 1875968,
            "30.000000" : 1957888,
            "40.000000" : 2072576,
            "50.000000" : 2211840,
            "60.000000" : 2342912,
            "70.000000" : 2539520,
            "80.000000" : 2768896,
            "90.000000" : 3358720,
            "95.000000" : 4489216,
            "99.000000" : 256901120,
            "99.500000" : 1027604480,
            "99.900000" : 7012876288,
            "99.950000" : 8355053568,
            "99.990000" : 10267656192,
            "0.00" : 0,
            "0.00" : 0,
            "0.00" : 0
          },
          "bins" : {
            "4080" : 1,
            "4384" : 1,
            "5344" : 1,
            "6560" : 1,
            "242688" : 1,
            "309248" : 1,
            "313344" : 1,
            "350208" : 1,
            "419840" : 1,
            "544768" : 1,
            "577536" : 1,
            "782336" : 1,
            "790528" : 1,
            "872448" : 1,
            "880640" : 1,
            "1044480" : 1,
            "1105920" : 1,
            "1187840" : 1,
            "1204224" : 1,
            "1368064" : 1,
            "1417216" : 2,
            "1466368" : 1,
            "1564672" : 3,
            "1597440" : 7,
            "1613824" : 7,
            "1630208" : 19,
            "1646592" : 31,
            "1662976" : 78,
            "1679360" : 102,
            "1695744" : 175,
            "1712128" : 224,
            "1728512" : 302,
            "1744896" : 346,
            "1761280" : 427,
            "1777664" : 488,
            "1794048" : 557,
            "1810432" : 590,
            "1826816" : 603,
            "1843200" : 652,
            "1859584" : 631,
            "1875968" : 638,
            "1892352" : 591,
            "1908736" : 583,
            "1925120" : 512,
            "1941504" : 542,
            "1957888" : 507,
            "1974272" : 508,
            "1990656" : 511,
            "2007040" : 454,
            "2023424" : 427,
            "2039808" : 376,
            "2056192" : 392,
            "2072576" : 357,
            "2088960" : 384,
            "2113536" : 786,
            "2146304" : 713,
            "2179072" : 726,
            "2211840" : 696,
            "2244608" : 609,
            "2277376" : 619,
            "2310144" : 584,
            "2342912" : 602,
            "2375680" : 573,
            "2408448" : 539,
            "2441216" : 494,
            "2473984" : 519,
            "2506752" : 479,
            "2539520" : 448,
            "2572288" : 450,
            "2605056" : 421,
            "2637824" : 357,
            "2670592" : 418,
            "2703360" : 327,
            "2736128" : 355,
            "2768896" : 287,
            "2801664" : 280,
            "2834432" : 256,
            "2867200" : 241,
            "2899968" : 210,
            "2932736" : 197,
            "2965504" : 175,
            "2998272" : 180,
            "3031040" : 172,
            "3063808" : 155,
            "3096576" : 145,
            "3129344" : 123,
            "3162112" : 143,
            "3194880" : 102,
            "3227648" : 109,
            "3260416" : 110,
            "3293184" : 114,
            "3325952" : 102,
            "3358720" : 103,
            "3391488" : 81,
            "3424256" : 71,
            "3457024" : 87,
            "3489792" : 76,
            "3522560" : 57,
            "3555328" : 60,
            "3588096" : 74,
            "3620864" : 48,
            "3653632" : 66,
            "3686400" : 59,
            "3719168" : 43,
            "3751936" : 46,
            "3784704" : 42,
            "3817472" : 37,
            "3850240" : 28,
            "3883008" : 40,
            "3915776" : 41,
            "3948544" : 23,
            "3981312" : 21,
            "4014080" : 17,
            "4046848" : 22,
            "4079616" : 22,
            "4112384" : 22,
            "4145152" : 15,
            "4177920" : 31,
            "4227072" : 48,
            "4292608" : 47,
            "4358144" : 55,
            "4423680" : 36,
            "4489216" : 40,
            "4554752" : 26,
            "4620288" : 36,
            "4685824" : 13,
            "4751360" : 21,
            "4816896" : 15,
            "4882432" : 27,
            "4947968" : 17,
            "5013504" : 17,
            "5079040" : 10,
            "5144576" : 13,
            "5210112" : 14,
            "5275648" : 7,
            "5341184" : 15,
            "5406720" : 5,
            "5472256" : 13,
            "5537792" : 9,
            "5603328" : 6,
            "5668864" : 7,
            "5734400" : 5,
            "5799936" : 6,
            "5865472" : 2,
            "5931008" : 4,
            "5996544" : 9,
            "6062080" : 3,
            "6127616" : 4,
            "6193152" : 10,
            "6258688" : 9,
            "6324224" : 12,
            "6389760" : 5,
            "6455296" : 6,
            "6520832" : 8,
            "6586368" : 14,
            "6651904" : 6,
            "6717440" : 9,
            "6782976" : 8,