{
  "fio version" : "fio-3.1",
  "timestamp" : 1555518353,
  "timestamp_ms" : 1555518353960,
  "time" : "Wed Apr 17 16:25:53 2019",
  "global options" : {
    "fallocate" : "none",
    "runtime" : "30",
    "directory" : "/data/fio_write/beegfs-randwrite-64-srxk2",
    "bs" : "32768",
    "time_based" : "1",
    "ioengine" : "libaio",
    "iodepth" : "8",
    "direct" : "1",
    "buffered" : "0",
    "thread" : "0",
    "group_reporting" : "1",
    "filesize" : "32g",
    "size" : "32g",
    "filename_format" : "$jobnum.dat"
  },
  "jobs" : [
    {
      "jobname" : "fio-job",
      "groupid" : 0,
      "error" : 0,
      "eta" : 0,
      "elapsed" : 36,
      "job options" : {
        "rw" : "randwrite"
      },
      "read" : {
        "io_bytes" : 0,
        "io_kbytes" : 0,
        "bw" : 0,
        "iops" : 0.000000,
        "runtime" : 0,
        "total_ios" : 0,
        "short_ios" : 0,
        "drop_ios" : 0,
        "slat_ns" : {
          "min" : 0,
          "max" : 0,
          "mean" : 0.000000,
          "stddev" : 0.000000
        },
        "clat_ns" : {
          "min" : 0,
          "max" : 0,
          "mean" : 0.000000,
          "stddev" : 0.000000,
          "percentile" : {
            "1.000000" : 0,
            "5.000000" : 0,
            "10.000000" : 0,
            "20.000000" : 0,
            "30.000000" : 0,
            "40.000000" : 0,
            "50.000000" : 0,
            "60.000000" : 0,
            "70.000000" : 0,
            "80.000000" : 0,
            "90.000000" : 0,
            "95.000000" : 0,
            "99.000000" : 0,
            "99.500000" : 0,
            "99.900000" : 0,
            "99.950000" : 0,
            "99.990000" : 0,
            "0.00" : 0,
            "0.00" : 0,
            "0.00" : 0
          },
          "bins" : {

          }
        },
        "lat_ns" : {
          "min" : 0,
          "max" : 0,
          "mean" : 0.000000,
          "stddev" : 0.000000
        },
        "bw_min" : 0,
        "bw_max" : 0,
        "bw_agg" : 0.000000,
        "bw_mean" : 0.000000,
        "bw_dev" : 0.000000,
        "bw_samples" : 0,
        "iops_min" : 0,
        "iops_max" : 0,
        "iops_mean" : 0.000000,
        "iops_stddev" : 0.000000,
        "iops_samples" : 0
      },
      "write" : {
        "io_bytes" : 7503872,
        "io_kbytes" : 7328,
        "bw" : 230,
        "iops" : 7.187696,
        "runtime" : 31860,
        "total_ios" : 229,
        "short_ios" : 0,
        "drop_ios" : 0,
        "slat_ns" : {
          "min" : 309792,
          "max" : 6586181109,
          "mean" : 489497530.187773,
          "stddev" : 1183076869.226261
        },
        "clat_ns" : {
          "min" : 9799,
          "max" : 12080004047,
          "mean" : 3155664560.772927,
          "stddev" : 2718552134.182158,
          "percentile" : {
            "1.000000" : 12736,
            "5.000000" : 9502720,
            "10.000000" : 98041856,
            "20.000000" : 488636416,
            "30.000000" : 1182793728,
            "40.000000" : 2139095040,
            "50.000000" : 2533359616,
            "60.000000" : 3204448256,
            "70.000000" : 4462739456,
            "80.000000" : 5402263552,
            "90.000000" : 6945767424,
            "95.000000" : 8422162432,
            "99.000000" : 11341398016,
            "99.500000" : 11609833472,
            "99.900000" : 12146704384,
            "99.950000" : 12146704384,
            "99.990000" : 12146704384,
            "0.00" : 0,
            "0.00" : 0,
            "0.00" : 0
          },
          "bins" : {
            "9792" : 1,
            "9920" : 1,
            "12736" : 1,
            "13888" : 1,
            "3358720" : 1,
            "3620864" : 1,
            "3653632" : 1,
            "3751936" : 1,
            "8159232" : 1,
            "8585216" : 1,
            "9371648" : 1,
            "9502720" : 1,
            "61079552" : 1,
            "61603840" : 2,
            "62652416" : 2,
            "67633152" : 3,
            "76021760" : 2,
            "98041856" : 1,
            "115867648" : 3,
            "119013376" : 2,
            "121110528" : 1,
            "125304832" : 2,
            "130547712" : 2,
            "164626432" : 1,
            "177209344" : 2,
            "204472320" : 1,
            "242221056" : 1,
            "248512512" : 1,
            "250609664" : 1,
            "417333248" : 2,
            "421527552" : 1,
            "463470592" : 2,
            "488636416" : 1,
            "599785472" : 1,
            "616562688" : 4,
            "624951296" : 1,
            "633339904" : 1,
            "658505728" : 2,
            "675282944" : 1,
            "759169024" : 1,
            "784334848" : 2,
            "985661440" : 1,
            "994050048" : 1,
            "1019215872" : 1,
            "1132462080" : 5,
            "1182793728" : 5,
            "1266679808" : 1,
            "1283457024" : 1,
            "1753219072" : 1,
            "1769996288" : 4,
            "1786773504" : 3,
            "1803550720" : 2,
            "1820327936" : 1,
            "1971322880" : 1,
            "2021654528" : 1,
            "2038431744" : 2,
            "2139095040" : 5,
            "2164260864" : 1,
            "2197815296" : 1,
            "2298478592" : 5,
            "2332033024" : 3,
            "2365587456" : 4,
            "2399141888" : 2,
            "2432696320" : 1,
            "2499805184" : 2,
            "2533359616" : 2,
            "2566914048" : 1,
            "2600468480" : 2,
            "2634022912" : 1,
            "2701131776" : 3,
            "2734686208" : 2,
            "2902458368" : 2,
            "2969567232" : 2,
            "3137339392" : 3,
            "3170893824" : 1,
            "3204448256" : 9,
            "3238002688" : 2,
            "3271557120" : 2,
            "3573547008" : 1,
            "3607101440" : 2,
            "3674210304" : 3,
            "3774873600" : 2,
            "3909091328" : 1,
            "3942645760" : 4,
            "4009754624" : 1,
            "4076863488" : 1,
            "4462739456" : 1,
            "4529848320" : 6,
            "4596957184" : 4,
            "4664066048" : 1,
            "4798283776" : 1,
            "4865392640" : 3,
            "5066719232" : 3,
            "5335154688" : 4,
            "5402263552" : 1,
            "5804916736" : 5,
            "5939134464" : 1,
            "6140461056" : 2,
            "6207569920" : 1,
            "6274678784" : 2,
            "6341787648" : 6,
            "6408896512" : 1,
            "6610223104" : 4,
            "6945767424" : 3,
            "7214202880" : 1,
            "7415529472" : 1,
            "7751073792" : 1,
            "7818182656" : 3,
            "8355053568" : 1,
            "8422162432" : 2,
            "8556380160" : 2,
            "8657043456" : 2,
            "9059696640" : 1,
            "9328132096" : 1,
            "11207180288" : 1,
            "11341398016" : 2,
            "11609833472" : 1,
            "12146704384" : 1
          }
        },
        "lat_ns" : {
          "min" : 4115927,
          "max" : 15643844720,
          "mean" : 3645163629.764192,
          "stddev" : 2863256013.262765
        },
        "bw_min" : 64,
        "bw_max" : 897,
        "bw_agg" : 100.000000,
        "bw_mean" : 268.297872,
        "bw_dev" : 205.059579,
        "bw_samples" : 47,
        "iops_min" : 2,
        "iops_max" : 28,
        "iops_mean" : 8.340426,
        "iops_stddev" : 6.427781,
        "iops_samples" : 47
      },
      "trim" : {
        "io_bytes" : 0,
        "io_kbytes" : 0,
        "bw" : 0,
        "iops" : 0.000000,
        "runtime" : 0,
        "total_ios" : 0,
        "short_ios" : 0,
        "drop_ios" : 0,
        "slat_ns" : {
          "min" : 0,
          "max" : 0,
          "mean" : 0.000000,
          "stddev" : 0.000000
        },
        "clat_ns" : {
          "min" : 0,
          "max" : 0,
          "mean" : 0.000000,