{
  "fio version" : "fio-3.1",
  "timestamp" : 1555531782,
  "timestamp_ms" : 1555531782612,
  "time" : "Wed Apr 17 20:09:42 2019",
  "global options" : {
    "fallocate" : "none",
    "runtime" : "30",
    "directory" : "/data/fio_write/beegfs-randwrite-64-bpg69",
    "bs" : "1048576",
    "time_based" : "1",
    "ioengine" : "libaio",
    "iodepth" : "8",
    "direct" : "1",
    "buffered" : "0",
    "thread" : "0",
    "group_reporting" : "1",
    "filesize" : "32g",
    "size" : "32g",
    "filename_format" : "$jobnum.dat"
  },
  "jobs" : [
    {
      "jobname" : "fio-job",
      "groupid" : 0,
      "error" : 0,
      "eta" : 0,
      "elapsed" : 31,
      "job options" : {
        "rw" : "randwrite"
      },
      "read" : {
        "io_bytes" : 0,
        "io_kbytes" : 0,
        "bw" : 0,
        "iops" : 0.000000,
        "runtime" : 0,
        "total_ios" : 0,
        "short_ios" : 0,
        "drop_ios" : 0,
        "slat_ns" : {
          "min" : 0,
          "max" : 0,
          "mean" : 0.000000,
          "stddev" : 0.000000
        },
        "clat_ns" : {
          "min" : 0,
          "max" : 0,
          "mean" : 0.000000,
          "stddev" : 0.000000,
          "percentile" : {
            "1.000000" : 0,
            "5.000000" : 0,
            "10.000000" : 0,
            "20.000000" : 0,
            "30.000000" : 0,
            "40.000000" : 0,
            "50.000000" : 0,
            "60.000000" : 0,
            "70.000000" : 0,
            "80.000000" : 0,
            "90.000000" : 0,
            "95.000000" : 0,
            "99.000000" : 0,
            "99.500000" : 0,
            "99.900000" : 0,
            "99.950000" : 0,
            "99.990000" : 0,
            "0.00" : 0,
            "0.00" : 0,
            "0.00" : 0
          },
          "bins" : {

          }
        },
        "lat_ns" : {
          "min" : 0,
          "max" : 0,
          "mean" : 0.000000,
          "stddev" : 0.000000
        },
        "bw_min" : 0,
        "bw_max" : 0,
        "bw_agg" : 0.000000,
        "bw_mean" : 0.000000,
        "bw_dev" : 0.000000,
        "bw_samples" : 0,
        "iops_min" : 0,
        "iops_max" : 0,
        "iops_mean" : 0.000000,
        "iops_stddev" : 0.000000,
        "iops_samples" : 0
      },
      "write" : {
        "io_bytes" : 1612709888,
        "io_kbytes" : 1574912,
        "bw" : 52130,
        "iops" : 50.908609,
        "runtime" : 30211,
        "total_ios" : 1538,
        "short_ios" : 0,
        "drop_ios" : 0,
        "slat_ns" : {
          "min" : 684557,
          "max" : 1636705379,
          "mean" : 78498634.498700,
          "stddev" : 190184287.346345
        },
        "clat_ns" : {
          "min" : 4749,
          "max" : 3501806292,
          "mean" : 543533576.432380,
          "stddev" : 513843551.956243,
          "percentile" : {
            "1.000000" : 9895936,
            "5.000000" : 24510464,
            "10.000000" : 45350912,
            "20.000000" : 108527616,
            "30.000000" : 183500800,
            "40.000000" : 270532608,
            "50.000000" : 392167424,
            "60.000000" : 541065216,
            "70.000000" : 708837376,
            "80.000000" : 901775360,
            "90.000000" : 1199570944,
            "95.000000" : 1652555776,
            "99.000000" : 2365587456,
            "99.500000" : 2499805184,
            "99.900000" : 2768240640,
            "99.950000" : 3506438144,
            "99.990000" : 3506438144,
            "0.00" : 0,
            "0.00" : 0,
            "0.00" : 0
          },
          "bins" : {
            "4768" : 1,
            "5472" : 1,
            "6304" : 1,
            "6880" : 1,
            "7766016" : 1,
            "8224768" : 1,
            "8290304" : 1,
            "8355840" : 1,
            "8716288" : 1,
            "8978432" : 2,
            "9109504" : 1,
            "9240576" : 1,
            "9633792" : 2,
            "9895936" : 2,
            "10027008" : 1,
            "10682368" : 2,
            "10813440" : 1,
            "11075584" : 2,
            "11337728" : 2,
            "11993088" : 1,
            "12255232" : 1,
            "12517376" : 1,
            "12648448" : 1,
            "13041664" : 2,
            "13172736" : 2,
            "13303808" : 2,
            "13697024" : 1,
            "13828096" : 1,
            "13959168" : 1,
            "14221312" : 1,
            "14352384" : 2,
            "15269888" : 1,
            "15400960" : 1,
            "15532032" : 1,
            "15663104" : 2,
            "16318464" : 1,
            "16449536" : 2,
            "16711680" : 3,
            "17170432" : 2,
            "17432576" : 1,
            "17694720" : 1,
            "17956864" : 1,
            "19005440" : 3,
            "20054016" : 1,
            "20316160" : 2,
            "21364736" : 1,
            "21626880" : 2,
            "21889024" : 1,
            "22151168" : 2,
            "22413312" : 1,
            "22675456" : 1,
            "23461888" : 1,
            "23986176" : 1,
            "24248320" : 1,
            "24510464" : 4,
            "24772608" : 1,
            "25559040" : 1,
            "25821184" : 1,
            "26083328" : 4,
            "26345472" : 1,
            "26607616" : 1,
            "26869760" : 3,
            "27131904" : 1,
            "27656192" : 1,
            "28704768" : 2,
            "29229056" : 2,
            "29491200" : 1,
            "29753344" : 2,
            "30015488" : 2,
            "30277632" : 1,
            "30801920" : 1,
            "31064064" : 2,
            "31326208" : 1,
            "31588352" : 2,
            "31850496" : 1,
            "32112640" : 1,
            "32636928" : 1,
            "33161216" : 1,
            "33423360" : 1,
            "33816576" : 2,
            "34340864" : 2,
            "34865152" : 2,
            "35389440" : 2,
            "35913728" : 1,
            "36438016" : 1,
            "37486592" : 1,
            "38010880" : 4,
            "39059456" : 3,
            "39583744" : 1,
            "40108032" : 4,
            "40632320" : 3,
            "41156608" : 2,
            "41680896" : 5,
            "42205184" : 2,
            "43253760" : 4,
            "44826624" : 1,
            "45350912" : 1,
            "45875200" : 2,
            "46399488" : 1,
            "46923776" : 2,
            "47448064" : 1,
            "47972352" : 1,
            "49020928" : 2,
            "50069504" : 2,
            "51642368" : 4,
            "52690944" : 3,
            "54263808" : 2,
            "54788096" : 1,
            "56360960" : 1,
            "57933824" : 1,
            "59506688" : 1,
            "60030976" : 2,
            "61079552" : 3,
            "62128128" : 3,
            "63176704" : 1,
            "63700992" : 1,
            "66322432" : 2,
            "66846720" : 2,
            "67633152" : 3,
            "68681728" : 1,
            "69730304" : 9,
            "70778880" : 1,
            "71827456" : 3,
            "72876032" : 8,
            "73924608" : 3,
            "74973184" : 3,
            "76021760" : 5,
            "78118912" : 2,
            "79167488" : 3,
            "80216064" : 5,
            "81264640" : 3,
            "82313216" : 4,
            "83361792" : 5,
            "84410368" : 4,
            "85458944" : 2,
            "86507520" : 2,
            "87556096" : 6,
            "88604672" : 3,
            "89653248" : 2,
            "90701824" : 2,
            "91750400" : 1,
            "92798976" : 4,
            "93847552" : 5,
            "94896128" : 2,
            "95944704" : 1,
            "96993280" : 2,
            "98041856" : 2,
            "99090432" : 1,
            "101187584" : 1,
            "102236160" : 4,
            "103284736" : 3,
            "104333312" : 1,
            "105381888" : 2,
            "106430464" : 4,
            "107479040" : 3,
            "108527616" : 4,
            "109576192" : 3,
            "110624768" : 3,