{
  "fio version" : "fio-3.1",
  "timestamp" : 1556021415,
  "timestamp_ms" : 1556021415718,
  "time" : "Tue Apr 23 13:10:15 2019",
  "global options" : {
    "fallocate" : "none",
    "runtime" : "30",
    "directory" : "/data/fio_write/beegfs-write-64-client-90087-27",
    "bs" : "2048",
    "time_based" : "1",
    "ioengine" : "libaio",
    "iodepth" : "8",
    "direct" : "1",
    "buffered" : "0",
    "thread" : "0",
    "group_reporting" : "1",
    "filesize" : "32g",
    "size" : "32g",
    "filename_format" : "$jobnum.dat"
  },
  "jobs" : [
    {
      "jobname" : "fio-job",
      "groupid" : 0,
      "error" : 0,
      "eta" : 0,
      "elapsed" : 31,
      "job options" : {
        "rw" : "write"
      },
      "read" : {
        "io_bytes" : 0,
        "io_kbytes" : 0,
        "bw" : 0,
        "iops" : 0.000000,
        "runtime" : 0,
        "total_ios" : 0,
        "short_ios" : 0,
        "drop_ios" : 0,
        "slat_ns" : {
          "min" : 0,
          "max" : 0,
          "mean" : 0.000000,
          "stddev" : 0.000000
        },
        "clat_ns" : {
          "min" : 0,
          "max" : 0,
          "mean" : 0.000000,
          "stddev" : 0.000000,
          "percentile" : {
            "1.000000" : 0,
            "5.000000" : 0,
            "10.000000" : 0,
            "20.000000" : 0,
            "30.000000" : 0,
            "40.000000" : 0,
            "50.000000" : 0,
            "60.000000" : 0,
            "70.000000" : 0,
            "80.000000" : 0,
            "90.000000" : 0,
            "95.000000" : 0,
            "99.000000" : 0,
            "99.500000" : 0,
            "99.900000" : 0,
            "99.950000" : 0,
            "99.990000" : 0,
            "0.00" : 0,
            "0.00" : 0,
            "0.00" : 0
          },
          "bins" : {

          }
        },
        "lat_ns" : {
          "min" : 0,
          "max" : 0,
          "mean" : 0.000000,
          "stddev" : 0.000000
        },
        "bw_min" : 0,
        "bw_max" : 0,
        "bw_agg" : 0.000000,
        "bw_mean" : 0.000000,
        "bw_dev" : 0.000000,
        "bw_samples" : 0,
        "iops_min" : 0,
        "iops_max" : 0,
        "iops_mean" : 0.000000,
        "iops_stddev" : 0.000000,
        "iops_samples" : 0
      },
      "write" : {
        "io_bytes" : 75061248,
        "io_kbytes" : 73302,
        "bw" : 2443,
        "iops" : 1221.577842,
        "runtime" : 30003,
        "total_ios" : 36651,
        "short_ios" : 0,
        "drop_ios" : 0,
        "slat_ns" : {
          "min" : 72751,
          "max" : 108507931,
          "mean" : 3269960.874683,
          "stddev" : 1964368.228357
        },
        "clat_ns" : {
          "min" : 2307,
          "max" : 127240559,
          "mean" : 22897619.949906,
          "stddev" : 3429198.879799,
          "percentile" : {
            "1.000000" : 17432576,
            "5.000000" : 19529728,
            "10.000000" : 21102592,
            "20.000000" : 21889024,
            "30.000000" : 22151168,
            "40.000000" : 22413312,
            "50.000000" : 22675456,
            "60.000000" : 23199744,
            "70.000000" : 23724032,
            "80.000000" : 24248320,
            "90.000000" : 24772608,
            "95.000000" : 25296896,
            "99.000000" : 28442624,
            "99.500000" : 30801920,
            "99.900000" : 39583744,
            "99.950000" : 121110528,
            "99.990000" : 127401984,
            "0.00" : 0,
            "0.00" : 0,
            "0.00" : 0
          },
          "bins" : {
            "2320" : 1,
            "2352" : 1,
            "2448" : 1,
            "2480" : 1,
            "2113536" : 2,
            "2342912" : 2,
            "3063808" : 1,
            "4046848" : 1,
            "4145152" : 1,
            "4489216" : 2,
            "5668864" : 1,
            "6455296" : 1,
            "6586368" : 1,
            "7372800" : 2,
            "7700480" : 1,
            "7897088" : 2,
            "8028160" : 1,
            "8093696" : 1,
            "8224768" : 1,
            "8454144" : 3,
            "8847360" : 1,
            "9240576" : 2,
            "9371648" : 1,
            "9502720" : 2,
            "9633792" : 3,
            "9764864" : 1,
            "9895936" : 2,
            "10158080" : 2,
            "10420224" : 1,
            "10551296" : 1,
            "10682368" : 1,
            "10813440" : 4,
            "10944512" : 2,
            "11075584" : 1,
            "11599872" : 4,
            "11730944" : 2,
            "12124160" : 2,
            "12255232" : 1,
            "12386304" : 3,
            "12779520" : 1,
            "12910592" : 4,
            "13172736" : 1,
            "13303808" : 1,
            "13565952" : 1,
            "13697024" : 6,
            "13828096" : 5,
            "13959168" : 5,
            "14090240" : 8,
            "14221312" : 46,
            "14352384" : 23,
            "14483456" : 39,
            "14614528" : 23,
            "14745600" : 17,
            "14876672" : 15,
            "15007744" : 10,
            "15138816" : 11,
            "15269888" : 19,
            "15400960" : 8,
            "15532032" : 2,
            "15663104" : 1,
            "15794176" : 4,
            "15925248" : 1,
            "16056320" : 2,
            "16187392" : 1,
            "16318464" : 6,
            "16711680" : 6,
            "16908288" : 7,
            "17170432" : 15,
            "17432576" : 36,
            "17694720" : 44,
            "17956864" : 105,
            "18219008" : 131,
            "18481152" : 190,
            "18743296" : 243,
            "19005440" : 253,
            "19267584" : 286,
            "19529728" : 308,
            "19791872" : 208,
            "20054016" : 255,
            "20316160" : 344,
            "20578304" : 347,
            "20840448" : 522,
            "21102592" : 936,
            "21364736" : 918,
            "21626880" : 1365,
            "21889024" : 2257,
            "22151168" : 3777,
            "22413312" : 3956,
            "22675456" : 2513,
            "22937600" : 2123,
            "23199744" : 2225,
            "23461888" : 1758,
            "23724032" : 1645,
            "23986176" : 1403,
            "24248320" : 1867,
            "24510464" : 1792,
            "24772608" : 1429,
            "25034752" : 818,
            "25296896" : 475,
            "25559040" : 354,
            "25821184" : 265,
            "26083328" : 127,
            "26345472" : 131,
            "26607616" : 116,
            "26869760" : 66,
            "27131904" : 104,
            "27394048" : 54,
            "27656192" : 44,
            "27918336" : 64,
            "28180480" : 74,
            "28442624" : 32,
            "28704768" : 39,
            "28966912" : 24,
            "29229056" : 24,
            "29491200" : 14,
            "29753344" : 12,
            "30015488" : 12,
            "30277632" : 22,
            "30539776" : 9,
            "30801920" : 10,
            "31064064" : 9,
            "31326208" : 11,
            "31588352" : 2,
            "31850496" : 10,
            "32112640" : 3,
            "32374784" : 7,
            "32636928" : 4,
            "32899072" : 5,
            "33161216" : 7,
            "33423360" : 18,
            "33816576" : 13,
            "34340864" : 11,
            "34865152" : 6,
            "35389440" : 5,
            "35913728" : 3,
            "36438016" : 7,
            "36962304" : 5,
            "37486592" : 5,
            "38535168" : 2,
            "39059456" : 2,
            "39583744" : 4,
            "40108032" : 2,
            "40632320" : 2,
            "41156608" : 1,
            "41680896" : 1,
            "45875200" : 1,
            "121110528" : 11,
            "122159104" : 9,
            "124256256" : 4,
            "127401984" : 4
          }
        },
        "lat_ns" : {
          "min" : 2118199,
          "max" : 132952708,
          "mean" : 26167885.216120,