{
  "fio version" : "fio-3.1",
  "timestamp" : 1556021733,
  "timestamp_ms" : 1556021733358,
  "time" : "Tue Apr 23 13:15:33 2019",
  "global options" : {
    "fallocate" : "none",
    "runtime" : "30",
    "directory" : "/data/fio_write/beegfs-write-64-client-90087-48",
    "bs" : "2097152",
    "time_based" : "1",
    "ioengine" : "libaio",
    "iodepth" : "8",
    "direct" : "1",
    "buffered" : "0",
    "thread" : "0",
    "group_reporting" : "1",
    "filesize" : "32g",
    "size" : "32g",
    "filename_format" : "$jobnum.dat"
  },
  "jobs" : [
    {
      "jobname" : "fio-job",
      "groupid" : 0,
      "error" : 0,
      "eta" : 0,
      "elapsed" : 31,
      "job options" : {
        "rw" : "write"
      },
      "read" : {
        "io_bytes" : 0,
        "io_kbytes" : 0,
        "bw" : 0,
        "iops" : 0.000000,
        "runtime" : 0,
        "total_ios" : 0,
        "short_ios" : 0,
        "drop_ios" : 0,
        "slat_ns" : {
          "min" : 0,
          "max" : 0,
          "mean" : 0.000000,
          "stddev" : 0.000000
        },
        "clat_ns" : {
          "min" : 0,
          "max" : 0,
          "mean" : 0.000000,
          "stddev" : 0.000000,
          "percentile" : {
            "1.000000" : 0,
            "5.000000" : 0,
            "10.000000" : 0,
            "20.000000" : 0,
            "30.000000" : 0,
            "40.000000" : 0,
            "50.000000" : 0,
            "60.000000" : 0,
            "70.000000" : 0,
            "80.000000" : 0,
            "90.000000" : 0,
            "95.000000" : 0,
            "99.000000" : 0,
            "99.500000" : 0,
            "99.900000" : 0,
            "99.950000" : 0,
            "99.990000" : 0,
            "0.00" : 0,
            "0.00" : 0,
            "0.00" : 0
          },
          "bins" : {

          }
        },
        "lat_ns" : {
          "min" : 0,
          "max" : 0,
          "mean" : 0.000000,
          "stddev" : 0.000000
        },
        "bw_min" : 0,
        "bw_max" : 0,
        "bw_agg" : 0.000000,
        "bw_mean" : 0.000000,
        "bw_dev" : 0.000000,
        "bw_samples" : 0,
        "iops_min" : 0,
        "iops_max" : 0,
        "iops_mean" : 0.000000,
        "iops_stddev" : 0.000000,
        "iops_samples" : 0
      },
      "write" : {
        "io_bytes" : 297795584,
        "io_kbytes" : 290816,
        "bw" : 9453,
        "iops" : 4.615785,
        "runtime" : 30764,
        "total_ios" : 142,
        "short_ios" : 0,
        "drop_ios" : 0,
        "slat_ns" : {
          "min" : 129090313,
          "max" : 1503467036,
          "mean" : 856686031.429578,
          "stddev" : 217692721.804090
        },
        "clat_ns" : {
          "min" : 3535,
          "max" : 6953821459,
          "mean" : 5391931373.725353,
          "stddev" : 1693302381.910702,
          "percentile" : {
            "1.000000" : 4256,
            "5.000000" : 817889280,
            "10.000000" : 2365587456,
            "20.000000" : 5268045824,
            "30.000000" : 5670699008,
            "40.000000" : 5939134464,
            "50.000000" : 6140461056,
            "60.000000" : 6207569920,
            "70.000000" : 6274678784,
            "80.000000" : 6341787648,
            "90.000000" : 6476005376,
            "95.000000" : 6543114240,
            "99.000000" : 6878658560,
            "99.500000" : 6945767424,
            "99.900000" : 6945767424,
            "99.950000" : 6945767424,
            "99.990000" : 6945767424,
            "0.00" : 0,
            "0.00" : 0,
            "0.00" : 0
          },
          "bins" : {
            "3536" : 1,
            "4256" : 1,
            "4320" : 1,
            "5600" : 1,
            "775946240" : 1,
            "792723456" : 1,
            "809500672" : 1,
            "817889280" : 1,
            "1266679808" : 1,
            "1551892480" : 1,
            "1568669696" : 1,
            "1619001344" : 1,
            "1786773504" : 1,
            "2122317824" : 1,
            "2365587456" : 1,
            "2466250752" : 1,
            "2969567232" : 1,
            "3103784960" : 1,
            "3238002688" : 1,
            "3640655872" : 1,
            "3976200192" : 1,
            "4110417920" : 1,
            "4143972352" : 1,
            "4529848320" : 1,
            "4798283776" : 1,
            "4865392640" : 1,
            "4999610368" : 2,
            "5268045824" : 3,
            "5335154688" : 5,
            "5402263552" : 1,
            "5536481280" : 2,
            "5603590144" : 3,
            "5670699008" : 2,
            "5737807872" : 2,
            "5872025600" : 7,
            "5939134464" : 4,
            "6006243328" : 7,
            "6073352192" : 2,
            "6140461056" : 10,
            "6207569920" : 21,
            "6274678784" : 11,
            "6341787648" : 10,
            "6408896512" : 9,
            "6476005376" : 6,
            "6543114240" : 3,
            "6610223104" : 2,
            "6744440832" : 1,
            "6811549696" : 1,
            "6878658560" : 1,
            "6945767424" : 1
          }
        },
        "lat_ns" : {
          "min" : 773591823,
          "max" : 7879401872,
          "mean" : 6248618791.992958,
          "stddev" : 1713472337.769405
        },
        "bw_min" : 4096,
        "bw_max" : 8192,
        "bw_agg" : 43.736225,
        "bw_mean" : 4134.385321,
        "bw_dev" : 392.255064,
        "bw_samples" : 109,
        "iops_min" : 2,
        "iops_max" : 4,
        "iops_mean" : 2.018349,
        "iops_stddev" : 0.191565,
        "iops_samples" : 109
      },
      "trim" : {
        "io_bytes" : 0,
        "io_kbytes" : 0,
        "bw" : 0,
        "iops" : 0.000000,
        "runtime" : 0,
        "total_ios" : 0,
        "short_ios" : 0,
        "drop_ios" : 0,
        "slat_ns" : {
          "min" : 0,
          "max" : 0,
          "mean" : 0.000000,
          "stddev" : 0.000000
        },
        "clat_ns" : {
          "min" : 0,
          "max" : 0,
          "mean" : 0.000000,
          "stddev" : 0.000000,
          "percentile" : {
            "1.000000" : 0,
            "5.000000" : 0,
            "10.000000" : 0,
            "20.000000" : 0,
            "30.000000" : 0,
            "40.000000" : 0,
            "50.000000" : 0,
            "60.000000" : 0,
            "70.000000" : 0,
            "80.000000" : 0,
            "90.000000" : 0,
            "95.000000" : 0,
            "99.000000" : 0,
            "99.500000" : 0,
            "99.900000" : 0,
            "99.950000" : 0,
            "99.990000" : 0,
            "0.00" : 0,
            "0.00" : 0,
            "0.00" : 0
          },
          "bins" : {

          }
        },
        "lat_ns" : {
          "min" : 0,
          "max" : 0,
          "mean" : 0.000000,
          "stddev" : 0.000000
        },
        "bw_min" : 0,
        "bw_max" : 0,
        "bw_agg" : 0.000000,
        "bw_mean" : 0.000000,
        "bw_dev" : 0.000000,
        "bw_samples" : 0,
        "iops_min" : 0,
        "iops_max" : 0,
        "iops_mean" : 0.000000,
        "iops_stddev" : 0.000000,
        "iops_samples" : 0
      },
      "usr_cpu" : 0.016440,
      "sys_cpu" : 0.077266,
      "ctx" : 430,
      "majf" : 0,
      "minf" : 105,
      "iodepth_level" : {
        "1" : 2.816901,
        "2" : 5.633803,
        "4" : 11.267606,
        "8" : 80.281690,
        "16" : 0.000000,
        "32" : 0.000000,
        ">=64" : 0.000000
      },
      "latency_ns" : {
        "2" : 0.000000,
        "4" : 0.000000,
        "10" : 0.000000,
        "20" : 0.000000,
        "50" : 0.000000,
        "100" : 0.000000,
        "250" : 0.000000,
        "500" : 0.000000,
        "750" : 0.000000,
        "1000" : 0.000000
      },
      "latency_us" : {
        "2" : 0.000000,
        "4" : 0.704225,
        "10" : 2.112676,
        "20" : 0.000000,
        "50" : 0.000000,
        "100" : 0.000000,
        "250" : 0.000000,
        "500" : 0.000000,