{
  "fio version" : "fio-3.1",
  "timestamp" : 1555517604,
  "timestamp_ms" : 1555517604374,
  "time" : "Wed Apr 17 16:13:24 2019",
  "global options" : {
    "fallocate" : "none",
    "runtime" : "30",
    "directory" : "/data/fio_write/beegfs-write-64-tf8jd",
    "bs" : "131072",
    "time_based" : "1",
    "ioengine" : "libaio",
    "iodepth" : "8",
    "direct" : "1",
    "buffered" : "0",
    "thread" : "0",
    "group_reporting" : "1",
    "filesize" : "32g",
    "size" : "32g",
    "filename_format" : "$jobnum.dat"
  },
  "jobs" : [
    {
      "jobname" : "fio-job",
      "groupid" : 0,
      "error" : 0,
      "eta" : 0,
      "elapsed" : 31,
      "job options" : {
        "rw" : "write"
      },
      "read" : {
        "io_bytes" : 0,
        "io_kbytes" : 0,
        "bw" : 0,
        "iops" : 0.000000,
        "runtime" : 0,
        "total_ios" : 0,
        "short_ios" : 0,
        "drop_ios" : 0,
        "slat_ns" : {
          "min" : 0,
          "max" : 0,
          "mean" : 0.000000,
          "stddev" : 0.000000
        },
        "clat_ns" : {
          "min" : 0,
          "max" : 0,
          "mean" : 0.000000,
          "stddev" : 0.000000,
          "percentile" : {
            "1.000000" : 0,
            "5.000000" : 0,
            "10.000000" : 0,
            "20.000000" : 0,
            "30.000000" : 0,
            "40.000000" : 0,
            "50.000000" : 0,
            "60.000000" : 0,
            "70.000000" : 0,
            "80.000000" : 0,
            "90.000000" : 0,
            "95.000000" : 0,
            "99.000000" : 0,
            "99.500000" : 0,
            "99.900000" : 0,
            "99.950000" : 0,
            "99.990000" : 0,
            "0.00" : 0,
            "0.00" : 0,
            "0.00" : 0
          },
          "bins" : {

          }
        },
        "lat_ns" : {
          "min" : 0,
          "max" : 0,
          "mean" : 0.000000,
          "stddev" : 0.000000
        },
        "bw_min" : 0,
        "bw_max" : 0,
        "bw_agg" : 0.000000,
        "bw_mean" : 0.000000,
        "bw_dev" : 0.000000,
        "bw_samples" : 0,
        "iops_min" : 0,
        "iops_max" : 0,
        "iops_mean" : 0.000000,
        "iops_stddev" : 0.000000,
        "iops_samples" : 0
      },
      "write" : {
        "io_bytes" : 3876061184,
        "io_kbytes" : 3785216,
        "bw" : 126127,
        "iops" : 985.372030,
        "runtime" : 30011,
        "total_ios" : 29572,
        "short_ios" : 0,
        "drop_ios" : 0,
        "slat_ns" : {
          "min" : 757349,
          "max" : 373586539,
          "mean" : 4045948.667118,
          "stddev" : 8474214.337528
        },
        "clat_ns" : {
          "min" : 8132,
          "max" : 460985433,
          "mean" : 28373436.273840,
          "stddev" : 21316979.904274,
          "percentile" : {
            "1.000000" : 8978432,
            "5.000000" : 11206656,
            "10.000000" : 14090240,
            "20.000000" : 18481152,
            "30.000000" : 21364736,
            "40.000000" : 23461888,
            "50.000000" : 25296896,
            "60.000000" : 27394048,
            "70.000000" : 29491200,
            "80.000000" : 32636928,
            "90.000000" : 39059456,
            "95.000000" : 47972352,
            "99.000000" : 133693440,
            "99.500000" : 166723584,
            "99.900000" : 258998272,
            "99.950000" : 341835776,
            "99.990000" : 459276288,
            "0.00" : 0,
            "0.00" : 0,
            "0.00" : 0
          },
          "bins" : {
            "8160" : 1,
            "9024" : 1,
            "10432" : 1,
            "11968" : 1,
            "6914048" : 1,
            "7176192" : 1,
            "7372800" : 1,
            "7438336" : 1,
            "7503872" : 1,
            "7634944" : 5,
            "7700480" : 5,
            "7766016" : 5,
            "7831552" : 5,
            "7897088" : 4,
            "7962624" : 7,
            "8028160" : 9,
            "8093696" : 3,
            "8159232" : 12,
            "8224768" : 9,
            "8290304" : 13,
            "8355840" : 16,
            "8454144" : 25,
            "8585216" : 42,
            "8716288" : 53,
            "8847360" : 58,
            "8978432" : 45,
            "9109504" : 51,
            "9240576" : 61,
            "9371648" : 65,
            "9502720" : 64,
            "9633792" : 66,
            "9764864" : 67,
            "9895936" : 76,
            "10027008" : 67,
            "10158080" : 70,
            "10289152" : 67,
            "10420224" : 78,
            "10551296" : 73,
            "10682368" : 71,
            "10813440" : 73,
            "10944512" : 84,
            "11075584" : 69,
            "11206656" : 101,
            "11337728" : 74,
            "11468800" : 77,
            "11599872" : 75,
            "11730944" : 75,
            "11862016" : 65,
            "11993088" : 81,
            "12124160" : 74,
            "12255232" : 89,
            "12386304" : 83,
            "12517376" : 83,
            "12648448" : 68,
            "12779520" : 66,
            "12910592" : 57,
            "13041664" : 57,
            "13172736" : 68,
            "13303808" : 42,
            "13434880" : 63,
            "13565952" : 48,
            "13697024" : 51,
            "13828096" : 64,
            "13959168" : 51,
            "14090240" : 55,
            "14221312" : 64,
            "14352384" : 68,
            "14483456" : 65,
            "14614528" : 66,
            "14745600" : 58,
            "14876672" : 63,
            "15007744" : 69,
            "15138816" : 50,
            "15269888" : 69,
            "15400960" : 74,
            "15532032" : 77,
            "15663104" : 64,
            "15794176" : 60,
            "15925248" : 74,
            "16056320" : 83,
            "16187392" : 92,
            "16318464" : 95,
            "16449536" : 93,
            "16580608" : 75,
            "16711680" : 101,
            "16908288" : 180,
            "17170432" : 211,
            "17432576" : 253,
            "17694720" : 209,
            "17956864" : 244,
            "18219008" : 230,
            "18481152" : 240,
            "18743296" : 246,
            "19005440" : 241,
            "19267584" : 278,
            "19529728" : 275,
            "19791872" : 288,
            "20054016" : 326,
            "20316160" : 284,
            "20578304" : 304,
            "20840448" : 302,
            "21102592" : 305,
            "21364736" : 332,
            "21626880" : 351,
            "21889024" : 331,
            "22151168" : 329,
            "22413312" : 332,
            "22675456" : 336,
            "22937600" : 301,
            "23199744" : 398,
            "23461888" : 391,
            "23724032" : 364,
            "23986176" : 347,
            "24248320" : 401,
            "24510464" : 464,
            "24772608" : 418,
            "25034752" : 412,
            "25296896" : 411,
            "25559040" : 408,
            "25821184" : 417,
            "26083328" : 402,
            "26345472" : 390,
            "26607616" : 431,
            "26869760" : 412,
            "27131904" : 410,
            "27394048" : 373,
            "27656192" : 386,
            "27918336" : 351,
            "28180480" : 382,
            "28442624" : 333,
            "28704768" : 323,
            "28966912" : 298,
            "29229056" : 303,
            "29491200" : 319,
            "29753344" : 280,
            "30015488" : 297,
            "30277632" : 307,
            "30539776" : 257,
            "30801920" : 251,
            "31064064" : 262,
            "31326208" : 237,
            "31588352" : 222,
            "31850496" : 231,
            "32112640" : 205,
            "32374784" : 214,
            "32636928" : 201,
            "32899072" : 178,
            "33161216" : 167,
            "33423360" : 174,
            "33816576" : 335,
            "34340864" : 329,
            "34865152" : 265,