{
  "fio version" : "fio-3.1",
  "timestamp" : 1555517458,
  "timestamp_ms" : 1555517458425,
  "time" : "Wed Apr 17 16:10:58 2019",
  "global options" : {
    "fallocate" : "none",
    "runtime" : "30",
    "directory" : "/data/fio_write/beegfs-write-64-zx2ks",
    "bs" : "8192",
    "time_based" : "1",
    "ioengine" : "libaio",
    "iodepth" : "8",
    "direct" : "1",
    "buffered" : "0",
    "thread" : "0",
    "group_reporting" : "1",
    "filesize" : "32g",
    "size" : "32g",
    "filename_format" : "$jobnum.dat"
  },
  "jobs" : [
    {
      "jobname" : "fio-job",
      "groupid" : 0,
      "error" : 0,
      "eta" : 0,
      "elapsed" : 31,
      "job options" : {
        "rw" : "write"
      },
      "read" : {
        "io_bytes" : 0,
        "io_kbytes" : 0,
        "bw" : 0,
        "iops" : 0.000000,
        "runtime" : 0,
        "total_ios" : 0,
        "short_ios" : 0,
        "drop_ios" : 0,
        "slat_ns" : {
          "min" : 0,
          "max" : 0,
          "mean" : 0.000000,
          "stddev" : 0.000000
        },
        "clat_ns" : {
          "min" : 0,
          "max" : 0,
          "mean" : 0.000000,
          "stddev" : 0.000000,
          "percentile" : {
            "1.000000" : 0,
            "5.000000" : 0,
            "10.000000" : 0,
            "20.000000" : 0,
            "30.000000" : 0,
            "40.000000" : 0,
            "50.000000" : 0,
            "60.000000" : 0,
            "70.000000" : 0,
            "80.000000" : 0,
            "90.000000" : 0,
            "95.000000" : 0,
            "99.000000" : 0,
            "99.500000" : 0,
            "99.900000" : 0,
            "99.950000" : 0,
            "99.990000" : 0,
            "0.00" : 0,
            "0.00" : 0,
            "0.00" : 0
          },
          "bins" : {

          }
        },
        "lat_ns" : {
          "min" : 0,
          "max" : 0,
          "mean" : 0.000000,
          "stddev" : 0.000000
        },
        "bw_min" : 0,
        "bw_max" : 0,
        "bw_agg" : 0.000000,
        "bw_mean" : 0.000000,
        "bw_dev" : 0.000000,
        "bw_samples" : 0,
        "iops_min" : 0,
        "iops_max" : 0,
        "iops_mean" : 0.000000,
        "iops_stddev" : 0.000000,
        "iops_samples" : 0
      },
      "write" : {
        "io_bytes" : 2115444736,
        "io_kbytes" : 2065864,
        "bw" : 68859,
        "iops" : 8607.479751,
        "runtime" : 30001,
        "total_ios" : 258233,
        "short_ios" : 0,
        "drop_ios" : 0,
        "slat_ns" : {
          "min" : 76622,
          "max" : 38787997,
          "mean" : 458100.963246,
          "stddev" : 589292.394798
        },
        "clat_ns" : {
          "min" : 5097,
          "max" : 45001414,
          "mean" : 3252688.252462,
          "stddev" : 1889043.959670,
          "percentile" : {
            "1.000000" : 1269760,
            "5.000000" : 1466368,
            "10.000000" : 1581056,
            "20.000000" : 1826816,
            "30.000000" : 2244608,
            "40.000000" : 2670592,
            "50.000000" : 2998272,
            "60.000000" : 3293184,
            "70.000000" : 3653632,
            "80.000000" : 4145152,
            "90.000000" : 5013504,
            "95.000000" : 5996544,
            "99.000000" : 9633792,
            "99.500000" : 12779520,
            "99.900000" : 23199744,
            "99.950000" : 26345472,
            "99.990000" : 34340864,
            "0.00" : 0,
            "0.00" : 0,
            "0.00" : 0
          },
          "bins" : {
            "5088" : 1,
            "5344" : 1,
            "5664" : 1,
            "5728" : 1,
            "211968" : 1,
            "228352" : 1,
            "238592" : 1,
            "325632" : 1,
            "411648" : 1,
            "505856" : 1,
            "522240" : 1,
            "528384" : 1,
            "643072" : 1,
            "692224" : 1,
            "749568" : 1,
            "839680" : 2,
            "847872" : 4,
            "856064" : 12,
            "864256" : 6,
            "872448" : 7,
            "880640" : 13,
            "888832" : 15,
            "897024" : 5,
            "905216" : 12,
            "913408" : 6,
            "921600" : 6,
            "929792" : 5,
            "937984" : 3,
            "946176" : 7,
            "954368" : 13,
            "962560" : 11,
            "970752" : 9,
            "978944" : 17,
            "987136" : 17,
            "995328" : 20,
            "1003520" : 16,
            "1011712" : 15,
            "1019904" : 18,
            "1028096" : 13,
            "1036288" : 29,
            "1044480" : 25,
            "1056768" : 76,
            "1073152" : 92,
            "1089536" : 89,
            "1105920" : 97,
            "1122304" : 107,
            "1138688" : 136,
            "1155072" : 133,
            "1171456" : 166,
            "1187840" : 162,
            "1204224" : 202,
            "1220608" : 257,
            "1236992" : 296,
            "1253376" : 375,
            "1269760" : 441,
            "1286144" : 468,
            "1302528" : 547,
            "1318912" : 656,
            "1335296" : 627,
            "1351680" : 762,
            "1368064" : 869,
            "1384448" : 939,
            "1400832" : 1062,
            "1417216" : 1095,
            "1433600" : 1174,
            "1449984" : 1302,
            "1466368" : 1411,
            "1482752" : 1476,
            "1499136" : 1501,
            "1515520" : 1713,
            "1531904" : 1763,
            "1548288" : 1882,
            "1564672" : 1904,
            "1581056" : 1872,
            "1597440" : 1941,
            "1613824" : 2005,
            "1630208" : 1959,
            "1646592" : 2074,
            "1662976" : 2005,
            "1679360" : 1908,
            "1695744" : 1909,
            "1712128" : 1855,
            "1728512" : 1844,
            "1744896" : 1672,
            "1761280" : 1634,
            "1777664" : 1565,
            "1794048" : 1504,
            "1810432" : 1486,
            "1826816" : 1415,
            "1843200" : 1378,
            "1859584" : 1285,
            "1875968" : 1289,
            "1892352" : 1132,
            "1908736" : 1139,
            "1925120" : 1061,
            "1941504" : 1124,
            "1957888" : 1067,
            "1974272" : 1086,
            "1990656" : 1056,
            "2007040" : 1058,
            "2023424" : 929,
            "2039808" : 946,
            "2056192" : 963,
            "2072576" : 879,
            "2088960" : 882,
            "2113536" : 1872,
            "2146304" : 1819,
            "2179072" : 1791,
            "2211840" : 1876,
            "2244608" : 1840,
            "2277376" : 1745,
            "2310144" : 1888,
            "2342912" : 1862,
            "2375680" : 1906,
            "2408448" : 1845,
            "2441216" : 1889,
            "2473984" : 1919,
            "2506752" : 1936,
            "2539520" : 2027,
            "2572288" : 2064,
            "2605056" : 2103,
            "2637824" : 2037,
            "2670592" : 2123,
            "2703360" : 2149,
            "2736128" : 2292,
            "2768896" : 2349,
            "2801664" : 2453,
            "2834432" : 2391,
            "2867200" : 2687,
            "2899968" : 2783,
            "2932736" : 2793,
            "2965504" : 2896,
            "2998272" : 2979,
            "3031040" : 2835,
            "3063808" : 2912,
            "3096576" : 2869,
            "3129344" : 2917,
            "3162112" : 2932,
            "3194880" : 2866,
            "3227648" : 2768,
            "3260416" : 2684,
            "3293184" : 2731,
            "3325952" : 2737,
            "3358720" : 2614,
            "3391488" : 2522,
            "3424256" : 2517,
            "3457024" : 2500,
            "3489792" : 2368,
            "3522560" : 2325,
            "3555328" : 2275,
            "3588096" : 2200,
            "3620864" : 2176,
            "3653632" : 1972,
            "3686400" : 2021,