{
  "fio version" : "fio-3.1",
  "timestamp" : 1556099680,
  "timestamp_ms" : 1556099680990,
  "time" : "Wed Apr 24 09:54:40 2019",
  "global options" : {
    "fallocate" : "none",
    "runtime" : "30",
    "directory" : "data/fio_write/beegfs-write-64-mnq2v",
    "bs" : "4194304",
    "time_based" : "1",
    "ioengine" : "libaio",
    "iodepth" : "8",
    "direct" : "1",
    "buffered" : "0",
    "thread" : "0",
    "group_reporting" : "1",
    "filesize" : "32g",
    "size" : "32g",
    "filename_format" : "$jobnum.dat"
  },
  "jobs" : [
    {
      "jobname" : "fio-job",
      "groupid" : 0,
      "error" : 0,
      "eta" : 0,
      "elapsed" : 31,
      "job options" : {
        "rw" : "write"
      },
      "read" : {
        "io_bytes" : 0,
        "io_kbytes" : 0,
        "bw" : 0,
        "iops" : 0.000000,
        "runtime" : 0,
        "total_ios" : 0,
        "short_ios" : 0,
        "drop_ios" : 0,
        "slat_ns" : {
          "min" : 0,
          "max" : 0,
          "mean" : 0.000000,
          "stddev" : 0.000000
        },
        "clat_ns" : {
          "min" : 0,
          "max" : 0,
          "mean" : 0.000000,
          "stddev" : 0.000000,
          "percentile" : {
            "1.000000" : 0,
            "5.000000" : 0,
            "10.000000" : 0,
            "20.000000" : 0,
            "30.000000" : 0,
            "40.000000" : 0,
            "50.000000" : 0,
            "60.000000" : 0,
            "70.000000" : 0,
            "80.000000" : 0,
            "90.000000" : 0,
            "95.000000" : 0,
            "99.000000" : 0,
            "99.500000" : 0,
            "99.900000" : 0,
            "99.950000" : 0,
            "99.990000" : 0,
            "0.00" : 0,
            "0.00" : 0,
            "0.00" : 0
          },
          "bins" : {

          }
        },
        "lat_ns" : {
          "min" : 0,
          "max" : 0,
          "mean" : 0.000000,
          "stddev" : 0.000000
        },
        "bw_min" : 0,
        "bw_max" : 0,
        "bw_agg" : 0.000000,
        "bw_mean" : 0.000000,
        "bw_dev" : 0.000000,
        "bw_samples" : 0,
        "iops_min" : 0,
        "iops_max" : 0,
        "iops_mean" : 0.000000,
        "iops_stddev" : 0.000000,
        "iops_samples" : 0
      },
      "write" : {
        "io_bytes" : 2990538752,
        "io_kbytes" : 2920448,
        "bw" : 97150,
        "iops" : 23.718439,
        "runtime" : 30061,
        "total_ios" : 713,
        "short_ios" : 0,
        "drop_ios" : 0,
        "slat_ns" : {
          "min" : 72234064,
          "max" : 702067760,
          "mean" : 167797852.591865,
          "stddev" : 81473620.027155
        },
        "clat_ns" : {
          "min" : 11857,
          "max" : 2125678125,
          "mean" : 1158655271.600281,
          "stddev" : 267308193.935904,
          "percentile" : {
            "1.000000" : 304087040,
            "5.000000" : 801112064,
            "10.000000" : 876609536,
            "20.000000" : 968884224,
            "30.000000" : 1027604480,
            "40.000000" : 1082130432,
            "50.000000" : 1166016512,
            "60.000000" : 1233125376,
            "70.000000" : 1283457024,
            "80.000000" : 1350565888,
            "90.000000" : 1468006400,
            "95.000000" : 1535115264,
            "99.000000" : 1887436800,
            "99.500000" : 1971322880,
            "99.900000" : 2122317824,
            "99.950000" : 2122317824,
            "99.990000" : 2122317824,
            "0.00" : 0,
            "0.00" : 0,
            "0.00" : 0
          },
          "bins" : {
            "11840" : 1,
            "12096" : 1,
            "18048" : 1,
            "52480" : 1,
            "244318208" : 2,
            "295698432" : 1,
            "304087040" : 1,
            "350224384" : 1,
            "367001600" : 1,
            "392167424" : 1,
            "404750336" : 1,
            "488636416" : 1,
            "501219328" : 1,
            "530579456" : 1,
            "549453824" : 1,
            "616562688" : 1,
            "624951296" : 1,
            "633339904" : 1,
            "641728512" : 1,
            "717225984" : 1,
            "734003200" : 2,
            "750780416" : 1,
            "759169024" : 3,
            "767557632" : 3,
            "775946240" : 1,
            "784334848" : 2,
            "792723456" : 2,
            "801112064" : 3,
            "809500672" : 3,
            "817889280" : 5,
            "826277888" : 2,
            "834666496" : 4,
            "843055104" : 7,
            "851443712" : 4,
            "859832320" : 2,
            "868220928" : 5,
            "876609536" : 8,
            "884998144" : 5,
            "893386752" : 8,
            "901775360" : 6,
            "910163968" : 5,
            "918552576" : 7,
            "926941184" : 6,
            "935329792" : 5,
            "943718400" : 5,
            "952107008" : 12,
            "960495616" : 5,
            "968884224" : 7,
            "977272832" : 10,
            "985661440" : 7,
            "994050048" : 9,
            "1002438656" : 8,
            "1010827264" : 10,
            "1019215872" : 15,
            "1027604480" : 6,
            "1035993088" : 12,
            "1044381696" : 10,
            "1052770304" : 6,
            "1061158912" : 9,
            "1069547520" : 10,
            "1082130432" : 26,
            "1098907648" : 21,
            "1115684864" : 17,
            "1132462080" : 16,
            "1149239296" : 14,
            "1166016512" : 19,
            "1182793728" : 20,
            "1199570944" : 16,
            "1216348160" : 14,
            "1233125376" : 21,
            "1249902592" : 22,
            "1266679808" : 15,
            "1283457024" : 24,
            "1300234240" : 15,
            "1317011456" : 22,
            "1333788672" : 9,
            "1350565888" : 22,
            "1367343104" : 9,
            "1384120320" : 9,
            "1400897536" : 15,
            "1417674752" : 14,
            "1434451968" : 7,
            "1451229184" : 13,
            "1468006400" : 12,
            "1484783616" : 6,
            "1501560832" : 7,
            "1518338048" : 8,
            "1535115264" : 4,
            "1551892480" : 4,
            "1568669696" : 3,
            "1585446912" : 1,
            "1602224128" : 1,
            "1619001344" : 2,
            "1635778560" : 4,
            "1669332992" : 2,
            "1686110208" : 1,
            "1702887424" : 1,
            "1719664640" : 1,
            "1769996288" : 1,
            "1786773504" : 1,
            "1803550720" : 2,
            "1870659584" : 2,
            "1887436800" : 2,
            "1937768448" : 1,
            "1954545664" : 2,
            "1971322880" : 1,
            "2021654528" : 2,
            "2122317824" : 1
          }
        },
        "lat_ns" : {
          "min" : 244140049,
          "max" : 2301831545,
          "mean" : 1326457630.802244,
          "stddev" : 287598237.421694
        },
        "bw_min" : 8192,
        "bw_max" : 41207,
        "bw_agg" : 24.581434,
        "bw_mean" : 23880.863248,
        "bw_dev" : 6690.003704,
        "bw_samples" : 234,
        "iops_min" : 2,
        "iops_max" : 10,
        "iops_mean" : 5.786325,
        "iops_stddev" : 1.638219,
        "iops_samples" : 234
      },
      "trim" : {
        "io_bytes" : 0,
        "io_kbytes" : 0,
        "bw" : 0,
        "iops" : 0.000000,
        "runtime" : 0,
        "total_ios" : 0,
        "short_ios" : 0,
        "drop_ios" : 0,
        "slat_ns" : {
          "min" : 0,
          "max" : 0,
          "mean" : 0.000000,
          "stddev" : 0.000000
        },
        "clat_ns" : {
          "min" : 0,
          "max" : 0,
          "mean" : 0.000000,
          "stddev" : 0.000000,
          "percentile" : {
            "1.000000" : 0,
            "5.000000" : 0,
            "10.000000" : 0,
            "20.000000" : 0,
            "30.000000" : 0,
            "40.000000" : 0,