{
  "fio version" : "fio-3.1",
  "timestamp" : 1556099720,
  "timestamp_ms" : 1556099720898,
  "time" : "Wed Apr 24 09:55:20 2019",
  "global options" : {
    "fallocate" : "none",
    "runtime" : "30",
    "directory" : "data/fio_write/beegfs-write-64-mnq2v",
    "bs" : "8388608",
    "time_based" : "1",
    "ioengine" : "libaio",
    "iodepth" : "8",
    "direct" : "1",
    "buffered" : "0",
    "thread" : "0",
    "group_reporting" : "1",
    "filesize" : "32g",
    "size" : "32g",
    "filename_format" : "$jobnum.dat"
  },
  "jobs" : [
    {
      "jobname" : "fio-job",
      "groupid" : 0,
      "error" : 0,
      "eta" : 0,
      "elapsed" : 31,
      "job options" : {
        "rw" : "write"
      },
      "read" : {
        "io_bytes" : 0,
        "io_kbytes" : 0,
        "bw" : 0,
        "iops" : 0.000000,
        "runtime" : 0,
        "total_ios" : 0,
        "short_ios" : 0,
        "drop_ios" : 0,
        "slat_ns" : {
          "min" : 0,
          "max" : 0,
          "mean" : 0.000000,
          "stddev" : 0.000000
        },
        "clat_ns" : {
          "min" : 0,
          "max" : 0,
          "mean" : 0.000000,
          "stddev" : 0.000000,
          "percentile" : {
            "1.000000" : 0,
            "5.000000" : 0,
            "10.000000" : 0,
            "20.000000" : 0,
            "30.000000" : 0,
            "40.000000" : 0,
            "50.000000" : 0,
            "60.000000" : 0,
            "70.000000" : 0,
            "80.000000" : 0,
            "90.000000" : 0,
            "95.000000" : 0,
            "99.000000" : 0,
            "99.500000" : 0,
            "99.900000" : 0,
            "99.950000" : 0,
            "99.990000" : 0,
            "0.00" : 0,
            "0.00" : 0,
            "0.00" : 0
          },
          "bins" : {

          }
        },
        "lat_ns" : {
          "min" : 0,
          "max" : 0,
          "mean" : 0.000000,
          "stddev" : 0.000000
        },
        "bw_min" : 0,
        "bw_max" : 0,
        "bw_agg" : 0.000000,
        "bw_mean" : 0.000000,
        "bw_dev" : 0.000000,
        "bw_samples" : 0,
        "iops_min" : 0,
        "iops_max" : 0,
        "iops_mean" : 0.000000,
        "iops_stddev" : 0.000000,
        "iops_samples" : 0
      },
      "write" : {
        "io_bytes" : 3372220416,
        "io_kbytes" : 3293184,
        "bw" : 109444,
        "iops" : 13.359920,
        "runtime" : 30090,
        "total_ios" : 402,
        "short_ios" : 0,
        "drop_ios" : 0,
        "slat_ns" : {
          "min" : 131317968,
          "max" : 673882466,
          "mean" : 298899388.850746,
          "stddev" : 90185380.255359
        },
        "clat_ns" : {
          "min" : 7879,
          "max" : 2959670193,
          "mean" : 2036367991.176617,
          "stddev" : 530717496.219481,
          "percentile" : {
            "1.000000" : 131596288,
            "5.000000" : 994050048,
            "10.000000" : 1635778560,
            "20.000000" : 1736441856,
            "30.000000" : 1803550720,
            "40.000000" : 1937768448,
            "50.000000" : 2105540608,
            "60.000000" : 2231369728,
            "70.000000" : 2332033024,
            "80.000000" : 2466250752,
            "90.000000" : 2600468480,
            "95.000000" : 2701131776,
            "99.000000" : 2902458368,
            "99.500000" : 2936012800,
            "99.900000" : 2969567232,
            "99.950000" : 2969567232,
            "99.990000" : 2969567232,
            "0.00" : 0,
            "0.00" : 0,
            "0.00" : 0
          },
          "bins" : {
            "7904" : 1,
            "9152" : 1,
            "10304" : 1,
            "13632" : 1,
            "131596288" : 1,
            "133693440" : 1,
            "152043520" : 1,
            "158334976" : 1,
            "304087040" : 2,
            "320864256" : 1,
            "346030080" : 1,
            "476053504" : 1,
            "480247808" : 1,
            "484442112" : 1,
            "549453824" : 1,
            "792723456" : 1,
            "817889280" : 1,
            "859832320" : 1,
            "893386752" : 1,
            "994050048" : 1,
            "1035993088" : 1,
            "1061158912" : 1,
            "1098907648" : 1,
            "1317011456" : 1,
            "1367343104" : 1,
            "1384120320" : 1,
            "1434451968" : 1,
            "1518338048" : 2,
            "1535115264" : 1,
            "1551892480" : 1,
            "1568669696" : 1,
            "1585446912" : 1,
            "1602224128" : 2,
            "1619001344" : 4,
            "1635778560" : 1,
            "1652555776" : 7,
            "1669332992" : 1,
            "1686110208" : 11,
            "1702887424" : 14,
            "1719664640" : 5,
            "1736441856" : 8,
            "1753219072" : 10,
            "1769996288" : 6,
            "1786773504" : 6,
            "1803550720" : 12,
            "1820327936" : 6,
            "1837105152" : 5,
            "1853882368" : 4,
            "1870659584" : 6,
            "1887436800" : 7,
            "1904214016" : 7,
            "1920991232" : 2,
            "1937768448" : 3,
            "1954545664" : 3,
            "1971322880" : 3,
            "1988100096" : 7,
            "2004877312" : 4,
            "2021654528" : 6,
            "2038431744" : 3,
            "2055208960" : 5,
            "2071986176" : 4,
            "2088763392" : 2,
            "2105540608" : 4,
            "2122317824" : 3,
            "2139095040" : 7,
            "2164260864" : 13,
            "2197815296" : 13,
            "2231369728" : 9,
            "2264924160" : 17,
            "2298478592" : 13,
            "2332033024" : 14,
            "2365587456" : 6,
            "2399141888" : 8,
            "2432696320" : 15,
            "2466250752" : 10,
            "2499805184" : 10,
            "2533359616" : 6,
            "2566914048" : 12,
            "2600468480" : 8,
            "2634022912" : 9,
            "2667577344" : 4,
            "2701131776" : 5,
            "2734686208" : 3,
            "2768240640" : 3,
            "2801795072" : 3,
            "2835349504" : 2,
            "2868903936" : 2,
            "2902458368" : 2,
            "2936012800" : 2,
            "2969567232" : 1
          }
        },
        "lat_ns" : {
          "min" : 131334765,
          "max" : 3338263520,
          "mean" : 2335273250.743782,
          "stddev" : 574185309.067721
        },
        "bw_min" : 16351,
        "bw_max" : 50052,
        "bw_agg" : 24.446689,
        "bw_mean" : 26755.434211,
        "bw_dev" : 9002.010911,
        "bw_samples" : 228,
        "iops_min" : 1,
        "iops_max" : 6,
        "iops_mean" : 3.192982,
        "iops_stddev" : 1.117559,
        "iops_samples" : 228
      },
      "trim" : {
        "io_bytes" : 0,
        "io_kbytes" : 0,
        "bw" : 0,
        "iops" : 0.000000,
        "runtime" : 0,
        "total_ios" : 0,
        "short_ios" : 0,
        "drop_ios" : 0,
        "slat_ns" : {
          "min" : 0,
          "max" : 0,
          "mean" : 0.000000,
          "stddev" : 0.000000
        },
        "clat_ns" : {
          "min" : 0,
          "max" : 0,
          "mean" : 0.000000,
          "stddev" : 0.000000,
          "percentile" : {
            "1.000000" : 0,
            "5.000000" : 0,
            "10.000000" : 0,
            "20.000000" : 0,
            "30.000000" : 0,
            "40.000000" : 0,
            "50.000000" : 0,
            "60.000000" : 0,
            "70.000000" : 0,
            "80.000000" : 0,
            "90.000000" : 0,
            "95.000000" : 0,
            "99.000000" : 0,
            "99.500000" : 0,
            "99.900000" : 0,
            "99.950000" : 0,
            "99.990000" : 0,
            "0.00" : 0,
            "0.00" : 0,
            "0.00" : 0
          },
          "bins" : {

          }
        },
        "lat_ns" : {
          "min" : 0,
          "max" : 0,
          "mean" : 0.000000,