{
  "fio version" : "fio-3.1",
  "timestamp" : 1556020648,
  "timestamp_ms" : 1556020648383,
  "time" : "Tue Apr 23 12:57:28 2019",
  "global options" : {
    "fallocate" : "none",
    "runtime" : "30",
    "directory" : "/data/fio_write/beegfs-randwrite-64-client-26896-50",
    "bs" : "1048576",
    "time_based" : "1",
    "ioengine" : "libaio",
    "iodepth" : "8",
    "direct" : "1",
    "buffered" : "0",
    "thread" : "0",
    "group_reporting" : "1",
    "filesize" : "32g",
    "size" : "32g",
    "filename_format" : "$jobnum.dat"
  },
  "jobs" : [
    {
      "jobname" : "fio-job",
      "groupid" : 0,
      "error" : 0,
      "eta" : 0,
      "elapsed" : 31,
      "job options" : {
        "rw" : "randwrite"
      },
      "read" : {
        "io_bytes" : 0,
        "io_kbytes" : 0,
        "bw" : 0,
        "iops" : 0.000000,
        "runtime" : 0,
        "total_ios" : 0,
        "short_ios" : 0,
        "drop_ios" : 0,
        "slat_ns" : {
          "min" : 0,
          "max" : 0,
          "mean" : 0.000000,
          "stddev" : 0.000000
        },
        "clat_ns" : {
          "min" : 0,
          "max" : 0,
          "mean" : 0.000000,
          "stddev" : 0.000000,
          "percentile" : {
            "1.000000" : 0,
            "5.000000" : 0,
            "10.000000" : 0,
            "20.000000" : 0,
            "30.000000" : 0,
            "40.000000" : 0,
            "50.000000" : 0,
            "60.000000" : 0,
            "70.000000" : 0,
            "80.000000" : 0,
            "90.000000" : 0,
            "95.000000" : 0,
            "99.000000" : 0,
            "99.500000" : 0,
            "99.900000" : 0,
            "99.950000" : 0,
            "99.990000" : 0,
            "0.00" : 0,
            "0.00" : 0,
            "0.00" : 0
          },
          "bins" : {

          }
        },
        "lat_ns" : {
          "min" : 0,
          "max" : 0,
          "mean" : 0.000000,
          "stddev" : 0.000000
        },
        "bw_min" : 0,
        "bw_max" : 0,
        "bw_agg" : 0.000000,
        "bw_mean" : 0.000000,
        "bw_dev" : 0.000000,
        "bw_samples" : 0,
        "iops_min" : 0,
        "iops_max" : 0,
        "iops_mean" : 0.000000,
        "iops_stddev" : 0.000000,
        "iops_samples" : 0
      },
      "write" : {
        "io_bytes" : 223346688,
        "io_kbytes" : 218112,
        "bw" : 7159,
        "iops" : 6.992089,
        "runtime" : 30463,
        "total_ios" : 213,
        "short_ios" : 0,
        "drop_ios" : 0,
        "slat_ns" : {
          "min" : 74265,
          "max" : 4072008925,
          "mean" : 558891309.145540,
          "stddev" : 986031335.149346
        },
        "clat_ns" : {
          "min" : 36864958,
          "max" : 11967208362,
          "mean" : 3319502526.380282,
          "stddev" : 2882004266.626433,
          "percentile" : {
            "1.000000" : 54263808,
            "5.000000" : 90701824,
            "10.000000" : 154140672,
            "20.000000" : 526385152,
            "30.000000" : 1417674752,
            "40.000000" : 2432696320,
            "50.000000" : 2969567232,
            "60.000000" : 3238002688,
            "70.000000" : 3808428032,
            "80.000000" : 5268045824,
            "90.000000" : 6610223104,
            "95.000000" : 10401873920,
            "99.000000" : 11609833472,
            "99.500000" : 11878268928,
            "99.900000" : 12012486656,
            "99.950000" : 12012486656,
            "99.990000" : 12012486656,
            "0.00" : 0,
            "0.00" : 0,
            "0.00" : 0
          },
          "bins" : {
            "36962304" : 1,
            "49020928" : 1,
            "54263808" : 1,
            "57409536" : 1,
            "67633152" : 1,
            "68681728" : 1,
            "70778880" : 1,
            "72876032" : 1,
            "74973184" : 1,
            "80216064" : 1,
            "90701824" : 1,
            "95944704" : 1,
            "102236160" : 1,
            "104333312" : 1,
            "108527616" : 1,
            "111673344" : 1,
            "116916224" : 1,
            "117964800" : 1,
            "119013376" : 1,
            "130547712" : 1,
            "139460608" : 1,
            "154140672" : 1,
            "166723584" : 1,
            "173015040" : 1,
            "233832448" : 1,
            "480247808" : 7,
            "497025024" : 5,
            "501219328" : 1,
            "526385152" : 6,
            "534773760" : 1,
            "557842432" : 7,
            "725614592" : 1,
            "859832320" : 1,
            "952107008" : 1,
            "1027604480" : 1,
            "1098907648" : 1,
            "1283457024" : 1,
            "1417674752" : 6,
            "1484783616" : 1,
            "1535115264" : 1,
            "1736441856" : 1,
            "1853882368" : 1,
            "1887436800" : 1,
            "1971322880" : 1,
            "2105540608" : 1,
            "2164260864" : 1,
            "2264924160" : 1,
            "2298478592" : 6,
            "2332033024" : 1,
            "2399141888" : 3,
            "2432696320" : 6,
            "2533359616" : 1,
            "2801795072" : 6,
            "2835349504" : 3,
            "2868903936" : 3,
            "2902458368" : 1,
            "2936012800" : 2,
            "2969567232" : 6,
            "3070230528" : 1,
            "3103784960" : 6,
            "3137339392" : 3,
            "3204448256" : 2,
            "3238002688" : 7,
            "3271557120" : 7,
            "3305111552" : 1,
            "3338665984" : 6,
            "3405774848" : 2,
            "3539992576" : 1,
            "3674210304" : 1,
            "3741319168" : 1,
            "3808428032" : 4,
            "3976200192" : 7,
            "4143972352" : 1,
            "4278190080" : 1,
            "4395630592" : 6,
            "4596957184" : 1,
            "5200936960" : 1,
            "5268045824" : 1,
            "5335154688" : 3,
            "6006243328" : 1,
            "6073352192" : 5,
            "6408896512" : 7,
            "6476005376" : 4,
            "6610223104" : 2,
            "8287944704" : 2,
            "8355053568" : 2,
            "8489271296" : 1,
            "8925478912" : 1,
            "9596567552" : 1,
            "9865003008" : 1,
            "10267656192" : 1,
            "10401873920" : 1,
            "10536091648" : 1,
            "10670309376" : 1,
            "11207180288" : 2,
            "11341398016" : 1,
            "11609833472" : 3,
            "11878268928" : 1,
            "12012486656" : 1
          }
        },
        "lat_ns" : {
          "min" : 49438446,
          "max" : 14600718929,
          "mean" : 3878394374.568075,
          "stddev" : 3237626852.705872
        },
        "bw_min" : 2048,
        "bw_max" : 18432,
        "bw_agg" : 100.000000,
        "bw_mean" : 7888.765957,
        "bw_dev" : 6847.007935,
        "bw_samples" : 47,
        "iops_min" : 2,
        "iops_max" : 18,
        "iops_mean" : 7.702128,
        "iops_stddev" : 6.685204,
        "iops_samples" : 47
      },
      "trim" : {
        "io_bytes" : 0,
        "io_kbytes" : 0,
        "bw" : 0,
        "iops" : 0.000000,
        "runtime" : 0,
        "total_ios" : 0,
        "short_ios" : 0,
        "drop_ios" : 0,
        "slat_ns" : {
          "min" : 0,
          "max" : 0,
          "mean" : 0.000000,
          "stddev" : 0.000000
        },
        "clat_ns" : {
          "min" : 0,
          "max" : 0,
          "mean" : 0.000000,
          "stddev" : 0.000000,
          "percentile" : {
            "1.000000" : 0,
            "5.000000" : 0,
            "10.000000" : 0,
            "20.000000" : 0,
            "30.000000" : 0,
            "40.000000" : 0,
            "50.000000" : 0,
            "60.000000" : 0,
            "70.000000" : 0,
            "80.000000" : 0,
            "90.000000" : 0,
            "95.000000" : 0,
            "99.000000" : 0,
            "99.500000" : 0,
            "99.900000" : 0,