{
  "fio version" : "fio-3.1",
  "timestamp" : 1556096858,
  "timestamp_ms" : 1556096858353,
  "time" : "Wed Apr 24 10:07:38 2019",
  "global options" : {
    "fallocate" : "none",
    "runtime" : "30",
    "directory" : "/mnt/storage-nvme/fio_write/beegfs-write-64-client-39945-14",
    "bs" : "1048576",
    "time_based" : "1",
    "ioengine" : "libaio",
    "iodepth" : "8",
    "direct" : "1",
    "buffered" : "0",
    "thread" : "0",
    "group_reporting" : "1",
    "filesize" : "32g",
    "size" : "32g",
    "filename_format" : "$jobnum.dat"
  },
  "jobs" : [
    {
      "jobname" : "fio-job",
      "groupid" : 0,
      "error" : 0,
      "eta" : 0,
      "elapsed" : 31,
      "job options" : {
        "rw" : "write"
      },
      "read" : {
        "io_bytes" : 0,
        "io_kbytes" : 0,
        "bw" : 0,
        "iops" : 0.000000,
        "runtime" : 0,
        "total_ios" : 0,
        "short_ios" : 0,
        "drop_ios" : 0,
        "slat_ns" : {
          "min" : 0,
          "max" : 0,
          "mean" : 0.000000,
          "stddev" : 0.000000
        },
        "clat_ns" : {
          "min" : 0,
          "max" : 0,
          "mean" : 0.000000,
          "stddev" : 0.000000,
          "percentile" : {
            "1.000000" : 0,
            "5.000000" : 0,
            "10.000000" : 0,
            "20.000000" : 0,
            "30.000000" : 0,
            "40.000000" : 0,
            "50.000000" : 0,
            "60.000000" : 0,
            "70.000000" : 0,
            "80.000000" : 0,
            "90.000000" : 0,
            "95.000000" : 0,
            "99.000000" : 0,
            "99.500000" : 0,
            "99.900000" : 0,
            "99.950000" : 0,
            "99.990000" : 0,
            "0.00" : 0,
            "0.00" : 0,
            "0.00" : 0
          },
          "bins" : {

          }
        },
        "lat_ns" : {
          "min" : 0,
          "max" : 0,
          "mean" : 0.000000,
          "stddev" : 0.000000
        },
        "bw_min" : 0,
        "bw_max" : 0,
        "bw_agg" : 0.000000,
        "bw_mean" : 0.000000,
        "bw_dev" : 0.000000,
        "bw_samples" : 0,
        "iops_min" : 0,
        "iops_max" : 0,
        "iops_mean" : 0.000000,
        "iops_stddev" : 0.000000,
        "iops_samples" : 0
      },
      "write" : {
        "io_bytes" : 1863319552,
        "io_kbytes" : 1819648,
        "bw" : 60421,
        "iops" : 59.005180,
        "runtime" : 30116,
        "total_ios" : 1777,
        "short_ios" : 0,
        "drop_ios" : 0,
        "slat_ns" : {
          "min" : 600119,
          "max" : 1931924770,
          "mean" : 67494283.642656,
          "stddev" : 170636186.430476
        },
        "clat_ns" : {
          "min" : 5739,
          "max" : 2406630915,
          "mean" : 472132888.678672,
          "stddev" : 379135913.983856,
          "percentile" : {
            "1.000000" : 42729472,
            "5.000000" : 64225280,
            "10.000000" : 92798976,
            "20.000000" : 147849216,
            "30.000000" : 231735296,
            "40.000000" : 283115520,
            "50.000000" : 371195904,
            "60.000000" : 476053504,
            "70.000000" : 608174080,
            "80.000000" : 734003200,
            "90.000000" : 977272832,
            "95.000000" : 1182793728,
            "99.000000" : 1853882368,
            "99.500000" : 2038431744,
            "99.900000" : 2399141888,
            "99.950000" : 2399141888,
            "99.990000" : 2399141888,
            "0.00" : 0,
            "0.00" : 0,
            "0.00" : 0
          },
          "bins" : {
            "5728" : 2,
            "6176" : 1,
            "6368" : 1,
            "31064064" : 1,
            "35389440" : 1,
            "36438016" : 1,
            "36962304" : 1,
            "38010880" : 1,
            "38535168" : 1,
            "40108032" : 1,
            "40632320" : 1,
            "41156608" : 3,
            "42205184" : 2,
            "42729472" : 2,
            "43253760" : 1,
            "44302336" : 1,
            "44826624" : 4,
            "45350912" : 1,
            "45875200" : 3,
            "46399488" : 2,
            "46923776" : 1,
            "47448064" : 1,
            "47972352" : 1,
            "48496640" : 3,
            "50069504" : 2,
            "50593792" : 4,
            "51118080" : 3,
            "52166656" : 1,
            "52690944" : 3,
            "53215232" : 2,
            "53739520" : 1,
            "54263808" : 4,
            "55312384" : 3,
            "55836672" : 2,
            "56360960" : 3,
            "56885248" : 4,
            "57409536" : 1,
            "57933824" : 1,
            "58458112" : 2,
            "58982400" : 1,
            "59506688" : 2,
            "60030976" : 2,
            "60555264" : 3,
            "61079552" : 2,
            "61603840" : 1,
            "62652416" : 2,
            "63176704" : 1,
            "63700992" : 1,
            "64225280" : 3,
            "64749568" : 2,
            "65273856" : 3,
            "65798144" : 1,
            "66322432" : 3,
            "66846720" : 1,
            "67633152" : 1,
            "68681728" : 5,
            "69730304" : 3,
            "70778880" : 7,
            "71827456" : 4,
            "72876032" : 2,
            "73924608" : 6,
            "74973184" : 1,
            "76021760" : 4,
            "78118912" : 2,
            "79167488" : 4,
            "81264640" : 2,
            "82313216" : 2,
            "83361792" : 3,
            "84410368" : 3,
            "85458944" : 2,
            "86507520" : 5,
            "87556096" : 4,
            "88604672" : 7,
            "89653248" : 3,
            "90701824" : 3,
            "91750400" : 2,
            "92798976" : 4,
            "93847552" : 5,
            "94896128" : 5,
            "95944704" : 2,
            "96993280" : 8,
            "98041856" : 2,
            "99090432" : 3,
            "100139008" : 5,
            "101187584" : 4,
            "102236160" : 5,
            "103284736" : 2,
            "104333312" : 3,
            "105381888" : 1,
            "106430464" : 3,
            "107479040" : 2,
            "108527616" : 1,
            "110624768" : 1,
            "111673344" : 1,
            "112721920" : 4,
            "113770496" : 6,
            "114819072" : 2,
            "115867648" : 6,
            "116916224" : 2,
            "119013376" : 5,
            "120061952" : 5,
            "121110528" : 6,
            "122159104" : 3,
            "123207680" : 5,
            "125304832" : 4,
            "126353408" : 4,
            "127401984" : 2,
            "128450560" : 2,
            "129499136" : 4,
            "130547712" : 4,
            "131596288" : 5,
            "132644864" : 4,
            "133693440" : 5,
            "135266304" : 9,
            "137363456" : 5,
            "139460608" : 6,
            "141557760" : 5,
            "143654912" : 9,
            "145752064" : 5,
            "147849216" : 7,
            "149946368" : 4,
            "152043520" : 3,
            "154140672" : 3,
            "156237824" : 7,
            "160432128" : 4,
            "162529280" : 3,
            "164626432" : 2,
            "166723584" : 2,
            "168820736" : 3,
            "170917888" : 8,
            "173015040" : 4,
            "175112192" : 2,
            "177209344" : 5,
            "179306496" : 8,
            "181403648" : 7,
            "183500800" : 1,
            "185597952" : 1,
            "187695104" : 2,
            "189792256" : 2,
            "191889408" : 6,
            "193986560" : 5,
            "196083712" : 8,
            "198180864" : 6,
            "200278016" : 6,
            "202375168" : 2,
            "204472320" : 6,
            "206569472" : 8,
            "208666624" : 5,
            "210763776" : 6,
            "212860928" : 4,
            "214958080" : 1,
            "217055232" : 3,
            "219152384" : 6,
            "221249536" : 4,