{
  "fio version" : "fio-3.1",
  "timestamp" : 1556021766,
  "timestamp_ms" : 1556021766183,
  "time" : "Tue Apr 23 13:16:06 2019",
  "global options" : {
    "fallocate" : "none",
    "runtime" : "30",
    "directory" : "/data/fio_write/beegfs-write-64-client-90087-36",
    "bs" : "4194304",
    "time_based" : "1",
    "ioengine" : "libaio",
    "iodepth" : "8",
    "direct" : "1",
    "buffered" : "0",
    "thread" : "0",
    "group_reporting" : "1",
    "filesize" : "32g",
    "size" : "32g",
    "filename_format" : "$jobnum.dat"
  },
  "jobs" : [
    {
      "jobname" : "fio-job",
      "groupid" : 0,
      "error" : 0,
      "eta" : 0,
      "elapsed" : 32,
      "job options" : {
        "rw" : "write"
      },
      "read" : {
        "io_bytes" : 0,
        "io_kbytes" : 0,
        "bw" : 0,
        "iops" : 0.000000,
        "runtime" : 0,
        "total_ios" : 0,
        "short_ios" : 0,
        "drop_ios" : 0,
        "slat_ns" : {
          "min" : 0,
          "max" : 0,
          "mean" : 0.000000,
          "stddev" : 0.000000
        },
        "clat_ns" : {
          "min" : 0,
          "max" : 0,
          "mean" : 0.000000,
          "stddev" : 0.000000,
          "percentile" : {
            "1.000000" : 0,
            "5.000000" : 0,
            "10.000000" : 0,
            "20.000000" : 0,
            "30.000000" : 0,
            "40.000000" : 0,
            "50.000000" : 0,
            "60.000000" : 0,
            "70.000000" : 0,
            "80.000000" : 0,
            "90.000000" : 0,
            "95.000000" : 0,
            "99.000000" : 0,
            "99.500000" : 0,
            "99.900000" : 0,
            "99.950000" : 0,
            "99.990000" : 0,
            "0.00" : 0,
            "0.00" : 0,
            "0.00" : 0
          },
          "bins" : {

          }
        },
        "lat_ns" : {
          "min" : 0,
          "max" : 0,
          "mean" : 0.000000,
          "stddev" : 0.000000
        },
        "bw_min" : 0,
        "bw_max" : 0,
        "bw_agg" : 0.000000,
        "bw_mean" : 0.000000,
        "bw_dev" : 0.000000,
        "bw_samples" : 0,
        "iops_min" : 0,
        "iops_max" : 0,
        "iops_mean" : 0.000000,
        "iops_stddev" : 0.000000,
        "iops_samples" : 0
      },
      "write" : {
        "io_bytes" : 360710144,
        "io_kbytes" : 352256,
        "bw" : 11280,
        "iops" : 2.753939,
        "runtime" : 31228,
        "total_ios" : 86,
        "short_ios" : 0,
        "drop_ios" : 0,
        "slat_ns" : {
          "min" : 89021153,
          "max" : 2673172354,
          "mean" : 1417733787.976744,
          "stddev" : 511405799.349854
        },
        "clat_ns" : {
          "min" : 3939,
          "max" : 12021834422,
          "mean" : 7923958257.511628,
          "stddev" : 3255008664.309953,
          "percentile" : {
            "1.000000" : 3952,
            "5.000000" : 1317011456,
            "10.000000" : 2667577344,
            "20.000000" : 5335154688,
            "30.000000" : 7482638336,
            "40.000000" : 8489271296,
            "50.000000" : 8925478912,
            "60.000000" : 9596567552,
            "70.000000" : 9999220736,
            "80.000000" : 10401873920,
            "90.000000" : 10938744832,
            "95.000000" : 11207180288,
            "99.000000" : 12012486656,
            "99.500000" : 12012486656,
            "99.900000" : 12012486656,
            "99.950000" : 12012486656,
            "99.990000" : 12012486656,
            "0.00" : 0,
            "0.00" : 0,
            "0.00" : 0
          },
          "bins" : {
            "3952" : 1,
            "4320" : 1,
            "4448" : 1,
            "4704" : 1,
            "1317011456" : 1,
            "1333788672" : 2,
            "1350565888" : 1,
            "2667577344" : 2,
            "2701131776" : 2,
            "4009754624" : 2,
            "4043309056" : 1,
            "4076863488" : 1,
            "5335154688" : 2,
            "5402263552" : 2,
            "6408896512" : 1,
            "6543114240" : 1,
            "6744440832" : 1,
            "6811549696" : 1,
            "6878658560" : 1,
            "7482638336" : 1,
            "7818182656" : 1,
            "7885291520" : 1,
            "8019509248" : 1,
            "8086618112" : 1,
            "8422162432" : 3,
            "8489271296" : 4,
            "8657043456" : 1,
            "8791261184" : 1,
            "8925478912" : 4,
            "9059696640" : 2,
            "9193914368" : 1,
            "9462349824" : 4,
            "9596567552" : 2,
            "9730785280" : 2,
            "9865003008" : 6,
            "9999220736" : 2,
            "10133438464" : 2,
            "10267656192" : 1,
            "10401873920" : 4,
            "10536091648" : 2,
            "10670309376" : 2,
            "10804527104" : 3,
            "10938744832" : 2,
            "11072962560" : 3,
            "11207180288" : 1,
            "11341398016" : 2,
            "11878268928" : 1,
            "12012486656" : 1
          }
        },
        "lat_ns" : {
          "min" : 1325062202,
          "max" : 13602792943,
          "mean" : 9341693498.593023,
          "stddev" : 3320146192.535981
        },
        "bw_min" : 8192,
        "bw_max" : 16616,
        "bw_agg" : 74.369396,
        "bw_mean" : 8388.867925,
        "bw_dev" : 1152.515010,
        "bw_samples" : 53,
        "iops_min" : 2,
        "iops_max" : 4,
        "iops_mean" : 2.037736,
        "iops_stddev" : 0.274721,
        "iops_samples" : 53
      },
      "trim" : {
        "io_bytes" : 0,
        "io_kbytes" : 0,
        "bw" : 0,
        "iops" : 0.000000,
        "runtime" : 0,
        "total_ios" : 0,
        "short_ios" : 0,
        "drop_ios" : 0,
        "slat_ns" : {
          "min" : 0,
          "max" : 0,
          "mean" : 0.000000,
          "stddev" : 0.000000
        },
        "clat_ns" : {
          "min" : 0,
          "max" : 0,
          "mean" : 0.000000,
          "stddev" : 0.000000,
          "percentile" : {
            "1.000000" : 0,
            "5.000000" : 0,
            "10.000000" : 0,
            "20.000000" : 0,
            "30.000000" : 0,
            "40.000000" : 0,
            "50.000000" : 0,
            "60.000000" : 0,
            "70.000000" : 0,
            "80.000000" : 0,
            "90.000000" : 0,
            "95.000000" : 0,
            "99.000000" : 0,
            "99.500000" : 0,
            "99.900000" : 0,
            "99.950000" : 0,
            "99.990000" : 0,
            "0.00" : 0,
            "0.00" : 0,
            "0.00" : 0
          },
          "bins" : {

          }
        },
        "lat_ns" : {
          "min" : 0,
          "max" : 0,
          "mean" : 0.000000,
          "stddev" : 0.000000
        },
        "bw_min" : 0,
        "bw_max" : 0,
        "bw_agg" : 0.000000,
        "bw_mean" : 0.000000,
        "bw_dev" : 0.000000,
        "bw_samples" : 0,
        "iops_min" : 0,
        "iops_max" : 0,
        "iops_mean" : 0.000000,
        "iops_stddev" : 0.000000,
        "iops_samples" : 0
      },
      "usr_cpu" : 0.031897,
      "sys_cpu" : 0.053162,
      "ctx" : 269,
      "majf" : 0,
      "minf" : 105,
      "iodepth_level" : {
        "1" : 4.651163,
        "2" : 9.302326,
        "4" : 18.604651,
        "8" : 67.441860,
        "16" : 0.000000,
        "32" : 0.000000,
        ">=64" : 0.000000
      },
      "latency_ns" : {
        "2" : 0.000000,
        "4" : 0.000000,
        "10" : 0.000000,
        "20" : 0.000000,
        "50" : 0.000000,
        "100" : 0.000000,
        "250" : 0.000000,
        "500" : 0.000000,
        "750" : 0.000000,
        "1000" : 0.000000
      },
      "latency_us" : {
        "2" : 0.000000,
        "4" : 1.162791,
        "10" : 3.488372,
        "20" : 0.000000,
        "50" : 0.000000,
        "100" : 0.000000,
        "250" : 0.000000,
        "500" : 0.000000,
        "750" : 0.000000,