{
  "fio version" : "fio-3.1",
  "timestamp" : 1556021415,
  "timestamp_ms" : 1556021415775,
  "time" : "Tue Apr 23 13:10:15 2019",
  "global options" : {
    "fallocate" : "none",
    "runtime" : "30",
    "directory" : "/data/fio_write/beegfs-write-64-client-90087-45",
    "bs" : "2048",
    "time_based" : "1",
    "ioengine" : "libaio",
    "iodepth" : "8",
    "direct" : "1",
    "buffered" : "0",
    "thread" : "0",
    "group_reporting" : "1",
    "filesize" : "32g",
    "size" : "32g",
    "filename_format" : "$jobnum.dat"
  },
  "jobs" : [
    {
      "jobname" : "fio-job",
      "groupid" : 0,
      "error" : 0,
      "eta" : 0,
      "elapsed" : 31,
      "job options" : {
        "rw" : "write"
      },
      "read" : {
        "io_bytes" : 0,
        "io_kbytes" : 0,
        "bw" : 0,
        "iops" : 0.000000,
        "runtime" : 0,
        "total_ios" : 0,
        "short_ios" : 0,
        "drop_ios" : 0,
        "slat_ns" : {
          "min" : 0,
          "max" : 0,
          "mean" : 0.000000,
          "stddev" : 0.000000
        },
        "clat_ns" : {
          "min" : 0,
          "max" : 0,
          "mean" : 0.000000,
          "stddev" : 0.000000,
          "percentile" : {
            "1.000000" : 0,
            "5.000000" : 0,
            "10.000000" : 0,
            "20.000000" : 0,
            "30.000000" : 0,
            "40.000000" : 0,
            "50.000000" : 0,
            "60.000000" : 0,
            "70.000000" : 0,
            "80.000000" : 0,
            "90.000000" : 0,
            "95.000000" : 0,
            "99.000000" : 0,
            "99.500000" : 0,
            "99.900000" : 0,
            "99.950000" : 0,
            "99.990000" : 0,
            "0.00" : 0,
            "0.00" : 0,
            "0.00" : 0
          },
          "bins" : {

          }
        },
        "lat_ns" : {
          "min" : 0,
          "max" : 0,
          "mean" : 0.000000,
          "stddev" : 0.000000
        },
        "bw_min" : 0,
        "bw_max" : 0,
        "bw_agg" : 0.000000,
        "bw_mean" : 0.000000,
        "bw_dev" : 0.000000,
        "bw_samples" : 0,
        "iops_min" : 0,
        "iops_max" : 0,
        "iops_mean" : 0.000000,
        "iops_stddev" : 0.000000,
        "iops_samples" : 0
      },
      "write" : {
        "io_bytes" : 75051008,
        "io_kbytes" : 73292,
        "bw" : 2442,
        "iops" : 1221.289076,
        "runtime" : 30006,
        "total_ios" : 36646,
        "short_ios" : 0,
        "drop_ios" : 0,
        "slat_ns" : {
          "min" : 287102,
          "max" : 108956620,
          "mean" : 3270312.153496,
          "stddev" : 1959473.695662
        },
        "clat_ns" : {
          "min" : 2073,
          "max" : 127742878,
          "mean" : 22903714.325656,
          "stddev" : 3370178.704935,
          "percentile" : {
            "1.000000" : 17956864,
            "5.000000" : 19791872,
            "10.000000" : 21102592,
            "20.000000" : 21889024,
            "30.000000" : 22151168,
            "40.000000" : 22413312,
            "50.000000" : 22675456,
            "60.000000" : 23199744,
            "70.000000" : 23724032,
            "80.000000" : 24248320,
            "90.000000" : 24772608,
            "95.000000" : 25296896,
            "99.000000" : 28180480,
            "99.500000" : 29491200,
            "99.900000" : 40108032,
            "99.950000" : 121110528,
            "99.990000" : 127401984,
            "0.00" : 0,
            "0.00" : 0,
            "0.00" : 0
          },
          "bins" : {
            "2064" : 1,
            "2352" : 1,
            "2416" : 1,
            "4128" : 1,
            "2146304" : 1,
            "3686400" : 1,
            "5013504" : 1,
            "5341184" : 1,
            "5865472" : 2,
            "6914048" : 1,
            "7176192" : 3,
            "8716288" : 2,
            "8847360" : 2,
            "10289152" : 1,
            "10420224" : 1,
            "10551296" : 1,
            "10944512" : 1,
            "11206656" : 1,
            "11730944" : 1,
            "11993088" : 1,
            "12124160" : 2,
            "12386304" : 1,
            "12779520" : 2,
            "13303808" : 1,
            "13434880" : 1,
            "13697024" : 5,
            "13828096" : 5,
            "13959168" : 7,
            "14090240" : 16,
            "14221312" : 38,
            "14352384" : 27,
            "14483456" : 20,
            "14614528" : 32,
            "14745600" : 24,
            "14876672" : 18,
            "15007744" : 5,
            "15138816" : 6,
            "15269888" : 10,
            "15400960" : 6,
            "15532032" : 3,
            "15663104" : 3,
            "15794176" : 5,
            "16056320" : 2,
            "16318464" : 1,
            "16449536" : 4,
            "16711680" : 3,
            "16908288" : 2,
            "17170432" : 13,
            "17432576" : 32,
            "17694720" : 40,
            "17956864" : 90,
            "18219008" : 131,
            "18481152" : 235,
            "18743296" : 208,
            "19005440" : 224,
            "19267584" : 265,
            "19529728" : 256,
            "19791872" : 225,
            "20054016" : 281,
            "20316160" : 362,
            "20578304" : 383,
            "20840448" : 554,
            "21102592" : 856,
            "21364736" : 937,
            "21626880" : 1366,
            "21889024" : 2282,
            "22151168" : 3920,
            "22413312" : 3941,
            "22675456" : 2505,
            "22937600" : 2141,
            "23199744" : 2231,
            "23461888" : 1790,
            "23724032" : 1627,
            "23986176" : 1459,
            "24248320" : 1814,
            "24510464" : 1789,
            "24772608" : 1401,
            "25034752" : 786,
            "25296896" : 440,
            "25559040" : 354,
            "25821184" : 276,
            "26083328" : 157,
            "26345472" : 166,
            "26607616" : 119,
            "26869760" : 90,
            "27131904" : 69,
            "27394048" : 53,
            "27656192" : 52,
            "27918336" : 53,
            "28180480" : 67,
            "28442624" : 43,
            "28704768" : 42,
            "28966912" : 25,
            "29229056" : 22,
            "29491200" : 21,
            "29753344" : 6,
            "30015488" : 7,
            "30277632" : 15,
            "30539776" : 15,
            "30801920" : 11,
            "31064064" : 5,
            "31326208" : 6,
            "31588352" : 6,
            "31850496" : 6,
            "32112640" : 7,
            "32374784" : 5,
            "32636928" : 6,
            "32899072" : 4,
            "33161216" : 5,
            "33423360" : 5,
            "33816576" : 3,
            "34340864" : 3,
            "34865152" : 3,
            "35389440" : 4,
            "35913728" : 7,
            "36438016" : 2,
            "37486592" : 3,
            "38010880" : 4,
            "39059456" : 1,
            "39583744" : 3,
            "40108032" : 1,
            "41680896" : 3,
            "42205184" : 1,
            "44826624" : 1,
            "45350912" : 1,
            "46399488" : 2,
            "121110528" : 11,
            "122159104" : 9,
            "124256256" : 4,
            "127401984" : 4
          }
        },
        "lat_ns" : {
          "min" : 2156998,
          "max" : 133432653,
          "mean" : 26174321.828849,
          "stddev" : 3714030.925626
        },
        "bw_min" : 496,
        "bw_max" : 664,
        "bw_agg" : 24.994945,
        "bw_mean" : 610.376569,
        "bw_dev" : 23.517391,
        "bw_samples" : 239,
        "iops_min" : 248,
        "iops_max" : 332,
        "iops_mean" : 305.129707,
        "iops_stddev" : 11.767170,
        "iops_samples" : 239
      },
      "trim" : {
        "io_bytes" : 0,
        "io_kbytes" : 0,
        "bw" : 0,
        "iops" : 0.000000,
        "runtime" : 0,
        "total_ios" : 0,
        "short_ios" : 0,