{
  "fio version" : "fio-3.1",
  "timestamp" : 1574247997,
  "timestamp_ms" : 1574247997801,
  "time" : "Wed Nov 20 11:06:37 2019",
  "global options" : {
    "directory" : "data/fio_write/beegfs-randwrite-64-g5fnc",
    "bs" : "2048",
    "fallocate" : "none",
    "runtime" : "30",
    "time_based" : "1",
    "ioengine" : "libaio",
    "iodepth" : "8",
    "direct" : "1",
    "buffered" : "0",
    "invalidate" : "1",
    "ramp_time" : "0",
    "thread" : "0",
    "group_reporting" : "1",
    "filesize" : "32g",
    "size" : "32g",
    "filename_format" : "$jobnum.dat"
  },
  "jobs" : [
    {
      "jobname" : "fio-job",
      "groupid" : 0,
      "error" : 0,
      "eta" : 0,
      "elapsed" : 32,
      "job options" : {
        "rw" : "randwrite"
      },
      "read" : {
        "io_bytes" : 0,
        "io_kbytes" : 0,
        "bw" : 0,
        "iops" : 0.000000,
        "runtime" : 0,
        "total_ios" : 0,
        "short_ios" : 0,
        "drop_ios" : 0,
        "slat_ns" : {
          "min" : 0,
          "max" : 0,
          "mean" : 0.000000,
          "stddev" : 0.000000
        },
        "clat_ns" : {
          "min" : 0,
          "max" : 0,
          "mean" : 0.000000,
          "stddev" : 0.000000,
          "percentile" : {
            "1.000000" : 0,
            "5.000000" : 0,
            "10.000000" : 0,
            "20.000000" : 0,
            "30.000000" : 0,
            "40.000000" : 0,
            "50.000000" : 0,
            "60.000000" : 0,
            "70.000000" : 0,
            "80.000000" : 0,
            "90.000000" : 0,
            "95.000000" : 0,
            "99.000000" : 0,
            "99.500000" : 0,
            "99.900000" : 0,
            "99.950000" : 0,
            "99.990000" : 0,
            "0.00" : 0,
            "0.00" : 0,
            "0.00" : 0
          },
          "bins" : {

          }
        },
        "lat_ns" : {
          "min" : 0,
          "max" : 0,
          "mean" : 0.000000,
          "stddev" : 0.000000
        },
        "bw_min" : 0,
        "bw_max" : 0,
        "bw_agg" : 0.000000,
        "bw_mean" : 0.000000,
        "bw_dev" : 0.000000,
        "bw_samples" : 0,
        "iops_min" : 0,
        "iops_max" : 0,
        "iops_mean" : 0.000000,
        "iops_stddev" : 0.000000,
        "iops_samples" : 0
      },
      "write" : {
        "io_bytes" : 342016,
        "io_kbytes" : 334,
        "bw" : 10,
        "iops" : 5.420670,
        "runtime" : 30808,
        "total_ios" : 167,
        "short_ios" : 0,
        "drop_ios" : 0,
        "slat_ns" : {
          "min" : 80454,
          "max" : 2885237382,
          "mean" : 736000326.491018,
          "stddev" : 766299526.439139
        },
        "clat_ns" : {
          "min" : 5343,
          "max" : 12078693996,
          "mean" : 5121497441.203593,
          "stddev" : 3185964771.352674,
          "percentile" : {
            "1.000000" : 5408,
            "5.000000" : 742391808,
            "10.000000" : 1061158912,
            "20.000000" : 2164260864,
            "30.000000" : 3137339392,
            "40.000000" : 3640655872,
            "50.000000" : 4596957184,
            "60.000000" : 6006243328,
            "70.000000" : 6945767424,
            "80.000000" : 7415529472,
            "90.000000" : 9999220736,
            "95.000000" : 11072962560,
            "99.000000" : 12012486656,
            "99.500000" : 12012486656,
            "99.900000" : 12012486656,
            "99.950000" : 12012486656,
            "99.990000" : 12012486656,
            "0.00" : 0,
            "0.00" : 0,
            "0.00" : 0
          },
          "bins" : {
            "5344" : 1,
            "5408" : 1,
            "5920" : 1,
            "6816" : 1,
            "442499072" : 1,
            "471859200" : 1,
            "526385152" : 1,
            "650117120" : 1,
            "742391808" : 1,
            "859832320" : 1,
            "893386752" : 2,
            "952107008" : 2,
            "960495616" : 1,
            "985661440" : 1,
            "1061158912" : 1,
            "1069547520" : 1,
            "1082130432" : 1,
            "1115684864" : 1,
            "1300234240" : 1,
            "1350565888" : 1,
            "1451229184" : 1,
            "1501560832" : 2,
            "1551892480" : 1,
            "1568669696" : 1,
            "1686110208" : 1,
            "1937768448" : 1,
            "1988100096" : 1,
            "2004877312" : 1,
            "2055208960" : 2,
            "2164260864" : 4,
            "2499805184" : 2,
            "2667577344" : 1,
            "2701131776" : 1,
            "2734686208" : 1,
            "2868903936" : 4,
            "2902458368" : 1,
            "2969567232" : 1,
            "3070230528" : 1,
            "3137339392" : 3,
            "3170893824" : 1,
            "3238002688" : 2,
            "3372220416" : 2,
            "3405774848" : 4,
            "3439329280" : 1,
            "3539992576" : 3,
            "3607101440" : 1,
            "3640655872" : 3,
            "3741319168" : 2,
            "3808428032" : 1,
            "3875536896" : 2,
            "3976200192" : 1,
            "4009754624" : 2,
            "4076863488" : 1,
            "4244635648" : 2,
            "4328521728" : 1,
            "4395630592" : 1,
            "4462739456" : 1,
            "4596957184" : 1,
            "4664066048" : 1,
            "4798283776" : 1,
            "4865392640" : 1,
            "4932501504" : 2,
            "4999610368" : 1,
            "5066719232" : 1,
            "5133828096" : 1,
            "5200936960" : 1,
            "5268045824" : 1,
            "5469372416" : 1,
            "5603590144" : 1,
            "5737807872" : 2,
            "5872025600" : 1,
            "5939134464" : 1,
            "6006243328" : 2,
            "6140461056" : 2,
            "6274678784" : 1,
            "6408896512" : 1,
            "6476005376" : 3,
            "6543114240" : 1,
            "6677331968" : 3,
            "6744440832" : 1,
            "6878658560" : 1,
            "6945767424" : 2,
            "7012876288" : 5,
            "7079985152" : 2,
            "7147094016" : 3,
            "7214202880" : 2,
            "7281311744" : 2,
            "7348420608" : 1,
            "7415529472" : 2,
            "7549747200" : 1,
            "7751073792" : 1,
            "8086618112" : 2,
            "8489271296" : 1,
            "8791261184" : 2,
            "9193914368" : 1,
            "9328132096" : 2,
            "9462349824" : 1,
            "9596567552" : 3,
            "9730785280" : 1,
            "9865003008" : 1,
            "9999220736" : 2,
            "10267656192" : 1,
            "10670309376" : 3,
            "10804527104" : 2,
            "11072962560" : 4,
            "11207180288" : 1,
            "11878268928" : 1,
            "12012486656" : 3
          }
        },
        "lat_ns" : {
          "min" : 441037332,
          "max" : 14775562472,
          "mean" : 5857501865.844312,
          "stddev" : 3465853129.653274
        },
        "bw_min" : 0,
        "bw_max" : 16,
        "bw_agg" : 35.428571,
        "bw_mean" : 3.542857,
        "bw_dev" : 2.706930,
        "bw_samples" : 105,
        "iops_min" : 0,
        "iops_max" : 8,
        "iops_mean" : 1.638095,
        "iops_stddev" : 1.461847,
        "iops_samples" : 105
      },
      "trim" : {
        "io_bytes" : 0,
        "io_kbytes" : 0,
        "bw" : 0,
        "iops" : 0.000000,
        "runtime" : 0,
        "total_ios" : 0,
        "short_ios" : 0,
        "drop_ios" : 0,
        "slat_ns" : {
          "min" : 0,
          "max" : 0,
          "mean" : 0.000000,
          "stddev" : 0.000000
        },
        "clat_ns" : {
          "min" : 0,
          "max" : 0,
          "mean" : 0.000000,
          "stddev" : 0.000000,
          "percentile" : {
            "1.000000" : 0,
            "5.000000" : 0,
            "10.000000" : 0,
            "20.000000" : 0,
            "30.000000" : 0,