{
  "fio version" : "fio-3.1",
  "timestamp" : 1556020156,
  "timestamp_ms" : 1556020156891,
  "time" : "Tue Apr 23 12:49:16 2019",
  "global options" : {
    "fallocate" : "none",
    "runtime" : "30",
    "directory" : "/data/fio_write/beegfs-write-1-client-142741-0",
    "bs" : "2097152",
    "time_based" : "1",
    "ioengine" : "libaio",
    "iodepth" : "8",
    "direct" : "1",
    "buffered" : "0",
    "thread" : "0",
    "group_reporting" : "1",
    "filesize" : "32g",
    "size" : "32g",
    "filename_format" : "$jobnum.dat"
  },
  "jobs" : [
    {
      "jobname" : "fio-job",
      "groupid" : 0,
      "error" : 0,
      "eta" : 0,
      "elapsed" : 31,
      "job options" : {
        "rw" : "write"
      },
      "read" : {
        "io_bytes" : 0,
        "io_kbytes" : 0,
        "bw" : 0,
        "iops" : 0.000000,
        "runtime" : 0,
        "total_ios" : 0,
        "short_ios" : 0,
        "drop_ios" : 0,
        "slat_ns" : {
          "min" : 0,
          "max" : 0,
          "mean" : 0.000000,
          "stddev" : 0.000000
        },
        "clat_ns" : {
          "min" : 0,
          "max" : 0,
          "mean" : 0.000000,
          "stddev" : 0.000000,
          "percentile" : {
            "1.000000" : 0,
            "5.000000" : 0,
            "10.000000" : 0,
            "20.000000" : 0,
            "30.000000" : 0,
            "40.000000" : 0,
            "50.000000" : 0,
            "60.000000" : 0,
            "70.000000" : 0,
            "80.000000" : 0,
            "90.000000" : 0,
            "95.000000" : 0,
            "99.000000" : 0,
            "99.500000" : 0,
            "99.900000" : 0,
            "99.950000" : 0,
            "99.990000" : 0,
            "0.00" : 0,
            "0.00" : 0,
            "0.00" : 0
          },
          "bins" : {

          }
        },
        "lat_ns" : {
          "min" : 0,
          "max" : 0,
          "mean" : 0.000000,
          "stddev" : 0.000000
        },
        "bw_min" : 0,
        "bw_max" : 0,
        "bw_agg" : 0.000000,
        "bw_mean" : 0.000000,
        "bw_dev" : 0.000000,
        "bw_samples" : 0,
        "iops_min" : 0,
        "iops_max" : 0,
        "iops_mean" : 0.000000,
        "iops_stddev" : 0.000000,
        "iops_samples" : 0
      },
      "write" : {
        "io_bytes" : 11662262272,
        "io_kbytes" : 11388928,
        "bw" : 379340,
        "iops" : 185.224661,
        "runtime" : 30023,
        "total_ios" : 5561,
        "short_ios" : 0,
        "drop_ios" : 0,
        "slat_ns" : {
          "min" : 7752869,
          "max" : 39240159,
          "mean" : 21582440.043517,
          "stddev" : 2025890.887578
        },
        "clat_ns" : {
          "min" : 2602,
          "max" : 177573333,
          "mean" : 150694796.509081,
          "stddev" : 10299920.225162,
          "percentile" : {
            "1.000000" : 137363456,
            "5.000000" : 139460608,
            "10.000000" : 139460608,
            "20.000000" : 143654912,
            "30.000000" : 145752064,
            "40.000000" : 149946368,
            "50.000000" : 149946368,
            "60.000000" : 152043520,
            "70.000000" : 154140672,
            "80.000000" : 158334976,
            "90.000000" : 162529280,
            "95.000000" : 164626432,
            "99.000000" : 168820736,
            "99.500000" : 170917888,
            "99.900000" : 175112192,
            "99.950000" : 177209344,
            "99.990000" : 177209344,
            "0.00" : 0,
            "0.00" : 0,
            "0.00" : 0
          },
          "bins" : {
            "2608" : 1,
            "2704" : 1,
            "3760" : 1,
            "5280" : 1,
            "22413312" : 1,
            "23461888" : 1,
            "23724032" : 1,
            "25296896" : 1,
            "43778048" : 1,
            "44302336" : 1,
            "45875200" : 1,
            "47448064" : 1,
            "64749568" : 1,
            "65273856" : 1,
            "66846720" : 1,
            "69730304" : 1,
            "85458944" : 1,
            "87556096" : 2,
            "90701824" : 1,
            "106430464" : 1,
            "107479040" : 1,
            "108527616" : 1,
            "111673344" : 1,
            "124256256" : 1,
            "126353408" : 1,
            "127401984" : 1,
            "128450560" : 2,
            "129499136" : 5,
            "130547712" : 2,
            "131596288" : 3,
            "132644864" : 2,
            "133693440" : 4,
            "135266304" : 10,
            "137363456" : 87,
            "139460608" : 456,
            "141557760" : 310,
            "143654912" : 379,
            "145752064" : 406,
            "147849216" : 524,
            "149946368" : 656,
            "152043520" : 624,
            "154140672" : 489,
            "156237824" : 396,
            "158334976" : 304,
            "160432128" : 287,
            "162529280" : 210,
            "164626432" : 125,
            "166723584" : 128,
            "168820736" : 71,
            "170917888" : 35,
            "173015040" : 11,
            "175112192" : 3,
            "177209344" : 5
          }
        },
        "lat_ns" : {
          "min" : 22529550,
          "max" : 200793164,
          "mean" : 172277748.364863,
          "stddev" : 10818116.094330
        },
        "bw_min" : 61563,
        "bw_max" : 102605,
        "bw_agg" : 24.902572,
        "bw_mean" : 94465.416667,
        "bw_dev" : 5082.472946,
        "bw_samples" : 240,
        "iops_min" : 30,
        "iops_max" : 50,
        "iops_mean" : 46.075000,
        "iops_stddev" : 2.477218,
        "iops_samples" : 240
      },
      "trim" : {
        "io_bytes" : 0,
        "io_kbytes" : 0,
        "bw" : 0,
        "iops" : 0.000000,
        "runtime" : 0,
        "total_ios" : 0,
        "short_ios" : 0,
        "drop_ios" : 0,
        "slat_ns" : {
          "min" : 0,
          "max" : 0,
          "mean" : 0.000000,
          "stddev" : 0.000000
        },
        "clat_ns" : {
          "min" : 0,
          "max" : 0,
          "mean" : 0.000000,
          "stddev" : 0.000000,
          "percentile" : {
            "1.000000" : 0,
            "5.000000" : 0,
            "10.000000" : 0,
            "20.000000" : 0,
            "30.000000" : 0,
            "40.000000" : 0,
            "50.000000" : 0,
            "60.000000" : 0,
            "70.000000" : 0,
            "80.000000" : 0,
            "90.000000" : 0,
            "95.000000" : 0,
            "99.000000" : 0,
            "99.500000" : 0,
            "99.900000" : 0,
            "99.950000" : 0,
            "99.990000" : 0,
            "0.00" : 0,
            "0.00" : 0,
            "0.00" : 0
          },
          "bins" : {

          }
        },
        "lat_ns" : {
          "min" : 0,
          "max" : 0,
          "mean" : 0.000000,
          "stddev" : 0.000000
        },
        "bw_min" : 0,
        "bw_max" : 0,
        "bw_agg" : 0.000000,
        "bw_mean" : 0.000000,
        "bw_dev" : 0.000000,
        "bw_samples" : 0,
        "iops_min" : 0,
        "iops_max" : 0,
        "iops_mean" : 0.000000,
        "iops_stddev" : 0.000000,
        "iops_samples" : 0
      },
      "usr_cpu" : 0.558957,
      "sys_cpu" : 1.368653,
      "ctx" : 5647,
      "majf" : 0,
      "minf" : 111,
      "iodepth_level" : {
        "1" : 0.100000,
        "2" : 0.143859,
        "4" : 0.287718,
        "8" : 99.496493,
        "16" : 0.000000,
        "32" : 0.000000,
        ">=64" : 0.000000
      },
      "latency_ns" : {
        "2" : 0.000000,
        "4" : 0.000000,
        "10" : 0.000000,
        "20" : 0.000000,
        "50" : 0.000000,
        "100" : 0.000000,
        "250" : 0.000000,
        "500" : 0.000000,
        "750" : 0.000000,
        "1000" : 0.000000
      },
      "latency_us" : {
        "2" : 0.000000,
        "4" : 0.053947,
        "10" : 0.017982,
        "20" : 0.000000,
        "50" : 0.000000,
        "100" : 0.000000,
        "250" : 0.000000,