{
  "fio version" : "fio-3.1",
  "timestamp" : 1555517357,
  "timestamp_ms" : 1555517357377,
  "time" : "Wed Apr 17 16:09:17 2019",
  "global options" : {
    "fallocate" : "none",
    "runtime" : "30",
    "directory" : "/data/fio_write/beegfs-write-64-5pb8z",
    "bs" : "1024",
    "time_based" : "1",
    "ioengine" : "libaio",
    "iodepth" : "8",
    "direct" : "1",
    "buffered" : "0",
    "thread" : "0",
    "group_reporting" : "1",
    "filesize" : "32g",
    "size" : "32g",
    "filename_format" : "$jobnum.dat"
  },
  "jobs" : [
    {
      "jobname" : "fio-job",
      "groupid" : 0,
      "error" : 0,
      "eta" : 0,
      "elapsed" : 31,
      "job options" : {
        "rw" : "write"
      },
      "read" : {
        "io_bytes" : 0,
        "io_kbytes" : 0,
        "bw" : 0,
        "iops" : 0.000000,
        "runtime" : 0,
        "total_ios" : 0,
        "short_ios" : 0,
        "drop_ios" : 0,
        "slat_ns" : {
          "min" : 0,
          "max" : 0,
          "mean" : 0.000000,
          "stddev" : 0.000000
        },
        "clat_ns" : {
          "min" : 0,
          "max" : 0,
          "mean" : 0.000000,
          "stddev" : 0.000000,
          "percentile" : {
            "1.000000" : 0,
            "5.000000" : 0,
            "10.000000" : 0,
            "20.000000" : 0,
            "30.000000" : 0,
            "40.000000" : 0,
            "50.000000" : 0,
            "60.000000" : 0,
            "70.000000" : 0,
            "80.000000" : 0,
            "90.000000" : 0,
            "95.000000" : 0,
            "99.000000" : 0,
            "99.500000" : 0,
            "99.900000" : 0,
            "99.950000" : 0,
            "99.990000" : 0,
            "0.00" : 0,
            "0.00" : 0,
            "0.00" : 0
          },
          "bins" : {

          }
        },
        "lat_ns" : {
          "min" : 0,
          "max" : 0,
          "mean" : 0.000000,
          "stddev" : 0.000000
        },
        "bw_min" : 0,
        "bw_max" : 0,
        "bw_agg" : 0.000000,
        "bw_mean" : 0.000000,
        "bw_dev" : 0.000000,
        "bw_samples" : 0,
        "iops_min" : 0,
        "iops_max" : 0,
        "iops_mean" : 0.000000,
        "iops_stddev" : 0.000000,
        "iops_samples" : 0
      },
      "write" : {
        "io_bytes" : 706479104,
        "io_kbytes" : 689921,
        "bw" : 22996,
        "iops" : 22996.600113,
        "runtime" : 30001,
        "total_ios" : 689921,
        "short_ios" : 0,
        "drop_ios" : 0,
        "slat_ns" : {
          "min" : 27850,
          "max" : 12313608,
          "mean" : 167688.486404,
          "stddev" : 158759.703163
        },
        "clat_ns" : {
          "min" : 4134,
          "max" : 14394425,
          "mean" : 1218536.530704,
          "stddev" : 608251.462215,
          "percentile" : {
            "1.000000" : 561152,
            "5.000000" : 675840,
            "10.000000" : 724992,
            "20.000000" : 782336,
            "30.000000" : 839680,
            "40.000000" : 913408,
            "50.000000" : 1036288,
            "60.000000" : 1204224,
            "70.000000" : 1384448,
            "80.000000" : 1564672,
            "90.000000" : 1859584,
            "95.000000" : 2244608,
            "99.000000" : 3522560,
            "99.500000" : 4177920,
            "99.900000" : 5668864,
            "99.950000" : 6586368,
            "99.990000" : 10158080,
            "0.00" : 0,
            "0.00" : 0,
            "0.00" : 0
          },
          "bins" : {
            "4128" : 1,
            "4768" : 1,
            "5728" : 1,
            "7072" : 1,
            "88576" : 1,
            "183296" : 1,
            "272384" : 1,
            "280576" : 1,
            "305152" : 1,
            "337920" : 1,
            "362496" : 1,
            "366592" : 1,
            "374784" : 1,
            "382976" : 1,
            "387072" : 1,
            "391168" : 1,
            "395264" : 1,
            "399360" : 1,
            "403456" : 5,
            "407552" : 8,
            "411648" : 4,
            "415744" : 6,
            "419840" : 9,
            "423936" : 5,
            "428032" : 20,
            "432128" : 17,
            "436224" : 22,
            "440320" : 21,
            "444416" : 38,
            "448512" : 51,
            "452608" : 53,
            "456704" : 64,
            "460800" : 94,
            "464896" : 88,
            "468992" : 109,
            "473088" : 126,
            "477184" : 128,
            "481280" : 137,
            "485376" : 170,
            "489472" : 178,
            "493568" : 241,
            "497664" : 221,
            "501760" : 244,
            "505856" : 270,
            "509952" : 263,
            "514048" : 303,
            "518144" : 295,
            "522240" : 315,
            "528384" : 659,
            "536576" : 746,
            "544768" : 758,
            "552960" : 847,
            "561152" : 892,
            "569344" : 1023,
            "577536" : 1007,
            "585728" : 1162,
            "593920" : 1293,
            "602112" : 1411,
            "610304" : 1550,
            "618496" : 1659,
            "626688" : 1864,
            "634880" : 1983,
            "643072" : 2285,
            "651264" : 2570,
            "659456" : 2876,
            "667648" : 3218,
            "675840" : 3628,
            "684032" : 4298,
            "692224" : 4892,
            "700416" : 5336,
            "708608" : 6143,
            "716800" : 6883,
            "724992" : 7659,
            "733184" : 8561,
            "741376" : 9262,
            "749568" : 9899,
            "757760" : 10513,
            "765952" : 10539,
            "774144" : 10911,
            "782336" : 11099,
            "790528" : 11214,
            "798720" : 10836,
            "806912" : 10815,
            "815104" : 10422,
            "823296" : 9974,
            "831488" : 9672,
            "839680" : 9233,
            "847872" : 8834,
            "856064" : 8368,
            "864256" : 7832,
            "872448" : 7794,
            "880640" : 7464,
            "888832" : 6910,
            "897024" : 6519,
            "905216" : 6184,
            "913408" : 6002,
            "921600" : 5639,
            "929792" : 5294,
            "937984" : 5144,
            "946176" : 4845,
            "954368" : 4753,
            "962560" : 4569,
            "970752" : 4423,
            "978944" : 4281,
            "987136" : 4134,
            "995328" : 4352,
            "1003520" : 4107,
            "1011712" : 4018,
            "1019904" : 3837,
            "1028096" : 3858,
            "1036288" : 3579,
            "1044480" : 3612,
            "1056768" : 6959,
            "1073152" : 6706,
            "1089536" : 6682,
            "1105920" : 6732,
            "1122304" : 6644,
            "1138688" : 6601,
            "1155072" : 6517,
            "1171456" : 6454,
            "1187840" : 6406,
            "1204224" : 6575,
            "1220608" : 6335,
            "1236992" : 6555,
            "1253376" : 6556,
            "1269760" : 6429,
            "1286144" : 6393,
            "1302528" : 6546,
            "1318912" : 6568,
            "1335296" : 6612,
            "1351680" : 6654,
            "1368064" : 6629,
            "1384448" : 6527,
            "1400832" : 6486,
            "1417216" : 6462,
            "1433600" : 6623,
            "1449984" : 6540,
            "1466368" : 6572,
            "1482752" : 6252,
            "1499136" : 6295,
            "1515520" : 6150,
            "1531904" : 6141,
            "1548288" : 5724,
            "1564672" : 5565,
            "1581056" : 5271,
            "1597440" : 5050,
            "1613824" : 4788,
            "1630208" : 4597,
            "1646592" : 4402,
            "1662976" : 4064,
            "1679360" : 3952,
            "1695744" : 3762,
            "1712128" : 3495,
            "1728512" : 3392,
            "1744896" : 3288,
            "1761280" : 3049,