{
  "fio version" : "fio-3.1",
  "timestamp" : 1556097184,
  "timestamp_ms" : 1556097184666,
  "time" : "Wed Apr 24 10:13:04 2019",
  "global options" : {
    "fallocate" : "none",
    "runtime" : "30",
    "directory" : "/mnt/storage-nvme/fio_write/beegfs-randwrite-64-client-75712-60",
    "bs" : "4096",
    "time_based" : "1",
    "ioengine" : "libaio",
    "iodepth" : "8",
    "direct" : "1",
    "buffered" : "0",
    "thread" : "0",
    "group_reporting" : "1",
    "filesize" : "32g",
    "size" : "32g",
    "filename_format" : "$jobnum.dat"
  },
  "jobs" : [
    {
      "jobname" : "fio-job",
      "groupid" : 0,
      "error" : 0,
      "eta" : 0,
      "elapsed" : 31,
      "job options" : {
        "rw" : "randwrite"
      },
      "read" : {
        "io_bytes" : 0,
        "io_kbytes" : 0,
        "bw" : 0,
        "iops" : 0.000000,
        "runtime" : 0,
        "total_ios" : 0,
        "short_ios" : 0,
        "drop_ios" : 0,
        "slat_ns" : {
          "min" : 0,
          "max" : 0,
          "mean" : 0.000000,
          "stddev" : 0.000000
        },
        "clat_ns" : {
          "min" : 0,
          "max" : 0,
          "mean" : 0.000000,
          "stddev" : 0.000000,
          "percentile" : {
            "1.000000" : 0,
            "5.000000" : 0,
            "10.000000" : 0,
            "20.000000" : 0,
            "30.000000" : 0,
            "40.000000" : 0,
            "50.000000" : 0,
            "60.000000" : 0,
            "70.000000" : 0,
            "80.000000" : 0,
            "90.000000" : 0,
            "95.000000" : 0,
            "99.000000" : 0,
            "99.500000" : 0,
            "99.900000" : 0,
            "99.950000" : 0,
            "99.990000" : 0,
            "0.00" : 0,
            "0.00" : 0,
            "0.00" : 0
          },
          "bins" : {

          }
        },
        "lat_ns" : {
          "min" : 0,
          "max" : 0,
          "mean" : 0.000000,
          "stddev" : 0.000000
        },
        "bw_min" : 0,
        "bw_max" : 0,
        "bw_agg" : 0.000000,
        "bw_mean" : 0.000000,
        "bw_dev" : 0.000000,
        "bw_samples" : 0,
        "iops_min" : 0,
        "iops_max" : 0,
        "iops_mean" : 0.000000,
        "iops_stddev" : 0.000000,
        "iops_samples" : 0
      },
      "write" : {
        "io_bytes" : 596664320,
        "io_kbytes" : 582680,
        "bw" : 19421,
        "iops" : 4855.342977,
        "runtime" : 30002,
        "total_ios" : 145670,
        "short_ios" : 0,
        "drop_ios" : 0,
        "slat_ns" : {
          "min" : 72368,
          "max" : 1435715867,
          "mean" : 816566.904840,
          "stddev" : 5164762.666414
        },
        "clat_ns" : {
          "min" : 1777,
          "max" : 1460227977,
          "mean" : 5720461.526100,
          "stddev" : 15024409.198447,
          "percentile" : {
            "1.000000" : 1499136,
            "5.000000" : 1957888,
            "10.000000" : 2277376,
            "20.000000" : 2801664,
            "30.000000" : 3325952,
            "40.000000" : 3883008,
            "50.000000" : 4489216,
            "60.000000" : 5210112,
            "70.000000" : 6127616,
            "80.000000" : 7438336,
            "90.000000" : 9764864,
            "95.000000" : 12255232,
            "99.000000" : 18219008,
            "99.500000" : 21102592,
            "99.900000" : 38535168,
            "99.950000" : 179306496,
            "99.990000" : 717225984,
            "0.00" : 0,
            "0.00" : 0,
            "0.00" : 0
          },
          "bins" : {
            "1784" : 1,
            "2640" : 1,
            "2736" : 1,
            "2960" : 1,
            "284672" : 1,
            "456704" : 1,
            "716800" : 1,
            "749568" : 1,
            "782336" : 2,
            "790528" : 1,
            "798720" : 1,
            "815104" : 1,
            "823296" : 1,
            "839680" : 1,
            "856064" : 1,
            "864256" : 1,
            "872448" : 1,
            "897024" : 1,
            "905216" : 1,
            "913408" : 4,
            "929792" : 2,
            "937984" : 1,
            "954368" : 1,
            "962560" : 2,
            "970752" : 6,
            "987136" : 4,
            "995328" : 3,
            "1003520" : 2,
            "1011712" : 6,
            "1019904" : 2,
            "1028096" : 9,
            "1036288" : 4,
            "1044480" : 2,
            "1056768" : 9,
            "1073152" : 13,
            "1089536" : 20,
            "1105920" : 15,
            "1122304" : 24,
            "1138688" : 15,
            "1155072" : 18,
            "1171456" : 24,
            "1187840" : 29,
            "1204224" : 40,
            "1220608" : 36,
            "1236992" : 39,
            "1253376" : 36,
            "1269760" : 65,
            "1286144" : 50,
            "1302528" : 51,
            "1318912" : 56,
            "1335296" : 59,
            "1351680" : 66,
            "1368064" : 68,
            "1384448" : 80,
            "1400832" : 99,
            "1417216" : 86,
            "1433600" : 86,
            "1449984" : 90,
            "1466368" : 99,
            "1482752" : 98,
            "1499136" : 114,
            "1515520" : 123,
            "1531904" : 115,
            "1548288" : 125,
            "1564672" : 151,
            "1581056" : 158,
            "1597440" : 178,
            "1613824" : 168,
            "1630208" : 162,
            "1646592" : 188,
            "1662976" : 193,
            "1679360" : 193,
            "1695744" : 173,
            "1712128" : 190,
            "1728512" : 207,
            "1744896" : 186,
            "1761280" : 225,
            "1777664" : 278,
            "1794048" : 214,
            "1810432" : 245,
            "1826816" : 252,
            "1843200" : 259,
            "1859584" : 254,
            "1875968" : 281,
            "1892352" : 308,
            "1908736" : 300,
            "1925120" : 301,
            "1941504" : 279,
            "1957888" : 318,
            "1974272" : 309,
            "1990656" : 341,
            "2007040" : 334,
            "2023424" : 331,
            "2039808" : 318,
            "2056192" : 356,
            "2072576" : 363,
            "2088960" : 358,
            "2113536" : 730,
            "2146304" : 719,
            "2179072" : 794,
            "2211840" : 810,
            "2244608" : 815,
            "2277376" : 775,
            "2310144" : 735,
            "2342912" : 862,
            "2375680" : 845,
            "2408448" : 842,
            "2441216" : 851,
            "2473984" : 874,
            "2506752" : 888,
            "2539520" : 969,
            "2572288" : 895,
            "2605056" : 933,
            "2637824" : 968,
            "2670592" : 919,
            "2703360" : 930,
            "2736128" : 958,
            "2768896" : 905,
            "2801664" : 939,
            "2834432" : 886,
            "2867200" : 942,
            "2899968" : 1005,
            "2932736" : 891,
            "2965504" : 926,
            "2998272" : 949,
            "3031040" : 928,
            "3063808" : 962,
            "3096576" : 1009,
            "3129344" : 976,
            "3162112" : 904,
            "3194880" : 859,
            "3227648" : 976,
            "3260416" : 930,
            "3293184" : 898,
            "3325952" : 882,
            "3358720" : 889,
            "3391488" : 857,
            "3424256" : 885,
            "3457024" : 915,
            "3489792" : 928,
            "3522560" : 858,
            "3555328" : 864,
            "3588096" : 861,
            "3620864" : 906,
            "3653632" : 842,
            "3686400" : 891,
            "3719168" : 858,
            "3751936" : 877,
            "3784704" : 890,
            "3817472" : 832,
            "3850240" : 792,
            "3883008" : 798,
            "3915776" : 904,
            "3948544" : 850,
            "3981312" : 812,
            "4014080" : 812,