{
  "fio version" : "fio-3.1",
  "timestamp" : 1555517713,
  "timestamp_ms" : 1555517713390,
  "time" : "Wed Apr 17 16:15:13 2019",
  "global options" : {
    "fallocate" : "none",
    "runtime" : "30",
    "directory" : "/data/fio_write/beegfs-write-64-vkgzp",
    "bs" : "1048576",
    "time_based" : "1",
    "ioengine" : "libaio",
    "iodepth" : "8",
    "direct" : "1",
    "buffered" : "0",
    "thread" : "0",
    "group_reporting" : "1",
    "filesize" : "32g",
    "size" : "32g",
    "filename_format" : "$jobnum.dat"
  },
  "jobs" : [
    {
      "jobname" : "fio-job",
      "groupid" : 0,
      "error" : 0,
      "eta" : 0,
      "elapsed" : 31,
      "job options" : {
        "rw" : "write"
      },
      "read" : {
        "io_bytes" : 0,
        "io_kbytes" : 0,
        "bw" : 0,
        "iops" : 0.000000,
        "runtime" : 0,
        "total_ios" : 0,
        "short_ios" : 0,
        "drop_ios" : 0,
        "slat_ns" : {
          "min" : 0,
          "max" : 0,
          "mean" : 0.000000,
          "stddev" : 0.000000
        },
        "clat_ns" : {
          "min" : 0,
          "max" : 0,
          "mean" : 0.000000,
          "stddev" : 0.000000,
          "percentile" : {
            "1.000000" : 0,
            "5.000000" : 0,
            "10.000000" : 0,
            "20.000000" : 0,
            "30.000000" : 0,
            "40.000000" : 0,
            "50.000000" : 0,
            "60.000000" : 0,
            "70.000000" : 0,
            "80.000000" : 0,
            "90.000000" : 0,
            "95.000000" : 0,
            "99.000000" : 0,
            "99.500000" : 0,
            "99.900000" : 0,
            "99.950000" : 0,
            "99.990000" : 0,
            "0.00" : 0,
            "0.00" : 0,
            "0.00" : 0
          },
          "bins" : {

          }
        },
        "lat_ns" : {
          "min" : 0,
          "max" : 0,
          "mean" : 0.000000,
          "stddev" : 0.000000
        },
        "bw_min" : 0,
        "bw_max" : 0,
        "bw_agg" : 0.000000,
        "bw_mean" : 0.000000,
        "bw_dev" : 0.000000,
        "bw_samples" : 0,
        "iops_min" : 0,
        "iops_max" : 0,
        "iops_mean" : 0.000000,
        "iops_stddev" : 0.000000,
        "iops_samples" : 0
      },
      "write" : {
        "io_bytes" : 4115660800,
        "io_kbytes" : 4019200,
        "bw" : 133523,
        "iops" : 130.394339,
        "runtime" : 30101,
        "total_ios" : 3925,
        "short_ios" : 0,
        "drop_ios" : 0,
        "slat_ns" : {
          "min" : 8239005,
          "max" : 500175315,
          "mean" : 30000835.812484,
          "stddev" : 17911553.187404
        },
        "clat_ns" : {
          "min" : 9731,
          "max" : 649793253,
          "mean" : 207889692.483057,
          "stddev" : 37685745.125870,
          "percentile" : {
            "1.000000" : 122159104,
            "5.000000" : 160432128,
            "10.000000" : 179306496,
            "20.000000" : 189792256,
            "30.000000" : 193986560,
            "40.000000" : 200278016,
            "50.000000" : 204472320,
            "60.000000" : 208666624,
            "70.000000" : 214958080,
            "80.000000" : 223346688,
            "90.000000" : 238026752,
            "95.000000" : 254803968,
            "99.000000" : 362807296,
            "99.500000" : 400556032,
            "99.900000" : 488636416,
            "99.950000" : 513802240,
            "99.990000" : 650117120,
            "0.00" : 0,
            "0.00" : 0,
            "0.00" : 0
          },
          "bins" : {
            "9792" : 1,
            "10816" : 1,
            "13376" : 1,
            "13760" : 1,
            "35389440" : 2,
            "54788096" : 1,
            "67633152" : 1,
            "79167488" : 1,
            "88604672" : 2,
            "90701824" : 1,
            "91750400" : 1,
            "92798976" : 1,
            "93847552" : 2,
            "94896128" : 1,
            "101187584" : 1,
            "102236160" : 1,
            "105381888" : 1,
            "106430464" : 2,
            "107479040" : 1,
            "110624768" : 1,
            "113770496" : 2,
            "114819072" : 4,
            "115867648" : 1,
            "116916224" : 2,
            "119013376" : 2,
            "120061952" : 1,
            "121110528" : 2,
            "122159104" : 4,
            "123207680" : 3,
            "124256256" : 4,
            "125304832" : 6,
            "126353408" : 5,
            "127401984" : 4,
            "128450560" : 3,
            "129499136" : 5,
            "130547712" : 3,
            "131596288" : 1,
            "132644864" : 3,
            "133693440" : 5,
            "135266304" : 13,
            "137363456" : 9,
            "139460608" : 13,
            "141557760" : 4,
            "143654912" : 8,
            "145752064" : 7,
            "147849216" : 3,
            "149946368" : 12,
            "152043520" : 10,
            "154140672" : 10,
            "156237824" : 5,
            "158334976" : 12,
            "160432128" : 12,
            "162529280" : 7,
            "164626432" : 12,
            "166723584" : 12,
            "168820736" : 17,
            "170917888" : 29,
            "173015040" : 24,
            "175112192" : 34,
            "177209344" : 41,
            "179306496" : 47,
            "181403648" : 66,
            "183500800" : 80,
            "185597952" : 92,
            "187695104" : 99,
            "189792256" : 125,
            "191889408" : 135,
            "193986560" : 171,
            "196083712" : 163,
            "198180864" : 161,
            "200278016" : 163,
            "202375168" : 162,
            "204472320" : 175,
            "206569472" : 156,
            "208666624" : 185,
            "210763776" : 129,
            "212860928" : 137,
            "214958080" : 140,
            "217055232" : 121,
            "219152384" : 115,
            "221249536" : 89,
            "223346688" : 83,
            "225443840" : 81,
            "227540992" : 84,
            "229638144" : 52,
            "231735296" : 37,
            "233832448" : 42,
            "235929600" : 49,
            "238026752" : 39,
            "240123904" : 25,
            "242221056" : 23,
            "244318208" : 32,
            "246415360" : 26,
            "248512512" : 23,
            "250609664" : 17,
            "252706816" : 12,
            "254803968" : 15,
            "256901120" : 10,
            "258998272" : 10,
            "261095424" : 5,
            "263192576" : 12,
            "265289728" : 2,
            "267386880" : 4,
            "270532608" : 7,
            "274726912" : 11,
            "278921216" : 8,
            "283115520" : 9,
            "287309824" : 4,
            "291504128" : 7,
            "295698432" : 7,
            "299892736" : 8,
            "304087040" : 5,
            "308281344" : 4,
            "312475648" : 5,
            "316669952" : 9,
            "320864256" : 9,
            "325058560" : 2,
            "329252864" : 8,
            "333447168" : 4,
            "341835776" : 1,
            "346030080" : 3,
            "350224384" : 2,
            "362807296" : 1,
            "367001600" : 3,
            "371195904" : 4,
            "375390208" : 1,
            "379584512" : 3,
            "383778816" : 1,
            "387973120" : 1,
            "392167424" : 2,
            "396361728" : 3,
            "400556032" : 2,
            "413138944" : 3,
            "417333248" : 3,
            "442499072" : 1,
            "446693376" : 2,
            "463470592" : 2,
            "467664896" : 1,
            "476053504" : 2,
            "484442112" : 1,
            "488636416" : 1,
            "501219328" : 1,
            "513802240" : 1,
            "650117120" : 1
          }
        },
        "lat_ns" : {
          "min" : 35121971,
          "max" : 672061715,
          "mean" : 237893697.978599,
          "stddev" : 40718780.407845
        },