{
  "fio version" : "fio-3.1",
  "timestamp" : 1574274337,
  "timestamp_ms" : 1574274337550,
  "time" : "Wed Nov 20 18:25:37 2019",
  "global options" : {
    "directory" : "data/fio_write/beegfs-randwrite-64-v6nz2",
    "bs" : "1024",
    "fallocate" : "none",
    "runtime" : "30",
    "time_based" : "1",
    "ioengine" : "libaio",
    "iodepth" : "8",
    "direct" : "1",
    "buffered" : "0",
    "invalidate" : "1",
    "ramp_time" : "0",
    "thread" : "0",
    "group_reporting" : "1",
    "filesize" : "32g",
    "size" : "32g",
    "filename_format" : "$jobnum.dat"
  },
  "jobs" : [
    {
      "jobname" : "fio-job",
      "groupid" : 0,
      "error" : 0,
      "eta" : 0,
      "elapsed" : 36,
      "job options" : {
        "rw" : "randwrite"
      },
      "read" : {
        "io_bytes" : 0,
        "io_kbytes" : 0,
        "bw" : 0,
        "iops" : 0.000000,
        "runtime" : 0,
        "total_ios" : 0,
        "short_ios" : 0,
        "drop_ios" : 0,
        "slat_ns" : {
          "min" : 0,
          "max" : 0,
          "mean" : 0.000000,
          "stddev" : 0.000000
        },
        "clat_ns" : {
          "min" : 0,
          "max" : 0,
          "mean" : 0.000000,
          "stddev" : 0.000000,
          "percentile" : {
            "1.000000" : 0,
            "5.000000" : 0,
            "10.000000" : 0,
            "20.000000" : 0,
            "30.000000" : 0,
            "40.000000" : 0,
            "50.000000" : 0,
            "60.000000" : 0,
            "70.000000" : 0,
            "80.000000" : 0,
            "90.000000" : 0,
            "95.000000" : 0,
            "99.000000" : 0,
            "99.500000" : 0,
            "99.900000" : 0,
            "99.950000" : 0,
            "99.990000" : 0,
            "0.00" : 0,
            "0.00" : 0,
            "0.00" : 0
          },
          "bins" : {

          }
        },
        "lat_ns" : {
          "min" : 0,
          "max" : 0,
          "mean" : 0.000000,
          "stddev" : 0.000000
        },
        "bw_min" : 0,
        "bw_max" : 0,
        "bw_agg" : 0.000000,
        "bw_mean" : 0.000000,
        "bw_dev" : 0.000000,
        "bw_samples" : 0,
        "iops_min" : 0,
        "iops_max" : 0,
        "iops_mean" : 0.000000,
        "iops_stddev" : 0.000000,
        "iops_samples" : 0
      },
      "write" : {
        "io_bytes" : 180224,
        "io_kbytes" : 176,
        "bw" : 5,
        "iops" : 5.255771,
        "runtime" : 33487,
        "total_ios" : 176,
        "short_ios" : 0,
        "drop_ios" : 0,
        "slat_ns" : {
          "min" : 2442,
          "max" : 7748550409,
          "mean" : 599227731.602273,
          "stddev" : 1325399968.807183
        },
        "clat_ns" : {
          "min" : 252063,
          "max" : 27452275503,
          "mean" : 4975283095.892045,
          "stddev" : 5263421110.333518,
          "percentile" : {
            "1.000000" : 264192,
            "5.000000" : 1744896,
            "10.000000" : 267386880,
            "20.000000" : 1166016512,
            "30.000000" : 1669332992,
            "40.000000" : 2164260864,
            "50.000000" : 3472883712,
            "60.000000" : 4731174912,
            "70.000000" : 6408896512,
            "80.000000" : 7348420608,
            "90.000000" : 11609833472,
            "95.000000" : 15367929856,
            "99.000000" : 17112760320,
            "99.500000" : 17112760320,
            "99.900000" : 17112760320,
            "99.950000" : 17112760320,
            "99.990000" : 17112760320,
            "0.00" : 0,
            "0.00" : 0,
            "0.00" : 0
          },
          "bins" : {
            "252928" : 1,
            "264192" : 1,
            "301056" : 1,
            "313344" : 1,
            "358400" : 1,
            "448512" : 1,
            "618496" : 1,
            "1548288" : 1,
            "1744896" : 1,
            "4423680" : 1,
            "124256256" : 1,
            "187695104" : 1,
            "235929600" : 1,
            "265289728" : 2,
            "267386880" : 5,
            "270532608" : 1,
            "509607936" : 1,
            "583008256" : 1,
            "775946240" : 1,
            "784334848" : 5,
            "910163968" : 1,
            "952107008" : 1,
            "1061158912" : 1,
            "1098907648" : 1,
            "1149239296" : 1,
            "1166016512" : 5,
            "1199570944" : 1,
            "1233125376" : 1,
            "1350565888" : 1,
            "1535115264" : 4,
            "1551892480" : 2,
            "1585446912" : 1,
            "1635778560" : 2,
            "1652555776" : 1,
            "1669332992" : 1,
            "1769996288" : 1,
            "1887436800" : 1,
            "1920991232" : 1,
            "1954545664" : 5,
            "2004877312" : 3,
            "2055208960" : 1,
            "2071986176" : 1,
            "2088763392" : 1,
            "2105540608" : 1,
            "2164260864" : 5,
            "2499805184" : 1,
            "2533359616" : 3,
            "2667577344" : 1,
            "2936012800" : 1,
            "3003121664" : 1,
            "3238002688" : 1,
            "3271557120" : 1,
            "3338665984" : 3,
            "3439329280" : 1,
            "3472883712" : 3,
            "3539992576" : 1,
            "3640655872" : 2,
            "3674210304" : 1,
            "3774873600" : 2,
            "3841982464" : 1,
            "3875536896" : 2,
            "3909091328" : 1,
            "3942645760" : 1,
            "4076863488" : 1,
            "4211081216" : 1,
            "4244635648" : 2,
            "4395630592" : 1,
            "4731174912" : 3,
            "4798283776" : 2,
            "4865392640" : 1,
            "4932501504" : 1,
            "5133828096" : 4,
            "5200936960" : 3,
            "5268045824" : 1,
            "6274678784" : 2,
            "6341787648" : 1,
            "6408896512" : 3,
            "6476005376" : 1,
            "6543114240" : 1,
            "6610223104" : 3,
            "6677331968" : 2,
            "6744440832" : 2,
            "6878658560" : 1,
            "7079985152" : 1,
            "7147094016" : 1,
            "7214202880" : 1,
            "7281311744" : 1,
            "7348420608" : 2,
            "7415529472" : 1,
            "7549747200" : 1,
            "7683964928" : 1,
            "7751073792" : 1,
            "8086618112" : 1,
            "8220835840" : 1,
            "8287944704" : 2,
            "9596567552" : 1,
            "10133438464" : 2,
            "10267656192" : 1,
            "10401873920" : 1,
            "10670309376" : 3,
            "11609833472" : 1,
            "11878268928" : 1,
            "13354663936" : 1,
            "13757317120" : 3,
            "13891534848" : 1,
            "14159970304" : 1,
            "14294188032" : 1,
            "15367929856" : 1,
            "17112760320" : 8
          }
        },
        "lat_ns" : {
          "min" : 334174,
          "max" : 30373447103,
          "mean" : 5574511978.625000,
          "stddev" : 5413230636.517375
        },
        "bw_min" : 1,
        "bw_max" : 32,
        "bw_agg" : 100.000000,
        "bw_mean" : 5.178571,
        "bw_dev" : 4.951059,
        "bw_samples" : 56,
        "iops_min" : 1,
        "iops_max" : 32,
        "iops_mean" : 5.178571,
        "iops_stddev" : 4.951059,
        "iops_samples" : 56
      },
      "trim" : {
        "io_bytes" : 0,
        "io_kbytes" : 0,
        "bw" : 0,
        "iops" : 0.000000,
        "runtime" : 0,
        "total_ios" : 0,
        "short_ios" : 0,
        "drop_ios" : 0,
        "slat_ns" : {
          "min" : 0,
          "max" : 0,
          "mean" : 0.000000,
          "stddev" : 0.000000
        },
        "clat_ns" : {
          "min" : 0,
          "max" : 0,
          "mean" : 0.000000,
          "stddev" : 0.000000,
          "percentile" : {
            "1.000000" : 0,
            "5.000000" : 0,
            "10.000000" : 0,
            "20.000000" : 0,