{
  "fio version" : "fio-3.1",
  "timestamp" : 1556100278,
  "timestamp_ms" : 1556100278305,
  "time" : "Wed Apr 24 10:04:38 2019",
  "global options" : {
    "fallocate" : "none",
    "runtime" : "30",
    "directory" : "data/fio_write/beegfs-randwrite-64-g9ghn",
    "bs" : "16384",
    "time_based" : "1",
    "ioengine" : "libaio",
    "iodepth" : "8",
    "direct" : "1",
    "buffered" : "0",
    "thread" : "0",
    "group_reporting" : "1",
    "filesize" : "32g",
    "size" : "32g",
    "filename_format" : "$jobnum.dat"
  },
  "jobs" : [
    {
      "jobname" : "fio-job",
      "groupid" : 0,
      "error" : 0,
      "eta" : 0,
      "elapsed" : 33,
      "job options" : {
        "rw" : "randwrite"
      },
      "read" : {
        "io_bytes" : 0,
        "io_kbytes" : 0,
        "bw" : 0,
        "iops" : 0.000000,
        "runtime" : 0,
        "total_ios" : 0,
        "short_ios" : 0,
        "drop_ios" : 0,
        "slat_ns" : {
          "min" : 0,
          "max" : 0,
          "mean" : 0.000000,
          "stddev" : 0.000000
        },
        "clat_ns" : {
          "min" : 0,
          "max" : 0,
          "mean" : 0.000000,
          "stddev" : 0.000000,
          "percentile" : {
            "1.000000" : 0,
            "5.000000" : 0,
            "10.000000" : 0,
            "20.000000" : 0,
            "30.000000" : 0,
            "40.000000" : 0,
            "50.000000" : 0,
            "60.000000" : 0,
            "70.000000" : 0,
            "80.000000" : 0,
            "90.000000" : 0,
            "95.000000" : 0,
            "99.000000" : 0,
            "99.500000" : 0,
            "99.900000" : 0,
            "99.950000" : 0,
            "99.990000" : 0,
            "0.00" : 0,
            "0.00" : 0,
            "0.00" : 0
          },
          "bins" : {

          }
        },
        "lat_ns" : {
          "min" : 0,
          "max" : 0,
          "mean" : 0.000000,
          "stddev" : 0.000000
        },
        "bw_min" : 0,
        "bw_max" : 0,
        "bw_agg" : 0.000000,
        "bw_mean" : 0.000000,
        "bw_dev" : 0.000000,
        "bw_samples" : 0,
        "iops_min" : 0,
        "iops_max" : 0,
        "iops_mean" : 0.000000,
        "iops_stddev" : 0.000000,
        "iops_samples" : 0
      },
      "write" : {
        "io_bytes" : 6062080,
        "io_kbytes" : 5920,
        "bw" : 185,
        "iops" : 11.604567,
        "runtime" : 31884,
        "total_ios" : 370,
        "short_ios" : 0,
        "drop_ios" : 0,
        "slat_ns" : {
          "min" : 181250,
          "max" : 9247767649,
          "mean" : 333810250.859459,
          "stddev" : 1095626645.208309
        },
        "clat_ns" : {
          "min" : 9517,
          "max" : 10712582024,
          "mean" : 2334025435.451351,
          "stddev" : 2854161935.852134,
          "percentile" : {
            "1.000000" : 11456,
            "5.000000" : 29753344,
            "10.000000" : 81264640,
            "20.000000" : 158334976,
            "30.000000" : 221249536,
            "40.000000" : 455081984,
            "50.000000" : 859832320,
            "60.000000" : 1769996288,
            "70.000000" : 2969567232,
            "80.000000" : 4328521728,
            "90.000000" : 7482638336,
            "95.000000" : 8791261184,
            "99.000000" : 10133438464,
            "99.500000" : 10670309376,
            "99.900000" : 10670309376,
            "99.950000" : 10670309376,
            "99.990000" : 10670309376,
            "0.00" : 0,
            "0.00" : 0,
            "0.00" : 0
          },
          "bins" : {
            "9536" : 1,
            "9664" : 1,
            "10048" : 1,
            "11456" : 1,
            "1908736" : 1,
            "2113536" : 1,
            "2244608" : 1,
            "2277376" : 1,
            "3850240" : 1,
            "9109504" : 1,
            "17694720" : 2,
            "19791872" : 3,
            "24510464" : 1,
            "28704768" : 1,
            "29753344" : 2,
            "30015488" : 1,
            "39059456" : 1,
            "40632320" : 1,
            "41156608" : 2,
            "41680896" : 1,
            "42729472" : 1,
            "43253760" : 1,
            "50593792" : 1,
            "54788096" : 1,
            "65798144" : 1,
            "73924608" : 1,
            "74973184" : 2,
            "77070336" : 1,
            "80216064" : 1,
            "81264640" : 2,
            "85458944" : 1,
            "87556096" : 1,
            "90701824" : 2,
            "93847552" : 1,
            "94896128" : 1,
            "98041856" : 1,
            "103284736" : 1,
            "107479040" : 2,
            "108527616" : 1,
            "112721920" : 2,
            "115867648" : 1,
            "123207680" : 1,
            "126353408" : 3,
            "127401984" : 3,
            "128450560" : 1,
            "133693440" : 3,
            "135266304" : 1,
            "139460608" : 2,
            "141557760" : 1,
            "143654912" : 4,
            "145752064" : 1,
            "152043520" : 1,
            "156237824" : 1,
            "158334976" : 1,
            "162529280" : 2,
            "164626432" : 2,
            "175112192" : 5,
            "177209344" : 1,
            "181403648" : 4,
            "185597952" : 5,
            "187695104" : 4,
            "191889408" : 1,
            "196083712" : 1,
            "198180864" : 1,
            "200278016" : 2,
            "202375168" : 1,
            "212860928" : 1,
            "214958080" : 2,
            "217055232" : 3,
            "219152384" : 1,
            "221249536" : 2,
            "223346688" : 1,
            "225443840" : 1,
            "227540992" : 1,
            "229638144" : 3,
            "233832448" : 2,
            "235929600" : 1,
            "240123904" : 3,
            "274726912" : 3,
            "283115520" : 1,
            "291504128" : 1,
            "295698432" : 1,
            "304087040" : 1,
            "320864256" : 1,
            "325058560" : 1,
            "329252864" : 1,
            "362807296" : 1,
            "379584512" : 2,
            "392167424" : 1,
            "396361728" : 2,
            "417333248" : 2,
            "421527552" : 1,
            "446693376" : 3,
            "455081984" : 2,
            "463470592" : 1,
            "471859200" : 1,
            "501219328" : 2,
            "526385152" : 1,
            "530579456" : 2,
            "534773760" : 3,
            "541065216" : 3,
            "557842432" : 3,
            "574619648" : 2,
            "616562688" : 1,
            "650117120" : 1,
            "658505728" : 2,
            "666894336" : 2,
            "675282944" : 1,
            "683671552" : 3,
            "692060160" : 1,
            "708837376" : 1,
            "717225984" : 1,
            "734003200" : 1,
            "851443712" : 1,
            "859832320" : 4,
            "868220928" : 2,
            "884998144" : 2,
            "893386752" : 1,
            "910163968" : 1,
            "926941184" : 1,
            "935329792" : 3,
            "952107008" : 2,
            "968884224" : 1,
            "985661440" : 4,
            "1019215872" : 1,
            "1035993088" : 1,
            "1061158912" : 1,
            "1149239296" : 1,
            "1350565888" : 1,
            "1367343104" : 2,
            "1384120320" : 3,
            "1400897536" : 2,
            "1551892480" : 2,
            "1736441856" : 1,
            "1753219072" : 4,
            "1769996288" : 1,
            "1786773504" : 2,
            "1803550720" : 2,
            "2038431744" : 2,
            "2088763392" : 2,
            "2122317824" : 1,
            "2298478592" : 2,
            "2566914048" : 4,
            "2600468480" : 4,
            "2667577344" : 5,
            "2701131776" : 1,
            "2801795072" : 1,
            "2835349504" : 1,
            "2868903936" : 1,
            "2902458368" : 4,
            "2969567232" : 7,
            "3103784960" : 2,
            "3305111552" : 1,