{
  "fio version" : "fio-3.1",
  "timestamp" : 1574247232,
  "timestamp_ms" : 1574247232174,
  "time" : "Wed Nov 20 10:53:52 2019",
  "global options" : {
    "directory" : "data/fio_write/beegfs-write-64-b8zf8",
    "bs" : "256",
    "fallocate" : "none",
    "runtime" : "30",
    "time_based" : "1",
    "ioengine" : "libaio",
    "iodepth" : "8",
    "direct" : "1",
    "buffered" : "0",
    "invalidate" : "1",
    "ramp_time" : "0",
    "thread" : "0",
    "group_reporting" : "1",
    "filesize" : "32g",
    "size" : "32g",
    "filename_format" : "$jobnum.dat"
  },
  "jobs" : [
    {
      "jobname" : "fio-job",
      "groupid" : 0,
      "error" : 0,
      "eta" : 0,
      "elapsed" : 31,
      "job options" : {
        "rw" : "write"
      },
      "read" : {
        "io_bytes" : 0,
        "io_kbytes" : 0,
        "bw" : 0,
        "iops" : 0.000000,
        "runtime" : 0,
        "total_ios" : 0,
        "short_ios" : 0,
        "drop_ios" : 0,
        "slat_ns" : {
          "min" : 0,
          "max" : 0,
          "mean" : 0.000000,
          "stddev" : 0.000000
        },
        "clat_ns" : {
          "min" : 0,
          "max" : 0,
          "mean" : 0.000000,
          "stddev" : 0.000000,
          "percentile" : {
            "1.000000" : 0,
            "5.000000" : 0,
            "10.000000" : 0,
            "20.000000" : 0,
            "30.000000" : 0,
            "40.000000" : 0,
            "50.000000" : 0,
            "60.000000" : 0,
            "70.000000" : 0,
            "80.000000" : 0,
            "90.000000" : 0,
            "95.000000" : 0,
            "99.000000" : 0,
            "99.500000" : 0,
            "99.900000" : 0,
            "99.950000" : 0,
            "99.990000" : 0,
            "0.00" : 0,
            "0.00" : 0,
            "0.00" : 0
          },
          "bins" : {

          }
        },
        "lat_ns" : {
          "min" : 0,
          "max" : 0,
          "mean" : 0.000000,
          "stddev" : 0.000000
        },
        "bw_min" : 0,
        "bw_max" : 0,
        "bw_agg" : 0.000000,
        "bw_mean" : 0.000000,
        "bw_dev" : 0.000000,
        "bw_samples" : 0,
        "iops_min" : 0,
        "iops_max" : 0,
        "iops_mean" : 0.000000,
        "iops_stddev" : 0.000000,
        "iops_samples" : 0
      },
      "write" : {
        "io_bytes" : 188450048,
        "io_kbytes" : 184033,
        "bw" : 6134,
        "iops" : 24536.948768,
        "runtime" : 30001,
        "total_ios" : 736133,
        "short_ios" : 0,
        "drop_ios" : 0,
        "slat_ns" : {
          "min" : 21826,
          "max" : 12595577,
          "mean" : 157692.057854,
          "stddev" : 102901.876397
        },
        "clat_ns" : {
          "min" : 2080,
          "max" : 14535161,
          "mean" : 1143446.074356,
          "stddev" : 328996.682234,
          "percentile" : {
            "1.000000" : 456704,
            "5.000000" : 684032,
            "10.000000" : 798720,
            "20.000000" : 905216,
            "30.000000" : 978944,
            "40.000000" : 1056768,
            "50.000000" : 1122304,
            "60.000000" : 1187840,
            "70.000000" : 1269760,
            "80.000000" : 1368064,
            "90.000000" : 1531904,
            "95.000000" : 1679360,
            "99.000000" : 2023424,
            "99.500000" : 2179072,
            "99.900000" : 2605056,
            "99.950000" : 3096576,
            "99.990000" : 10289152,
            "0.00" : 0,
            "0.00" : 0,
            "0.00" : 0
          },
          "bins" : {
            "2096" : 1,
            "2544" : 1,
            "2832" : 1,
            "2928" : 1,
            "59648" : 1,
            "61184" : 1,
            "76288" : 1,
            "96768" : 1,
            "108032" : 1,
            "110080" : 1,
            "127488" : 1,
            "144384" : 1,
            "154624" : 1,
            "164864" : 1,
            "173056" : 1,
            "191488" : 1,
            "226304" : 2,
            "240640" : 2,
            "246784" : 4,
            "248832" : 2,
            "250880" : 4,
            "252928" : 1,
            "254976" : 2,
            "257024" : 1,
            "259072" : 3,
            "264192" : 2,
            "268288" : 2,
            "272384" : 2,
            "276480" : 3,
            "280576" : 5,
            "284672" : 3,
            "288768" : 11,
            "292864" : 3,
            "296960" : 6,
            "301056" : 3,
            "305152" : 15,
            "309248" : 11,
            "313344" : 15,
            "317440" : 9,
            "321536" : 13,
            "325632" : 9,
            "329728" : 9,
            "333824" : 12,
            "337920" : 15,
            "342016" : 17,
            "346112" : 23,
            "350208" : 21,
            "354304" : 42,
            "358400" : 52,
            "362496" : 61,
            "366592" : 88,
            "370688" : 83,
            "374784" : 124,
            "378880" : 126,
            "382976" : 161,
            "387072" : 185,
            "391168" : 231,
            "395264" : 238,
            "399360" : 289,
            "403456" : 318,
            "407552" : 284,
            "411648" : 364,
            "415744" : 402,
            "419840" : 366,
            "423936" : 395,
            "428032" : 449,
            "432128" : 454,
            "436224" : 435,
            "440320" : 468,
            "444416" : 486,
            "448512" : 461,
            "452608" : 506,
            "456704" : 502,
            "460800" : 458,
            "464896" : 454,
            "468992" : 487,
            "473088" : 482,
            "477184" : 477,
            "481280" : 430,
            "485376" : 440,
            "489472" : 378,
            "493568" : 402,
            "497664" : 371,
            "501760" : 437,
            "505856" : 393,
            "509952" : 404,
            "514048" : 373,
            "518144" : 426,
            "522240" : 407,
            "528384" : 801,
            "536576" : 792,
            "544768" : 762,
            "552960" : 887,
            "561152" : 978,
            "569344" : 936,
            "577536" : 936,
            "585728" : 988,
            "593920" : 1112,
            "602112" : 1125,
            "610304" : 1128,
            "618496" : 1252,
            "626688" : 1210,
            "634880" : 1323,
            "643072" : 1313,
            "651264" : 1320,
            "659456" : 1359,
            "667648" : 1530,
            "675840" : 1516,
            "684032" : 1726,
            "692224" : 1697,
            "700416" : 1906,
            "708608" : 2004,
            "716800" : 2076,
            "724992" : 2334,
            "733184" : 2495,
            "741376" : 2800,
            "749568" : 2830,
            "757760" : 3020,
            "765952" : 3281,
            "774144" : 3463,
            "782336" : 3608,
            "790528" : 3990,
            "798720" : 4018,
            "806912" : 4278,
            "815104" : 4492,
            "823296" : 4681,
            "831488" : 4945,
            "839680" : 5330,
            "847872" : 5502,
            "856064" : 5812,
            "864256" : 5918,
            "872448" : 6115,
            "880640" : 6277,
            "888832" : 6734,
            "897024" : 6872,
            "905216" : 6968,
            "913408" : 7317,
            "921600" : 7343,
            "929792" : 7556,
            "937984" : 7626,
            "946176" : 7937,
            "954368" : 7915,
            "962560" : 8166,
            "970752" : 8374,
            "978944" : 8473,
            "987136" : 8640,
            "995328" : 8928,
            "1003520" : 9035,
            "1011712" : 9044,
            "1019904" : 8741,
            "1028096" : 9004,
            "1036288" : 9037,
            "1044480" : 8981,
            "1056768" : 18006,
            "1073152" : 18082,
            "1089536" : 18152,
            "1105920" : 17757,
            "1122304" : 17788,