{
  "fio version" : "fio-3.1",
  "timestamp" : 1555517293,
  "timestamp_ms" : 1555517293547,
  "time" : "Wed Apr 17 16:08:13 2019",
  "global options" : {
    "fallocate" : "none",
    "runtime" : "30",
    "directory" : "/data/fio_write/beegfs-write-64-rjtjx",
    "bs" : "256",
    "time_based" : "1",
    "ioengine" : "libaio",
    "iodepth" : "8",
    "direct" : "1",
    "buffered" : "0",
    "thread" : "0",
    "group_reporting" : "1",
    "filesize" : "32g",
    "size" : "32g",
    "filename_format" : "$jobnum.dat"
  },
  "jobs" : [
    {
      "jobname" : "fio-job",
      "groupid" : 0,
      "error" : 0,
      "eta" : 0,
      "elapsed" : 31,
      "job options" : {
        "rw" : "write"
      },
      "read" : {
        "io_bytes" : 0,
        "io_kbytes" : 0,
        "bw" : 0,
        "iops" : 0.000000,
        "runtime" : 0,
        "total_ios" : 0,
        "short_ios" : 0,
        "drop_ios" : 0,
        "slat_ns" : {
          "min" : 0,
          "max" : 0,
          "mean" : 0.000000,
          "stddev" : 0.000000
        },
        "clat_ns" : {
          "min" : 0,
          "max" : 0,
          "mean" : 0.000000,
          "stddev" : 0.000000,
          "percentile" : {
            "1.000000" : 0,
            "5.000000" : 0,
            "10.000000" : 0,
            "20.000000" : 0,
            "30.000000" : 0,
            "40.000000" : 0,
            "50.000000" : 0,
            "60.000000" : 0,
            "70.000000" : 0,
            "80.000000" : 0,
            "90.000000" : 0,
            "95.000000" : 0,
            "99.000000" : 0,
            "99.500000" : 0,
            "99.900000" : 0,
            "99.950000" : 0,
            "99.990000" : 0,
            "0.00" : 0,
            "0.00" : 0,
            "0.00" : 0
          },
          "bins" : {

          }
        },
        "lat_ns" : {
          "min" : 0,
          "max" : 0,
          "mean" : 0.000000,
          "stddev" : 0.000000
        },
        "bw_min" : 0,
        "bw_max" : 0,
        "bw_agg" : 0.000000,
        "bw_mean" : 0.000000,
        "bw_dev" : 0.000000,
        "bw_samples" : 0,
        "iops_min" : 0,
        "iops_max" : 0,
        "iops_mean" : 0.000000,
        "iops_stddev" : 0.000000,
        "iops_samples" : 0
      },
      "write" : {
        "io_bytes" : 153142272,
        "io_kbytes" : 149553,
        "bw" : 4984,
        "iops" : 19939.070729,
        "runtime" : 30002,
        "total_ios" : 598212,
        "short_ios" : 0,
        "drop_ios" : 0,
        "slat_ns" : {
          "min" : 28655,
          "max" : 15303997,
          "mean" : 194697.217433,
          "stddev" : 227723.869080
        },
        "clat_ns" : {
          "min" : 4345,
          "max" : 23332581,
          "mean" : 1405847.816012,
          "stddev" : 849594.284494,
          "percentile" : {
            "1.000000" : 552960,
            "5.000000" : 659456,
            "10.000000" : 724992,
            "20.000000" : 798720,
            "30.000000" : 872448,
            "40.000000" : 995328,
            "50.000000" : 1187840,
            "60.000000" : 1433600,
            "70.000000" : 1613824,
            "80.000000" : 1826816,
            "90.000000" : 2277376,
            "95.000000" : 2867200,
            "99.000000" : 4358144,
            "99.500000" : 5144576,
            "99.900000" : 7634944,
            "99.950000" : 11730944,
            "99.990000" : 16908288,
            "0.00" : 0,
            "0.00" : 0,
            "0.00" : 0
          },
          "bins" : {
            "4320" : 1,
            "5472" : 1,
            "5856" : 1,
            "6176" : 1,
            "346112" : 1,
            "366592" : 1,
            "374784" : 1,
            "382976" : 1,
            "391168" : 3,
            "399360" : 3,
            "403456" : 5,
            "407552" : 2,
            "411648" : 2,
            "415744" : 2,
            "419840" : 3,
            "423936" : 4,
            "428032" : 9,
            "432128" : 11,
            "436224" : 14,
            "440320" : 17,
            "444416" : 16,
            "448512" : 23,
            "452608" : 28,
            "456704" : 29,
            "460800" : 48,
            "464896" : 60,
            "468992" : 57,
            "473088" : 77,
            "477184" : 90,
            "481280" : 115,
            "485376" : 114,
            "489472" : 151,
            "493568" : 159,
            "497664" : 205,
            "501760" : 200,
            "505856" : 248,
            "509952" : 234,
            "514048" : 287,
            "518144" : 299,
            "522240" : 321,
            "528384" : 734,
            "536576" : 877,
            "544768" : 1036,
            "552960" : 1114,
            "561152" : 1219,
            "569344" : 1322,
            "577536" : 1414,
            "585728" : 1514,
            "593920" : 1635,
            "602112" : 1816,
            "610304" : 1850,
            "618496" : 1958,
            "626688" : 2182,
            "634880" : 2287,
            "643072" : 2498,
            "651264" : 2682,
            "659456" : 2938,
            "667648" : 3085,
            "675840" : 3223,
            "684032" : 3597,
            "692224" : 3791,
            "700416" : 4137,
            "708608" : 4423,
            "716800" : 4729,
            "724992" : 5064,
            "733184" : 5440,
            "741376" : 5966,
            "749568" : 6266,
            "757760" : 6575,
            "765952" : 7130,
            "774144" : 7266,
            "782336" : 7394,
            "790528" : 7367,
            "798720" : 7343,
            "806912" : 7206,
            "815104" : 7053,
            "823296" : 6713,
            "831488" : 6663,
            "839680" : 6369,
            "847872" : 6109,
            "856064" : 5904,
            "864256" : 5579,
            "872448" : 5280,
            "880640" : 5201,
            "888832" : 4815,
            "897024" : 4691,
            "905216" : 4481,
            "913408" : 4347,
            "921600" : 4276,
            "929792" : 3999,
            "937984" : 3888,
            "946176" : 3587,
            "954368" : 3612,
            "962560" : 3479,
            "970752" : 3477,
            "978944" : 3174,
            "987136" : 3189,
            "995328" : 3066,
            "1003520" : 3006,
            "1011712" : 2952,
            "1019904" : 2884,
            "1028096" : 2828,
            "1036288" : 2659,
            "1044480" : 2672,
            "1056768" : 5090,
            "1073152" : 4960,
            "1089536" : 4819,
            "1105920" : 4700,
            "1122304" : 4531,
            "1138688" : 4534,
            "1155072" : 4410,
            "1171456" : 4377,
            "1187840" : 4245,
            "1204224" : 4185,
            "1220608" : 4077,
            "1236992" : 4039,
            "1253376" : 4103,
            "1269760" : 4212,
            "1286144" : 3986,
            "1302528" : 4124,
            "1318912" : 4088,
            "1335296" : 4066,
            "1351680" : 4037,
            "1368064" : 3878,
            "1384448" : 4098,
            "1400832" : 3957,
            "1417216" : 4048,
            "1433600" : 4033,
            "1449984" : 4268,
            "1466368" : 4470,
            "1482752" : 4586,
            "1499136" : 4759,
            "1515520" : 5081,
            "1531904" : 5478,
            "1548288" : 5803,
            "1564672" : 6090,
            "1581056" : 6293,
            "1597440" : 6267,
            "1613824" : 6256,
            "1630208" : 6140,
            "1646592" : 5849,
            "1662976" : 5649,
            "1679360" : 5514,
            "1695744" : 5121,
            "1712128" : 4938,
            "1728512" : 4779,
            "1744896" : 4558,
            "1761280" : 4237,
            "1777664" : 4094,
            "1794048" : 3907,
            "1810432" : 3698,
            "1826816" : 3472,
            "1843200" : 3312,
            "1859584" : 3183,
            "1875968" : 2925,