{
  "fio version" : "fio-3.1",
  "timestamp" : 1574248105,
  "timestamp_ms" : 1574248105354,
  "time" : "Wed Nov 20 11:08:25 2019",
  "global options" : {
    "directory" : "data/fio_write/beegfs-randwrite-64-6759r",
    "bs" : "16384",
    "fallocate" : "none",
    "runtime" : "30",
    "time_based" : "1",
    "ioengine" : "libaio",
    "iodepth" : "8",
    "direct" : "1",
    "buffered" : "0",
    "invalidate" : "1",
    "ramp_time" : "0",
    "thread" : "0",
    "group_reporting" : "1",
    "filesize" : "32g",
    "size" : "32g",
    "filename_format" : "$jobnum.dat"
  },
  "jobs" : [
    {
      "jobname" : "fio-job",
      "groupid" : 0,
      "error" : 0,
      "eta" : 0,
      "elapsed" : 31,
      "job options" : {
        "rw" : "randwrite"
      },
      "read" : {
        "io_bytes" : 0,
        "io_kbytes" : 0,
        "bw" : 0,
        "iops" : 0.000000,
        "runtime" : 0,
        "total_ios" : 0,
        "short_ios" : 0,
        "drop_ios" : 0,
        "slat_ns" : {
          "min" : 0,
          "max" : 0,
          "mean" : 0.000000,
          "stddev" : 0.000000
        },
        "clat_ns" : {
          "min" : 0,
          "max" : 0,
          "mean" : 0.000000,
          "stddev" : 0.000000,
          "percentile" : {
            "1.000000" : 0,
            "5.000000" : 0,
            "10.000000" : 0,
            "20.000000" : 0,
            "30.000000" : 0,
            "40.000000" : 0,
            "50.000000" : 0,
            "60.000000" : 0,
            "70.000000" : 0,
            "80.000000" : 0,
            "90.000000" : 0,
            "95.000000" : 0,
            "99.000000" : 0,
            "99.500000" : 0,
            "99.900000" : 0,
            "99.950000" : 0,
            "99.990000" : 0,
            "0.00" : 0,
            "0.00" : 0,
            "0.00" : 0
          },
          "bins" : {

          }
        },
        "lat_ns" : {
          "min" : 0,
          "max" : 0,
          "mean" : 0.000000,
          "stddev" : 0.000000
        },
        "bw_min" : 0,
        "bw_max" : 0,
        "bw_agg" : 0.000000,
        "bw_mean" : 0.000000,
        "bw_dev" : 0.000000,
        "bw_samples" : 0,
        "iops_min" : 0,
        "iops_max" : 0,
        "iops_mean" : 0.000000,
        "iops_stddev" : 0.000000,
        "iops_samples" : 0
      },
      "write" : {
        "io_bytes" : 3309568,
        "io_kbytes" : 3232,
        "bw" : 106,
        "iops" : 6.631648,
        "runtime" : 30460,
        "total_ios" : 202,
        "short_ios" : 0,
        "drop_ios" : 0,
        "slat_ns" : {
          "min" : 64627,
          "max" : 1920767499,
          "mean" : 599955109.163366,
          "stddev" : 532401853.616581
        },
        "clat_ns" : {
          "min" : 4694,
          "max" : 8444793127,
          "mean" : 4140057526.306931,
          "stddev" : 1928481527.441421,
          "percentile" : {
            "1.000000" : 6560,
            "5.000000" : 1216348160,
            "10.000000" : 1568669696,
            "20.000000" : 2122317824,
            "30.000000" : 2969567232,
            "40.000000" : 3808428032,
            "50.000000" : 4177526784,
            "60.000000" : 4596957184,
            "70.000000" : 5402263552,
            "80.000000" : 5872025600,
            "90.000000" : 6543114240,
            "95.000000" : 7281311744,
            "99.000000" : 7885291520,
            "99.500000" : 8220835840,
            "99.900000" : 8422162432,
            "99.950000" : 8422162432,
            "99.990000" : 8422162432,
            "0.00" : 0,
            "0.00" : 0,
            "0.00" : 0
          },
          "bins" : {
            "4704" : 1,
            "5344" : 1,
            "6560" : 1,
            "31104" : 1,
            "459276288" : 1,
            "497025024" : 1,
            "750780416" : 1,
            "809500672" : 1,
            "1082130432" : 1,
            "1166016512" : 1,
            "1216348160" : 1,
            "1283457024" : 1,
            "1317011456" : 1,
            "1350565888" : 2,
            "1468006400" : 1,
            "1501560832" : 1,
            "1518338048" : 1,
            "1535115264" : 2,
            "1568669696" : 2,
            "1585446912" : 1,
            "1635778560" : 1,
            "1652555776" : 1,
            "1669332992" : 1,
            "1702887424" : 1,
            "1753219072" : 2,
            "1769996288" : 1,
            "1837105152" : 1,
            "1870659584" : 3,
            "1887436800" : 1,
            "1920991232" : 1,
            "1937768448" : 1,
            "1954545664" : 2,
            "1971322880" : 1,
            "2122317824" : 1,
            "2231369728" : 2,
            "2264924160" : 1,
            "2332033024" : 1,
            "2365587456" : 2,
            "2499805184" : 2,
            "2533359616" : 2,
            "2701131776" : 3,
            "2734686208" : 2,
            "2801795072" : 2,
            "2835349504" : 1,
            "2969567232" : 2,
            "3036676096" : 1,
            "3103784960" : 1,
            "3137339392" : 1,
            "3170893824" : 1,
            "3238002688" : 3,
            "3439329280" : 2,
            "3472883712" : 2,
            "3573547008" : 1,
            "3607101440" : 1,
            "3674210304" : 1,
            "3707764736" : 2,
            "3741319168" : 3,
            "3808428032" : 2,
            "3841982464" : 1,
            "3875536896" : 1,
            "3909091328" : 1,
            "3942645760" : 1,
            "3976200192" : 3,
            "4043309056" : 1,
            "4076863488" : 3,
            "4110417920" : 3,
            "4143972352" : 1,
            "4177526784" : 4,
            "4211081216" : 2,
            "4328521728" : 2,
            "4395630592" : 2,
            "4462739456" : 5,
            "4529848320" : 6,
            "4596957184" : 4,
            "4664066048" : 2,
            "4731174912" : 3,
            "4865392640" : 3,
            "4932501504" : 3,
            "4999610368" : 2,
            "5066719232" : 1,
            "5133828096" : 1,
            "5200936960" : 1,
            "5268045824" : 1,
            "5335154688" : 2,
            "5402263552" : 3,
            "5469372416" : 1,
            "5536481280" : 3,
            "5603590144" : 5,
            "5670699008" : 5,
            "5737807872" : 1,
            "5804916736" : 1,
            "5872025600" : 2,
            "5939134464" : 4,
            "6073352192" : 3,
            "6140461056" : 3,
            "6207569920" : 1,
            "6341787648" : 1,
            "6408896512" : 1,
            "6476005376" : 1,
            "6543114240" : 6,
            "6677331968" : 2,
            "6744440832" : 1,
            "6811549696" : 1,
            "6878658560" : 1,
            "6945767424" : 1,
            "7079985152" : 1,
            "7281311744" : 4,
            "7348420608" : 1,
            "7482638336" : 1,
            "7549747200" : 1,
            "7683964928" : 2,
            "7751073792" : 1,
            "7885291520" : 1,
            "8220835840" : 1,
            "8422162432" : 1
          }
        },
        "lat_ns" : {
          "min" : 460137848,
          "max" : 9570505502,
          "mean" : 4740014259.589108,
          "stddev" : 2043526920.661422
        },
        "bw_min" : 10,
        "bw_max" : 160,
        "bw_agg" : 36.579428,
        "bw_mean" : 38.774194,
        "bw_dev" : 26.054926,
        "bw_samples" : 124,
        "iops_min" : 0,
        "iops_max" : 10,
        "iops_mean" : 2.306452,
        "iops_stddev" : 1.711641,
        "iops_samples" : 124
      },
      "trim" : {
        "io_bytes" : 0,
        "io_kbytes" : 0,
        "bw" : 0,
        "iops" : 0.000000,
        "runtime" : 0,
        "total_ios" : 0,
        "short_ios" : 0,
        "drop_ios" : 0,
        "slat_ns" : {
          "min" : 0,
          "max" : 0,
          "mean" : 0.000000,
          "stddev" : 0.000000
        },
        "clat_ns" : {
          "min" : 0,
          "max" : 0,