{
  "fio version" : "fio-3.1",
  "timestamp" : 1574247931,
  "timestamp_ms" : 1574247931260,
  "time" : "Wed Nov 20 11:05:31 2019",
  "global options" : {
    "directory" : "data/fio_write/beegfs-randwrite-64-87php",
    "bs" : "512",
    "fallocate" : "none",
    "runtime" : "30",
    "time_based" : "1",
    "ioengine" : "libaio",
    "iodepth" : "8",
    "direct" : "1",
    "buffered" : "0",
    "invalidate" : "1",
    "ramp_time" : "0",
    "thread" : "0",
    "group_reporting" : "1",
    "filesize" : "32g",
    "size" : "32g",
    "filename_format" : "$jobnum.dat"
  },
  "jobs" : [
    {
      "jobname" : "fio-job",
      "groupid" : 0,
      "error" : 0,
      "eta" : 0,
      "elapsed" : 33,
      "job options" : {
        "rw" : "randwrite"
      },
      "read" : {
        "io_bytes" : 0,
        "io_kbytes" : 0,
        "bw" : 0,
        "iops" : 0.000000,
        "runtime" : 0,
        "total_ios" : 0,
        "short_ios" : 0,
        "drop_ios" : 0,
        "slat_ns" : {
          "min" : 0,
          "max" : 0,
          "mean" : 0.000000,
          "stddev" : 0.000000
        },
        "clat_ns" : {
          "min" : 0,
          "max" : 0,
          "mean" : 0.000000,
          "stddev" : 0.000000,
          "percentile" : {
            "1.000000" : 0,
            "5.000000" : 0,
            "10.000000" : 0,
            "20.000000" : 0,
            "30.000000" : 0,
            "40.000000" : 0,
            "50.000000" : 0,
            "60.000000" : 0,
            "70.000000" : 0,
            "80.000000" : 0,
            "90.000000" : 0,
            "95.000000" : 0,
            "99.000000" : 0,
            "99.500000" : 0,
            "99.900000" : 0,
            "99.950000" : 0,
            "99.990000" : 0,
            "0.00" : 0,
            "0.00" : 0,
            "0.00" : 0
          },
          "bins" : {

          }
        },
        "lat_ns" : {
          "min" : 0,
          "max" : 0,
          "mean" : 0.000000,
          "stddev" : 0.000000
        },
        "bw_min" : 0,
        "bw_max" : 0,
        "bw_agg" : 0.000000,
        "bw_mean" : 0.000000,
        "bw_dev" : 0.000000,
        "bw_samples" : 0,
        "iops_min" : 0,
        "iops_max" : 0,
        "iops_mean" : 0.000000,
        "iops_stddev" : 0.000000,
        "iops_samples" : 0
      },
      "write" : {
        "io_bytes" : 82944,
        "io_kbytes" : 81,
        "bw" : 2,
        "iops" : 5.075347,
        "runtime" : 31919,
        "total_ios" : 162,
        "short_ios" : 0,
        "drop_ios" : 0,
        "slat_ns" : {
          "min" : 152398,
          "max" : 4737645281,
          "mean" : 776117300.703704,
          "stddev" : 865694692.156044
        },
        "clat_ns" : {
          "min" : 5777,
          "max" : 10783585953,
          "mean" : 5396475399.956791,
          "stddev" : 2390674009.062476,
          "percentile" : {
            "1.000000" : 6752,
            "5.000000" : 1052770304,
            "10.000000" : 2021654528,
            "20.000000" : 2936012800,
            "30.000000" : 4395630592,
            "40.000000" : 5133828096,
            "50.000000" : 5670699008,
            "60.000000" : 6207569920,
            "70.000000" : 6878658560,
            "80.000000" : 7482638336,
            "90.000000" : 8153726976,
            "95.000000" : 8791261184,
            "99.000000" : 10401873920,
            "99.500000" : 10804527104,
            "99.900000" : 10804527104,
            "99.950000" : 10804527104,
            "99.990000" : 10804527104,
            "0.00" : 0,
            "0.00" : 0,
            "0.00" : 0
          },
          "bins" : {
            "5792" : 1,
            "6752" : 2,
            "20352" : 1,
            "517996544" : 1,
            "666894336" : 1,
            "792723456" : 1,
            "1035993088" : 1,
            "1052770304" : 2,
            "1300234240" : 3,
            "1568669696" : 1,
            "1619001344" : 1,
            "1769996288" : 1,
            "2021654528" : 1,
            "2122317824" : 1,
            "2231369728" : 2,
            "2399141888" : 1,
            "2432696320" : 1,
            "2600468480" : 3,
            "2634022912" : 1,
            "2667577344" : 1,
            "2835349504" : 2,
            "2868903936" : 1,
            "2936012800" : 3,
            "3103784960" : 1,
            "3137339392" : 1,
            "3472883712" : 1,
            "3539992576" : 1,
            "3640655872" : 1,
            "3674210304" : 1,
            "3741319168" : 1,
            "3774873600" : 1,
            "3909091328" : 1,
            "3942645760" : 1,
            "4110417920" : 1,
            "4211081216" : 1,
            "4278190080" : 3,
            "4395630592" : 2,
            "4462739456" : 2,
            "4596957184" : 3,
            "4731174912" : 2,
            "4798283776" : 1,
            "4865392640" : 1,
            "4932501504" : 4,
            "5133828096" : 2,
            "5200936960" : 2,
            "5268045824" : 3,
            "5402263552" : 1,
            "5469372416" : 2,
            "5536481280" : 4,
            "5603590144" : 2,
            "5670699008" : 2,
            "5804916736" : 3,
            "5872025600" : 2,
            "5939134464" : 3,
            "6006243328" : 3,
            "6073352192" : 2,
            "6140461056" : 3,
            "6207569920" : 2,
            "6274678784" : 3,
            "6341787648" : 1,
            "6408896512" : 1,
            "6476005376" : 2,
            "6543114240" : 2,
            "6610223104" : 3,
            "6677331968" : 1,
            "6744440832" : 1,
            "6878658560" : 3,
            "6945767424" : 2,
            "7012876288" : 2,
            "7079985152" : 1,
            "7147094016" : 1,
            "7214202880" : 3,
            "7348420608" : 3,
            "7415529472" : 1,
            "7482638336" : 1,
            "7549747200" : 2,
            "7616856064" : 2,
            "7683964928" : 3,
            "7818182656" : 1,
            "7885291520" : 3,
            "7952400384" : 2,
            "8086618112" : 1,
            "8153726976" : 2,
            "8220835840" : 1,
            "8355053568" : 1,
            "8422162432" : 1,
            "8657043456" : 3,
            "8791261184" : 4,
            "9462349824" : 1,
            "9865003008" : 3,
            "10401873920" : 1,
            "10804527104" : 1
          }
        },
        "lat_ns" : {
          "min" : 518142150,
          "max" : 11231875688,
          "mean" : 6172594030.567902,
          "stddev" : 2529337797.332236
        },
        "bw_min" : 0,
        "bw_max" : 3,
        "bw_agg" : 58.256881,
        "bw_mean" : 1.165138,
        "bw_dev" : 0.500255,
        "bw_samples" : 109,
        "iops_min" : 1,
        "iops_max" : 6,
        "iops_mean" : 2.357798,
        "iops_stddev" : 0.947931,
        "iops_samples" : 109
      },
      "trim" : {
        "io_bytes" : 0,
        "io_kbytes" : 0,
        "bw" : 0,
        "iops" : 0.000000,
        "runtime" : 0,
        "total_ios" : 0,
        "short_ios" : 0,
        "drop_ios" : 0,
        "slat_ns" : {
          "min" : 0,
          "max" : 0,
          "mean" : 0.000000,
          "stddev" : 0.000000
        },
        "clat_ns" : {
          "min" : 0,
          "max" : 0,
          "mean" : 0.000000,
          "stddev" : 0.000000,
          "percentile" : {
            "1.000000" : 0,
            "5.000000" : 0,
            "10.000000" : 0,
            "20.000000" : 0,
            "30.000000" : 0,
            "40.000000" : 0,
            "50.000000" : 0,
            "60.000000" : 0,
            "70.000000" : 0,
            "80.000000" : 0,
            "90.000000" : 0,
            "95.000000" : 0,
            "99.000000" : 0,
            "99.500000" : 0,
            "99.900000" : 0,
            "99.950000" : 0,
            "99.990000" : 0,
            "0.00" : 0,
            "0.00" : 0,
            "0.00" : 0
          },
          "bins" : {

          }
        },