{
  "fio version" : "fio-3.1",
  "timestamp" : 1556099190,
  "timestamp_ms" : 1556099190336,
  "time" : "Wed Apr 24 09:46:30 2019",
  "global options" : {
    "fallocate" : "none",
    "runtime" : "30",
    "directory" : "data/fio_write/beegfs-write-64-wjnc6",
    "bs" : "512",
    "time_based" : "1",
    "ioengine" : "libaio",
    "iodepth" : "8",
    "direct" : "1",
    "buffered" : "0",
    "thread" : "0",
    "group_reporting" : "1",
    "filesize" : "32g",
    "size" : "32g",
    "filename_format" : "$jobnum.dat"
  },
  "jobs" : [
    {
      "jobname" : "fio-job",
      "groupid" : 0,
      "error" : 0,
      "eta" : 0,
      "elapsed" : 31,
      "job options" : {
        "rw" : "write"
      },
      "read" : {
        "io_bytes" : 0,
        "io_kbytes" : 0,
        "bw" : 0,
        "iops" : 0.000000,
        "runtime" : 0,
        "total_ios" : 0,
        "short_ios" : 0,
        "drop_ios" : 0,
        "slat_ns" : {
          "min" : 0,
          "max" : 0,
          "mean" : 0.000000,
          "stddev" : 0.000000
        },
        "clat_ns" : {
          "min" : 0,
          "max" : 0,
          "mean" : 0.000000,
          "stddev" : 0.000000,
          "percentile" : {
            "1.000000" : 0,
            "5.000000" : 0,
            "10.000000" : 0,
            "20.000000" : 0,
            "30.000000" : 0,
            "40.000000" : 0,
            "50.000000" : 0,
            "60.000000" : 0,
            "70.000000" : 0,
            "80.000000" : 0,
            "90.000000" : 0,
            "95.000000" : 0,
            "99.000000" : 0,
            "99.500000" : 0,
            "99.900000" : 0,
            "99.950000" : 0,
            "99.990000" : 0,
            "0.00" : 0,
            "0.00" : 0,
            "0.00" : 0
          },
          "bins" : {

          }
        },
        "lat_ns" : {
          "min" : 0,
          "max" : 0,
          "mean" : 0.000000,
          "stddev" : 0.000000
        },
        "bw_min" : 0,
        "bw_max" : 0,
        "bw_agg" : 0.000000,
        "bw_mean" : 0.000000,
        "bw_dev" : 0.000000,
        "bw_samples" : 0,
        "iops_min" : 0,
        "iops_max" : 0,
        "iops_mean" : 0.000000,
        "iops_stddev" : 0.000000,
        "iops_samples" : 0
      },
      "write" : {
        "io_bytes" : 298677248,
        "io_kbytes" : 291677,
        "bw" : 9722,
        "iops" : 19444.485184,
        "runtime" : 30001,
        "total_ios" : 583354,
        "short_ios" : 0,
        "drop_ios" : 0,
        "slat_ns" : {
          "min" : 28017,
          "max" : 23485936,
          "mean" : 199803.462371,
          "stddev" : 217599.265031
        },
        "clat_ns" : {
          "min" : 4223,
          "max" : 27290488,
          "mean" : 1441215.591449,
          "stddev" : 821648.095750,
          "percentile" : {
            "1.000000" : 544768,
            "5.000000" : 667648,
            "10.000000" : 733184,
            "20.000000" : 806912,
            "30.000000" : 888832,
            "40.000000" : 1019904,
            "50.000000" : 1253376,
            "60.000000" : 1499136,
            "70.000000" : 1679360,
            "80.000000" : 1892352,
            "90.000000" : 2375680,
            "95.000000" : 2899968,
            "99.000000" : 4292608,
            "99.500000" : 5013504,
            "99.900000" : 7110656,
            "99.950000" : 8454144,
            "99.990000" : 12517376,
            "0.00" : 0,
            "0.00" : 0,
            "0.00" : 0
          },
          "bins" : {
            "4192" : 1,
            "5600" : 1,
            "6112" : 2,
            "101888" : 1,
            "203776" : 1,
            "272384" : 1,
            "276480" : 1,
            "284672" : 1,
            "301056" : 1,
            "370688" : 1,
            "378880" : 1,
            "387072" : 1,
            "391168" : 2,
            "395264" : 2,
            "399360" : 1,
            "403456" : 2,
            "407552" : 4,
            "411648" : 4,
            "419840" : 7,
            "423936" : 10,
            "428032" : 10,
            "432128" : 13,
            "436224" : 16,
            "440320" : 33,
            "444416" : 25,
            "448512" : 41,
            "452608" : 46,
            "456704" : 49,
            "460800" : 49,
            "464896" : 74,
            "468992" : 88,
            "473088" : 95,
            "477184" : 104,
            "481280" : 125,
            "485376" : 152,
            "489472" : 173,
            "493568" : 255,
            "497664" : 259,
            "501760" : 274,
            "505856" : 308,
            "509952" : 344,
            "514048" : 389,
            "518144" : 386,
            "522240" : 413,
            "528384" : 843,
            "536576" : 903,
            "544768" : 896,
            "552960" : 965,
            "561152" : 923,
            "569344" : 998,
            "577536" : 1045,
            "585728" : 1121,
            "593920" : 1296,
            "602112" : 1396,
            "610304" : 1598,
            "618496" : 1656,
            "626688" : 1877,
            "634880" : 2037,
            "643072" : 2144,
            "651264" : 2336,
            "659456" : 2573,
            "667648" : 2788,
            "675840" : 2816,
            "684032" : 3109,
            "692224" : 3293,
            "700416" : 3465,
            "708608" : 3538,
            "716800" : 3855,
            "724992" : 4062,
            "733184" : 4647,
            "741376" : 4850,
            "749568" : 5374,
            "757760" : 5685,
            "765952" : 6194,
            "774144" : 6548,
            "782336" : 6921,
            "790528" : 7062,
            "798720" : 7209,
            "806912" : 7247,
            "815104" : 7219,
            "823296" : 6990,
            "831488" : 6867,
            "839680" : 6458,
            "847872" : 6216,
            "856064" : 6103,
            "864256" : 5753,
            "872448" : 5467,
            "880640" : 5328,
            "888832" : 5072,
            "897024" : 4877,
            "905216" : 4588,
            "913408" : 4446,
            "921600" : 4318,
            "929792" : 3983,
            "937984" : 3730,
            "946176" : 3682,
            "954368" : 3444,
            "962560" : 3229,
            "970752" : 3103,
            "978944" : 3114,
            "987136" : 3069,
            "995328" : 2879,
            "1003520" : 2778,
            "1011712" : 2825,
            "1019904" : 2719,
            "1028096" : 2453,
            "1036288" : 2445,
            "1044480" : 2403,
            "1056768" : 4560,
            "1073152" : 4360,
            "1089536" : 4255,
            "1105920" : 4214,
            "1122304" : 4010,
            "1138688" : 4082,
            "1155072" : 3841,
            "1171456" : 3938,
            "1187840" : 3599,
            "1204224" : 3737,
            "1220608" : 3640,
            "1236992" : 3601,
            "1253376" : 3526,
            "1269760" : 3618,
            "1286144" : 3639,
            "1302528" : 3626,
            "1318912" : 3557,
            "1335296" : 3592,
            "1351680" : 3624,
            "1368064" : 3740,
            "1384448" : 3684,
            "1400832" : 3750,
            "1417216" : 3797,
            "1433600" : 3704,
            "1449984" : 3883,
            "1466368" : 3955,
            "1482752" : 4201,
            "1499136" : 4516,
            "1515520" : 4883,
            "1531904" : 5147,
            "1548288" : 5544,
            "1564672" : 5951,
            "1581056" : 6095,
            "1597440" : 6170,
            "1613824" : 5948,
            "1630208" : 6026,
            "1646592" : 5796,
            "1662976" : 5713,
            "1679360" : 5415,
            "1695744" : 5055,
            "1712128" : 4924,
            "1728512" : 4756,
            "1744896" : 4436,
            "1761280" : 4306,
            "1777664" : 4352,
            "1794048" : 4035,
            "1810432" : 3830,
            "1826816" : 3804,