{
  "fio version" : "fio-3.1",
  "timestamp" : 1574271304,
  "timestamp_ms" : 1574271304632,
  "time" : "Wed Nov 20 17:35:04 2019",
  "global options" : {
    "directory" : "data/fio_write/beegfs-write-8-hvggk",
    "bs" : "4096",
    "fallocate" : "none",
    "runtime" : "30",
    "time_based" : "1",
    "ioengine" : "libaio",
    "iodepth" : "8",
    "direct" : "1",
    "buffered" : "0",
    "invalidate" : "1",
    "ramp_time" : "0",
    "thread" : "0",
    "group_reporting" : "1",
    "filesize" : "32g",
    "size" : "32g",
    "filename_format" : "$jobnum.dat"
  },
  "jobs" : [
    {
      "jobname" : "fio-job",
      "groupid" : 0,
      "error" : 0,
      "eta" : 0,
      "elapsed" : 31,
      "job options" : {
        "rw" : "write"
      },
      "read" : {
        "io_bytes" : 0,
        "io_kbytes" : 0,
        "bw" : 0,
        "iops" : 0.000000,
        "runtime" : 0,
        "total_ios" : 0,
        "short_ios" : 0,
        "drop_ios" : 0,
        "slat_ns" : {
          "min" : 0,
          "max" : 0,
          "mean" : 0.000000,
          "stddev" : 0.000000
        },
        "clat_ns" : {
          "min" : 0,
          "max" : 0,
          "mean" : 0.000000,
          "stddev" : 0.000000,
          "percentile" : {
            "1.000000" : 0,
            "5.000000" : 0,
            "10.000000" : 0,
            "20.000000" : 0,
            "30.000000" : 0,
            "40.000000" : 0,
            "50.000000" : 0,
            "60.000000" : 0,
            "70.000000" : 0,
            "80.000000" : 0,
            "90.000000" : 0,
            "95.000000" : 0,
            "99.000000" : 0,
            "99.500000" : 0,
            "99.900000" : 0,
            "99.950000" : 0,
            "99.990000" : 0,
            "0.00" : 0,
            "0.00" : 0,
            "0.00" : 0
          },
          "bins" : {

          }
        },
        "lat_ns" : {
          "min" : 0,
          "max" : 0,
          "mean" : 0.000000,
          "stddev" : 0.000000
        },
        "bw_min" : 0,
        "bw_max" : 0,
        "bw_agg" : 0.000000,
        "bw_mean" : 0.000000,
        "bw_dev" : 0.000000,
        "bw_samples" : 0,
        "iops_min" : 0,
        "iops_max" : 0,
        "iops_mean" : 0.000000,
        "iops_stddev" : 0.000000,
        "iops_samples" : 0
      },
      "write" : {
        "io_bytes" : 6226120704,
        "io_kbytes" : 6080196,
        "bw" : 202666,
        "iops" : 50666.611113,
        "runtime" : 30001,
        "total_ios" : 1520049,
        "short_ios" : 0,
        "drop_ios" : 0,
        "slat_ns" : {
          "min" : 18497,
          "max" : 7662777,
          "mean" : 73801.857397,
          "stddev" : 52888.696753
        },
        "clat_ns" : {
          "min" : 1848,
          "max" : 8302687,
          "mean" : 555194.856440,
          "stddev" : 162911.102752,
          "percentile" : {
            "1.000000" : 264192,
            "5.000000" : 309248,
            "10.000000" : 362496,
            "20.000000" : 436224,
            "30.000000" : 473088,
            "40.000000" : 505856,
            "50.000000" : 536576,
            "60.000000" : 569344,
            "70.000000" : 610304,
            "80.000000" : 659456,
            "90.000000" : 749568,
            "95.000000" : 847872,
            "99.000000" : 1044480,
            "99.500000" : 1122304,
            "99.900000" : 1302528,
            "99.950000" : 1433600,
            "99.990000" : 2670592,
            "0.00" : 0,
            "0.00" : 0,
            "0.00" : 0
          },
          "bins" : {
            "1848" : 1,
            "2064" : 1,
            "2256" : 1,
            "2416" : 1,
            "33024" : 1,
            "50432" : 1,
            "58624" : 1,
            "66048" : 1,
            "70144" : 1,
            "87552" : 1,
            "99840" : 1,
            "119296" : 1,
            "136192" : 1,
            "146432" : 1,
            "154624" : 1,
            "164864" : 1,
            "187392" : 2,
            "191488" : 1,
            "222208" : 2,
            "226304" : 7,
            "228352" : 7,
            "230400" : 13,
            "232448" : 29,
            "234496" : 30,
            "236544" : 31,
            "238592" : 50,
            "240640" : 93,
            "242688" : 103,
            "244736" : 146,
            "246784" : 202,
            "248832" : 293,
            "250880" : 422,
            "252928" : 716,
            "254976" : 1131,
            "257024" : 1897,
            "259072" : 2533,
            "261120" : 2810,
            "264192" : 5294,
            "268288" : 4506,
            "272384" : 4443,
            "276480" : 4860,
            "280576" : 5273,
            "284672" : 5763,
            "288768" : 6240,
            "292864" : 6419,
            "296960" : 6456,
            "301056" : 6202,
            "305152" : 6099,
            "309248" : 6173,
            "313344" : 6023,
            "317440" : 6023,
            "321536" : 5843,
            "325632" : 5896,
            "329728" : 5753,
            "333824" : 5564,
            "337920" : 5602,
            "342016" : 5561,
            "346112" : 5612,
            "350208" : 5690,
            "354304" : 5712,
            "358400" : 5510,
            "362496" : 5594,
            "366592" : 5828,
            "370688" : 6003,
            "374784" : 6010,
            "378880" : 6288,
            "382976" : 6557,
            "387072" : 6741,
            "391168" : 7290,
            "395264" : 7365,
            "399360" : 7838,
            "403456" : 8358,
            "407552" : 9064,
            "411648" : 9408,
            "415744" : 10174,
            "419840" : 10758,
            "423936" : 11567,
            "428032" : 12165,
            "432128" : 12784,
            "436224" : 13378,
            "440320" : 14298,
            "444416" : 14641,
            "448512" : 15530,
            "452608" : 16008,
            "456704" : 16903,
            "460800" : 17337,
            "464896" : 17821,
            "468992" : 17994,
            "473088" : 18558,
            "477184" : 18718,
            "481280" : 19611,
            "485376" : 19095,
            "489472" : 19092,
            "493568" : 19440,
            "497664" : 19549,
            "501760" : 19745,
            "505856" : 19293,
            "509952" : 19168,
            "514048" : 19375,
            "518144" : 19448,
            "522240" : 19377,
            "528384" : 37573,
            "536576" : 38003,
            "544768" : 37178,
            "552960" : 37641,
            "561152" : 36697,
            "569344" : 36628,
            "577536" : 35843,
            "585728" : 34547,
            "593920" : 33468,
            "602112" : 31494,
            "610304" : 30219,
            "618496" : 28255,
            "626688" : 26353,
            "634880" : 25221,
            "643072" : 23374,
            "651264" : 21774,
            "659456" : 20187,
            "667648" : 18360,
            "675840" : 17168,
            "684032" : 16366,
            "692224" : 14610,
            "700416" : 13605,
            "708608" : 12809,
            "716800" : 11730,
            "724992" : 10930,
            "733184" : 10274,
            "741376" : 9502,
            "749568" : 8995,
            "757760" : 8525,
            "765952" : 7874,
            "774144" : 7489,
            "782336" : 7068,
            "790528" : 6585,
            "798720" : 6197,
            "806912" : 5923,
            "815104" : 5661,
            "823296" : 5326,
            "831488" : 4917,
            "839680" : 4734,
            "847872" : 4580,
            "856064" : 4428,
            "864256" : 4227,
            "872448" : 3957,
            "880640" : 3717,
            "888832" : 3428,
            "897024" : 3454,
            "905216" : 3196,
            "913408" : 3031,
            "921600" : 2851,
            "929792" : 2757,
            "937984" : 2655,
            "946176" : 2409,
            "954368" : 2324,