{
  "fio version" : "fio-3.1",
  "timestamp" : 1574247798,
  "timestamp_ms" : 1574247798067,
  "time" : "Wed Nov 20 11:03:18 2019",
  "global options" : {
    "directory" : "data/fio_write/beegfs-write-64-rfmr4",
    "bs" : "16777216",
    "fallocate" : "none",
    "runtime" : "30",
    "time_based" : "1",
    "ioengine" : "libaio",
    "iodepth" : "8",
    "direct" : "1",
    "buffered" : "0",
    "invalidate" : "1",
    "ramp_time" : "0",
    "thread" : "0",
    "group_reporting" : "1",
    "filesize" : "32g",
    "size" : "32g",
    "filename_format" : "$jobnum.dat"
  },
  "jobs" : [
    {
      "jobname" : "fio-job",
      "groupid" : 0,
      "error" : 0,
      "eta" : 0,
      "elapsed" : 32,
      "job options" : {
        "rw" : "write"
      },
      "read" : {
        "io_bytes" : 0,
        "io_kbytes" : 0,
        "bw" : 0,
        "iops" : 0.000000,
        "runtime" : 0,
        "total_ios" : 0,
        "short_ios" : 0,
        "drop_ios" : 0,
        "slat_ns" : {
          "min" : 0,
          "max" : 0,
          "mean" : 0.000000,
          "stddev" : 0.000000
        },
        "clat_ns" : {
          "min" : 0,
          "max" : 0,
          "mean" : 0.000000,
          "stddev" : 0.000000,
          "percentile" : {
            "1.000000" : 0,
            "5.000000" : 0,
            "10.000000" : 0,
            "20.000000" : 0,
            "30.000000" : 0,
            "40.000000" : 0,
            "50.000000" : 0,
            "60.000000" : 0,
            "70.000000" : 0,
            "80.000000" : 0,
            "90.000000" : 0,
            "95.000000" : 0,
            "99.000000" : 0,
            "99.500000" : 0,
            "99.900000" : 0,
            "99.950000" : 0,
            "99.990000" : 0,
            "0.00" : 0,
            "0.00" : 0,
            "0.00" : 0
          },
          "bins" : {

          }
        },
        "lat_ns" : {
          "min" : 0,
          "max" : 0,
          "mean" : 0.000000,
          "stddev" : 0.000000
        },
        "bw_min" : 0,
        "bw_max" : 0,
        "bw_agg" : 0.000000,
        "bw_mean" : 0.000000,
        "bw_dev" : 0.000000,
        "bw_samples" : 0,
        "iops_min" : 0,
        "iops_max" : 0,
        "iops_mean" : 0.000000,
        "iops_stddev" : 0.000000,
        "iops_samples" : 0
      },
      "write" : {
        "io_bytes" : 2533359616,
        "io_kbytes" : 2473984,
        "bw" : 82159,
        "iops" : 5.014612,
        "runtime" : 30112,
        "total_ios" : 151,
        "short_ios" : 0,
        "drop_ios" : 0,
        "slat_ns" : {
          "min" : 234144300,
          "max" : 2437617380,
          "mean" : 797267936.476821,
          "stddev" : 366819729.717637
        },
        "clat_ns" : {
          "min" : 6445,
          "max" : 8419855461,
          "mean" : 5175392279.271523,
          "stddev" : 1848349517.437033,
          "percentile" : {
            "1.000000" : 6944,
            "5.000000" : 910163968,
            "10.000000" : 2634022912,
            "20.000000" : 4110417920,
            "30.000000" : 4529848320,
            "40.000000" : 5066719232,
            "50.000000" : 5536481280,
            "60.000000" : 5872025600,
            "70.000000" : 6207569920,
            "80.000000" : 6476005376,
            "90.000000" : 7214202880,
            "95.000000" : 7818182656,
            "99.000000" : 8287944704,
            "99.500000" : 8422162432,
            "99.900000" : 8422162432,
            "99.950000" : 8422162432,
            "99.990000" : 8422162432,
            "0.00" : 0,
            "0.00" : 0,
            "0.00" : 0
          },
          "bins" : {
            "6432" : 1,
            "6944" : 1,
            "7008" : 1,
            "8640" : 1,
            "522190848" : 1,
            "725614592" : 1,
            "759169024" : 1,
            "910163968" : 1,
            "1400897536" : 1,
            "1518338048" : 1,
            "1535115264" : 1,
            "1585446912" : 1,
            "1988100096" : 1,
            "2139095040" : 1,
            "2231369728" : 1,
            "2634022912" : 1,
            "2701131776" : 1,
            "2835349504" : 1,
            "3003121664" : 1,
            "3170893824" : 1,
            "3372220416" : 1,
            "3405774848" : 1,
            "3607101440" : 1,
            "3674210304" : 1,
            "3808428032" : 1,
            "3976200192" : 1,
            "4043309056" : 3,
            "4110417920" : 2,
            "4143972352" : 1,
            "4177526784" : 1,
            "4211081216" : 2,
            "4278190080" : 2,
            "4328521728" : 2,
            "4395630592" : 4,
            "4462739456" : 2,
            "4529848320" : 1,
            "4596957184" : 2,
            "4731174912" : 3,
            "4798283776" : 3,
            "4932501504" : 2,
            "4999610368" : 3,
            "5066719232" : 2,
            "5133828096" : 1,
            "5268045824" : 2,
            "5335154688" : 5,
            "5402263552" : 3,
            "5469372416" : 3,
            "5536481280" : 4,
            "5603590144" : 4,
            "5670699008" : 2,
            "5804916736" : 2,
            "5872025600" : 6,
            "5939134464" : 3,
            "6006243328" : 3,
            "6073352192" : 2,
            "6140461056" : 3,
            "6207569920" : 3,
            "6274678784" : 4,
            "6341787648" : 6,
            "6408896512" : 2,
            "6476005376" : 2,
            "6543114240" : 1,
            "6677331968" : 2,
            "6744440832" : 2,
            "6811549696" : 1,
            "6878658560" : 3,
            "6945767424" : 1,
            "7012876288" : 2,
            "7079985152" : 1,
            "7214202880" : 2,
            "7348420608" : 3,
            "7415529472" : 1,
            "7482638336" : 1,
            "7549747200" : 1,
            "7616856064" : 1,
            "7818182656" : 1,
            "7885291520" : 2,
            "8019509248" : 2,
            "8220835840" : 1,
            "8287944704" : 1,
            "8422162432" : 1
          }
        },
        "lat_ns" : {
          "min" : 522843258,
          "max" : 9741825918,
          "mean" : 5972662167.821192,
          "stddev" : 1925318379.678622
        },
        "bw_min" : 32702,
        "bw_max" : 66466,
        "bw_agg" : 40.838990,
        "bw_mean" : 33552.905983,
        "bw_dev" : 4304.158274,
        "bw_samples" : 117,
        "iops_min" : 1,
        "iops_max" : 4,
        "iops_mean" : 2.000000,
        "iops_stddev" : 0.321634,
        "iops_samples" : 117
      },
      "trim" : {
        "io_bytes" : 0,
        "io_kbytes" : 0,
        "bw" : 0,
        "iops" : 0.000000,
        "runtime" : 0,
        "total_ios" : 0,
        "short_ios" : 0,
        "drop_ios" : 0,
        "slat_ns" : {
          "min" : 0,
          "max" : 0,
          "mean" : 0.000000,
          "stddev" : 0.000000
        },
        "clat_ns" : {
          "min" : 0,
          "max" : 0,
          "mean" : 0.000000,
          "stddev" : 0.000000,
          "percentile" : {
            "1.000000" : 0,
            "5.000000" : 0,
            "10.000000" : 0,
            "20.000000" : 0,
            "30.000000" : 0,
            "40.000000" : 0,
            "50.000000" : 0,
            "60.000000" : 0,
            "70.000000" : 0,
            "80.000000" : 0,
            "90.000000" : 0,
            "95.000000" : 0,
            "99.000000" : 0,
            "99.500000" : 0,
            "99.900000" : 0,
            "99.950000" : 0,
            "99.990000" : 0,
            "0.00" : 0,
            "0.00" : 0,
            "0.00" : 0
          },
          "bins" : {

          }
        },
        "lat_ns" : {
          "min" : 0,
          "max" : 0,
          "mean" : 0.000000,
          "stddev" : 0.000000
        },
        "bw_min" : 0,
        "bw_max" : 0,
        "bw_agg" : 0.000000,
        "bw_mean" : 0.000000,
        "bw_dev" : 0.000000,
        "bw_samples" : 0,
        "iops_min" : 0,