{
  "fio version" : "fio-3.1",
  "timestamp" : 1556724924,
  "timestamp_ms" : 1556724924821,
  "time" : "Wed May  1 15:35:24 2019",
  "global options" : {
    "fallocate" : "none",
    "runtime" : "30",
    "directory" : "data/fio_write/beegfs-write-8-972s8",
    "bs" : "1048576",
    "time_based" : "1",
    "ioengine" : "libaio",
    "iodepth" : "8",
    "direct" : "1",
    "buffered" : "0",
    "thread" : "0",
    "group_reporting" : "1",
    "filesize" : "32g",
    "size" : "32g",
    "filename_format" : "$jobnum.dat"
  },
  "jobs" : [
    {
      "jobname" : "fio-job",
      "groupid" : 0,
      "error" : 0,
      "eta" : 0,
      "elapsed" : 31,
      "job options" : {
        "rw" : "write"
      },
      "read" : {
        "io_bytes" : 0,
        "io_kbytes" : 0,
        "bw" : 0,
        "iops" : 0.000000,
        "runtime" : 0,
        "total_ios" : 0,
        "short_ios" : 0,
        "drop_ios" : 0,
        "slat_ns" : {
          "min" : 0,
          "max" : 0,
          "mean" : 0.000000,
          "stddev" : 0.000000
        },
        "clat_ns" : {
          "min" : 0,
          "max" : 0,
          "mean" : 0.000000,
          "stddev" : 0.000000,
          "percentile" : {
            "1.000000" : 0,
            "5.000000" : 0,
            "10.000000" : 0,
            "20.000000" : 0,
            "30.000000" : 0,
            "40.000000" : 0,
            "50.000000" : 0,
            "60.000000" : 0,
            "70.000000" : 0,
            "80.000000" : 0,
            "90.000000" : 0,
            "95.000000" : 0,
            "99.000000" : 0,
            "99.500000" : 0,
            "99.900000" : 0,
            "99.950000" : 0,
            "99.990000" : 0,
            "0.00" : 0,
            "0.00" : 0,
            "0.00" : 0
          },
          "bins" : {

          }
        },
        "lat_ns" : {
          "min" : 0,
          "max" : 0,
          "mean" : 0.000000,
          "stddev" : 0.000000
        },
        "bw_min" : 0,
        "bw_max" : 0,
        "bw_agg" : 0.000000,
        "bw_mean" : 0.000000,
        "bw_dev" : 0.000000,
        "bw_samples" : 0,
        "iops_min" : 0,
        "iops_max" : 0,
        "iops_mean" : 0.000000,
        "iops_stddev" : 0.000000,
        "iops_samples" : 0
      },
      "write" : {
        "io_bytes" : 15794700288,
        "io_kbytes" : 15424512,
        "bw" : 513688,
        "iops" : 501.648516,
        "runtime" : 30027,
        "total_ios" : 15063,
        "short_ios" : 0,
        "drop_ios" : 0,
        "slat_ns" : {
          "min" : 596360,
          "max" : 39691683,
          "mean" : 7967496.186550,
          "stddev" : 6950002.648214
        },
        "clat_ns" : {
          "min" : 3782,
          "max" : 111735516,
          "mean" : 55783563.987652,
          "stddev" : 15494998.293615,
          "percentile" : {
            "1.000000" : 23461888,
            "5.000000" : 29753344,
            "10.000000" : 34865152,
            "20.000000" : 42205184,
            "30.000000" : 46923776,
            "40.000000" : 51118080,
            "50.000000" : 55836672,
            "60.000000" : 60030976,
            "70.000000" : 64749568,
            "80.000000" : 69730304,
            "90.000000" : 76021760,
            "95.000000" : 81264640,
            "99.000000" : 88604672,
            "99.500000" : 91750400,
            "99.900000" : 103284736,
            "99.950000" : 105381888,
            "99.990000" : 110624768,
            "0.00" : 0,
            "0.00" : 0,
            "0.00" : 0
          },
          "bins" : {
            "3792" : 1,
            "4768" : 1,
            "5216" : 1,
            "5344" : 1,
            "6258688" : 1,
            "12779520" : 1,
            "14221312" : 1,
            "14614528" : 1,
            "14876672" : 1,
            "15138816" : 1,
            "15400960" : 1,
            "15663104" : 1,
            "15794176" : 2,
            "15925248" : 1,
            "16056320" : 4,
            "16187392" : 1,
            "16318464" : 1,
            "16449536" : 1,
            "16580608" : 2,
            "16711680" : 2,
            "16908288" : 4,
            "17170432" : 2,
            "17432576" : 2,
            "17694720" : 5,
            "17956864" : 3,
            "18219008" : 3,
            "18481152" : 3,
            "18743296" : 5,
            "19005440" : 3,
            "19267584" : 1,
            "19529728" : 3,
            "19791872" : 7,
            "20054016" : 2,
            "20316160" : 3,
            "20578304" : 3,
            "20840448" : 5,
            "21102592" : 5,
            "21364736" : 6,
            "21626880" : 8,
            "21889024" : 4,
            "22151168" : 7,
            "22413312" : 8,
            "22675456" : 10,
            "22937600" : 8,
            "23199744" : 4,
            "23461888" : 13,
            "23724032" : 11,
            "23986176" : 12,
            "24248320" : 8,
            "24510464" : 6,
            "24772608" : 23,
            "25034752" : 24,
            "25296896" : 15,
            "25559040" : 17,
            "25821184" : 19,
            "26083328" : 24,
            "26345472" : 26,
            "26607616" : 27,
            "26869760" : 17,
            "27131904" : 32,
            "27394048" : 23,
            "27656192" : 36,
            "27918336" : 29,
            "28180480" : 38,
            "28442624" : 26,
            "28704768" : 45,
            "28966912" : 38,
            "29229056" : 37,
            "29491200" : 41,
            "29753344" : 39,
            "30015488" : 36,
            "30277632" : 18,
            "30539776" : 37,
            "30801920" : 41,
            "31064064" : 41,
            "31326208" : 45,
            "31588352" : 39,
            "31850496" : 37,
            "32112640" : 32,
            "32374784" : 34,
            "32636928" : 41,
            "32899072" : 35,
            "33161216" : 41,
            "33423360" : 43,
            "33816576" : 86,
            "34340864" : 87,
            "34865152" : 83,
            "35389440" : 93,
            "35913728" : 86,
            "36438016" : 85,
            "36962304" : 100,
            "37486592" : 88,
            "38010880" : 78,
            "38535168" : 106,
            "39059456" : 102,
            "39583744" : 126,
            "40108032" : 132,
            "40632320" : 126,
            "41156608" : 138,
            "41680896" : 143,
            "42205184" : 162,
            "42729472" : 138,
            "43253760" : 181,
            "43778048" : 159,
            "44302336" : 180,
            "44826624" : 182,
            "45350912" : 177,
            "45875200" : 166,
            "46399488" : 186,
            "46923776" : 188,
            "47448064" : 177,
            "47972352" : 173,
            "48496640" : 188,
            "49020928" : 157,
            "49545216" : 154,
            "50069504" : 191,
            "50593792" : 166,
            "51118080" : 167,
            "51642368" : 179,
            "52166656" : 170,
            "52690944" : 166,
            "53215232" : 169,
            "53739520" : 177,
            "54263808" : 191,
            "54788096" : 180,
            "55312384" : 174,
            "55836672" : 171,
            "56360960" : 182,
            "56885248" : 182,
            "57409536" : 194,
            "57933824" : 192,
            "58458112" : 187,
            "58982400" : 189,
            "59506688" : 172,
            "60030976" : 176,
            "60555264" : 178,
            "61079552" : 164,
            "61603840" : 180,
            "62128128" : 166,
            "62652416" : 164,
            "63176704" : 180,
            "63700992" : 178,
            "64225280" : 165,
            "64749568" : 182,
            "65273856" : 148,
            "65798144" : 162,
            "66322432" : 193,
            "66846720" : 155,
            "67633152" : 295,
            "68681728" : 271,
            "69730304" : 294,
            "70778880" : 287,
            "71827456" : 250,