{
  "fio version" : "fio-3.1",
  "timestamp" : 1555517865,
  "timestamp_ms" : 1555517865274,
  "time" : "Wed Apr 17 16:17:45 2019",
  "global options" : {
    "fallocate" : "none",
    "runtime" : "30",
    "directory" : "/data/fio_write/beegfs-write-64-4vpcp",
    "bs" : "16777216",
    "time_based" : "1",
    "ioengine" : "libaio",
    "iodepth" : "8",
    "direct" : "1",
    "buffered" : "0",
    "thread" : "0",
    "group_reporting" : "1",
    "filesize" : "32g",
    "size" : "32g",
    "filename_format" : "$jobnum.dat"
  },
  "jobs" : [
    {
      "jobname" : "fio-job",
      "groupid" : 0,
      "error" : 0,
      "eta" : 0,
      "elapsed" : 32,
      "job options" : {
        "rw" : "write"
      },
      "read" : {
        "io_bytes" : 0,
        "io_kbytes" : 0,
        "bw" : 0,
        "iops" : 0.000000,
        "runtime" : 0,
        "total_ios" : 0,
        "short_ios" : 0,
        "drop_ios" : 0,
        "slat_ns" : {
          "min" : 0,
          "max" : 0,
          "mean" : 0.000000,
          "stddev" : 0.000000
        },
        "clat_ns" : {
          "min" : 0,
          "max" : 0,
          "mean" : 0.000000,
          "stddev" : 0.000000,
          "percentile" : {
            "1.000000" : 0,
            "5.000000" : 0,
            "10.000000" : 0,
            "20.000000" : 0,
            "30.000000" : 0,
            "40.000000" : 0,
            "50.000000" : 0,
            "60.000000" : 0,
            "70.000000" : 0,
            "80.000000" : 0,
            "90.000000" : 0,
            "95.000000" : 0,
            "99.000000" : 0,
            "99.500000" : 0,
            "99.900000" : 0,
            "99.950000" : 0,
            "99.990000" : 0,
            "0.00" : 0,
            "0.00" : 0,
            "0.00" : 0
          },
          "bins" : {

          }
        },
        "lat_ns" : {
          "min" : 0,
          "max" : 0,
          "mean" : 0.000000,
          "stddev" : 0.000000
        },
        "bw_min" : 0,
        "bw_max" : 0,
        "bw_agg" : 0.000000,
        "bw_mean" : 0.000000,
        "bw_dev" : 0.000000,
        "bw_samples" : 0,
        "iops_min" : 0,
        "iops_max" : 0,
        "iops_mean" : 0.000000,
        "iops_stddev" : 0.000000,
        "iops_samples" : 0
      },
      "write" : {
        "io_bytes" : 2466250752,
        "io_kbytes" : 2408448,
        "bw" : 79272,
        "iops" : 4.838391,
        "runtime" : 30382,
        "total_ios" : 147,
        "short_ios" : 0,
        "drop_ios" : 0,
        "slat_ns" : {
          "min" : 349263445,
          "max" : 1583334357,
          "mean" : 821331171.612245,
          "stddev" : 149013487.917031
        },
        "clat_ns" : {
          "min" : 11280,
          "max" : 7079724190,
          "mean" : 5158008436.551022,
          "stddev" : 1409501973.492134,
          "percentile" : {
            "1.000000" : 12096,
            "5.000000" : 1333788672,
            "10.000000" : 3204448256,
            "20.000000" : 5133828096,
            "30.000000" : 5335154688,
            "40.000000" : 5469372416,
            "50.000000" : 5536481280,
            "60.000000" : 5603590144,
            "70.000000" : 5737807872,
            "80.000000" : 5939134464,
            "90.000000" : 6207569920,
            "95.000000" : 6274678784,
            "99.000000" : 6744440832,
            "99.500000" : 7079985152,
            "99.900000" : 7079985152,
            "99.950000" : 7079985152,
            "99.990000" : 7079985152,
            "0.00" : 0,
            "0.00" : 0,
            "0.00" : 0
          },
          "bins" : {
            "11328" : 1,
            "12096" : 1,
            "14144" : 1,
            "14272" : 1,
            "583008256" : 1,
            "926941184" : 1,
            "1098907648" : 1,
            "1333788672" : 1,
            "1585446912" : 1,
            "2298478592" : 1,
            "2332033024" : 1,
            "2432696320" : 1,
            "2768240640" : 1,
            "3170893824" : 1,
            "3204448256" : 2,
            "3506438144" : 1,
            "3841982464" : 1,
            "3942645760" : 1,
            "3976200192" : 1,
            "4244635648" : 1,
            "4664066048" : 1,
            "4731174912" : 1,
            "4798283776" : 1,
            "4999610368" : 3,
            "5066719232" : 2,
            "5133828096" : 4,
            "5200936960" : 2,
            "5268045824" : 5,
            "5335154688" : 5,
            "5402263552" : 10,
            "5469372416" : 10,
            "5536481280" : 14,
            "5603590144" : 10,
            "5670699008" : 6,
            "5737807872" : 9,
            "5804916736" : 6,
            "5872025600" : 6,
            "5939134464" : 3,
            "6006243328" : 4,
            "6073352192" : 3,
            "6140461056" : 5,
            "6207569920" : 6,
            "6274678784" : 5,
            "6341787648" : 2,
            "6408896512" : 1,
            "6744440832" : 1,
            "7079985152" : 1
          }
        },
        "lat_ns" : {
          "min" : 580804434,
          "max" : 7701364111,
          "mean" : 5979350143.074830,
          "stddev" : 1364593632.125017
        },
        "bw_min" : 32443,
        "bw_max" : 33368,
        "bw_agg" : 41.509278,
        "bw_mean" : 32905.234783,
        "bw_dev" : 250.486696,
        "bw_samples" : 115,
        "iops_min" : 1,
        "iops_max" : 2,
        "iops_mean" : 1.869565,
        "iops_stddev" : 0.338255,
        "iops_samples" : 115
      },
      "trim" : {
        "io_bytes" : 0,
        "io_kbytes" : 0,
        "bw" : 0,
        "iops" : 0.000000,
        "runtime" : 0,
        "total_ios" : 0,
        "short_ios" : 0,
        "drop_ios" : 0,
        "slat_ns" : {
          "min" : 0,
          "max" : 0,
          "mean" : 0.000000,
          "stddev" : 0.000000
        },
        "clat_ns" : {
          "min" : 0,
          "max" : 0,
          "mean" : 0.000000,
          "stddev" : 0.000000,
          "percentile" : {
            "1.000000" : 0,
            "5.000000" : 0,
            "10.000000" : 0,
            "20.000000" : 0,
            "30.000000" : 0,
            "40.000000" : 0,
            "50.000000" : 0,
            "60.000000" : 0,
            "70.000000" : 0,
            "80.000000" : 0,
            "90.000000" : 0,
            "95.000000" : 0,
            "99.000000" : 0,
            "99.500000" : 0,
            "99.900000" : 0,
            "99.950000" : 0,
            "99.990000" : 0,
            "0.00" : 0,
            "0.00" : 0,
            "0.00" : 0
          },
          "bins" : {

          }
        },
        "lat_ns" : {
          "min" : 0,
          "max" : 0,
          "mean" : 0.000000,
          "stddev" : 0.000000
        },
        "bw_min" : 0,
        "bw_max" : 0,
        "bw_agg" : 0.000000,
        "bw_mean" : 0.000000,
        "bw_dev" : 0.000000,
        "bw_samples" : 0,
        "iops_min" : 0,
        "iops_max" : 0,
        "iops_mean" : 0.000000,
        "iops_stddev" : 0.000000,
        "iops_samples" : 0
      },
      "usr_cpu" : 0.288998,
      "sys_cpu" : 1.950325,
      "ctx" : 303002,
      "majf" : 0,
      "minf" : 41,
      "iodepth_level" : {
        "1" : 2.721088,
        "2" : 5.442177,
        "4" : 10.884354,
        "8" : 80.952381,
        "16" : 0.000000,
        "32" : 0.000000,
        ">=64" : 0.000000
      },
      "latency_ns" : {
        "2" : 0.000000,
        "4" : 0.000000,
        "10" : 0.000000,
        "20" : 0.000000,
        "50" : 0.000000,
        "100" : 0.000000,
        "250" : 0.000000,
        "500" : 0.000000,
        "750" : 0.000000,
        "1000" : 0.000000
      },
      "latency_us" : {
        "2" : 0.000000,
        "4" : 0.000000,
        "10" : 0.000000,
        "20" : 2.721088,
        "50" : 0.000000,
        "100" : 0.000000,
        "250" : 0.000000,
        "500" : 0.000000,
        "750" : 0.000000,
        "1000" : 0.000000
      },