{
  "fio version" : "fio-3.1",
  "timestamp" : 1556020584,
  "timestamp_ms" : 1556020584156,
  "time" : "Tue Apr 23 12:56:24 2019",
  "global options" : {
    "fallocate" : "none",
    "runtime" : "30",
    "directory" : "/data/fio_write/beegfs-randwrite-64-client-26896-53",
    "bs" : "262144",
    "time_based" : "1",
    "ioengine" : "libaio",
    "iodepth" : "8",
    "direct" : "1",
    "buffered" : "0",
    "thread" : "0",
    "group_reporting" : "1",
    "filesize" : "32g",
    "size" : "32g",
    "filename_format" : "$jobnum.dat"
  },
  "jobs" : [
    {
      "jobname" : "fio-job",
      "groupid" : 0,
      "error" : 0,
      "eta" : 0,
      "elapsed" : 31,
      "job options" : {
        "rw" : "randwrite"
      },
      "read" : {
        "io_bytes" : 0,
        "io_kbytes" : 0,
        "bw" : 0,
        "iops" : 0.000000,
        "runtime" : 0,
        "total_ios" : 0,
        "short_ios" : 0,
        "drop_ios" : 0,
        "slat_ns" : {
          "min" : 0,
          "max" : 0,
          "mean" : 0.000000,
          "stddev" : 0.000000
        },
        "clat_ns" : {
          "min" : 0,
          "max" : 0,
          "mean" : 0.000000,
          "stddev" : 0.000000,
          "percentile" : {
            "1.000000" : 0,
            "5.000000" : 0,
            "10.000000" : 0,
            "20.000000" : 0,
            "30.000000" : 0,
            "40.000000" : 0,
            "50.000000" : 0,
            "60.000000" : 0,
            "70.000000" : 0,
            "80.000000" : 0,
            "90.000000" : 0,
            "95.000000" : 0,
            "99.000000" : 0,
            "99.500000" : 0,
            "99.900000" : 0,
            "99.950000" : 0,
            "99.990000" : 0,
            "0.00" : 0,
            "0.00" : 0,
            "0.00" : 0
          },
          "bins" : {

          }
        },
        "lat_ns" : {
          "min" : 0,
          "max" : 0,
          "mean" : 0.000000,
          "stddev" : 0.000000
        },
        "bw_min" : 0,
        "bw_max" : 0,
        "bw_agg" : 0.000000,
        "bw_mean" : 0.000000,
        "bw_dev" : 0.000000,
        "bw_samples" : 0,
        "iops_min" : 0,
        "iops_max" : 0,
        "iops_mean" : 0.000000,
        "iops_stddev" : 0.000000,
        "iops_samples" : 0
      },
      "write" : {
        "io_bytes" : 341049344,
        "io_kbytes" : 333056,
        "bw" : 11061,
        "iops" : 43.208236,
        "runtime" : 30110,
        "total_ios" : 1301,
        "short_ios" : 0,
        "drop_ios" : 0,
        "slat_ns" : {
          "min" : 21275,
          "max" : 1970782128,
          "mean" : 86484903.462721,
          "stddev" : 213201658.522494
        },
        "clat_ns" : {
          "min" : 3119431,
          "max" : 4078190282,
          "mean" : 635726400.913912,
          "stddev" : 463159716.449805,
          "percentile" : {
            "1.000000" : 23724032,
            "5.000000" : 43253760,
            "10.000000" : 72876032,
            "20.000000" : 316669952,
            "30.000000" : 392167424,
            "40.000000" : 459276288,
            "50.000000" : 566231040,
            "60.000000" : 608174080,
            "70.000000" : 759169024,
            "80.000000" : 926941184,
            "90.000000" : 1149239296,
            "95.000000" : 1535115264,
            "99.000000" : 2231369728,
            "99.500000" : 2667577344,
            "99.900000" : 2868903936,
            "99.950000" : 4076863488,
            "99.990000" : 4076863488,
            "0.00" : 0,
            "0.00" : 0,
            "0.00" : 0
          },
          "bins" : {
            "3129344" : 1,
            "8290304" : 1,
            "8716288" : 1,
            "11862016" : 1,
            "14483456" : 1,
            "15138816" : 1,
            "16908288" : 1,
            "17694720" : 1,
            "22937600" : 1,
            "23199744" : 1,
            "23461888" : 1,
            "23724032" : 3,
            "23986176" : 1,
            "24510464" : 1,
            "24772608" : 1,
            "25296896" : 1,
            "25559040" : 1,
            "26607616" : 1,
            "26869760" : 1,
            "27131904" : 2,
            "27394048" : 1,
            "28180480" : 1,
            "28966912" : 3,
            "29229056" : 1,
            "29491200" : 1,
            "30277632" : 1,
            "30539776" : 1,
            "31326208" : 1,
            "31850496" : 1,
            "32636928" : 1,
            "32899072" : 1,
            "33161216" : 2,
            "33423360" : 1,
            "33816576" : 3,
            "35389440" : 1,
            "35913728" : 2,
            "36438016" : 2,
            "37486592" : 2,
            "38010880" : 1,
            "38535168" : 3,
            "39583744" : 3,
            "40632320" : 2,
            "41156608" : 1,
            "41680896" : 3,
            "42205184" : 2,
            "42729472" : 1,
            "43253760" : 2,
            "44302336" : 3,
            "45350912" : 2,
            "45875200" : 1,
            "46399488" : 1,
            "47448064" : 1,
            "48496640" : 1,
            "49020928" : 2,
            "49545216" : 1,
            "50069504" : 1,
            "51118080" : 2,
            "51642368" : 2,
            "52166656" : 1,
            "52690944" : 6,
            "53215232" : 1,
            "53739520" : 5,
            "54263808" : 2,
            "55312384" : 2,
            "56360960" : 2,
            "56885248" : 2,
            "57409536" : 1,
            "57933824" : 1,
            "58982400" : 2,
            "59506688" : 1,
            "60030976" : 2,
            "61079552" : 3,
            "61603840" : 1,
            "62128128" : 1,
            "62652416" : 2,
            "64225280" : 2,
            "64749568" : 3,
            "65273856" : 1,
            "66322432" : 1,
            "66846720" : 1,
            "67633152" : 1,
            "70778880" : 1,
            "71827456" : 1,
            "72876032" : 2,
            "76021760" : 1,
            "77070336" : 2,
            "78118912" : 1,
            "79167488" : 4,
            "83361792" : 2,
            "84410368" : 1,
            "87556096" : 1,
            "94896128" : 1,
            "109576192" : 1,
            "117964800" : 1,
            "122159104" : 1,
            "123207680" : 6,
            "127401984" : 1,
            "130547712" : 1,
            "132644864" : 1,
            "141557760" : 2,
            "145752064" : 1,
            "154140672" : 1,
            "156237824" : 1,
            "162529280" : 1,
            "173015040" : 1,
            "177209344" : 5,
            "179306496" : 3,
            "185597952" : 1,
            "189792256" : 2,
            "191889408" : 3,
            "193986560" : 1,
            "200278016" : 1,
            "204472320" : 4,
            "206569472" : 2,
            "210763776" : 1,
            "219152384" : 1,
            "223346688" : 6,
            "225443840" : 1,
            "227540992" : 2,
            "229638144" : 1,
            "231735296" : 1,
            "235929600" : 1,
            "240123904" : 1,
            "242221056" : 1,
            "246415360" : 2,
            "248512512" : 1,
            "250609664" : 2,
            "254803968" : 1,
            "256901120" : 1,
            "261095424" : 1,
            "265289728" : 1,
            "270532608" : 8,
            "274726912" : 2,
            "278921216" : 1,
            "283115520" : 1,
            "287309824" : 4,
            "291504128" : 13,
            "295698432" : 7,
            "299892736" : 2,
            "304087040" : 1,
            "308281344" : 8,
            "312475648" : 2,
            "316669952" : 2,
            "320864256" : 6,
            "325058560" : 4,
            "329252864" : 10,
            "333447168" : 4,
            "337641472" : 5,
            "341835776" : 18,
            "346030080" : 2,
            "350224384" : 6,
            "354418688" : 1,
            "358612992" : 11,
            "362807296" : 2,