{
  "fio version" : "fio-3.1",
  "timestamp" : 1556021637,
  "timestamp_ms" : 1556021637380,
  "time" : "Tue Apr 23 13:13:57 2019",
  "global options" : {
    "fallocate" : "none",
    "runtime" : "30",
    "directory" : "/data/fio_write/beegfs-write-64-client-90087-14",
    "bs" : "262144",
    "time_based" : "1",
    "ioengine" : "libaio",
    "iodepth" : "8",
    "direct" : "1",
    "buffered" : "0",
    "thread" : "0",
    "group_reporting" : "1",
    "filesize" : "32g",
    "size" : "32g",
    "filename_format" : "$jobnum.dat"
  },
  "jobs" : [
    {
      "jobname" : "fio-job",
      "groupid" : 0,
      "error" : 0,
      "eta" : 0,
      "elapsed" : 31,
      "job options" : {
        "rw" : "write"
      },
      "read" : {
        "io_bytes" : 0,
        "io_kbytes" : 0,
        "bw" : 0,
        "iops" : 0.000000,
        "runtime" : 0,
        "total_ios" : 0,
        "short_ios" : 0,
        "drop_ios" : 0,
        "slat_ns" : {
          "min" : 0,
          "max" : 0,
          "mean" : 0.000000,
          "stddev" : 0.000000
        },
        "clat_ns" : {
          "min" : 0,
          "max" : 0,
          "mean" : 0.000000,
          "stddev" : 0.000000,
          "percentile" : {
            "1.000000" : 0,
            "5.000000" : 0,
            "10.000000" : 0,
            "20.000000" : 0,
            "30.000000" : 0,
            "40.000000" : 0,
            "50.000000" : 0,
            "60.000000" : 0,
            "70.000000" : 0,
            "80.000000" : 0,
            "90.000000" : 0,
            "95.000000" : 0,
            "99.000000" : 0,
            "99.500000" : 0,
            "99.900000" : 0,
            "99.950000" : 0,
            "99.990000" : 0,
            "0.00" : 0,
            "0.00" : 0,
            "0.00" : 0
          },
          "bins" : {

          }
        },
        "lat_ns" : {
          "min" : 0,
          "max" : 0,
          "mean" : 0.000000,
          "stddev" : 0.000000
        },
        "bw_min" : 0,
        "bw_max" : 0,
        "bw_agg" : 0.000000,
        "bw_mean" : 0.000000,
        "bw_dev" : 0.000000,
        "bw_samples" : 0,
        "iops_min" : 0,
        "iops_max" : 0,
        "iops_mean" : 0.000000,
        "iops_stddev" : 0.000000,
        "iops_samples" : 0
      },
      "write" : {
        "io_bytes" : 344195072,
        "io_kbytes" : 336128,
        "bw" : 11200,
        "iops" : 43.750625,
        "runtime" : 30011,
        "total_ios" : 1313,
        "short_ios" : 0,
        "drop_ios" : 0,
        "slat_ns" : {
          "min" : 8458089,
          "max" : 267672364,
          "mean" : 91412886.427266,
          "stddev" : 19761717.434838
        },
        "clat_ns" : {
          "min" : 4648,
          "max" : 1037410581,
          "mean" : 633395319.629093,
          "stddev" : 109596132.226929,
          "percentile" : {
            "1.000000" : 183500800,
            "5.000000" : 522190848,
            "10.000000" : 557842432,
            "20.000000" : 583008256,
            "30.000000" : 591396864,
            "40.000000" : 599785472,
            "50.000000" : 608174080,
            "60.000000" : 624951296,
            "70.000000" : 658505728,
            "80.000000" : 708837376,
            "90.000000" : 792723456,
            "95.000000" : 826277888,
            "99.000000" : 859832320,
            "99.500000" : 868220928,
            "99.900000" : 960495616,
            "99.950000" : 1035993088,
            "99.990000" : 1035993088,
            "0.00" : 0,
            "0.00" : 0,
            "0.00" : 0
          },
          "bins" : {
            "4640" : 1,
            "5088" : 1,
            "5216" : 1,
            "5600" : 1,
            "31588352" : 1,
            "60030976" : 1,
            "61079552" : 1,
            "69730304" : 1,
            "88604672" : 1,
            "119013376" : 1,
            "122159104" : 1,
            "131596288" : 1,
            "152043520" : 1,
            "183500800" : 1,
            "185597952" : 1,
            "198180864" : 1,
            "219152384" : 1,
            "254803968" : 1,
            "256901120" : 1,
            "267386880" : 1,
            "299892736" : 1,
            "337641472" : 2,
            "350224384" : 1,
            "375390208" : 1,
            "413138944" : 2,
            "425721856" : 1,
            "455081984" : 2,
            "484442112" : 3,
            "492830720" : 2,
            "497025024" : 2,
            "501219328" : 4,
            "505413632" : 12,
            "509607936" : 2,
            "513802240" : 3,
            "517996544" : 4,
            "522190848" : 4,
            "526385152" : 2,
            "530579456" : 4,
            "534773760" : 2,
            "541065216" : 10,
            "549453824" : 38,
            "557842432" : 18,
            "566231040" : 28,
            "574619648" : 52,
            "583008256" : 133,
            "591396864" : 123,
            "599785472" : 125,
            "608174080" : 106,
            "616562688" : 58,
            "624951296" : 46,
            "633339904" : 40,
            "641728512" : 30,
            "650117120" : 28,
            "658505728" : 32,
            "666894336" : 15,
            "675282944" : 19,
            "683671552" : 26,
            "692060160" : 27,
            "700448768" : 16,
            "708837376" : 13,
            "717225984" : 18,
            "725614592" : 18,
            "734003200" : 8,
            "742391808" : 5,
            "750780416" : 18,
            "759169024" : 10,
            "767557632" : 13,
            "775946240" : 12,
            "784334848" : 10,
            "792723456" : 13,
            "801112064" : 21,
            "809500672" : 13,
            "817889280" : 20,
            "826277888" : 24,
            "834666496" : 15,
            "843055104" : 8,
            "851443712" : 14,
            "859832320" : 7,
            "868220928" : 6,
            "943718400" : 1,
            "960495616" : 1,
            "1035993088" : 1
          }
        },
        "lat_ns" : {
          "min" : 31652868,
          "max" : 1120252639,
          "mean" : 724808744.766946,
          "stddev" : 118742757.902814
        },
        "bw_min" : 1536,
        "bw_max" : 3591,
        "bw_agg" : 24.818251,
        "bw_mean" : 2779.644068,
        "bw_dev" : 476.944923,
        "bw_samples" : 236,
        "iops_min" : 6,
        "iops_max" : 14,
        "iops_mean" : 10.855932,
        "iops_stddev" : 1.862396,
        "iops_samples" : 236
      },
      "trim" : {
        "io_bytes" : 0,
        "io_kbytes" : 0,
        "bw" : 0,
        "iops" : 0.000000,
        "runtime" : 0,
        "total_ios" : 0,
        "short_ios" : 0,
        "drop_ios" : 0,
        "slat_ns" : {
          "min" : 0,
          "max" : 0,
          "mean" : 0.000000,
          "stddev" : 0.000000
        },
        "clat_ns" : {
          "min" : 0,
          "max" : 0,
          "mean" : 0.000000,
          "stddev" : 0.000000,
          "percentile" : {
            "1.000000" : 0,
            "5.000000" : 0,
            "10.000000" : 0,
            "20.000000" : 0,
            "30.000000" : 0,
            "40.000000" : 0,
            "50.000000" : 0,
            "60.000000" : 0,
            "70.000000" : 0,
            "80.000000" : 0,
            "90.000000" : 0,
            "95.000000" : 0,
            "99.000000" : 0,
            "99.500000" : 0,
            "99.900000" : 0,
            "99.950000" : 0,
            "99.990000" : 0,
            "0.00" : 0,
            "0.00" : 0,
            "0.00" : 0
          },
          "bins" : {

          }
        },
        "lat_ns" : {
          "min" : 0,
          "max" : 0,
          "mean" : 0.000000,
          "stddev" : 0.000000
        },
        "bw_min" : 0,
        "bw_max" : 0,
        "bw_agg" : 0.000000,
        "bw_mean" : 0.000000,
        "bw_dev" : 0.000000,
        "bw_samples" : 0,
        "iops_min" : 0,
        "iops_max" : 0,
        "iops_mean" : 0.000000,