{
  "fio version" : "fio-3.1",
  "timestamp" : 1574247294,
  "timestamp_ms" : 1574247294902,
  "time" : "Wed Nov 20 10:54:54 2019",
  "global options" : {
    "directory" : "data/fio_write/beegfs-write-64-w282c",
    "bs" : "1024",
    "fallocate" : "none",
    "runtime" : "30",
    "time_based" : "1",
    "ioengine" : "libaio",
    "iodepth" : "8",
    "direct" : "1",
    "buffered" : "0",
    "invalidate" : "1",
    "ramp_time" : "0",
    "thread" : "0",
    "group_reporting" : "1",
    "filesize" : "32g",
    "size" : "32g",
    "filename_format" : "$jobnum.dat"
  },
  "jobs" : [
    {
      "jobname" : "fio-job",
      "groupid" : 0,
      "error" : 0,
      "eta" : 0,
      "elapsed" : 31,
      "job options" : {
        "rw" : "write"
      },
      "read" : {
        "io_bytes" : 0,
        "io_kbytes" : 0,
        "bw" : 0,
        "iops" : 0.000000,
        "runtime" : 0,
        "total_ios" : 0,
        "short_ios" : 0,
        "drop_ios" : 0,
        "slat_ns" : {
          "min" : 0,
          "max" : 0,
          "mean" : 0.000000,
          "stddev" : 0.000000
        },
        "clat_ns" : {
          "min" : 0,
          "max" : 0,
          "mean" : 0.000000,
          "stddev" : 0.000000,
          "percentile" : {
            "1.000000" : 0,
            "5.000000" : 0,
            "10.000000" : 0,
            "20.000000" : 0,
            "30.000000" : 0,
            "40.000000" : 0,
            "50.000000" : 0,
            "60.000000" : 0,
            "70.000000" : 0,
            "80.000000" : 0,
            "90.000000" : 0,
            "95.000000" : 0,
            "99.000000" : 0,
            "99.500000" : 0,
            "99.900000" : 0,
            "99.950000" : 0,
            "99.990000" : 0,
            "0.00" : 0,
            "0.00" : 0,
            "0.00" : 0
          },
          "bins" : {

          }
        },
        "lat_ns" : {
          "min" : 0,
          "max" : 0,
          "mean" : 0.000000,
          "stddev" : 0.000000
        },
        "bw_min" : 0,
        "bw_max" : 0,
        "bw_agg" : 0.000000,
        "bw_mean" : 0.000000,
        "bw_dev" : 0.000000,
        "bw_samples" : 0,
        "iops_min" : 0,
        "iops_max" : 0,
        "iops_mean" : 0.000000,
        "iops_stddev" : 0.000000,
        "iops_samples" : 0
      },
      "write" : {
        "io_bytes" : 810157056,
        "io_kbytes" : 791169,
        "bw" : 26371,
        "iops" : 26371.420953,
        "runtime" : 30001,
        "total_ios" : 791169,
        "short_ios" : 0,
        "drop_ios" : 0,
        "slat_ns" : {
          "min" : 24503,
          "max" : 10837658,
          "mean" : 145846.358042,
          "stddev" : 93530.788487
        },
        "clat_ns" : {
          "min" : 2445,
          "max" : 11688910,
          "mean" : 1064262.129875,
          "stddev" : 287553.633706,
          "percentile" : {
            "1.000000" : 585728,
            "5.000000" : 692224,
            "10.000000" : 757760,
            "20.000000" : 839680,
            "30.000000" : 905216,
            "40.000000" : 962560,
            "50.000000" : 1019904,
            "60.000000" : 1089536,
            "70.000000" : 1171456,
            "80.000000" : 1253376,
            "90.000000" : 1417216,
            "95.000000" : 1564672,
            "99.000000" : 1941504,
            "99.500000" : 2113536,
            "99.900000" : 2637824,
            "99.950000" : 3129344,
            "99.990000" : 5275648,
            "0.00" : 0,
            "0.00" : 0,
            "0.00" : 0
          },
          "bins" : {
            "2448" : 1,
            "3024" : 1,
            "3376" : 1,
            "5280" : 1,
            "136192" : 1,
            "173056" : 1,
            "175104" : 1,
            "191488" : 1,
            "246784" : 1,
            "272384" : 1,
            "305152" : 1,
            "329728" : 1,
            "333824" : 2,
            "346112" : 1,
            "350208" : 2,
            "354304" : 2,
            "362496" : 4,
            "366592" : 4,
            "370688" : 14,
            "374784" : 9,
            "378880" : 13,
            "382976" : 6,
            "387072" : 10,
            "391168" : 11,
            "395264" : 10,
            "399360" : 26,
            "403456" : 18,
            "407552" : 29,
            "411648" : 27,
            "415744" : 31,
            "419840" : 27,
            "423936" : 32,
            "428032" : 46,
            "432128" : 59,
            "436224" : 46,
            "440320" : 36,
            "444416" : 62,
            "448512" : 64,
            "452608" : 68,
            "456704" : 64,
            "460800" : 65,
            "464896" : 75,
            "468992" : 92,
            "473088" : 112,
            "477184" : 98,
            "481280" : 121,
            "485376" : 105,
            "489472" : 147,
            "493568" : 142,
            "497664" : 141,
            "501760" : 153,
            "505856" : 142,
            "509952" : 181,
            "514048" : 199,
            "518144" : 189,
            "522240" : 188,
            "528384" : 445,
            "536576" : 509,
            "544768" : 618,
            "552960" : 687,
            "561152" : 805,
            "569344" : 911,
            "577536" : 1030,
            "585728" : 1169,
            "593920" : 1294,
            "602112" : 1470,
            "610304" : 1619,
            "618496" : 1789,
            "626688" : 2070,
            "634880" : 2288,
            "643072" : 2406,
            "651264" : 2751,
            "659456" : 2866,
            "667648" : 3328,
            "675840" : 3462,
            "684032" : 3771,
            "692224" : 4047,
            "700416" : 4226,
            "708608" : 4594,
            "716800" : 4989,
            "724992" : 5173,
            "733184" : 5367,
            "741376" : 5735,
            "749568" : 6125,
            "757760" : 6390,
            "765952" : 6702,
            "774144" : 7135,
            "782336" : 7351,
            "790528" : 7643,
            "798720" : 7664,
            "806912" : 7965,
            "815104" : 8384,
            "823296" : 8413,
            "831488" : 8877,
            "839680" : 9086,
            "847872" : 9352,
            "856064" : 9540,
            "864256" : 9854,
            "872448" : 10084,
            "880640" : 10162,
            "888832" : 10374,
            "897024" : 10242,
            "905216" : 10383,
            "913408" : 10636,
            "921600" : 10679,
            "929792" : 10700,
            "937984" : 10659,
            "946176" : 10897,
            "954368" : 10942,
            "962560" : 10816,
            "970752" : 10864,
            "978944" : 11063,
            "987136" : 11004,
            "995328" : 10909,
            "1003520" : 10917,
            "1011712" : 10831,
            "1019904" : 10642,
            "1028096" : 10501,
            "1036288" : 10342,
            "1044480" : 10251,
            "1056768" : 20046,
            "1073152" : 19164,
            "1089536" : 18822,
            "1105920" : 18312,
            "1122304" : 17708,
            "1138688" : 16871,
            "1155072" : 15987,
            "1171456" : 15251,
            "1187840" : 14601,
            "1204224" : 13837,
            "1220608" : 13220,
            "1236992" : 12272,
            "1253376" : 11484,
            "1269760" : 10801,
            "1286144" : 10337,
            "1302528" : 9370,
            "1318912" : 9090,
            "1335296" : 8359,
            "1351680" : 7815,
            "1368064" : 7363,
            "1384448" : 6850,
            "1400832" : 6342,
            "1417216" : 5640,
            "1433600" : 5321,
            "1449984" : 5175,
            "1466368" : 4535,
            "1482752" : 4228,
            "1499136" : 4023,
            "1515520" : 3741,
            "1531904" : 3288,
            "1548288" : 3119,
            "1564672" : 2918,
            "1581056" : 2777,
            "1597440" : 2504,