{
  "fio version" : "fio-3.1",
  "timestamp" : 1556097153,
  "timestamp_ms" : 1556097153425,
  "time" : "Wed Apr 24 10:12:33 2019",
  "global options" : {
    "fallocate" : "none",
    "runtime" : "30",
    "directory" : "/mnt/storage-nvme/fio_write/beegfs-randwrite-64-client-75712-27",
    "bs" : "2048",
    "time_based" : "1",
    "ioengine" : "libaio",
    "iodepth" : "8",
    "direct" : "1",
    "buffered" : "0",
    "thread" : "0",
    "group_reporting" : "1",
    "filesize" : "32g",
    "size" : "32g",
    "filename_format" : "$jobnum.dat"
  },
  "jobs" : [
    {
      "jobname" : "fio-job",
      "groupid" : 0,
      "error" : 0,
      "eta" : 0,
      "elapsed" : 31,
      "job options" : {
        "rw" : "randwrite"
      },
      "read" : {
        "io_bytes" : 0,
        "io_kbytes" : 0,
        "bw" : 0,
        "iops" : 0.000000,
        "runtime" : 0,
        "total_ios" : 0,
        "short_ios" : 0,
        "drop_ios" : 0,
        "slat_ns" : {
          "min" : 0,
          "max" : 0,
          "mean" : 0.000000,
          "stddev" : 0.000000
        },
        "clat_ns" : {
          "min" : 0,
          "max" : 0,
          "mean" : 0.000000,
          "stddev" : 0.000000,
          "percentile" : {
            "1.000000" : 0,
            "5.000000" : 0,
            "10.000000" : 0,
            "20.000000" : 0,
            "30.000000" : 0,
            "40.000000" : 0,
            "50.000000" : 0,
            "60.000000" : 0,
            "70.000000" : 0,
            "80.000000" : 0,
            "90.000000" : 0,
            "95.000000" : 0,
            "99.000000" : 0,
            "99.500000" : 0,
            "99.900000" : 0,
            "99.950000" : 0,
            "99.990000" : 0,
            "0.00" : 0,
            "0.00" : 0,
            "0.00" : 0
          },
          "bins" : {

          }
        },
        "lat_ns" : {
          "min" : 0,
          "max" : 0,
          "mean" : 0.000000,
          "stddev" : 0.000000
        },
        "bw_min" : 0,
        "bw_max" : 0,
        "bw_agg" : 0.000000,
        "bw_mean" : 0.000000,
        "bw_dev" : 0.000000,
        "bw_samples" : 0,
        "iops_min" : 0,
        "iops_max" : 0,
        "iops_mean" : 0.000000,
        "iops_stddev" : 0.000000,
        "iops_samples" : 0
      },
      "write" : {
        "io_bytes" : 121927680,
        "io_kbytes" : 119070,
        "bw" : 3968,
        "iops" : 1984.433852,
        "runtime" : 30001,
        "total_ios" : 59535,
        "short_ios" : 0,
        "drop_ios" : 0,
        "slat_ns" : {
          "min" : 89250,
          "max" : 152401194,
          "mean" : 2012362.128429,
          "stddev" : 5249658.652259
        },
        "clat_ns" : {
          "min" : 1790,
          "max" : 244930479,
          "mean" : 14107133.164256,
          "stddev" : 14070447.529964,
          "percentile" : {
            "1.000000" : 1466368,
            "5.000000" : 2211840,
            "10.000000" : 2899968,
            "20.000000" : 4046848,
            "30.000000" : 5406720,
            "40.000000" : 7110656,
            "50.000000" : 9240576,
            "60.000000" : 12255232,
            "70.000000" : 16318464,
            "80.000000" : 21889024,
            "90.000000" : 31326208,
            "95.000000" : 41156608,
            "99.000000" : 66322432,
            "99.500000" : 77070336,
            "99.900000" : 111673344,
            "99.950000" : 137363456,
            "99.990000" : 200278016,
            "0.00" : 0,
            "0.00" : 0,
            "0.00" : 0
          },
          "bins" : {
            "1784" : 1,
            "2160" : 1,
            "2288" : 1,
            "2320" : 1,
            "1187840" : 1,
            "1220608" : 4,
            "1236992" : 8,
            "1253376" : 4,
            "1269760" : 20,
            "1286144" : 14,
            "1302528" : 29,
            "1318912" : 35,
            "1335296" : 36,
            "1351680" : 62,
            "1368064" : 62,
            "1384448" : 50,
            "1400832" : 70,
            "1417216" : 56,
            "1433600" : 69,
            "1449984" : 66,
            "1466368" : 51,
            "1482752" : 56,
            "1499136" : 83,
            "1515520" : 76,
            "1531904" : 65,
            "1548288" : 79,
            "1564672" : 62,
            "1581056" : 43,
            "1597440" : 47,
            "1613824" : 55,
            "1630208" : 49,
            "1646592" : 50,
            "1662976" : 35,
            "1679360" : 34,
            "1695744" : 39,
            "1712128" : 46,
            "1728512" : 55,
            "1744896" : 57,
            "1761280" : 40,
            "1777664" : 41,
            "1794048" : 48,
            "1810432" : 40,
            "1826816" : 37,
            "1843200" : 41,
            "1859584" : 62,
            "1875968" : 41,
            "1892352" : 43,
            "1908736" : 55,
            "1925120" : 49,
            "1941504" : 66,
            "1957888" : 61,
            "1974272" : 44,
            "1990656" : 49,
            "2007040" : 50,
            "2023424" : 55,
            "2039808" : 55,
            "2056192" : 60,
            "2072576" : 50,
            "2088960" : 54,
            "2113536" : 97,
            "2146304" : 117,
            "2179072" : 113,
            "2211840" : 103,
            "2244608" : 104,
            "2277376" : 113,
            "2310144" : 116,
            "2342912" : 121,
            "2375680" : 141,
            "2408448" : 112,
            "2441216" : 128,
            "2473984" : 139,
            "2506752" : 128,
            "2539520" : 149,
            "2572288" : 153,
            "2605056" : 138,
            "2637824" : 134,
            "2670592" : 168,
            "2703360" : 164,
            "2736128" : 192,
            "2768896" : 175,
            "2801664" : 181,
            "2834432" : 173,
            "2867200" : 165,
            "2899968" : 155,
            "2932736" : 164,
            "2965504" : 152,
            "2998272" : 159,
            "3031040" : 170,
            "3063808" : 152,
            "3096576" : 163,
            "3129344" : 167,
            "3162112" : 159,
            "3194880" : 160,
            "3227648" : 164,
            "3260416" : 192,
            "3293184" : 206,
            "3325952" : 178,
            "3358720" : 170,
            "3391488" : 174,
            "3424256" : 150,
            "3457024" : 158,
            "3489792" : 165,
            "3522560" : 179,
            "3555328" : 152,
            "3588096" : 185,
            "3620864" : 162,
            "3653632" : 164,
            "3686400" : 162,
            "3719168" : 162,
            "3751936" : 188,
            "3784704" : 190,
            "3817472" : 195,
            "3850240" : 149,
            "3883008" : 156,
            "3915776" : 154,
            "3948544" : 160,
            "3981312" : 170,
            "4014080" : 156,
            "4046848" : 152,
            "4079616" : 159,
            "4112384" : 160,
            "4145152" : 151,
            "4177920" : 142,
            "4227072" : 291,
            "4292608" : 278,
            "4358144" : 310,
            "4423680" : 315,
            "4489216" : 319,
            "4554752" : 291,
            "4620288" : 275,
            "4685824" : 291,
            "4751360" : 316,
            "4816896" : 302,
            "4882432" : 289,
            "4947968" : 304,
            "5013504" : 270,
            "5079040" : 265,
            "5144576" : 244,
            "5210112" : 273,
            "5275648" : 283,
            "5341184" : 246,
            "5406720" : 269,
            "5472256" : 263,
            "5537792" : 226,
            "5603328" : 279,
            "5668864" : 228,
            "5734400" : 266,
            "5799936" : 234,
            "5865472" : 220,
            "5931008" : 236,
            "5996544" : 235,
            "6062080" : 233,
            "6127616" : 229,
            "6193152" : 223,
            "6258688" : 231,