{
  "fio version" : "fio-3.1",
  "timestamp" : 1555531813,
  "timestamp_ms" : 1555531813870,
  "time" : "Wed Apr 17 20:10:13 2019",
  "global options" : {
    "fallocate" : "none",
    "runtime" : "30",
    "directory" : "/data/fio_write/beegfs-randwrite-64-jrk2m",
    "bs" : "2097152",
    "time_based" : "1",
    "ioengine" : "libaio",
    "iodepth" : "8",
    "direct" : "1",
    "buffered" : "0",
    "thread" : "0",
    "group_reporting" : "1",
    "filesize" : "32g",
    "size" : "32g",
    "filename_format" : "$jobnum.dat"
  },
  "jobs" : [
    {
      "jobname" : "fio-job",
      "groupid" : 0,
      "error" : 0,
      "eta" : 0,
      "elapsed" : 31,
      "job options" : {
        "rw" : "randwrite"
      },
      "read" : {
        "io_bytes" : 0,
        "io_kbytes" : 0,
        "bw" : 0,
        "iops" : 0.000000,
        "runtime" : 0,
        "total_ios" : 0,
        "short_ios" : 0,
        "drop_ios" : 0,
        "slat_ns" : {
          "min" : 0,
          "max" : 0,
          "mean" : 0.000000,
          "stddev" : 0.000000
        },
        "clat_ns" : {
          "min" : 0,
          "max" : 0,
          "mean" : 0.000000,
          "stddev" : 0.000000,
          "percentile" : {
            "1.000000" : 0,
            "5.000000" : 0,
            "10.000000" : 0,
            "20.000000" : 0,
            "30.000000" : 0,
            "40.000000" : 0,
            "50.000000" : 0,
            "60.000000" : 0,
            "70.000000" : 0,
            "80.000000" : 0,
            "90.000000" : 0,
            "95.000000" : 0,
            "99.000000" : 0,
            "99.500000" : 0,
            "99.900000" : 0,
            "99.950000" : 0,
            "99.990000" : 0,
            "0.00" : 0,
            "0.00" : 0,
            "0.00" : 0
          },
          "bins" : {

          }
        },
        "lat_ns" : {
          "min" : 0,
          "max" : 0,
          "mean" : 0.000000,
          "stddev" : 0.000000
        },
        "bw_min" : 0,
        "bw_max" : 0,
        "bw_agg" : 0.000000,
        "bw_mean" : 0.000000,
        "bw_dev" : 0.000000,
        "bw_samples" : 0,
        "iops_min" : 0,
        "iops_max" : 0,
        "iops_mean" : 0.000000,
        "iops_stddev" : 0.000000,
        "iops_samples" : 0
      },
      "write" : {
        "io_bytes" : 1711276032,
        "io_kbytes" : 1671168,
        "bw" : 55511,
        "iops" : 27.105132,
        "runtime" : 30105,
        "total_ios" : 816,
        "short_ios" : 0,
        "drop_ios" : 0,
        "slat_ns" : {
          "min" : 878326,
          "max" : 1680274294,
          "mean" : 147459147.105392,
          "stddev" : 235992025.662090
        },
        "clat_ns" : {
          "min" : 6832,
          "max" : 3249442273,
          "mean" : 1013513284.814951,
          "stddev" : 626963990.744913,
          "percentile" : {
            "1.000000" : 63176704,
            "5.000000" : 181403648,
            "10.000000" : 291504128,
            "20.000000" : 446693376,
            "30.000000" : 608174080,
            "40.000000" : 784334848,
            "50.000000" : 918552576,
            "60.000000" : 1069547520,
            "70.000000" : 1233125376,
            "80.000000" : 1484783616,
            "90.000000" : 1971322880,
            "95.000000" : 2231369728,
            "99.000000" : 2835349504,
            "99.500000" : 3036676096,
            "99.900000" : 3238002688,
            "99.950000" : 3238002688,
            "99.990000" : 3238002688,
            "0.00" : 0,
            "0.00" : 0,
            "0.00" : 0
          },
          "bins" : {
            "6816" : 1,
            "9152" : 1,
            "14656" : 1,
            "16064" : 1,
            "41156608" : 1,
            "41680896" : 1,
            "42729472" : 1,
            "60030976" : 1,
            "63176704" : 1,
            "69730304" : 1,
            "73924608" : 1,
            "74973184" : 1,
            "78118912" : 1,
            "83361792" : 1,
            "84410368" : 1,
            "85458944" : 1,
            "94896128" : 2,
            "102236160" : 1,
            "103284736" : 3,
            "104333312" : 1,
            "105381888" : 1,
            "112721920" : 1,
            "124256256" : 1,
            "126353408" : 1,
            "130547712" : 1,
            "149946368" : 2,
            "154140672" : 1,
            "158334976" : 1,
            "160432128" : 1,
            "162529280" : 2,
            "164626432" : 3,
            "170917888" : 1,
            "177209344" : 1,
            "181403648" : 1,
            "185597952" : 1,
            "187695104" : 1,
            "189792256" : 2,
            "191889408" : 1,
            "193986560" : 1,
            "198180864" : 1,
            "202375168" : 1,
            "206569472" : 1,
            "208666624" : 1,
            "212860928" : 1,
            "217055232" : 1,
            "219152384" : 2,
            "229638144" : 1,
            "233832448" : 2,
            "240123904" : 2,
            "242221056" : 1,
            "244318208" : 1,
            "246415360" : 2,
            "250609664" : 1,
            "256901120" : 1,
            "258998272" : 1,
            "261095424" : 1,
            "265289728" : 1,
            "270532608" : 1,
            "274726912" : 4,
            "278921216" : 3,
            "283115520" : 2,
            "287309824" : 2,
            "291504128" : 2,
            "295698432" : 2,
            "299892736" : 7,
            "304087040" : 1,
            "308281344" : 1,
            "312475648" : 2,
            "320864256" : 2,
            "325058560" : 2,
            "329252864" : 1,
            "337641472" : 1,
            "346030080" : 1,
            "350224384" : 5,
            "354418688" : 1,
            "358612992" : 1,
            "362807296" : 2,
            "367001600" : 1,
            "371195904" : 4,
            "375390208" : 3,
            "379584512" : 3,
            "383778816" : 3,
            "387973120" : 1,
            "392167424" : 4,
            "400556032" : 2,
            "404750336" : 4,
            "408944640" : 1,
            "413138944" : 4,
            "417333248" : 6,
            "421527552" : 3,
            "425721856" : 2,
            "429916160" : 1,
            "434110464" : 3,
            "438304768" : 2,
            "446693376" : 6,
            "450887680" : 2,
            "455081984" : 2,
            "459276288" : 1,
            "467664896" : 2,
            "471859200" : 2,
            "476053504" : 4,
            "480247808" : 2,
            "484442112" : 1,
            "492830720" : 1,
            "497025024" : 3,
            "501219328" : 3,
            "505413632" : 1,
            "509607936" : 1,
            "513802240" : 1,
            "517996544" : 5,
            "522190848" : 2,
            "526385152" : 2,
            "530579456" : 1,
            "534773760" : 2,
            "541065216" : 6,
            "549453824" : 3,
            "557842432" : 6,
            "566231040" : 4,
            "574619648" : 4,
            "583008256" : 7,
            "591396864" : 5,
            "599785472" : 2,
            "608174080" : 7,
            "616562688" : 2,
            "624951296" : 4,
            "633339904" : 2,
            "641728512" : 4,
            "650117120" : 2,
            "658505728" : 5,
            "666894336" : 5,
            "675282944" : 4,
            "683671552" : 3,
            "692060160" : 8,
            "700448768" : 5,
            "708837376" : 6,
            "717225984" : 5,
            "725614592" : 1,
            "734003200" : 6,
            "742391808" : 4,
            "759169024" : 3,
            "767557632" : 7,
            "775946240" : 2,
            "784334848" : 3,
            "792723456" : 5,
            "801112064" : 5,
            "809500672" : 7,
            "817889280" : 8,
            "826277888" : 3,
            "834666496" : 1,
            "843055104" : 4,
            "851443712" : 8,
            "859832320" : 5,