{
  "fio version" : "fio-3.1",
  "timestamp" : 1556021510,
  "timestamp_ms" : 1556021510581,
  "time" : "Tue Apr 23 13:11:50 2019",
  "global options" : {
    "fallocate" : "none",
    "runtime" : "30",
    "directory" : "/data/fio_write/beegfs-write-64-client-90087-42",
    "bs" : "16384",
    "time_based" : "1",
    "ioengine" : "libaio",
    "iodepth" : "8",
    "direct" : "1",
    "buffered" : "0",
    "thread" : "0",
    "group_reporting" : "1",
    "filesize" : "32g",
    "size" : "32g",
    "filename_format" : "$jobnum.dat"
  },
  "jobs" : [
    {
      "jobname" : "fio-job",
      "groupid" : 0,
      "error" : 0,
      "eta" : 0,
      "elapsed" : 31,
      "job options" : {
        "rw" : "write"
      },
      "read" : {
        "io_bytes" : 0,
        "io_kbytes" : 0,
        "bw" : 0,
        "iops" : 0.000000,
        "runtime" : 0,
        "total_ios" : 0,
        "short_ios" : 0,
        "drop_ios" : 0,
        "slat_ns" : {
          "min" : 0,
          "max" : 0,
          "mean" : 0.000000,
          "stddev" : 0.000000
        },
        "clat_ns" : {
          "min" : 0,
          "max" : 0,
          "mean" : 0.000000,
          "stddev" : 0.000000,
          "percentile" : {
            "1.000000" : 0,
            "5.000000" : 0,
            "10.000000" : 0,
            "20.000000" : 0,
            "30.000000" : 0,
            "40.000000" : 0,
            "50.000000" : 0,
            "60.000000" : 0,
            "70.000000" : 0,
            "80.000000" : 0,
            "90.000000" : 0,
            "95.000000" : 0,
            "99.000000" : 0,
            "99.500000" : 0,
            "99.900000" : 0,
            "99.950000" : 0,
            "99.990000" : 0,
            "0.00" : 0,
            "0.00" : 0,
            "0.00" : 0
          },
          "bins" : {

          }
        },
        "lat_ns" : {
          "min" : 0,
          "max" : 0,
          "mean" : 0.000000,
          "stddev" : 0.000000
        },
        "bw_min" : 0,
        "bw_max" : 0,
        "bw_agg" : 0.000000,
        "bw_mean" : 0.000000,
        "bw_dev" : 0.000000,
        "bw_samples" : 0,
        "iops_min" : 0,
        "iops_max" : 0,
        "iops_mean" : 0.000000,
        "iops_stddev" : 0.000000,
        "iops_samples" : 0
      },
      "write" : {
        "io_bytes" : 338821120,
        "io_kbytes" : 330880,
        "bw" : 11028,
        "iops" : 689.264407,
        "runtime" : 30003,
        "total_ios" : 20680,
        "short_ios" : 0,
        "drop_ios" : 0,
        "slat_ns" : {
          "min" : 542888,
          "max" : 48811708,
          "mean" : 5800665.391876,
          "stddev" : 1482665.713079
        },
        "clat_ns" : {
          "min" : 2468,
          "max" : 96499759,
          "mean" : 40613292.573936,
          "stddev" : 4978724.144864,
          "percentile" : {
            "1.000000" : 32112640,
            "5.000000" : 37486592,
            "10.000000" : 38010880,
            "20.000000" : 38535168,
            "30.000000" : 38535168,
            "40.000000" : 39059456,
            "50.000000" : 39583744,
            "60.000000" : 40108032,
            "70.000000" : 40632320,
            "80.000000" : 42205184,
            "90.000000" : 44826624,
            "95.000000" : 49020928,
            "99.000000" : 53739520,
            "99.500000" : 72876032,
            "99.900000" : 86507520,
            "99.950000" : 88604672,
            "99.990000" : 93847552,
            "0.00" : 0,
            "0.00" : 0,
            "0.00" : 0
          },
          "bins" : {
            "2480" : 1,
            "2640" : 1,
            "2672" : 2,
            "4046848" : 1,
            "4079616" : 1,
            "4112384" : 2,
            "8716288" : 1,
            "8847360" : 3,
            "11862016" : 2,
            "12386304" : 1,
            "12517376" : 1,
            "12779520" : 3,
            "12910592" : 2,
            "13041664" : 5,
            "13697024" : 1,
            "13828096" : 1,
            "14090240" : 2,
            "14483456" : 4,
            "15007744" : 6,
            "16318464" : 2,
            "17170432" : 5,
            "17432576" : 1,
            "17694720" : 2,
            "18219008" : 2,
            "18481152" : 1,
            "18743296" : 1,
            "19267584" : 2,
            "20316160" : 2,
            "21102592" : 2,
            "21626880" : 2,
            "21889024" : 8,
            "22151168" : 4,
            "22413312" : 4,
            "22675456" : 7,
            "22937600" : 17,
            "23461888" : 4,
            "23986176" : 2,
            "24772608" : 4,
            "25821184" : 4,
            "26345472" : 4,
            "27394048" : 4,
            "27918336" : 3,
            "28180480" : 1,
            "28704768" : 4,
            "30277632" : 4,
            "30801920" : 13,
            "31064064" : 29,
            "31326208" : 18,
            "31588352" : 3,
            "31850496" : 4,
            "32112640" : 12,
            "32374784" : 9,
            "32636928" : 1,
            "32899072" : 8,
            "33161216" : 15,
            "33423360" : 13,
            "33816576" : 13,
            "34340864" : 7,
            "34865152" : 15,
            "35389440" : 30,
            "35913728" : 26,
            "36438016" : 30,
            "36962304" : 100,
            "37486592" : 596,
            "38010880" : 2762,
            "38535168" : 3482,
            "39059456" : 2697,
            "39583744" : 1989,
            "40108032" : 1531,
            "40632320" : 1202,
            "41156608" : 896,
            "41680896" : 655,
            "42205184" : 566,
            "42729472" : 439,
            "43253760" : 460,
            "43778048" : 399,
            "44302336" : 406,
            "44826624" : 270,
            "45350912" : 137,
            "45875200" : 149,
            "46399488" : 128,
            "46923776" : 106,
            "47448064" : 105,
            "47972352" : 85,
            "48496640" : 100,
            "49020928" : 104,
            "49545216" : 94,
            "50069504" : 92,
            "50593792" : 70,
            "51118080" : 92,
            "51642368" : 81,
            "52166656" : 109,
            "52690944" : 65,
            "53215232" : 75,
            "53739520" : 50,
            "54263808" : 22,
            "54788096" : 13,
            "55312384" : 21,
            "55836672" : 18,
            "56360960" : 1,
            "56885248" : 3,
            "57409536" : 5,
            "57933824" : 4,
            "58458112" : 3,
            "60030976" : 3,
            "60555264" : 1,
            "66322432" : 1,
            "70778880" : 1,
            "71827456" : 3,
            "72876032" : 4,
            "78118912" : 8,
            "79167488" : 3,
            "80216064" : 1,
            "81264640" : 1,
            "82313216" : 2,
            "83361792" : 20,
            "84410368" : 6,
            "85458944" : 18,
            "86507520" : 29,
            "87556096" : 3,
            "88604672" : 3,
            "89653248" : 3,
            "90701824" : 1,
            "92798976" : 1,
            "93847552" : 2,
            "94896128" : 1,
            "96993280" : 1
          }
        },
        "lat_ns" : {
          "min" : 4046994,
          "max" : 107756516,
          "mean" : 46414253.698501,
          "stddev" : 5497775.190102
        },
        "bw_min" : 2144,
        "bw_max" : 3104,
        "bw_agg" : 24.967280,
        "bw_mean" : 2753.391667,
        "bw_dev" : 177.073717,
        "bw_samples" : 240,
        "iops_min" : 134,
        "iops_max" : 194,
        "iops_mean" : 172.066667,
        "iops_stddev" : 11.066731,
        "iops_samples" : 240
      },
      "trim" : {
        "io_bytes" : 0,
        "io_kbytes" : 0,
        "bw" : 0,
        "iops" : 0.000000,
        "runtime" : 0,
        "total_ios" : 0,
        "short_ios" : 0,
        "drop_ios" : 0,
        "slat_ns" : {
          "min" : 0,
          "max" : 0,
          "mean" : 0.000000,