{
  "fio version" : "fio-3.1",
  "timestamp" : 1556100405,
  "timestamp_ms" : 1556100405961,
  "time" : "Wed Apr 24 10:06:45 2019",
  "global options" : {
    "fallocate" : "none",
    "runtime" : "30",
    "directory" : "data/fio_write/beegfs-randwrite-64-qtt7h",
    "bs" : "65536",
    "time_based" : "1",
    "ioengine" : "libaio",
    "iodepth" : "8",
    "direct" : "1",
    "buffered" : "0",
    "thread" : "0",
    "group_reporting" : "1",
    "filesize" : "32g",
    "size" : "32g",
    "filename_format" : "$jobnum.dat"
  },
  "jobs" : [
    {
      "jobname" : "fio-job",
      "groupid" : 0,
      "error" : 0,
      "eta" : 0,
      "elapsed" : 35,
      "job options" : {
        "rw" : "randwrite"
      },
      "read" : {
        "io_bytes" : 0,
        "io_kbytes" : 0,
        "bw" : 0,
        "iops" : 0.000000,
        "runtime" : 0,
        "total_ios" : 0,
        "short_ios" : 0,
        "drop_ios" : 0,
        "slat_ns" : {
          "min" : 0,
          "max" : 0,
          "mean" : 0.000000,
          "stddev" : 0.000000
        },
        "clat_ns" : {
          "min" : 0,
          "max" : 0,
          "mean" : 0.000000,
          "stddev" : 0.000000,
          "percentile" : {
            "1.000000" : 0,
            "5.000000" : 0,
            "10.000000" : 0,
            "20.000000" : 0,
            "30.000000" : 0,
            "40.000000" : 0,
            "50.000000" : 0,
            "60.000000" : 0,
            "70.000000" : 0,
            "80.000000" : 0,
            "90.000000" : 0,
            "95.000000" : 0,
            "99.000000" : 0,
            "99.500000" : 0,
            "99.900000" : 0,
            "99.950000" : 0,
            "99.990000" : 0,
            "0.00" : 0,
            "0.00" : 0,
            "0.00" : 0
          },
          "bins" : {

          }
        },
        "lat_ns" : {
          "min" : 0,
          "max" : 0,
          "mean" : 0.000000,
          "stddev" : 0.000000
        },
        "bw_min" : 0,
        "bw_max" : 0,
        "bw_agg" : 0.000000,
        "bw_mean" : 0.000000,
        "bw_dev" : 0.000000,
        "bw_samples" : 0,
        "iops_min" : 0,
        "iops_max" : 0,
        "iops_mean" : 0.000000,
        "iops_stddev" : 0.000000,
        "iops_samples" : 0
      },
      "write" : {
        "io_bytes" : 11337728,
        "io_kbytes" : 11072,
        "bw" : 338,
        "iops" : 5.292786,
        "runtime" : 32686,
        "total_ios" : 173,
        "short_ios" : 0,
        "drop_ios" : 0,
        "slat_ns" : {
          "min" : 537028,
          "max" : 18407201694,
          "mean" : 722253884.132948,
          "stddev" : 2377930140.693136
        },
        "clat_ns" : {
          "min" : 8723,
          "max" : 26287866306,
          "mean" : 5006276717.797688,
          "stddev" : 6038953147.689066,
          "percentile" : {
            "1.000000" : 9792,
            "5.000000" : 10158080,
            "10.000000" : 39059456,
            "20.000000" : 70778880,
            "30.000000" : 413138944,
            "40.000000" : 1216348160,
            "50.000000" : 2600468480,
            "60.000000" : 3405774848,
            "70.000000" : 6610223104,
            "80.000000" : 9730785280,
            "90.000000" : 13623099392,
            "95.000000" : 17112760320,
            "99.000000" : 17112760320,
            "99.500000" : 17112760320,
            "99.900000" : 17112760320,
            "99.950000" : 17112760320,
            "99.990000" : 17112760320,
            "0.00" : 0,
            "0.00" : 0,
            "0.00" : 0
          },
          "bins" : {
            "8768" : 1,
            "9792" : 1,
            "10944" : 1,
            "23680" : 1,
            "5275648" : 1,
            "5734400" : 1,
            "5996544" : 1,
            "6717440" : 1,
            "10158080" : 1,
            "10289152" : 1,
            "11206656" : 2,
            "23986176" : 1,
            "35913728" : 2,
            "39059456" : 3,
            "39583744" : 4,
            "52166656" : 4,
            "55312384" : 1,
            "57409536" : 1,
            "63700992" : 6,
            "70778880" : 2,
            "85458944" : 1,
            "95944704" : 1,
            "100139008" : 1,
            "103284736" : 2,
            "104333312" : 2,
            "120061952" : 1,
            "127401984" : 1,
            "129499136" : 2,
            "160432128" : 1,
            "206569472" : 1,
            "214958080" : 2,
            "413138944" : 1,
            "425721856" : 1,
            "438304768" : 1,
            "851443712" : 2,
            "994050048" : 1,
            "1010827264" : 1,
            "1019215872" : 1,
            "1035993088" : 1,
            "1044381696" : 2,
            "1052770304" : 2,
            "1082130432" : 1,
            "1098907648" : 2,
            "1199570944" : 2,
            "1216348160" : 2,
            "1266679808" : 2,
            "1283457024" : 1,
            "1736441856" : 1,
            "2004877312" : 1,
            "2021654528" : 2,
            "2038431744" : 1,
            "2055208960" : 1,
            "2197815296" : 2,
            "2264924160" : 1,
            "2332033024" : 2,
            "2466250752" : 1,
            "2600468480" : 2,
            "2801795072" : 1,
            "2835349504" : 3,
            "2936012800" : 1,
            "2969567232" : 1,
            "3003121664" : 3,
            "3036676096" : 4,
            "3137339392" : 1,
            "3170893824" : 1,
            "3405774848" : 1,
            "3439329280" : 3,
            "4798283776" : 2,
            "4865392640" : 4,
            "5335154688" : 2,
            "5402263552" : 3,
            "5469372416" : 1,
            "6610223104" : 4,
            "6677331968" : 1,
            "6811549696" : 2,
            "8422162432" : 2,
            "8489271296" : 1,
            "9193914368" : 2,
            "9462349824" : 2,
            "9596567552" : 5,
            "9730785280" : 1,
            "9865003008" : 2,
            "10804527104" : 2,
            "10938744832" : 1,
            "11878268928" : 2,
            "12012486656" : 1,
            "12952010752" : 3,
            "13220446208" : 2,
            "13354663936" : 2,
            "13623099392" : 3,
            "13757317120" : 2,
            "13891534848" : 1,
            "17112760320" : 13
          }
        },
        "lat_ns" : {
          "min" : 6318206,
          "max" : 26850816759,
          "mean" : 5728532179.196531,
          "stddev" : 6446177069.995010
        },
        "bw_min" : 128,
        "bw_max" : 2688,
        "bw_agg" : 100.000000,
        "bw_mean" : 582.451613,
        "bw_dev" : 552.042682,
        "bw_samples" : 31,
        "iops_min" : 2,
        "iops_max" : 42,
        "iops_mean" : 9.096774,
        "iops_stddev" : 8.623050,
        "iops_samples" : 31
      },
      "trim" : {
        "io_bytes" : 0,
        "io_kbytes" : 0,
        "bw" : 0,
        "iops" : 0.000000,
        "runtime" : 0,
        "total_ios" : 0,
        "short_ios" : 0,
        "drop_ios" : 0,
        "slat_ns" : {
          "min" : 0,
          "max" : 0,
          "mean" : 0.000000,
          "stddev" : 0.000000
        },
        "clat_ns" : {
          "min" : 0,
          "max" : 0,
          "mean" : 0.000000,
          "stddev" : 0.000000,
          "percentile" : {
            "1.000000" : 0,
            "5.000000" : 0,
            "10.000000" : 0,
            "20.000000" : 0,
            "30.000000" : 0,
            "40.000000" : 0,
            "50.000000" : 0,
            "60.000000" : 0,
            "70.000000" : 0,
            "80.000000" : 0,
            "90.000000" : 0,
            "95.000000" : 0,
            "99.000000" : 0,
            "99.500000" : 0,
            "99.900000" : 0,
            "99.950000" : 0,
            "99.990000" : 0,
            "0.00" : 0,
            "0.00" : 0,
            "0.00" : 0
          },
          "bins" : {

          }
        },
        "lat_ns" : {
          "min" : 0,