{
  "fio version" : "fio-3.1",
  "timestamp" : 1556100699,
  "timestamp_ms" : 1556100699120,
  "time" : "Wed Apr 24 10:11:39 2019",
  "global options" : {
    "fallocate" : "none",
    "runtime" : "30",
    "directory" : "data/fio_write/beegfs-randwrite-64-cg7pr",
    "bs" : "2097152",
    "time_based" : "1",
    "ioengine" : "libaio",
    "iodepth" : "8",
    "direct" : "1",
    "buffered" : "0",
    "thread" : "0",
    "group_reporting" : "1",
    "filesize" : "32g",
    "size" : "32g",
    "filename_format" : "$jobnum.dat"
  },
  "jobs" : [
    {
      "jobname" : "fio-job",
      "groupid" : 0,
      "error" : 0,
      "eta" : 0,
      "elapsed" : 34,
      "job options" : {
        "rw" : "randwrite"
      },
      "read" : {
        "io_bytes" : 0,
        "io_kbytes" : 0,
        "bw" : 0,
        "iops" : 0.000000,
        "runtime" : 0,
        "total_ios" : 0,
        "short_ios" : 0,
        "drop_ios" : 0,
        "slat_ns" : {
          "min" : 0,
          "max" : 0,
          "mean" : 0.000000,
          "stddev" : 0.000000
        },
        "clat_ns" : {
          "min" : 0,
          "max" : 0,
          "mean" : 0.000000,
          "stddev" : 0.000000,
          "percentile" : {
            "1.000000" : 0,
            "5.000000" : 0,
            "10.000000" : 0,
            "20.000000" : 0,
            "30.000000" : 0,
            "40.000000" : 0,
            "50.000000" : 0,
            "60.000000" : 0,
            "70.000000" : 0,
            "80.000000" : 0,
            "90.000000" : 0,
            "95.000000" : 0,
            "99.000000" : 0,
            "99.500000" : 0,
            "99.900000" : 0,
            "99.950000" : 0,
            "99.990000" : 0,
            "0.00" : 0,
            "0.00" : 0,
            "0.00" : 0
          },
          "bins" : {

          }
        },
        "lat_ns" : {
          "min" : 0,
          "max" : 0,
          "mean" : 0.000000,
          "stddev" : 0.000000
        },
        "bw_min" : 0,
        "bw_max" : 0,
        "bw_agg" : 0.000000,
        "bw_mean" : 0.000000,
        "bw_dev" : 0.000000,
        "bw_samples" : 0,
        "iops_min" : 0,
        "iops_max" : 0,
        "iops_mean" : 0.000000,
        "iops_stddev" : 0.000000,
        "iops_samples" : 0
      },
      "write" : {
        "io_bytes" : 161480704,
        "io_kbytes" : 157696,
        "bw" : 4694,
        "iops" : 2.292144,
        "runtime" : 33593,
        "total_ios" : 77,
        "short_ios" : 0,
        "drop_ios" : 0,
        "slat_ns" : {
          "min" : 18080863,
          "max" : 22414564073,
          "mean" : 1735195620.753247,
          "stddev" : 3523612114.115505
        },
        "clat_ns" : {
          "min" : 9668,
          "max" : 28316194346,
          "mean" : 11548015705.779221,
          "stddev" : 7365052399.783983,
          "percentile" : {
            "1.000000" : 9664,
            "5.000000" : 13888,
            "10.000000" : 633339904,
            "20.000000" : 4529848320,
            "30.000000" : 6610223104,
            "40.000000" : 9999220736,
            "50.000000" : 10401873920,
            "60.000000" : 13354663936,
            "70.000000" : 15636365312,
            "80.000000" : 17112760320,
            "90.000000" : 17112760320,
            "95.000000" : 17112760320,
            "99.000000" : 17112760320,
            "99.500000" : 17112760320,
            "99.900000" : 17112760320,
            "99.950000" : 17112760320,
            "99.990000" : 17112760320,
            "0.00" : 0,
            "0.00" : 0,
            "0.00" : 0
          },
          "bins" : {
            "9664" : 1,
            "10048" : 1,
            "10304" : 1,
            "13888" : 1,
            "287309824" : 1,
            "316669952" : 1,
            "329252864" : 1,
            "633339904" : 1,
            "708837376" : 1,
            "3942645760" : 2,
            "3976200192" : 1,
            "4177526784" : 1,
            "4244635648" : 2,
            "4529848320" : 1,
            "5066719232" : 1,
            "5133828096" : 1,
            "5402263552" : 1,
            "6073352192" : 2,
            "6140461056" : 2,
            "6610223104" : 1,
            "6945767424" : 1,
            "8086618112" : 1,
            "9596567552" : 1,
            "9730785280" : 2,
            "9999220736" : 4,
            "10133438464" : 2,
            "10401873920" : 4,
            "10536091648" : 5,
            "10804527104" : 1,
            "12415139840" : 1,
            "13354663936" : 2,
            "13488881664" : 1,
            "15099494400" : 2,
            "15367929856" : 2,
            "15636365312" : 3,
            "16575889408" : 1,
            "16710107136" : 1,
            "17112760320" : 19
          }
        },
        "lat_ns" : {
          "min" : 335303917,
          "max" : 28501430310,
          "mean" : 13283214187.259741,
          "stddev" : 7370329027.290330
        },
        "bw_min" : 4087,
        "bw_max" : 16384,
        "bw_agg" : 100.000000,
        "bw_mean" : 7416.160000,
        "bw_dev" : 3562.047114,
        "bw_samples" : 25,
        "iops_min" : 1,
        "iops_max" : 8,
        "iops_mean" : 3.520000,
        "iops_stddev" : 1.782321,
        "iops_samples" : 25
      },
      "trim" : {
        "io_bytes" : 0,
        "io_kbytes" : 0,
        "bw" : 0,
        "iops" : 0.000000,
        "runtime" : 0,
        "total_ios" : 0,
        "short_ios" : 0,
        "drop_ios" : 0,
        "slat_ns" : {
          "min" : 0,
          "max" : 0,
          "mean" : 0.000000,
          "stddev" : 0.000000
        },
        "clat_ns" : {
          "min" : 0,
          "max" : 0,
          "mean" : 0.000000,
          "stddev" : 0.000000,
          "percentile" : {
            "1.000000" : 0,
            "5.000000" : 0,
            "10.000000" : 0,
            "20.000000" : 0,
            "30.000000" : 0,
            "40.000000" : 0,
            "50.000000" : 0,
            "60.000000" : 0,
            "70.000000" : 0,
            "80.000000" : 0,
            "90.000000" : 0,
            "95.000000" : 0,
            "99.000000" : 0,
            "99.500000" : 0,
            "99.900000" : 0,
            "99.950000" : 0,
            "99.990000" : 0,
            "0.00" : 0,
            "0.00" : 0,
            "0.00" : 0
          },
          "bins" : {

          }
        },
        "lat_ns" : {
          "min" : 0,
          "max" : 0,
          "mean" : 0.000000,
          "stddev" : 0.000000
        },
        "bw_min" : 0,
        "bw_max" : 0,
        "bw_agg" : 0.000000,
        "bw_mean" : 0.000000,
        "bw_dev" : 0.000000,
        "bw_samples" : 0,
        "iops_min" : 0,
        "iops_max" : 0,
        "iops_mean" : 0.000000,
        "iops_stddev" : 0.000000,
        "iops_samples" : 0
      },
      "usr_cpu" : 0.010440,
      "sys_cpu" : 0.088742,
      "ctx" : 19857,
      "majf" : 0,
      "minf" : 33,
      "iodepth_level" : {
        "1" : 5.194805,
        "2" : 10.389610,
        "4" : 20.779221,
        "8" : 63.636364,
        "16" : 0.000000,
        "32" : 0.000000,
        ">=64" : 0.000000
      },
      "latency_ns" : {
        "2" : 0.000000,
        "4" : 0.000000,
        "10" : 0.000000,
        "20" : 0.000000,
        "50" : 0.000000,
        "100" : 0.000000,
        "250" : 0.000000,
        "500" : 0.000000,
        "750" : 0.000000,
        "1000" : 0.000000
      },
      "latency_us" : {
        "2" : 0.000000,
        "4" : 0.000000,
        "10" : 1.298701,
        "20" : 3.896104,
        "50" : 0.000000,
        "100" : 0.000000,
        "250" : 0.000000,
        "500" : 0.000000,
        "750" : 0.000000,
        "1000" : 0.000000
      },
      "latency_ms" : {
        "2" : 0.000000,
        "4" : 0.000000,
        "10" : 0.000000,
        "20" : 0.000000,
        "50" : 0.000000,
        "100" : 0.000000,
        "250" : 0.000000,
        "500" : 3.896104,
        "750" : 2.597403,
        "1000" : 0.000000,