{
  "fio version" : "fio-3.1",
  "timestamp" : 1556020520,
  "timestamp_ms" : 1556020520177,
  "time" : "Tue Apr 23 12:55:20 2019",
  "global options" : {
    "fallocate" : "none",
    "runtime" : "30",
    "directory" : "/data/fio_write/beegfs-randwrite-64-client-26896-21",
    "bs" : "65536",
    "time_based" : "1",
    "ioengine" : "libaio",
    "iodepth" : "8",
    "direct" : "1",
    "buffered" : "0",
    "thread" : "0",
    "group_reporting" : "1",
    "filesize" : "32g",
    "size" : "32g",
    "filename_format" : "$jobnum.dat"
  },
  "jobs" : [
    {
      "jobname" : "fio-job",
      "groupid" : 0,
      "error" : 0,
      "eta" : 0,
      "elapsed" : 31,
      "job options" : {
        "rw" : "randwrite"
      },
      "read" : {
        "io_bytes" : 0,
        "io_kbytes" : 0,
        "bw" : 0,
        "iops" : 0.000000,
        "runtime" : 0,
        "total_ios" : 0,
        "short_ios" : 0,
        "drop_ios" : 0,
        "slat_ns" : {
          "min" : 0,
          "max" : 0,
          "mean" : 0.000000,
          "stddev" : 0.000000
        },
        "clat_ns" : {
          "min" : 0,
          "max" : 0,
          "mean" : 0.000000,
          "stddev" : 0.000000,
          "percentile" : {
            "1.000000" : 0,
            "5.000000" : 0,
            "10.000000" : 0,
            "20.000000" : 0,
            "30.000000" : 0,
            "40.000000" : 0,
            "50.000000" : 0,
            "60.000000" : 0,
            "70.000000" : 0,
            "80.000000" : 0,
            "90.000000" : 0,
            "95.000000" : 0,
            "99.000000" : 0,
            "99.500000" : 0,
            "99.900000" : 0,
            "99.950000" : 0,
            "99.990000" : 0,
            "0.00" : 0,
            "0.00" : 0,
            "0.00" : 0
          },
          "bins" : {

          }
        },
        "lat_ns" : {
          "min" : 0,
          "max" : 0,
          "mean" : 0.000000,
          "stddev" : 0.000000
        },
        "bw_min" : 0,
        "bw_max" : 0,
        "bw_agg" : 0.000000,
        "bw_mean" : 0.000000,
        "bw_dev" : 0.000000,
        "bw_samples" : 0,
        "iops_min" : 0,
        "iops_max" : 0,
        "iops_mean" : 0.000000,
        "iops_stddev" : 0.000000,
        "iops_samples" : 0
      },
      "write" : {
        "io_bytes" : 375652352,
        "io_kbytes" : 366848,
        "bw" : 12195,
        "iops" : 190.552176,
        "runtime" : 30081,
        "total_ios" : 5732,
        "short_ios" : 0,
        "drop_ios" : 0,
        "slat_ns" : {
          "min" : 10221,
          "max" : 412317635,
          "mean" : 19206849.127704,
          "stddev" : 61782240.847609
        },
        "clat_ns" : {
          "min" : 82187,
          "max" : 985030935,
          "mean" : 147468063.225925,
          "stddev" : 129571708.510185,
          "percentile" : {
            "1.000000" : 5537792,
            "5.000000" : 7438336,
            "10.000000" : 8847360,
            "20.000000" : 11993088,
            "30.000000" : 16056320,
            "40.000000" : 21364736,
            "50.000000" : 191889408,
            "60.000000" : 231735296,
            "70.000000" : 242221056,
            "80.000000" : 250609664,
            "90.000000" : 278921216,
            "95.000000" : 312475648,
            "99.000000" : 480247808,
            "99.500000" : 616562688,
            "99.900000" : 742391808,
            "99.950000" : 985661440,
            "99.990000" : 985661440,
            "0.00" : 0,
            "0.00" : 0,
            "0.00" : 0
          },
          "bins" : {
            "82432" : 1,
            "99840" : 1,
            "100864" : 1,
            "102912" : 1,
            "103936" : 1,
            "121344" : 1,
            "415744" : 1,
            "501760" : 1,
            "634880" : 1,
            "1974272" : 1,
            "2039808" : 1,
            "2146304" : 1,
            "2179072" : 1,
            "2703360" : 1,
            "3325952" : 1,
            "3489792" : 2,
            "3817472" : 1,
            "3850240" : 1,
            "4177920" : 1,
            "4292608" : 1,
            "4358144" : 2,
            "4423680" : 1,
            "4554752" : 1,
            "4685824" : 2,
            "4751360" : 2,
            "4816896" : 4,
            "4882432" : 1,
            "5013504" : 2,
            "5079040" : 5,
            "5144576" : 3,
            "5210112" : 1,
            "5275648" : 4,
            "5341184" : 3,
            "5406720" : 2,
            "5472256" : 2,
            "5537792" : 5,
            "5603328" : 4,
            "5668864" : 2,
            "5734400" : 7,
            "5799936" : 1,
            "5865472" : 6,
            "5931008" : 4,
            "5996544" : 8,
            "6062080" : 6,
            "6127616" : 6,
            "6193152" : 13,
            "6258688" : 7,
            "6324224" : 8,
            "6389760" : 4,
            "6455296" : 13,
            "6520832" : 2,
            "6586368" : 4,
            "6651904" : 6,
            "6717440" : 6,
            "6782976" : 8,
            "6848512" : 11,
            "6914048" : 14,
            "6979584" : 11,
            "7045120" : 8,
            "7110656" : 19,
            "7176192" : 5,
            "7241728" : 15,
            "7307264" : 6,
            "7372800" : 13,
            "7438336" : 15,
            "7503872" : 11,
            "7569408" : 12,
            "7634944" : 9,
            "7700480" : 10,
            "7766016" : 15,
            "7831552" : 12,
            "7897088" : 11,
            "7962624" : 14,
            "8028160" : 14,
            "8093696" : 18,
            "8159232" : 17,
            "8224768" : 20,
            "8290304" : 9,
            "8355840" : 16,
            "8454144" : 24,
            "8585216" : 32,
            "8716288" : 30,
            "8847360" : 35,
            "8978432" : 33,
            "9109504" : 40,
            "9240576" : 32,
            "9371648" : 37,
            "9502720" : 26,
            "9633792" : 31,
            "9764864" : 38,
            "9895936" : 26,
            "10027008" : 20,
            "10158080" : 21,
            "10289152" : 30,
            "10420224" : 16,
            "10551296" : 22,
            "10682368" : 16,
            "10813440" : 12,
            "10944512" : 16,
            "11075584" : 12,
            "11206656" : 23,
            "11337728" : 15,
            "11468800" : 10,
            "11599872" : 20,
            "11730944" : 19,
            "11862016" : 19,
            "11993088" : 22,
            "12124160" : 24,
            "12255232" : 15,
            "12386304" : 18,
            "12517376" : 23,
            "12648448" : 22,
            "12779520" : 23,
            "12910592" : 28,
            "13041664" : 18,
            "13172736" : 24,
            "13303808" : 16,
            "13434880" : 17,
            "13565952" : 17,
            "13697024" : 13,
            "13828096" : 29,
            "13959168" : 13,
            "14090240" : 17,
            "14221312" : 14,
            "14352384" : 20,
            "14483456" : 18,
            "14614528" : 18,
            "14745600" : 18,
            "14876672" : 12,
            "15007744" : 13,
            "15138816" : 16,
            "15269888" : 15,
            "15400960" : 21,
            "15532032" : 18,
            "15663104" : 20,
            "15794176" : 11,
            "15925248" : 20,
            "16056320" : 19,
            "16187392" : 14,
            "16318464" : 11,
            "16449536" : 11,
            "16580608" : 25,
            "16711680" : 21,
            "16908288" : 45,
            "17170432" : 34,
            "17432576" : 40,
            "17694720" : 32,
            "17956864" : 48,
            "18219008" : 40,
            "18481152" : 47,
            "18743296" : 36,
            "19005440" : 21,
            "19267584" : 36,
            "19529728" : 18,
            "19791872" : 19,
            "20054016" : 16,
            "20316160" : 12,