{
  "fio version" : "fio-3.1",
  "timestamp" : 1574274672,
  "timestamp_ms" : 1574274672200,
  "time" : "Wed Nov 20 18:31:12 2019",
  "global options" : {
    "directory" : "data/fio_write/beegfs-randwrite-64-98kz2",
    "bs" : "131072",
    "fallocate" : "none",
    "runtime" : "30",
    "time_based" : "1",
    "ioengine" : "libaio",
    "iodepth" : "8",
    "direct" : "1",
    "buffered" : "0",
    "invalidate" : "1",
    "ramp_time" : "0",
    "thread" : "0",
    "group_reporting" : "1",
    "filesize" : "32g",
    "size" : "32g",
    "filename_format" : "$jobnum.dat"
  },
  "jobs" : [
    {
      "jobname" : "fio-job",
      "groupid" : 0,
      "error" : 0,
      "eta" : 0,
      "elapsed" : 32,
      "job options" : {
        "rw" : "randwrite"
      },
      "read" : {
        "io_bytes" : 0,
        "io_kbytes" : 0,
        "bw" : 0,
        "iops" : 0.000000,
        "runtime" : 0,
        "total_ios" : 0,
        "short_ios" : 0,
        "drop_ios" : 0,
        "slat_ns" : {
          "min" : 0,
          "max" : 0,
          "mean" : 0.000000,
          "stddev" : 0.000000
        },
        "clat_ns" : {
          "min" : 0,
          "max" : 0,
          "mean" : 0.000000,
          "stddev" : 0.000000,
          "percentile" : {
            "1.000000" : 0,
            "5.000000" : 0,
            "10.000000" : 0,
            "20.000000" : 0,
            "30.000000" : 0,
            "40.000000" : 0,
            "50.000000" : 0,
            "60.000000" : 0,
            "70.000000" : 0,
            "80.000000" : 0,
            "90.000000" : 0,
            "95.000000" : 0,
            "99.000000" : 0,
            "99.500000" : 0,
            "99.900000" : 0,
            "99.950000" : 0,
            "99.990000" : 0,
            "0.00" : 0,
            "0.00" : 0,
            "0.00" : 0
          },
          "bins" : {

          }
        },
        "lat_ns" : {
          "min" : 0,
          "max" : 0,
          "mean" : 0.000000,
          "stddev" : 0.000000
        },
        "bw_min" : 0,
        "bw_max" : 0,
        "bw_agg" : 0.000000,
        "bw_mean" : 0.000000,
        "bw_dev" : 0.000000,
        "bw_samples" : 0,
        "iops_min" : 0,
        "iops_max" : 0,
        "iops_mean" : 0.000000,
        "iops_stddev" : 0.000000,
        "iops_samples" : 0
      },
      "write" : {
        "io_bytes" : 21495808,
        "io_kbytes" : 20992,
        "bw" : 685,
        "iops" : 5.352480,
        "runtime" : 30640,
        "total_ios" : 164,
        "short_ios" : 0,
        "drop_ios" : 0,
        "slat_ns" : {
          "min" : 6702,
          "max" : 19382055130,
          "mean" : 665174210.475610,
          "stddev" : 2014502503.617159
        },
        "clat_ns" : {
          "min" : 112926,
          "max" : 20722411040,
          "mean" : 4295660184.756098,
          "stddev" : 4236944872.396937,
          "percentile" : {
            "1.000000" : 700416,
            "5.000000" : 54263808,
            "10.000000" : 111673344,
            "20.000000" : 633339904,
            "30.000000" : 1753219072,
            "40.000000" : 2231369728,
            "50.000000" : 3305111552,
            "60.000000" : 4529848320,
            "70.000000" : 4932501504,
            "80.000000" : 6610223104,
            "90.000000" : 10133438464,
            "95.000000" : 13220446208,
            "99.000000" : 17112760320,
            "99.500000" : 17112760320,
            "99.900000" : 17112760320,
            "99.950000" : 17112760320,
            "99.990000" : 17112760320,
            "0.00" : 0,
            "0.00" : 0,
            "0.00" : 0
          },
          "bins" : {
            "113152" : 1,
            "700416" : 1,
            "1368064" : 1,
            "2932736" : 1,
            "42729472" : 1,
            "49545216" : 1,
            "50069504" : 1,
            "54263808" : 3,
            "54788096" : 1,
            "57409536" : 3,
            "73924608" : 1,
            "101187584" : 1,
            "111673344" : 3,
            "137363456" : 1,
            "145752064" : 2,
            "147849216" : 1,
            "149946368" : 1,
            "162529280" : 1,
            "164626432" : 1,
            "480247808" : 1,
            "497025024" : 1,
            "574619648" : 1,
            "583008256" : 1,
            "599785472" : 1,
            "616562688" : 1,
            "633339904" : 1,
            "775946240" : 1,
            "851443712" : 1,
            "935329792" : 1,
            "1035993088" : 1,
            "1132462080" : 1,
            "1266679808" : 1,
            "1283457024" : 1,
            "1400897536" : 1,
            "1417674752" : 2,
            "1518338048" : 2,
            "1535115264" : 1,
            "1585446912" : 1,
            "1686110208" : 1,
            "1719664640" : 1,
            "1753219072" : 2,
            "1769996288" : 2,
            "1786773504" : 2,
            "1803550720" : 1,
            "1820327936" : 1,
            "1870659584" : 1,
            "1887436800" : 1,
            "1920991232" : 1,
            "1954545664" : 4,
            "2122317824" : 1,
            "2231369728" : 2,
            "2332033024" : 2,
            "2365587456" : 1,
            "2432696320" : 1,
            "2566914048" : 1,
            "2667577344" : 1,
            "2701131776" : 2,
            "2734686208" : 1,
            "2902458368" : 1,
            "2969567232" : 1,
            "3003121664" : 1,
            "3036676096" : 1,
            "3271557120" : 1,
            "3305111552" : 2,
            "3338665984" : 2,
            "3372220416" : 1,
            "3405774848" : 1,
            "3472883712" : 1,
            "3539992576" : 1,
            "3640655872" : 1,
            "3774873600" : 2,
            "4278190080" : 2,
            "4395630592" : 2,
            "4462739456" : 1,
            "4529848320" : 5,
            "4596957184" : 1,
            "4664066048" : 3,
            "4731174912" : 6,
            "4798283776" : 1,
            "4932501504" : 4,
            "4999610368" : 1,
            "5066719232" : 2,
            "5200936960" : 1,
            "5335154688" : 1,
            "5469372416" : 1,
            "5737807872" : 1,
            "6006243328" : 1,
            "6341787648" : 1,
            "6476005376" : 2,
            "6543114240" : 2,
            "6610223104" : 2,
            "6677331968" : 1,
            "7214202880" : 1,
            "7348420608" : 1,
            "7415529472" : 1,
            "8086618112" : 1,
            "8153726976" : 1,
            "8422162432" : 2,
            "8556380160" : 1,
            "8657043456" : 1,
            "9193914368" : 1,
            "9328132096" : 1,
            "9865003008" : 1,
            "9999220736" : 1,
            "10133438464" : 2,
            "10267656192" : 1,
            "10536091648" : 2,
            "10938744832" : 1,
            "11207180288" : 1,
            "12415139840" : 1,
            "12952010752" : 1,
            "13220446208" : 3,
            "14562623488" : 1,
            "14696841216" : 2,
            "17112760320" : 3
          }
        },
        "lat_ns" : {
          "min" : 1590565,
          "max" : 20792455759,
          "mean" : 4960835712.512196,
          "stddev" : 4549432761.280269
        },
        "bw_min" : 255,
        "bw_max" : 3072,
        "bw_agg" : 94.700454,
        "bw_mean" : 648.698113,
        "bw_dev" : 594.834902,
        "bw_samples" : 53,
        "iops_min" : 1,
        "iops_max" : 24,
        "iops_mean" : 5.000000,
        "iops_stddev" : 4.628507,
        "iops_samples" : 53
      },
      "trim" : {
        "io_bytes" : 0,
        "io_kbytes" : 0,
        "bw" : 0,
        "iops" : 0.000000,
        "runtime" : 0,
        "total_ios" : 0,
        "short_ios" : 0,
        "drop_ios" : 0,
        "slat_ns" : {
          "min" : 0,
          "max" : 0,
          "mean" : 0.000000,
          "stddev" : 0.000000
        },
        "clat_ns" : {
          "min" : 0,
          "max" : 0,