{
  "fio version" : "fio-3.1",
  "timestamp" : 1556099761,
  "timestamp_ms" : 1556099761189,
  "time" : "Wed Apr 24 09:56:01 2019",
  "global options" : {
    "fallocate" : "none",
    "runtime" : "30",
    "directory" : "data/fio_write/beegfs-write-64-cfqg9",
    "bs" : "16777216",
    "time_based" : "1",
    "ioengine" : "libaio",
    "iodepth" : "8",
    "direct" : "1",
    "buffered" : "0",
    "thread" : "0",
    "group_reporting" : "1",
    "filesize" : "32g",
    "size" : "32g",
    "filename_format" : "$jobnum.dat"
  },
  "jobs" : [
    {
      "jobname" : "fio-job",
      "groupid" : 0,
      "error" : 0,
      "eta" : 0,
      "elapsed" : 32,
      "job options" : {
        "rw" : "write"
      },
      "read" : {
        "io_bytes" : 0,
        "io_kbytes" : 0,
        "bw" : 0,
        "iops" : 0.000000,
        "runtime" : 0,
        "total_ios" : 0,
        "short_ios" : 0,
        "drop_ios" : 0,
        "slat_ns" : {
          "min" : 0,
          "max" : 0,
          "mean" : 0.000000,
          "stddev" : 0.000000
        },
        "clat_ns" : {
          "min" : 0,
          "max" : 0,
          "mean" : 0.000000,
          "stddev" : 0.000000,
          "percentile" : {
            "1.000000" : 0,
            "5.000000" : 0,
            "10.000000" : 0,
            "20.000000" : 0,
            "30.000000" : 0,
            "40.000000" : 0,
            "50.000000" : 0,
            "60.000000" : 0,
            "70.000000" : 0,
            "80.000000" : 0,
            "90.000000" : 0,
            "95.000000" : 0,
            "99.000000" : 0,
            "99.500000" : 0,
            "99.900000" : 0,
            "99.950000" : 0,
            "99.990000" : 0,
            "0.00" : 0,
            "0.00" : 0,
            "0.00" : 0
          },
          "bins" : {

          }
        },
        "lat_ns" : {
          "min" : 0,
          "max" : 0,
          "mean" : 0.000000,
          "stddev" : 0.000000
        },
        "bw_min" : 0,
        "bw_max" : 0,
        "bw_agg" : 0.000000,
        "bw_mean" : 0.000000,
        "bw_dev" : 0.000000,
        "bw_samples" : 0,
        "iops_min" : 0,
        "iops_max" : 0,
        "iops_mean" : 0.000000,
        "iops_stddev" : 0.000000,
        "iops_samples" : 0
      },
      "write" : {
        "io_bytes" : 2365587456,
        "io_kbytes" : 2310144,
        "bw" : 76124,
        "iops" : 4.646258,
        "runtime" : 30347,
        "total_ios" : 141,
        "short_ios" : 0,
        "drop_ios" : 0,
        "slat_ns" : {
          "min" : 347073906,
          "max" : 1271194162,
          "mean" : 856144005.375887,
          "stddev" : 169317419.431456
        },
        "clat_ns" : {
          "min" : 11395,
          "max" : 7138278979,
          "mean" : 5407510695.709220,
          "stddev" : 1906728955.609079,
          "percentile" : {
            "1.000000" : 14016,
            "5.000000" : 557842432,
            "10.000000" : 1971322880,
            "20.000000" : 4529848320,
            "30.000000" : 5603590144,
            "40.000000" : 5939134464,
            "50.000000" : 6207569920,
            "60.000000" : 6408896512,
            "70.000000" : 6543114240,
            "80.000000" : 6677331968,
            "90.000000" : 6811549696,
            "95.000000" : 6878658560,
            "99.000000" : 7079985152,
            "99.500000" : 7147094016,
            "99.900000" : 7147094016,
            "99.950000" : 7147094016,
            "99.990000" : 7147094016,
            "0.00" : 0,
            "0.00" : 0,
            "0.00" : 0
          },
          "bins" : {
            "11456" : 1,
            "14016" : 1,
            "14144" : 1,
            "14528" : 1,
            "346030080" : 1,
            "379584512" : 1,
            "408944640" : 1,
            "557842432" : 1,
            "910163968" : 1,
            "968884224" : 1,
            "1115684864" : 1,
            "1350565888" : 1,
            "1652555776" : 1,
            "1753219072" : 1,
            "1971322880" : 1,
            "2139095040" : 1,
            "2399141888" : 1,
            "2566914048" : 1,
            "2701131776" : 1,
            "3036676096" : 1,
            "3070230528" : 1,
            "3338665984" : 1,
            "3539992576" : 1,
            "3741319168" : 2,
            "4009754624" : 1,
            "4278190080" : 1,
            "4529848320" : 2,
            "4731174912" : 1,
            "4865392640" : 1,
            "4999610368" : 1,
            "5200936960" : 2,
            "5268045824" : 1,
            "5335154688" : 3,
            "5469372416" : 1,
            "5536481280" : 3,
            "5603590144" : 1,
            "5670699008" : 2,
            "5737807872" : 3,
            "5804916736" : 2,
            "5872025600" : 3,
            "5939134464" : 6,
            "6006243328" : 3,
            "6073352192" : 4,
            "6140461056" : 4,
            "6207569920" : 4,
            "6274678784" : 2,
            "6341787648" : 5,
            "6408896512" : 6,
            "6476005376" : 6,
            "6543114240" : 14,
            "6610223104" : 3,
            "6677331968" : 10,
            "6744440832" : 5,
            "6811549696" : 6,
            "6878658560" : 4,
            "6945767424" : 2,
            "7012876288" : 2,
            "7079985152" : 1,
            "7147094016" : 1
          }
        },
        "lat_ns" : {
          "min" : 347092085,
          "max" : 8027142059,
          "mean" : 6263658949.070922,
          "stddev" : 1995897706.696854
        },
        "bw_min" : 32702,
        "bw_max" : 32965,
        "bw_agg" : 43.161097,
        "bw_mean" : 32855.953704,
        "bw_dev" : 79.367757,
        "bw_samples" : 108,
        "iops_min" : 1,
        "iops_max" : 2,
        "iops_mean" : 1.972222,
        "iops_stddev" : 0.165102,
        "iops_samples" : 108
      },
      "trim" : {
        "io_bytes" : 0,
        "io_kbytes" : 0,
        "bw" : 0,
        "iops" : 0.000000,
        "runtime" : 0,
        "total_ios" : 0,
        "short_ios" : 0,
        "drop_ios" : 0,
        "slat_ns" : {
          "min" : 0,
          "max" : 0,
          "mean" : 0.000000,
          "stddev" : 0.000000
        },
        "clat_ns" : {
          "min" : 0,
          "max" : 0,
          "mean" : 0.000000,
          "stddev" : 0.000000,
          "percentile" : {
            "1.000000" : 0,
            "5.000000" : 0,
            "10.000000" : 0,
            "20.000000" : 0,
            "30.000000" : 0,
            "40.000000" : 0,
            "50.000000" : 0,
            "60.000000" : 0,
            "70.000000" : 0,
            "80.000000" : 0,
            "90.000000" : 0,
            "95.000000" : 0,
            "99.000000" : 0,
            "99.500000" : 0,
            "99.900000" : 0,
            "99.950000" : 0,
            "99.990000" : 0,
            "0.00" : 0,
            "0.00" : 0,
            "0.00" : 0
          },
          "bins" : {

          }
        },
        "lat_ns" : {
          "min" : 0,
          "max" : 0,
          "mean" : 0.000000,
          "stddev" : 0.000000
        },
        "bw_min" : 0,
        "bw_max" : 0,
        "bw_agg" : 0.000000,
        "bw_mean" : 0.000000,
        "bw_dev" : 0.000000,
        "bw_samples" : 0,
        "iops_min" : 0,
        "iops_max" : 0,
        "iops_mean" : 0.000000,
        "iops_stddev" : 0.000000,
        "iops_samples" : 0
      },
      "usr_cpu" : 0.189587,
      "sys_cpu" : 1.774168,
      "ctx" : 290579,
      "majf" : 0,
      "minf" : 37,
      "iodepth_level" : {
        "1" : 2.836879,
        "2" : 5.673759,
        "4" : 11.347518,
        "8" : 80.141844,
        "16" : 0.000000,
        "32" : 0.000000,
        ">=64" : 0.000000
      },
      "latency_ns" : {
        "2" : 0.000000,
        "4" : 0.000000,
        "10" : 0.000000,
        "20" : 0.000000,
        "50" : 0.000000,
        "100" : 0.000000,
        "250" : 0.000000,
        "500" : 0.000000,
        "750" : 0.000000,