{
  "fio version" : "fio-3.1",
  "timestamp" : 1555531233,
  "timestamp_ms" : 1555531233634,
  "time" : "Wed Apr 17 20:00:33 2019",
  "global options" : {
    "fallocate" : "none",
    "runtime" : "30",
    "directory" : "/data/fio_write/beegfs-write-64-8tjg7",
    "bs" : "2097152",
    "time_based" : "1",
    "ioengine" : "libaio",
    "iodepth" : "8",
    "direct" : "1",
    "buffered" : "0",
    "thread" : "0",
    "group_reporting" : "1",
    "filesize" : "32g",
    "size" : "32g",
    "filename_format" : "$jobnum.dat"
  },
  "jobs" : [
    {
      "jobname" : "fio-job",
      "groupid" : 0,
      "error" : 0,
      "eta" : 0,
      "elapsed" : 31,
      "job options" : {
        "rw" : "write"
      },
      "read" : {
        "io_bytes" : 0,
        "io_kbytes" : 0,
        "bw" : 0,
        "iops" : 0.000000,
        "runtime" : 0,
        "total_ios" : 0,
        "short_ios" : 0,
        "drop_ios" : 0,
        "slat_ns" : {
          "min" : 0,
          "max" : 0,
          "mean" : 0.000000,
          "stddev" : 0.000000
        },
        "clat_ns" : {
          "min" : 0,
          "max" : 0,
          "mean" : 0.000000,
          "stddev" : 0.000000,
          "percentile" : {
            "1.000000" : 0,
            "5.000000" : 0,
            "10.000000" : 0,
            "20.000000" : 0,
            "30.000000" : 0,
            "40.000000" : 0,
            "50.000000" : 0,
            "60.000000" : 0,
            "70.000000" : 0,
            "80.000000" : 0,
            "90.000000" : 0,
            "95.000000" : 0,
            "99.000000" : 0,
            "99.500000" : 0,
            "99.900000" : 0,
            "99.950000" : 0,
            "99.990000" : 0,
            "0.00" : 0,
            "0.00" : 0,
            "0.00" : 0
          },
          "bins" : {

          }
        },
        "lat_ns" : {
          "min" : 0,
          "max" : 0,
          "mean" : 0.000000,
          "stddev" : 0.000000
        },
        "bw_min" : 0,
        "bw_max" : 0,
        "bw_agg" : 0.000000,
        "bw_mean" : 0.000000,
        "bw_dev" : 0.000000,
        "bw_samples" : 0,
        "iops_min" : 0,
        "iops_max" : 0,
        "iops_mean" : 0.000000,
        "iops_stddev" : 0.000000,
        "iops_samples" : 0
      },
      "write" : {
        "io_bytes" : 1986002944,
        "io_kbytes" : 1939456,
        "bw" : 64021,
        "iops" : 31.260316,
        "runtime" : 30294,
        "total_ios" : 947,
        "short_ios" : 0,
        "drop_ios" : 0,
        "slat_ns" : {
          "min" : 1308545,
          "max" : 1922356455,
          "mean" : 127536808.286167,
          "stddev" : 234246960.174279
        },
        "clat_ns" : {
          "min" : 4429,
          "max" : 3985206639,
          "mean" : 890902840.078141,
          "stddev" : 584894165.945499,
          "percentile" : {
            "1.000000" : 107479040,
            "5.000000" : 202375168,
            "10.000000" : 270532608,
            "20.000000" : 404750336,
            "30.000000" : 534773760,
            "40.000000" : 633339904,
            "50.000000" : 767557632,
            "60.000000" : 893386752,
            "70.000000" : 1069547520,
            "80.000000" : 1266679808,
            "90.000000" : 1686110208,
            "95.000000" : 2004877312,
            "99.000000" : 2868903936,
            "99.500000" : 3204448256,
            "99.900000" : 3976200192,
            "99.950000" : 3976200192,
            "99.990000" : 3976200192,
            "0.00" : 0,
            "0.00" : 0,
            "0.00" : 0
          },
          "bins" : {
            "4448" : 1,
            "6176" : 1,
            "6304" : 1,
            "6880" : 1,
            "96993280" : 1,
            "98041856" : 1,
            "100139008" : 1,
            "103284736" : 1,
            "105381888" : 1,
            "107479040" : 1,
            "110624768" : 2,
            "111673344" : 2,
            "113770496" : 1,
            "117964800" : 1,
            "120061952" : 1,
            "121110528" : 1,
            "122159104" : 1,
            "123207680" : 1,
            "124256256" : 1,
            "128450560" : 2,
            "129499136" : 1,
            "131596288" : 1,
            "135266304" : 1,
            "139460608" : 1,
            "143654912" : 2,
            "149946368" : 1,
            "160432128" : 1,
            "164626432" : 2,
            "166723584" : 1,
            "170917888" : 1,
            "173015040" : 2,
            "175112192" : 1,
            "177209344" : 1,
            "179306496" : 2,
            "187695104" : 1,
            "191889408" : 1,
            "193986560" : 2,
            "198180864" : 2,
            "202375168" : 1,
            "204472320" : 1,
            "206569472" : 3,
            "208666624" : 1,
            "210763776" : 1,
            "214958080" : 3,
            "217055232" : 1,
            "219152384" : 1,
            "223346688" : 1,
            "227540992" : 3,
            "229638144" : 2,
            "231735296" : 2,
            "233832448" : 1,
            "235929600" : 1,
            "238026752" : 2,
            "240123904" : 1,
            "242221056" : 1,
            "244318208" : 1,
            "246415360" : 2,
            "248512512" : 1,
            "250609664" : 1,
            "252706816" : 1,
            "254803968" : 2,
            "256901120" : 1,
            "258998272" : 3,
            "261095424" : 4,
            "263192576" : 2,
            "265289728" : 3,
            "270532608" : 1,
            "274726912" : 2,
            "278921216" : 4,
            "283115520" : 5,
            "287309824" : 1,
            "291504128" : 3,
            "295698432" : 3,
            "299892736" : 2,
            "304087040" : 4,
            "312475648" : 3,
            "316669952" : 2,
            "320864256" : 4,
            "325058560" : 4,
            "329252864" : 3,
            "333447168" : 3,
            "337641472" : 2,
            "341835776" : 4,
            "346030080" : 6,
            "350224384" : 4,
            "354418688" : 1,
            "358612992" : 2,
            "362807296" : 2,
            "367001600" : 5,
            "375390208" : 4,
            "379584512" : 5,
            "383778816" : 3,
            "387973120" : 2,
            "392167424" : 5,
            "396361728" : 1,
            "400556032" : 5,
            "404750336" : 7,
            "408944640" : 4,
            "413138944" : 2,
            "417333248" : 1,
            "421527552" : 3,
            "425721856" : 2,
            "429916160" : 4,
            "434110464" : 1,
            "438304768" : 1,
            "442499072" : 1,
            "446693376" : 2,
            "450887680" : 5,
            "455081984" : 1,
            "459276288" : 1,
            "463470592" : 6,
            "467664896" : 3,
            "471859200" : 4,
            "476053504" : 2,
            "480247808" : 3,
            "484442112" : 4,
            "488636416" : 5,
            "492830720" : 3,
            "501219328" : 3,
            "505413632" : 7,
            "509607936" : 5,
            "513802240" : 5,
            "522190848" : 3,
            "526385152" : 3,
            "530579456" : 4,
            "534773760" : 6,
            "541065216" : 7,
            "549453824" : 5,
            "557842432" : 7,
            "566231040" : 8,
            "574619648" : 8,
            "583008256" : 4,
            "591396864" : 7,
            "599785472" : 7,
            "608174080" : 8,
            "616562688" : 5,
            "624951296" : 13,
            "633339904" : 10,
            "641728512" : 7,
            "650117120" : 7,
            "658505728" : 6,
            "666894336" : 7,
            "675282944" : 7,
            "683671552" : 6,
            "692060160" : 5,
            "700448768" : 5,
            "708837376" : 8,
            "717225984" : 5,
            "725614592" : 9,
            "734003200" : 2,
            "742391808" : 5,
            "750780416" : 7,