{
  "fio version" : "fio-3.1",
  "timestamp" : 1556097186,
  "timestamp_ms" : 1556097186189,
  "time" : "Wed Apr 24 10:13:06 2019",
  "global options" : {
    "fallocate" : "none",
    "runtime" : "30",
    "directory" : "/mnt/storage-nvme/fio_write/beegfs-randwrite-64-client-75712-14",
    "bs" : "4096",
    "time_based" : "1",
    "ioengine" : "libaio",
    "iodepth" : "8",
    "direct" : "1",
    "buffered" : "0",
    "thread" : "0",
    "group_reporting" : "1",
    "filesize" : "32g",
    "size" : "32g",
    "filename_format" : "$jobnum.dat"
  },
  "jobs" : [
    {
      "jobname" : "fio-job",
      "groupid" : 0,
      "error" : 0,
      "eta" : 0,
      "elapsed" : 31,
      "job options" : {
        "rw" : "randwrite"
      },
      "read" : {
        "io_bytes" : 0,
        "io_kbytes" : 0,
        "bw" : 0,
        "iops" : 0.000000,
        "runtime" : 0,
        "total_ios" : 0,
        "short_ios" : 0,
        "drop_ios" : 0,
        "slat_ns" : {
          "min" : 0,
          "max" : 0,
          "mean" : 0.000000,
          "stddev" : 0.000000
        },
        "clat_ns" : {
          "min" : 0,
          "max" : 0,
          "mean" : 0.000000,
          "stddev" : 0.000000,
          "percentile" : {
            "1.000000" : 0,
            "5.000000" : 0,
            "10.000000" : 0,
            "20.000000" : 0,
            "30.000000" : 0,
            "40.000000" : 0,
            "50.000000" : 0,
            "60.000000" : 0,
            "70.000000" : 0,
            "80.000000" : 0,
            "90.000000" : 0,
            "95.000000" : 0,
            "99.000000" : 0,
            "99.500000" : 0,
            "99.900000" : 0,
            "99.950000" : 0,
            "99.990000" : 0,
            "0.00" : 0,
            "0.00" : 0,
            "0.00" : 0
          },
          "bins" : {

          }
        },
        "lat_ns" : {
          "min" : 0,
          "max" : 0,
          "mean" : 0.000000,
          "stddev" : 0.000000
        },
        "bw_min" : 0,
        "bw_max" : 0,
        "bw_agg" : 0.000000,
        "bw_mean" : 0.000000,
        "bw_dev" : 0.000000,
        "bw_samples" : 0,
        "iops_min" : 0,
        "iops_max" : 0,
        "iops_mean" : 0.000000,
        "iops_stddev" : 0.000000,
        "iops_samples" : 0
      },
      "write" : {
        "io_bytes" : 648011776,
        "io_kbytes" : 632824,
        "bw" : 21093,
        "iops" : 5273.357555,
        "runtime" : 30001,
        "total_ios" : 158206,
        "short_ios" : 0,
        "drop_ios" : 0,
        "slat_ns" : {
          "min" : 73689,
          "max" : 242248680,
          "mean" : 752731.483856,
          "stddev" : 1603390.256462
        },
        "clat_ns" : {
          "min" : 1675,
          "max" : 245929373,
          "mean" : 5273133.561338,
          "stddev" : 3923034.777480,
          "percentile" : {
            "1.000000" : 1433600,
            "5.000000" : 1859584,
            "10.000000" : 2179072,
            "20.000000" : 2670592,
            "30.000000" : 3162112,
            "40.000000" : 3686400,
            "50.000000" : 4292608,
            "60.000000" : 5013504,
            "70.000000" : 5931008,
            "80.000000" : 7241728,
            "90.000000" : 9502720,
            "95.000000" : 11993088,
            "99.000000" : 17956864,
            "99.500000" : 20316160,
            "99.900000" : 29753344,
            "99.950000" : 34340864,
            "99.990000" : 57409536,
            "0.00" : 0,
            "0.00" : 0,
            "0.00" : 0
          },
          "bins" : {
            "1672" : 1,
            "1768" : 2,
            "2192" : 1,
            "113152" : 1,
            "140288" : 1,
            "242688" : 1,
            "288768" : 1,
            "301056" : 1,
            "378880" : 1,
            "415744" : 1,
            "452608" : 1,
            "528384" : 1,
            "552960" : 1,
            "602112" : 1,
            "651264" : 1,
            "692224" : 1,
            "716800" : 1,
            "741376" : 1,
            "798720" : 1,
            "815104" : 2,
            "823296" : 1,
            "831488" : 3,
            "839680" : 5,
            "856064" : 1,
            "872448" : 2,
            "880640" : 3,
            "888832" : 3,
            "897024" : 2,
            "913408" : 1,
            "921600" : 3,
            "929792" : 4,
            "937984" : 5,
            "946176" : 5,
            "954368" : 2,
            "962560" : 7,
            "970752" : 7,
            "978944" : 7,
            "987136" : 4,
            "995328" : 6,
            "1003520" : 4,
            "1011712" : 7,
            "1019904" : 4,
            "1028096" : 7,
            "1036288" : 6,
            "1044480" : 4,
            "1056768" : 18,
            "1073152" : 26,
            "1089536" : 14,
            "1105920" : 26,
            "1122304" : 25,
            "1138688" : 32,
            "1155072" : 24,
            "1171456" : 41,
            "1187840" : 39,
            "1204224" : 38,
            "1220608" : 54,
            "1236992" : 62,
            "1253376" : 52,
            "1269760" : 68,
            "1286144" : 66,
            "1302528" : 78,
            "1318912" : 86,
            "1335296" : 92,
            "1351680" : 80,
            "1368064" : 93,
            "1384448" : 110,
            "1400832" : 117,
            "1417216" : 120,
            "1433600" : 103,
            "1449984" : 155,
            "1466368" : 156,
            "1482752" : 154,
            "1499136" : 177,
            "1515520" : 153,
            "1531904" : 176,
            "1548288" : 182,
            "1564672" : 186,
            "1581056" : 196,
            "1597440" : 223,
            "1613824" : 241,
            "1630208" : 238,
            "1646592" : 262,
            "1662976" : 239,
            "1679360" : 262,
            "1695744" : 272,
            "1712128" : 302,
            "1728512" : 290,
            "1744896" : 286,
            "1761280" : 297,
            "1777664" : 331,
            "1794048" : 326,
            "1810432" : 362,
            "1826816" : 299,
            "1843200" : 385,
            "1859584" : 359,
            "1875968" : 341,
            "1892352" : 365,
            "1908736" : 377,
            "1925120" : 382,
            "1941504" : 424,
            "1957888" : 401,
            "1974272" : 425,
            "1990656" : 432,
            "2007040" : 435,
            "2023424" : 434,
            "2039808" : 460,
            "2056192" : 421,
            "2072576" : 452,
            "2088960" : 456,
            "2113536" : 887,
            "2146304" : 952,
            "2179072" : 908,
            "2211840" : 994,
            "2244608" : 908,
            "2277376" : 972,
            "2310144" : 1005,
            "2342912" : 1028,
            "2375680" : 1022,
            "2408448" : 1015,
            "2441216" : 1060,
            "2473984" : 1011,
            "2506752" : 1055,
            "2539520" : 1064,
            "2572288" : 1060,
            "2605056" : 1041,
            "2637824" : 1086,
            "2670592" : 1077,
            "2703360" : 1120,
            "2736128" : 1117,
            "2768896" : 1029,
            "2801664" : 1043,
            "2834432" : 1023,
            "2867200" : 1115,
            "2899968" : 1028,
            "2932736" : 1150,
            "2965504" : 1028,
            "2998272" : 1073,
            "3031040" : 1099,
            "3063808" : 1027,
            "3096576" : 1000,
            "3129344" : 1028,
            "3162112" : 996,
            "3194880" : 1082,
            "3227648" : 1068,
            "3260416" : 1034,
            "3293184" : 1024,
            "3325952" : 1036,
            "3358720" : 1032,
            "3391488" : 955,
            "3424256" : 949,
            "3457024" : 964,
            "3489792" : 961,
            "3522560" : 980,
            "3555328" : 948,
            "3588096" : 950,
            "3620864" : 911,
            "3653632" : 965,