{
  "fio version" : "fio-3.1",
  "timestamp" : 1574248212,
  "timestamp_ms" : 1574248212668,
  "time" : "Wed Nov 20 11:10:12 2019",
  "global options" : {
    "directory" : "data/fio_write/beegfs-randwrite-64-x8vnv",
    "bs" : "131072",
    "fallocate" : "none",
    "runtime" : "30",
    "time_based" : "1",
    "ioengine" : "libaio",
    "iodepth" : "8",
    "direct" : "1",
    "buffered" : "0",
    "invalidate" : "1",
    "ramp_time" : "0",
    "thread" : "0",
    "group_reporting" : "1",
    "filesize" : "32g",
    "size" : "32g",
    "filename_format" : "$jobnum.dat"
  },
  "jobs" : [
    {
      "jobname" : "fio-job",
      "groupid" : 0,
      "error" : 0,
      "eta" : 0,
      "elapsed" : 34,
      "job options" : {
        "rw" : "randwrite"
      },
      "read" : {
        "io_bytes" : 0,
        "io_kbytes" : 0,
        "bw" : 0,
        "iops" : 0.000000,
        "runtime" : 0,
        "total_ios" : 0,
        "short_ios" : 0,
        "drop_ios" : 0,
        "slat_ns" : {
          "min" : 0,
          "max" : 0,
          "mean" : 0.000000,
          "stddev" : 0.000000
        },
        "clat_ns" : {
          "min" : 0,
          "max" : 0,
          "mean" : 0.000000,
          "stddev" : 0.000000,
          "percentile" : {
            "1.000000" : 0,
            "5.000000" : 0,
            "10.000000" : 0,
            "20.000000" : 0,
            "30.000000" : 0,
            "40.000000" : 0,
            "50.000000" : 0,
            "60.000000" : 0,
            "70.000000" : 0,
            "80.000000" : 0,
            "90.000000" : 0,
            "95.000000" : 0,
            "99.000000" : 0,
            "99.500000" : 0,
            "99.900000" : 0,
            "99.950000" : 0,
            "99.990000" : 0,
            "0.00" : 0,
            "0.00" : 0,
            "0.00" : 0
          },
          "bins" : {

          }
        },
        "lat_ns" : {
          "min" : 0,
          "max" : 0,
          "mean" : 0.000000,
          "stddev" : 0.000000
        },
        "bw_min" : 0,
        "bw_max" : 0,
        "bw_agg" : 0.000000,
        "bw_mean" : 0.000000,
        "bw_dev" : 0.000000,
        "bw_samples" : 0,
        "iops_min" : 0,
        "iops_max" : 0,
        "iops_mean" : 0.000000,
        "iops_stddev" : 0.000000,
        "iops_samples" : 0
      },
      "write" : {
        "io_bytes" : 19660800,
        "io_kbytes" : 19200,
        "bw" : 570,
        "iops" : 4.457785,
        "runtime" : 33649,
        "total_ios" : 150,
        "short_ios" : 0,
        "drop_ios" : 0,
        "slat_ns" : {
          "min" : 161848,
          "max" : 4075355736,
          "mean" : 897044644.540000,
          "stddev" : 917216774.712834
        },
        "clat_ns" : {
          "min" : 4541,
          "max" : 10863731948,
          "mean" : 6254499359.660000,
          "stddev" : 2753493304.951258,
          "percentile" : {
            "1.000000" : 5088,
            "5.000000" : 417333248,
            "10.000000" : 1010827264,
            "20.000000" : 4076863488,
            "30.000000" : 5536481280,
            "40.000000" : 6207569920,
            "50.000000" : 6744440832,
            "60.000000" : 7147094016,
            "70.000000" : 8153726976,
            "80.000000" : 8657043456,
            "90.000000" : 9462349824,
            "95.000000" : 9865003008,
            "99.000000" : 10401873920,
            "99.500000" : 10804527104,
            "99.900000" : 10804527104,
            "99.950000" : 10804527104,
            "99.990000" : 10804527104,
            "0.00" : 0,
            "0.00" : 0,
            "0.00" : 0
          },
          "bins" : {
            "4512" : 1,
            "5088" : 1,
            "6048" : 1,
            "6752" : 1,
            "367001600" : 2,
            "413138944" : 1,
            "417333248" : 1,
            "463470592" : 1,
            "566231040" : 1,
            "633339904" : 2,
            "700448768" : 1,
            "994050048" : 1,
            "1010827264" : 1,
            "1602224128" : 2,
            "2197815296" : 1,
            "2231369728" : 1,
            "2466250752" : 1,
            "2600468480" : 2,
            "2667577344" : 1,
            "3640655872" : 1,
            "3976200192" : 1,
            "4009754624" : 1,
            "4043309056" : 1,
            "4076863488" : 4,
            "4462739456" : 3,
            "4596957184" : 1,
            "4798283776" : 2,
            "4999610368" : 3,
            "5066719232" : 3,
            "5402263552" : 1,
            "5536481280" : 2,
            "5603590144" : 4,
            "5804916736" : 1,
            "5872025600" : 1,
            "6006243328" : 3,
            "6140461056" : 3,
            "6207569920" : 2,
            "6274678784" : 3,
            "6341787648" : 2,
            "6476005376" : 1,
            "6543114240" : 3,
            "6677331968" : 3,
            "6744440832" : 8,
            "6811549696" : 4,
            "6945767424" : 2,
            "7012876288" : 1,
            "7079985152" : 2,
            "7147094016" : 1,
            "7348420608" : 3,
            "7415529472" : 5,
            "7482638336" : 2,
            "7683964928" : 1,
            "7751073792" : 2,
            "8019509248" : 1,
            "8153726976" : 2,
            "8220835840" : 3,
            "8355053568" : 5,
            "8422162432" : 1,
            "8489271296" : 2,
            "8556380160" : 2,
            "8657043456" : 2,
            "8791261184" : 2,
            "8925478912" : 5,
            "9193914368" : 3,
            "9328132096" : 3,
            "9462349824" : 3,
            "9596567552" : 4,
            "9730785280" : 1,
            "9865003008" : 2,
            "9999220736" : 3,
            "10133438464" : 1,
            "10401873920" : 1,
            "10804527104" : 1
          }
        },
        "lat_ns" : {
          "min" : 365886297,
          "max" : 11058656957,
          "mean" : 7151547158.520000,
          "stddev" : 2825041932.916880
        },
        "bw_min" : 16,
        "bw_max" : 514,
        "bw_agg" : 39.059168,
        "bw_mean" : 222.637255,
        "bw_dev" : 118.837420,
        "bw_samples" : 102,
        "iops_min" : 0,
        "iops_max" : 4,
        "iops_mean" : 1.490196,
        "iops_stddev" : 1.149646,
        "iops_samples" : 102
      },
      "trim" : {
        "io_bytes" : 0,
        "io_kbytes" : 0,
        "bw" : 0,
        "iops" : 0.000000,
        "runtime" : 0,
        "total_ios" : 0,
        "short_ios" : 0,
        "drop_ios" : 0,
        "slat_ns" : {
          "min" : 0,
          "max" : 0,
          "mean" : 0.000000,
          "stddev" : 0.000000
        },
        "clat_ns" : {
          "min" : 0,
          "max" : 0,
          "mean" : 0.000000,
          "stddev" : 0.000000,
          "percentile" : {
            "1.000000" : 0,
            "5.000000" : 0,
            "10.000000" : 0,
            "20.000000" : 0,
            "30.000000" : 0,
            "40.000000" : 0,
            "50.000000" : 0,
            "60.000000" : 0,
            "70.000000" : 0,
            "80.000000" : 0,
            "90.000000" : 0,
            "95.000000" : 0,
            "99.000000" : 0,
            "99.500000" : 0,
            "99.900000" : 0,
            "99.950000" : 0,
            "99.990000" : 0,
            "0.00" : 0,
            "0.00" : 0,
            "0.00" : 0
          },
          "bins" : {

          }
        },
        "lat_ns" : {
          "min" : 0,
          "max" : 0,
          "mean" : 0.000000,
          "stddev" : 0.000000
        },
        "bw_min" : 0,
        "bw_max" : 0,
        "bw_agg" : 0.000000,
        "bw_mean" : 0.000000,
        "bw_dev" : 0.000000,
        "bw_samples" : 0,
        "iops_min" : 0,
        "iops_max" : 0,
        "iops_mean" : 0.000000,
        "iops_stddev" : 0.000000,
        "iops_samples" : 0
      },
      "usr_cpu" : 0.000743,
      "sys_cpu" : 7.811246,
      "ctx" : 288,
      "majf" : 0,
      "minf" : 44,