{
  "fio version" : "fio-3.1",
  "timestamp" : 1574247998,
  "timestamp_ms" : 1574247998385,
  "time" : "Wed Nov 20 11:06:38 2019",
  "global options" : {
    "directory" : "data/fio_write/beegfs-randwrite-64-x8vnv",
    "bs" : "2048",
    "fallocate" : "none",
    "runtime" : "30",
    "time_based" : "1",
    "ioengine" : "libaio",
    "iodepth" : "8",
    "direct" : "1",
    "buffered" : "0",
    "invalidate" : "1",
    "ramp_time" : "0",
    "thread" : "0",
    "group_reporting" : "1",
    "filesize" : "32g",
    "size" : "32g",
    "filename_format" : "$jobnum.dat"
  },
  "jobs" : [
    {
      "jobname" : "fio-job",
      "groupid" : 0,
      "error" : 0,
      "eta" : 0,
      "elapsed" : 31,
      "job options" : {
        "rw" : "randwrite"
      },
      "read" : {
        "io_bytes" : 0,
        "io_kbytes" : 0,
        "bw" : 0,
        "iops" : 0.000000,
        "runtime" : 0,
        "total_ios" : 0,
        "short_ios" : 0,
        "drop_ios" : 0,
        "slat_ns" : {
          "min" : 0,
          "max" : 0,
          "mean" : 0.000000,
          "stddev" : 0.000000
        },
        "clat_ns" : {
          "min" : 0,
          "max" : 0,
          "mean" : 0.000000,
          "stddev" : 0.000000,
          "percentile" : {
            "1.000000" : 0,
            "5.000000" : 0,
            "10.000000" : 0,
            "20.000000" : 0,
            "30.000000" : 0,
            "40.000000" : 0,
            "50.000000" : 0,
            "60.000000" : 0,
            "70.000000" : 0,
            "80.000000" : 0,
            "90.000000" : 0,
            "95.000000" : 0,
            "99.000000" : 0,
            "99.500000" : 0,
            "99.900000" : 0,
            "99.950000" : 0,
            "99.990000" : 0,
            "0.00" : 0,
            "0.00" : 0,
            "0.00" : 0
          },
          "bins" : {

          }
        },
        "lat_ns" : {
          "min" : 0,
          "max" : 0,
          "mean" : 0.000000,
          "stddev" : 0.000000
        },
        "bw_min" : 0,
        "bw_max" : 0,
        "bw_agg" : 0.000000,
        "bw_mean" : 0.000000,
        "bw_dev" : 0.000000,
        "bw_samples" : 0,
        "iops_min" : 0,
        "iops_max" : 0,
        "iops_mean" : 0.000000,
        "iops_stddev" : 0.000000,
        "iops_samples" : 0
      },
      "write" : {
        "io_bytes" : 223232,
        "io_kbytes" : 218,
        "bw" : 7,
        "iops" : 3.585880,
        "runtime" : 30397,
        "total_ios" : 109,
        "short_ios" : 0,
        "drop_ios" : 0,
        "slat_ns" : {
          "min" : 64698,
          "max" : 3166391812,
          "mean" : 1112541096.550459,
          "stddev" : 966132075.459185
        },
        "clat_ns" : {
          "min" : 5506,
          "max" : 15272218928,
          "mean" : 7657188525.486238,
          "stddev" : 3903530411.080519,
          "percentile" : {
            "1.000000" : 6368,
            "5.000000" : 1669332992,
            "10.000000" : 2701131776,
            "20.000000" : 4244635648,
            "30.000000" : 5066719232,
            "40.000000" : 6878658560,
            "50.000000" : 7348420608,
            "60.000000" : 8086618112,
            "70.000000" : 9328132096,
            "80.000000" : 11341398016,
            "90.000000" : 13757317120,
            "95.000000" : 14831058944,
            "99.000000" : 15099494400,
            "99.500000" : 15233712128,
            "99.900000" : 15233712128,
            "99.950000" : 15233712128,
            "99.990000" : 15233712128,
            "0.00" : 0,
            "0.00" : 0,
            "0.00" : 0
          },
          "bins" : {
            "5536" : 1,
            "6368" : 1,
            "6816" : 1,
            "7264" : 1,
            "557842432" : 1,
            "1669332992" : 1,
            "1870659584" : 1,
            "2365587456" : 3,
            "2701131776" : 2,
            "3103784960" : 1,
            "3137339392" : 1,
            "3573547008" : 1,
            "3674210304" : 2,
            "3841982464" : 1,
            "4211081216" : 3,
            "4244635648" : 4,
            "4395630592" : 1,
            "4529848320" : 1,
            "4596957184" : 2,
            "4664066048" : 1,
            "4932501504" : 1,
            "4999610368" : 1,
            "5066719232" : 1,
            "5335154688" : 1,
            "5469372416" : 1,
            "5670699008" : 1,
            "6073352192" : 1,
            "6341787648" : 1,
            "6408896512" : 1,
            "6543114240" : 1,
            "6610223104" : 1,
            "6677331968" : 1,
            "6744440832" : 1,
            "6878658560" : 2,
            "6945767424" : 1,
            "7012876288" : 2,
            "7147094016" : 1,
            "7214202880" : 1,
            "7281311744" : 4,
            "7348420608" : 3,
            "7482638336" : 2,
            "7549747200" : 1,
            "7683964928" : 1,
            "7952400384" : 1,
            "8019509248" : 3,
            "8086618112" : 1,
            "8355053568" : 1,
            "8422162432" : 1,
            "8657043456" : 4,
            "8791261184" : 1,
            "8925478912" : 2,
            "9193914368" : 1,
            "9328132096" : 1,
            "9596567552" : 1,
            "9730785280" : 1,
            "9999220736" : 2,
            "10401873920" : 1,
            "10670309376" : 3,
            "10804527104" : 1,
            "11207180288" : 1,
            "11341398016" : 1,
            "11475615744" : 1,
            "12012486656" : 1,
            "12280922112" : 1,
            "12415139840" : 2,
            "12683575296" : 2,
            "13086228480" : 2,
            "13354663936" : 1,
            "13757317120" : 2,
            "14025752576" : 1,
            "14159970304" : 2,
            "14831058944" : 1,
            "14965276672" : 3,
            "15099494400" : 1,
            "15233712128" : 1
          }
        },
        "lat_ns" : {
          "min" : 558595013,
          "max" : 17268131390,
          "mean" : 8769730830.541286,
          "stddev" : 4078165432.146201
        },
        "bw_min" : 3,
        "bw_max" : 12,
        "bw_agg" : 63.354037,
        "bw_mean" : 4.434783,
        "bw_dev" : 1.480046,
        "bw_samples" : 69,
        "iops_min" : 1,
        "iops_max" : 6,
        "iops_mean" : 2.202899,
        "iops_stddev" : 0.758864,
        "iops_samples" : 69
      },
      "trim" : {
        "io_bytes" : 0,
        "io_kbytes" : 0,
        "bw" : 0,
        "iops" : 0.000000,
        "runtime" : 0,
        "total_ios" : 0,
        "short_ios" : 0,
        "drop_ios" : 0,
        "slat_ns" : {
          "min" : 0,
          "max" : 0,
          "mean" : 0.000000,
          "stddev" : 0.000000
        },
        "clat_ns" : {
          "min" : 0,
          "max" : 0,
          "mean" : 0.000000,
          "stddev" : 0.000000,
          "percentile" : {
            "1.000000" : 0,
            "5.000000" : 0,
            "10.000000" : 0,
            "20.000000" : 0,
            "30.000000" : 0,
            "40.000000" : 0,
            "50.000000" : 0,
            "60.000000" : 0,
            "70.000000" : 0,
            "80.000000" : 0,
            "90.000000" : 0,
            "95.000000" : 0,
            "99.000000" : 0,
            "99.500000" : 0,
            "99.900000" : 0,
            "99.950000" : 0,
            "99.990000" : 0,
            "0.00" : 0,
            "0.00" : 0,
            "0.00" : 0
          },
          "bins" : {

          }
        },
        "lat_ns" : {
          "min" : 0,
          "max" : 0,
          "mean" : 0.000000,
          "stddev" : 0.000000
        },
        "bw_min" : 0,
        "bw_max" : 0,
        "bw_agg" : 0.000000,
        "bw_mean" : 0.000000,
        "bw_dev" : 0.000000,
        "bw_samples" : 0,
        "iops_min" : 0,
        "iops_max" : 0,
        "iops_mean" : 0.000000,
        "iops_stddev" : 0.000000,
        "iops_samples" : 0
      },
      "usr_cpu" : 0.000825,
      "sys_cpu" : 0.603582,