{
  "fio version" : "fio-3.1",
  "timestamp" : 1555517604,
  "timestamp_ms" : 1555517604604,
  "time" : "Wed Apr 17 16:13:24 2019",
  "global options" : {
    "fallocate" : "none",
    "runtime" : "30",
    "directory" : "/data/fio_write/beegfs-write-64-j6lnl",
    "bs" : "131072",
    "time_based" : "1",
    "ioengine" : "libaio",
    "iodepth" : "8",
    "direct" : "1",
    "buffered" : "0",
    "thread" : "0",
    "group_reporting" : "1",
    "filesize" : "32g",
    "size" : "32g",
    "filename_format" : "$jobnum.dat"
  },
  "jobs" : [
    {
      "jobname" : "fio-job",
      "groupid" : 0,
      "error" : 0,
      "eta" : 0,
      "elapsed" : 31,
      "job options" : {
        "rw" : "write"
      },
      "read" : {
        "io_bytes" : 0,
        "io_kbytes" : 0,
        "bw" : 0,
        "iops" : 0.000000,
        "runtime" : 0,
        "total_ios" : 0,
        "short_ios" : 0,
        "drop_ios" : 0,
        "slat_ns" : {
          "min" : 0,
          "max" : 0,
          "mean" : 0.000000,
          "stddev" : 0.000000
        },
        "clat_ns" : {
          "min" : 0,
          "max" : 0,
          "mean" : 0.000000,
          "stddev" : 0.000000,
          "percentile" : {
            "1.000000" : 0,
            "5.000000" : 0,
            "10.000000" : 0,
            "20.000000" : 0,
            "30.000000" : 0,
            "40.000000" : 0,
            "50.000000" : 0,
            "60.000000" : 0,
            "70.000000" : 0,
            "80.000000" : 0,
            "90.000000" : 0,
            "95.000000" : 0,
            "99.000000" : 0,
            "99.500000" : 0,
            "99.900000" : 0,
            "99.950000" : 0,
            "99.990000" : 0,
            "0.00" : 0,
            "0.00" : 0,
            "0.00" : 0
          },
          "bins" : {

          }
        },
        "lat_ns" : {
          "min" : 0,
          "max" : 0,
          "mean" : 0.000000,
          "stddev" : 0.000000
        },
        "bw_min" : 0,
        "bw_max" : 0,
        "bw_agg" : 0.000000,
        "bw_mean" : 0.000000,
        "bw_dev" : 0.000000,
        "bw_samples" : 0,
        "iops_min" : 0,
        "iops_max" : 0,
        "iops_mean" : 0.000000,
        "iops_stddev" : 0.000000,
        "iops_samples" : 0
      },
      "write" : {
        "io_bytes" : 3941072896,
        "io_kbytes" : 3848704,
        "bw" : 128119,
        "iops" : 1000.932091,
        "runtime" : 30040,
        "total_ios" : 30068,
        "short_ios" : 0,
        "drop_ios" : 0,
        "slat_ns" : {
          "min" : 809667,
          "max" : 212329970,
          "mean" : 3976340.231575,
          "stddev" : 7987568.447113
        },
        "clat_ns" : {
          "min" : 6300,
          "max" : 316822719,
          "mean" : 27880444.883331,
          "stddev" : 20311446.158601,
          "percentile" : {
            "1.000000" : 9502720,
            "5.000000" : 12124160,
            "10.000000" : 14483456,
            "20.000000" : 17956864,
            "30.000000" : 20316160,
            "40.000000" : 22675456,
            "50.000000" : 24510464,
            "60.000000" : 26607616,
            "70.000000" : 28704768,
            "80.000000" : 32112640,
            "90.000000" : 38535168,
            "95.000000" : 49020928,
            "99.000000" : 130547712,
            "99.500000" : 164626432,
            "99.900000" : 233832448,
            "99.950000" : 287309824,
            "99.990000" : 312475648,
            "0.00" : 0,
            "0.00" : 0,
            "0.00" : 0
          },
          "bins" : {
            "6304" : 1,
            "6560" : 1,
            "8768" : 1,
            "10688" : 1,
            "7634944" : 1,
            "7766016" : 2,
            "7831552" : 2,
            "7962624" : 2,
            "8028160" : 2,
            "8093696" : 3,
            "8159232" : 3,
            "8224768" : 3,
            "8290304" : 8,
            "8355840" : 10,
            "8454144" : 20,
            "8585216" : 17,
            "8716288" : 20,
            "8847360" : 34,
            "8978432" : 35,
            "9109504" : 31,
            "9240576" : 41,
            "9371648" : 52,
            "9502720" : 48,
            "9633792" : 59,
            "9764864" : 54,
            "9895936" : 43,
            "10027008" : 41,
            "10158080" : 35,
            "10289152" : 48,
            "10420224" : 42,
            "10551296" : 47,
            "10682368" : 55,
            "10813440" : 51,
            "10944512" : 69,
            "11075584" : 81,
            "11206656" : 65,
            "11337728" : 51,
            "11468800" : 78,
            "11599872" : 59,
            "11730944" : 79,
            "11862016" : 72,
            "11993088" : 84,
            "12124160" : 69,
            "12255232" : 71,
            "12386304" : 73,
            "12517376" : 102,
            "12648448" : 95,
            "12779520" : 79,
            "12910592" : 82,
            "13041664" : 66,
            "13172736" : 88,
            "13303808" : 82,
            "13434880" : 84,
            "13565952" : 79,
            "13697024" : 101,
            "13828096" : 94,
            "13959168" : 87,
            "14090240" : 90,
            "14221312" : 85,
            "14352384" : 91,
            "14483456" : 79,
            "14614528" : 81,
            "14745600" : 80,
            "14876672" : 86,
            "15007744" : 95,
            "15138816" : 91,
            "15269888" : 77,
            "15400960" : 106,
            "15532032" : 100,
            "15663104" : 112,
            "15794176" : 112,
            "15925248" : 98,
            "16056320" : 106,
            "16187392" : 104,
            "16318464" : 118,
            "16449536" : 130,
            "16580608" : 134,
            "16711680" : 135,
            "16908288" : 246,
            "17170432" : 275,
            "17432576" : 269,
            "17694720" : 281,
            "17956864" : 268,
            "18219008" : 309,
            "18481152" : 325,
            "18743296" : 326,
            "19005440" : 340,
            "19267584" : 300,
            "19529728" : 321,
            "19791872" : 371,
            "20054016" : 292,
            "20316160" : 313,
            "20578304" : 336,
            "20840448" : 349,
            "21102592" : 330,
            "21364736" : 324,
            "21626880" : 345,
            "21889024" : 330,
            "22151168" : 339,
            "22413312" : 376,
            "22675456" : 414,
            "22937600" : 386,
            "23199744" : 383,
            "23461888" : 403,
            "23724032" : 401,
            "23986176" : 444,
            "24248320" : 424,
            "24510464" : 440,
            "24772608" : 405,
            "25034752" : 457,
            "25296896" : 428,
            "25559040" : 409,
            "25821184" : 397,
            "26083328" : 388,
            "26345472" : 390,
            "26607616" : 423,
            "26869760" : 406,
            "27131904" : 335,
            "27394048" : 338,
            "27656192" : 362,
            "27918336" : 354,
            "28180480" : 323,
            "28442624" : 326,
            "28704768" : 327,
            "28966912" : 309,
            "29229056" : 270,
            "29491200" : 263,
            "29753344" : 266,
            "30015488" : 248,
            "30277632" : 238,
            "30539776" : 231,
            "30801920" : 237,
            "31064064" : 210,
            "31326208" : 195,
            "31588352" : 191,
            "31850496" : 204,
            "32112640" : 194,
            "32374784" : 184,
            "32636928" : 176,
            "32899072" : 175,
            "33161216" : 137,
            "33423360" : 164,
            "33816576" : 329,
            "34340864" : 256,
            "34865152" : 234,
            "35389440" : 214,
            "35913728" : 205,
            "36438016" : 206,
            "36962304" : 196,
            "37486592" : 175,
            "38010880" : 133,