{
  "fio version" : "fio-3.1",
  "timestamp" : 1556099449,
  "timestamp_ms" : 1556099449287,
  "time" : "Wed Apr 24 09:50:49 2019",
  "global options" : {
    "fallocate" : "none",
    "runtime" : "30",
    "directory" : "data/fio_write/beegfs-write-64-tf546",
    "bs" : "65536",
    "time_based" : "1",
    "ioengine" : "libaio",
    "iodepth" : "8",
    "direct" : "1",
    "buffered" : "0",
    "thread" : "0",
    "group_reporting" : "1",
    "filesize" : "32g",
    "size" : "32g",
    "filename_format" : "$jobnum.dat"
  },
  "jobs" : [
    {
      "jobname" : "fio-job",
      "groupid" : 0,
      "error" : 0,
      "eta" : 0,
      "elapsed" : 31,
      "job options" : {
        "rw" : "write"
      },
      "read" : {
        "io_bytes" : 0,
        "io_kbytes" : 0,
        "bw" : 0,
        "iops" : 0.000000,
        "runtime" : 0,
        "total_ios" : 0,
        "short_ios" : 0,
        "drop_ios" : 0,
        "slat_ns" : {
          "min" : 0,
          "max" : 0,
          "mean" : 0.000000,
          "stddev" : 0.000000
        },
        "clat_ns" : {
          "min" : 0,
          "max" : 0,
          "mean" : 0.000000,
          "stddev" : 0.000000,
          "percentile" : {
            "1.000000" : 0,
            "5.000000" : 0,
            "10.000000" : 0,
            "20.000000" : 0,
            "30.000000" : 0,
            "40.000000" : 0,
            "50.000000" : 0,
            "60.000000" : 0,
            "70.000000" : 0,
            "80.000000" : 0,
            "90.000000" : 0,
            "95.000000" : 0,
            "99.000000" : 0,
            "99.500000" : 0,
            "99.900000" : 0,
            "99.950000" : 0,
            "99.990000" : 0,
            "0.00" : 0,
            "0.00" : 0,
            "0.00" : 0
          },
          "bins" : {

          }
        },
        "lat_ns" : {
          "min" : 0,
          "max" : 0,
          "mean" : 0.000000,
          "stddev" : 0.000000
        },
        "bw_min" : 0,
        "bw_max" : 0,
        "bw_agg" : 0.000000,
        "bw_mean" : 0.000000,
        "bw_dev" : 0.000000,
        "bw_samples" : 0,
        "iops_min" : 0,
        "iops_max" : 0,
        "iops_mean" : 0.000000,
        "iops_stddev" : 0.000000,
        "iops_samples" : 0
      },
      "write" : {
        "io_bytes" : 2197356544,
        "io_kbytes" : 2145856,
        "bw" : 71523,
        "iops" : 1117.558829,
        "runtime" : 30002,
        "total_ios" : 33529,
        "short_ios" : 0,
        "drop_ios" : 0,
        "slat_ns" : {
          "min" : 394034,
          "max" : 413580287,
          "mean" : 3570581.628709,
          "stddev" : 13734609.019901
        },
        "clat_ns" : {
          "min" : 4706,
          "max" : 421330064,
          "mean" : 25047402.936831,
          "stddev" : 33475011.952750,
          "percentile" : {
            "1.000000" : 5603328,
            "5.000000" : 7372800,
            "10.000000" : 8716288,
            "20.000000" : 11075584,
            "30.000000" : 13303808,
            "40.000000" : 15269888,
            "50.000000" : 17170432,
            "60.000000" : 19267584,
            "70.000000" : 21626880,
            "80.000000" : 25559040,
            "90.000000" : 33816576,
            "95.000000" : 56360960,
            "99.000000" : 191889408,
            "99.500000" : 212860928,
            "99.900000" : 238026752,
            "99.950000" : 256901120,
            "99.990000" : 421527552,
            "0.00" : 0,
            "0.00" : 0,
            "0.00" : 0
          },
          "bins" : {
            "4704" : 1,
            "4896" : 1,
            "7328" : 1,
            "12352" : 1,
            "872448" : 1,
            "987136" : 1,
            "1515520" : 1,
            "2056192" : 1,
            "2375680" : 1,
            "3358720" : 2,
            "3522560" : 1,
            "3653632" : 2,
            "3751936" : 2,
            "3784704" : 1,
            "3817472" : 2,
            "3850240" : 1,
            "3915776" : 4,
            "3948544" : 2,
            "3981312" : 1,
            "4014080" : 1,
            "4046848" : 3,
            "4079616" : 2,
            "4112384" : 5,
            "4145152" : 3,
            "4177920" : 2,
            "4227072" : 8,
            "4292608" : 10,
            "4358144" : 12,
            "4423680" : 20,
            "4489216" : 11,
            "4554752" : 10,
            "4620288" : 15,
            "4685824" : 10,
            "4751360" : 18,
            "4816896" : 14,
            "4882432" : 10,
            "4947968" : 11,
            "5013504" : 7,
            "5079040" : 18,
            "5144576" : 14,
            "5210112" : 11,
            "5275648" : 20,
            "5341184" : 14,
            "5406720" : 11,
            "5472256" : 14,
            "5537792" : 22,
            "5603328" : 20,
            "5668864" : 28,
            "5734400" : 25,
            "5799936" : 28,
            "5865472" : 22,
            "5931008" : 30,
            "5996544" : 39,
            "6062080" : 35,
            "6127616" : 41,
            "6193152" : 39,
            "6258688" : 26,
            "6324224" : 52,
            "6389760" : 53,
            "6455296" : 57,
            "6520832" : 53,
            "6586368" : 67,
            "6651904" : 53,
            "6717440" : 68,
            "6782976" : 76,
            "6848512" : 62,
            "6914048" : 56,
            "6979584" : 68,
            "7045120" : 72,
            "7110656" : 59,
            "7176192" : 89,
            "7241728" : 63,
            "7307264" : 69,
            "7372800" : 69,
            "7438336" : 77,
            "7503872" : 73,
            "7569408" : 87,
            "7634944" : 81,
            "7700480" : 80,
            "7766016" : 92,
            "7831552" : 88,
            "7897088" : 73,
            "7962624" : 71,
            "8028160" : 89,
            "8093696" : 73,
            "8159232" : 100,
            "8224768" : 95,
            "8290304" : 73,
            "8355840" : 94,
            "8454144" : 170,
            "8585216" : 191,
            "8716288" : 177,
            "8847360" : 198,
            "8978432" : 141,
            "9109504" : 169,
            "9240576" : 185,
            "9371648" : 159,
            "9502720" : 177,
            "9633792" : 175,
            "9764864" : 152,
            "9895936" : 180,
            "10027008" : 173,
            "10158080" : 185,
            "10289152" : 179,
            "10420224" : 220,
            "10551296" : 205,
            "10682368" : 175,
            "10813440" : 161,
            "10944512" : 186,
            "11075584" : 187,
            "11206656" : 201,
            "11337728" : 191,
            "11468800" : 192,
            "11599872" : 179,
            "11730944" : 204,
            "11862016" : 178,
            "11993088" : 196,
            "12124160" : 216,
            "12255232" : 174,
            "12386304" : 165,
            "12517376" : 180,
            "12648448" : 226,
            "12779520" : 196,
            "12910592" : 217,
            "13041664" : 220,
            "13172736" : 230,
            "13303808" : 215,
            "13434880" : 245,
            "13565952" : 210,
            "13697024" : 225,
            "13828096" : 206,
            "13959168" : 209,
            "14090240" : 232,
            "14221312" : 244,
            "14352384" : 246,
            "14483456" : 215,
            "14614528" : 230,
            "14745600" : 223,
            "14876672" : 237,
            "15007744" : 228,
            "15138816" : 221,
            "15269888" : 235,
            "15400960" : 229,
            "15532032" : 201,
            "15663104" : 252,
            "15794176" : 237,
            "15925248" : 232,
            "16056320" : 251,
            "16187392" : 268,
            "16318464" : 247,
            "16449536" : 247,
            "16580608" : 242,
            "16711680" : 227,
            "16908288" : 504,
            "17170432" : 480,