{
  "fio version" : "fio-3.1",
  "timestamp" : 1556096987,
  "timestamp_ms" : 1556096987243,
  "time" : "Wed Apr 24 10:09:47 2019",
  "global options" : {
    "fallocate" : "none",
    "runtime" : "30",
    "directory" : "/mnt/storage-nvme/fio_write/beegfs-write-64-client-39945-15",
    "bs" : "16777216",
    "time_based" : "1",
    "ioengine" : "libaio",
    "iodepth" : "8",
    "direct" : "1",
    "buffered" : "0",
    "thread" : "0",
    "group_reporting" : "1",
    "filesize" : "32g",
    "size" : "32g",
    "filename_format" : "$jobnum.dat"
  },
  "jobs" : [
    {
      "jobname" : "fio-job",
      "groupid" : 0,
      "error" : 0,
      "eta" : 0,
      "elapsed" : 31,
      "job options" : {
        "rw" : "write"
      },
      "read" : {
        "io_bytes" : 0,
        "io_kbytes" : 0,
        "bw" : 0,
        "iops" : 0.000000,
        "runtime" : 0,
        "total_ios" : 0,
        "short_ios" : 0,
        "drop_ios" : 0,
        "slat_ns" : {
          "min" : 0,
          "max" : 0,
          "mean" : 0.000000,
          "stddev" : 0.000000
        },
        "clat_ns" : {
          "min" : 0,
          "max" : 0,
          "mean" : 0.000000,
          "stddev" : 0.000000,
          "percentile" : {
            "1.000000" : 0,
            "5.000000" : 0,
            "10.000000" : 0,
            "20.000000" : 0,
            "30.000000" : 0,
            "40.000000" : 0,
            "50.000000" : 0,
            "60.000000" : 0,
            "70.000000" : 0,
            "80.000000" : 0,
            "90.000000" : 0,
            "95.000000" : 0,
            "99.000000" : 0,
            "99.500000" : 0,
            "99.900000" : 0,
            "99.950000" : 0,
            "99.990000" : 0,
            "0.00" : 0,
            "0.00" : 0,
            "0.00" : 0
          },
          "bins" : {

          }
        },
        "lat_ns" : {
          "min" : 0,
          "max" : 0,
          "mean" : 0.000000,
          "stddev" : 0.000000
        },
        "bw_min" : 0,
        "bw_max" : 0,
        "bw_agg" : 0.000000,
        "bw_mean" : 0.000000,
        "bw_dev" : 0.000000,
        "bw_samples" : 0,
        "iops_min" : 0,
        "iops_max" : 0,
        "iops_mean" : 0.000000,
        "iops_stddev" : 0.000000,
        "iops_samples" : 0
      },
      "write" : {
        "io_bytes" : 1795162112,
        "io_kbytes" : 1753088,
        "bw" : 57730,
        "iops" : 3.523562,
        "runtime" : 30367,
        "total_ios" : 107,
        "short_ios" : 0,
        "drop_ios" : 0,
        "slat_ns" : {
          "min" : 340589234,
          "max" : 2814286339,
          "mean" : 1130043325.233645,
          "stddev" : 460141752.009494
        },
        "clat_ns" : {
          "min" : 4458,
          "max" : 9652549249,
          "mean" : 6660580821.112149,
          "stddev" : 2601815078.610736,
          "percentile" : {
            "1.000000" : 6624,
            "5.000000" : 742391808,
            "10.000000" : 2432696320,
            "20.000000" : 4664066048,
            "30.000000" : 6140461056,
            "40.000000" : 6878658560,
            "50.000000" : 7482638336,
            "60.000000" : 7885291520,
            "70.000000" : 8355053568,
            "80.000000" : 8791261184,
            "90.000000" : 9328132096,
            "95.000000" : 9462349824,
            "99.000000" : 9462349824,
            "99.500000" : 9596567552,
            "99.900000" : 9596567552,
            "99.950000" : 9596567552,
            "99.990000" : 9596567552,
            "0.00" : 0,
            "0.00" : 0,
            "0.00" : 0
          },
          "bins" : {
            "4448" : 1,
            "6624" : 1,
            "7072" : 1,
            "7264" : 1,
            "341835776" : 1,
            "742391808" : 1,
            "1061158912" : 1,
            "1266679808" : 2,
            "2432696320" : 2,
            "2466250752" : 1,
            "2936012800" : 1,
            "3036676096" : 1,
            "3439329280" : 2,
            "3741319168" : 1,
            "3808428032" : 1,
            "4076863488" : 1,
            "4177526784" : 1,
            "4278190080" : 1,
            "4664066048" : 1,
            "4932501504" : 1,
            "5200936960" : 1,
            "5268045824" : 1,
            "5469372416" : 1,
            "5670699008" : 1,
            "5737807872" : 1,
            "5872025600" : 1,
            "5939134464" : 1,
            "6006243328" : 1,
            "6073352192" : 1,
            "6140461056" : 1,
            "6274678784" : 1,
            "6408896512" : 1,
            "6476005376" : 2,
            "6543114240" : 1,
            "6610223104" : 1,
            "6677331968" : 1,
            "6744440832" : 1,
            "6811549696" : 1,
            "6878658560" : 1,
            "7079985152" : 2,
            "7147094016" : 2,
            "7214202880" : 2,
            "7281311744" : 1,
            "7348420608" : 1,
            "7482638336" : 4,
            "7549747200" : 1,
            "7616856064" : 3,
            "7683964928" : 1,
            "7818182656" : 3,
            "7885291520" : 2,
            "7952400384" : 2,
            "8086618112" : 2,
            "8153726976" : 2,
            "8220835840" : 2,
            "8355053568" : 2,
            "8422162432" : 3,
            "8489271296" : 2,
            "8657043456" : 5,
            "8791261184" : 1,
            "8925478912" : 4,
            "9059696640" : 2,
            "9193914368" : 4,
            "9328132096" : 4,
            "9462349824" : 6,
            "9596567552" : 1
          }
        },
        "lat_ns" : {
          "min" : 340597853,
          "max" : 11057712047,
          "mean" : 7790626377.065420,
          "stddev" : 2685273462.797688
        },
        "bw_min" : 32702,
        "bw_max" : 32965,
        "bw_agg" : 56.872637,
        "bw_mean" : 32832.573333,
        "bw_dev" : 78.948182,
        "bw_samples" : 75,
        "iops_min" : 1,
        "iops_max" : 2,
        "iops_mean" : 1.960000,
        "iops_stddev" : 0.197279,
        "iops_samples" : 75
      },
      "trim" : {
        "io_bytes" : 0,
        "io_kbytes" : 0,
        "bw" : 0,
        "iops" : 0.000000,
        "runtime" : 0,
        "total_ios" : 0,
        "short_ios" : 0,
        "drop_ios" : 0,
        "slat_ns" : {
          "min" : 0,
          "max" : 0,
          "mean" : 0.000000,
          "stddev" : 0.000000
        },
        "clat_ns" : {
          "min" : 0,
          "max" : 0,
          "mean" : 0.000000,
          "stddev" : 0.000000,
          "percentile" : {
            "1.000000" : 0,
            "5.000000" : 0,
            "10.000000" : 0,
            "20.000000" : 0,
            "30.000000" : 0,
            "40.000000" : 0,
            "50.000000" : 0,
            "60.000000" : 0,
            "70.000000" : 0,
            "80.000000" : 0,
            "90.000000" : 0,
            "95.000000" : 0,
            "99.000000" : 0,
            "99.500000" : 0,
            "99.900000" : 0,
            "99.950000" : 0,
            "99.990000" : 0,
            "0.00" : 0,
            "0.00" : 0,
            "0.00" : 0
          },
          "bins" : {

          }
        },
        "lat_ns" : {
          "min" : 0,
          "max" : 0,
          "mean" : 0.000000,
          "stddev" : 0.000000
        },
        "bw_min" : 0,
        "bw_max" : 0,
        "bw_agg" : 0.000000,
        "bw_mean" : 0.000000,
        "bw_dev" : 0.000000,
        "bw_samples" : 0,
        "iops_min" : 0,
        "iops_max" : 0,
        "iops_mean" : 0.000000,
        "iops_stddev" : 0.000000,
        "iops_samples" : 0
      },
      "usr_cpu" : 0.107507,
      "sys_cpu" : 3.560973,
      "ctx" : 80773,
      "majf" : 0,
      "minf" : 2388,
      "iodepth_level" : {
        "1" : 3.738318,
        "2" : 7.476636,
        "4" : 14.953271,
        "8" : 73.831776,
        "16" : 0.000000,
        "32" : 0.000000,
        ">=64" : 0.000000
      },
      "latency_ns" : {
        "2" : 0.000000,