{
  "fio version" : "fio-3.1",
  "timestamp" : 1574271604,
  "timestamp_ms" : 1574271604023,
  "time" : "Wed Nov 20 17:40:04 2019",
  "global options" : {
    "directory" : "data/fio_write/beegfs-write-8-hqrgg",
    "bs" : "2097152",
    "fallocate" : "none",
    "runtime" : "30",
    "time_based" : "1",
    "ioengine" : "libaio",
    "iodepth" : "8",
    "direct" : "1",
    "buffered" : "0",
    "invalidate" : "1",
    "ramp_time" : "0",
    "thread" : "0",
    "group_reporting" : "1",
    "filesize" : "32g",
    "size" : "32g",
    "filename_format" : "$jobnum.dat"
  },
  "jobs" : [
    {
      "jobname" : "fio-job",
      "groupid" : 0,
      "error" : 0,
      "eta" : 0,
      "elapsed" : 31,
      "job options" : {
        "rw" : "write"
      },
      "read" : {
        "io_bytes" : 0,
        "io_kbytes" : 0,
        "bw" : 0,
        "iops" : 0.000000,
        "runtime" : 0,
        "total_ios" : 0,
        "short_ios" : 0,
        "drop_ios" : 0,
        "slat_ns" : {
          "min" : 0,
          "max" : 0,
          "mean" : 0.000000,
          "stddev" : 0.000000
        },
        "clat_ns" : {
          "min" : 0,
          "max" : 0,
          "mean" : 0.000000,
          "stddev" : 0.000000,
          "percentile" : {
            "1.000000" : 0,
            "5.000000" : 0,
            "10.000000" : 0,
            "20.000000" : 0,
            "30.000000" : 0,
            "40.000000" : 0,
            "50.000000" : 0,
            "60.000000" : 0,
            "70.000000" : 0,
            "80.000000" : 0,
            "90.000000" : 0,
            "95.000000" : 0,
            "99.000000" : 0,
            "99.500000" : 0,
            "99.900000" : 0,
            "99.950000" : 0,
            "99.990000" : 0,
            "0.00" : 0,
            "0.00" : 0,
            "0.00" : 0
          },
          "bins" : {

          }
        },
        "lat_ns" : {
          "min" : 0,
          "max" : 0,
          "mean" : 0.000000,
          "stddev" : 0.000000
        },
        "bw_min" : 0,
        "bw_max" : 0,
        "bw_agg" : 0.000000,
        "bw_mean" : 0.000000,
        "bw_dev" : 0.000000,
        "bw_samples" : 0,
        "iops_min" : 0,
        "iops_max" : 0,
        "iops_mean" : 0.000000,
        "iops_stddev" : 0.000000,
        "iops_samples" : 0
      },
      "write" : {
        "io_bytes" : 20858273792,
        "io_kbytes" : 20369408,
        "bw" : 678844,
        "iops" : 331.467040,
        "runtime" : 30006,
        "total_ios" : 9946,
        "short_ios" : 0,
        "drop_ios" : 0,
        "slat_ns" : {
          "min" : 3133745,
          "max" : 267331037,
          "mean" : 12058010.884175,
          "stddev" : 14421718.030239
        },
        "clat_ns" : {
          "min" : 4345,
          "max" : 713508223,
          "mean" : 84383001.732254,
          "stddev" : 50439299.811803,
          "percentile" : {
            "1.000000" : 29753344,
            "5.000000" : 52690944,
            "10.000000" : 61079552,
            "20.000000" : 64749568,
            "30.000000" : 67633152,
            "40.000000" : 69730304,
            "50.000000" : 71827456,
            "60.000000" : 74973184,
            "70.000000" : 79167488,
            "80.000000" : 86507520,
            "90.000000" : 113770496,
            "95.000000" : 160432128,
            "99.000000" : 325058560,
            "99.500000" : 413138944,
            "99.900000" : 549453824,
            "99.950000" : 608174080,
            "99.990000" : 717225984,
            "0.00" : 0,
            "0.00" : 0,
            "0.00" : 0
          },
          "bins" : {
            "4320" : 1,
            "5152" : 1,
            "6304" : 1,
            "6432" : 1,
            "8028160" : 1,
            "11337728" : 1,
            "14352384" : 2,
            "18219008" : 1,
            "19791872" : 1,
            "20840448" : 1,
            "21364736" : 1,
            "26083328" : 4,
            "26345472" : 1,
            "27394048" : 3,
            "27656192" : 2,
            "27918336" : 2,
            "28180480" : 6,
            "28442624" : 7,
            "28704768" : 4,
            "28966912" : 10,
            "29229056" : 15,
            "29491200" : 15,
            "29753344" : 22,
            "30015488" : 23,
            "30277632" : 29,
            "30539776" : 27,
            "30801920" : 27,
            "31064064" : 17,
            "31326208" : 16,
            "31588352" : 13,
            "31850496" : 13,
            "32112640" : 12,
            "32374784" : 10,
            "32636928" : 8,
            "32899072" : 4,
            "33161216" : 5,
            "33423360" : 8,
            "33816576" : 7,
            "34340864" : 12,
            "34865152" : 7,
            "35389440" : 4,
            "35913728" : 3,
            "36962304" : 5,
            "37486592" : 3,
            "38010880" : 5,
            "38535168" : 6,
            "39059456" : 3,
            "39583744" : 3,
            "40632320" : 5,
            "41156608" : 5,
            "41680896" : 1,
            "42205184" : 1,
            "42729472" : 1,
            "43253760" : 3,
            "43778048" : 3,
            "44302336" : 5,
            "44826624" : 4,
            "45350912" : 3,
            "45875200" : 2,
            "46399488" : 3,
            "46923776" : 8,
            "47448064" : 8,
            "47972352" : 6,
            "48496640" : 5,
            "49020928" : 5,
            "49545216" : 9,
            "50069504" : 7,
            "50593792" : 7,
            "51118080" : 13,
            "51642368" : 4,
            "52166656" : 11,
            "52690944" : 10,
            "53215232" : 12,
            "53739520" : 10,
            "54263808" : 17,
            "54788096" : 19,
            "55312384" : 19,
            "55836672" : 23,
            "56360960" : 20,
            "56885248" : 24,
            "57409536" : 37,
            "57933824" : 26,
            "58458112" : 34,
            "58982400" : 44,
            "59506688" : 49,
            "60030976" : 56,
            "60555264" : 75,
            "61079552" : 98,
            "61603840" : 109,
            "62128128" : 109,
            "62652416" : 123,
            "63176704" : 142,
            "63700992" : 186,
            "64225280" : 179,
            "64749568" : 174,
            "65273856" : 192,
            "65798144" : 210,
            "66322432" : 186,
            "66846720" : 211,
            "67633152" : 452,
            "68681728" : 430,
            "69730304" : 441,
            "70778880" : 397,
            "71827456" : 408,
            "72876032" : 345,
            "73924608" : 303,
            "74973184" : 331,
            "76021760" : 307,
            "77070336" : 250,
            "78118912" : 235,
            "79167488" : 193,
            "80216064" : 212,
            "81264640" : 175,
            "82313216" : 151,
            "83361792" : 138,
            "84410368" : 103,
            "85458944" : 118,
            "86507520" : 82,
            "87556096" : 98,
            "88604672" : 68,
            "89653248" : 86,
            "90701824" : 63,
            "91750400" : 51,
            "92798976" : 52,
            "93847552" : 57,
            "94896128" : 40,
            "95944704" : 55,
            "96993280" : 41,
            "98041856" : 33,
            "99090432" : 35,
            "100139008" : 30,
            "101187584" : 21,
            "102236160" : 35,
            "103284736" : 25,
            "104333312" : 22,
            "105381888" : 25,
            "106430464" : 24,
            "107479040" : 19,
            "108527616" : 25,
            "109576192" : 22,
            "110624768" : 15,
            "111673344" : 19,
            "112721920" : 19,
            "113770496" : 15,
            "114819072" : 17,
            "115867648" : 18,
            "116916224" : 25,
            "117964800" : 14,
            "119013376" : 13,
            "120061952" : 15,
            "121110528" : 15,