{
  "fio version" : "fio-3.1",
  "timestamp" : 1574273527,
  "timestamp_ms" : 1574273527852,
  "time" : "Wed Nov 20 18:12:07 2019",
  "global options" : {
    "directory" : "data/fio_write/beegfs-write-64-zrqxb",
    "bs" : "256",
    "fallocate" : "none",
    "runtime" : "30",
    "time_based" : "1",
    "ioengine" : "libaio",
    "iodepth" : "8",
    "direct" : "1",
    "buffered" : "0",
    "invalidate" : "1",
    "ramp_time" : "0",
    "thread" : "0",
    "group_reporting" : "1",
    "filesize" : "32g",
    "size" : "32g",
    "filename_format" : "$jobnum.dat"
  },
  "jobs" : [
    {
      "jobname" : "fio-job",
      "groupid" : 0,
      "error" : 0,
      "eta" : 0,
      "elapsed" : 31,
      "job options" : {
        "rw" : "write"
      },
      "read" : {
        "io_bytes" : 0,
        "io_kbytes" : 0,
        "bw" : 0,
        "iops" : 0.000000,
        "runtime" : 0,
        "total_ios" : 0,
        "short_ios" : 0,
        "drop_ios" : 0,
        "slat_ns" : {
          "min" : 0,
          "max" : 0,
          "mean" : 0.000000,
          "stddev" : 0.000000
        },
        "clat_ns" : {
          "min" : 0,
          "max" : 0,
          "mean" : 0.000000,
          "stddev" : 0.000000,
          "percentile" : {
            "1.000000" : 0,
            "5.000000" : 0,
            "10.000000" : 0,
            "20.000000" : 0,
            "30.000000" : 0,
            "40.000000" : 0,
            "50.000000" : 0,
            "60.000000" : 0,
            "70.000000" : 0,
            "80.000000" : 0,
            "90.000000" : 0,
            "95.000000" : 0,
            "99.000000" : 0,
            "99.500000" : 0,
            "99.900000" : 0,
            "99.950000" : 0,
            "99.990000" : 0,
            "0.00" : 0,
            "0.00" : 0,
            "0.00" : 0
          },
          "bins" : {

          }
        },
        "lat_ns" : {
          "min" : 0,
          "max" : 0,
          "mean" : 0.000000,
          "stddev" : 0.000000
        },
        "bw_min" : 0,
        "bw_max" : 0,
        "bw_agg" : 0.000000,
        "bw_mean" : 0.000000,
        "bw_dev" : 0.000000,
        "bw_samples" : 0,
        "iops_min" : 0,
        "iops_max" : 0,
        "iops_mean" : 0.000000,
        "iops_stddev" : 0.000000,
        "iops_samples" : 0
      },
      "write" : {
        "io_bytes" : 155756032,
        "io_kbytes" : 152105,
        "bw" : 5070,
        "iops" : 20280.057331,
        "runtime" : 30001,
        "total_ios" : 608422,
        "short_ios" : 0,
        "drop_ios" : 0,
        "slat_ns" : {
          "min" : 27370,
          "max" : 8901797,
          "mean" : 191817.003580,
          "stddev" : 112424.085530
        },
        "clat_ns" : {
          "min" : 3763,
          "max" : 10741830,
          "mean" : 1382994.982415,
          "stddev" : 345713.791034,
          "percentile" : {
            "1.000000" : 765952,
            "5.000000" : 905216,
            "10.000000" : 995328,
            "20.000000" : 1105920,
            "30.000000" : 1187840,
            "40.000000" : 1269760,
            "50.000000" : 1335296,
            "60.000000" : 1417216,
            "70.000000" : 1515520,
            "80.000000" : 1630208,
            "90.000000" : 1810432,
            "95.000000" : 1990656,
            "99.000000" : 2342912,
            "99.500000" : 2506752,
            "99.900000" : 2965504,
            "99.950000" : 3293184,
            "99.990000" : 6455296,
            "0.00" : 0,
            "0.00" : 0,
            "0.00" : 0
          },
          "bins" : {
            "3760" : 1,
            "3984" : 1,
            "4512" : 1,
            "5344" : 1,
            "134144" : 1,
            "152576" : 1,
            "205824" : 1,
            "232448" : 1,
            "280576" : 1,
            "342016" : 1,
            "395264" : 1,
            "407552" : 1,
            "411648" : 1,
            "419840" : 1,
            "423936" : 1,
            "436224" : 1,
            "448512" : 2,
            "452608" : 2,
            "456704" : 1,
            "460800" : 1,
            "464896" : 5,
            "468992" : 1,
            "473088" : 1,
            "477184" : 3,
            "481280" : 3,
            "485376" : 2,
            "489472" : 2,
            "493568" : 2,
            "497664" : 5,
            "501760" : 5,
            "505856" : 11,
            "509952" : 3,
            "514048" : 4,
            "518144" : 10,
            "522240" : 10,
            "528384" : 13,
            "536576" : 13,
            "544768" : 26,
            "552960" : 19,
            "561152" : 30,
            "569344" : 28,
            "577536" : 36,
            "585728" : 48,
            "593920" : 64,
            "602112" : 68,
            "610304" : 79,
            "618496" : 76,
            "626688" : 93,
            "634880" : 120,
            "643072" : 134,
            "651264" : 155,
            "659456" : 179,
            "667648" : 204,
            "675840" : 213,
            "684032" : 234,
            "692224" : 238,
            "700416" : 299,
            "708608" : 344,
            "716800" : 407,
            "724992" : 448,
            "733184" : 437,
            "741376" : 492,
            "749568" : 593,
            "757760" : 604,
            "765952" : 671,
            "774144" : 760,
            "782336" : 834,
            "790528" : 894,
            "798720" : 953,
            "806912" : 1109,
            "815104" : 1142,
            "823296" : 1205,
            "831488" : 1291,
            "839680" : 1402,
            "847872" : 1601,
            "856064" : 1565,
            "864256" : 1663,
            "872448" : 1831,
            "880640" : 1902,
            "888832" : 2034,
            "897024" : 2149,
            "905216" : 2238,
            "913408" : 2323,
            "921600" : 2454,
            "929792" : 2635,
            "937984" : 2725,
            "946176" : 2780,
            "954368" : 2972,
            "962560" : 3076,
            "970752" : 3218,
            "978944" : 3388,
            "987136" : 3447,
            "995328" : 3707,
            "1003520" : 3920,
            "1011712" : 3987,
            "1019904" : 4008,
            "1028096" : 4170,
            "1036288" : 4150,
            "1044480" : 4361,
            "1056768" : 9116,
            "1073152" : 9547,
            "1089536" : 10043,
            "1105920" : 10580,
            "1122304" : 11071,
            "1138688" : 11418,
            "1155072" : 11838,
            "1171456" : 11945,
            "1187840" : 12255,
            "1204224" : 12814,
            "1220608" : 13031,
            "1236992" : 13180,
            "1253376" : 13109,
            "1269760" : 13302,
            "1286144" : 13275,
            "1302528" : 13117,
            "1318912" : 13140,
            "1335296" : 13134,
            "1351680" : 12903,
            "1368064" : 12845,
            "1384448" : 12526,
            "1400832" : 11910,
            "1417216" : 11725,
            "1433600" : 11656,
            "1449984" : 11049,
            "1466368" : 10765,
            "1482752" : 10459,
            "1499136" : 10159,
            "1515520" : 9818,
            "1531904" : 9434,
            "1548288" : 9096,
            "1564672" : 8577,
            "1581056" : 8144,
            "1597440" : 7908,
            "1613824" : 7630,
            "1630208" : 7265,
            "1646592" : 6846,
            "1662976" : 6682,
            "1679360" : 6312,
            "1695744" : 5924,
            "1712128" : 5614,
            "1728512" : 5306,
            "1744896" : 5074,
            "1761280" : 4928,
            "1777664" : 4751,
            "1794048" : 4481,
            "1810432" : 4004,
            "1826816" : 3849,
            "1843200" : 3572,
            "1859584" : 3535,
            "1875968" : 3251,
            "1892352" : 3179,
            "1908736" : 2785,
            "1925120" : 2689,
            "1941504" : 2501,
            "1957888" : 2250,