{
  "fio version" : "fio-3.1",
  "timestamp" : 1556099223,
  "timestamp_ms" : 1556099223095,
  "time" : "Wed Apr 24 09:47:03 2019",
  "global options" : {
    "fallocate" : "none",
    "runtime" : "30",
    "directory" : "data/fio_write/beegfs-write-64-5s42g",
    "bs" : "1024",
    "time_based" : "1",
    "ioengine" : "libaio",
    "iodepth" : "8",
    "direct" : "1",
    "buffered" : "0",
    "thread" : "0",
    "group_reporting" : "1",
    "filesize" : "32g",
    "size" : "32g",
    "filename_format" : "$jobnum.dat"
  },
  "jobs" : [
    {
      "jobname" : "fio-job",
      "groupid" : 0,
      "error" : 0,
      "eta" : 0,
      "elapsed" : 31,
      "job options" : {
        "rw" : "write"
      },
      "read" : {
        "io_bytes" : 0,
        "io_kbytes" : 0,
        "bw" : 0,
        "iops" : 0.000000,
        "runtime" : 0,
        "total_ios" : 0,
        "short_ios" : 0,
        "drop_ios" : 0,
        "slat_ns" : {
          "min" : 0,
          "max" : 0,
          "mean" : 0.000000,
          "stddev" : 0.000000
        },
        "clat_ns" : {
          "min" : 0,
          "max" : 0,
          "mean" : 0.000000,
          "stddev" : 0.000000,
          "percentile" : {
            "1.000000" : 0,
            "5.000000" : 0,
            "10.000000" : 0,
            "20.000000" : 0,
            "30.000000" : 0,
            "40.000000" : 0,
            "50.000000" : 0,
            "60.000000" : 0,
            "70.000000" : 0,
            "80.000000" : 0,
            "90.000000" : 0,
            "95.000000" : 0,
            "99.000000" : 0,
            "99.500000" : 0,
            "99.900000" : 0,
            "99.950000" : 0,
            "99.990000" : 0,
            "0.00" : 0,
            "0.00" : 0,
            "0.00" : 0
          },
          "bins" : {

          }
        },
        "lat_ns" : {
          "min" : 0,
          "max" : 0,
          "mean" : 0.000000,
          "stddev" : 0.000000
        },
        "bw_min" : 0,
        "bw_max" : 0,
        "bw_agg" : 0.000000,
        "bw_mean" : 0.000000,
        "bw_dev" : 0.000000,
        "bw_samples" : 0,
        "iops_min" : 0,
        "iops_max" : 0,
        "iops_mean" : 0.000000,
        "iops_stddev" : 0.000000,
        "iops_samples" : 0
      },
      "write" : {
        "io_bytes" : 913167360,
        "io_kbytes" : 891765,
        "bw" : 29724,
        "iops" : 29724.509183,
        "runtime" : 30001,
        "total_ios" : 891765,
        "short_ios" : 0,
        "drop_ios" : 0,
        "slat_ns" : {
          "min" : 29346,
          "max" : 10627584,
          "mean" : 128958.000594,
          "stddev" : 125295.112908
        },
        "clat_ns" : {
          "min" : 3657,
          "max" : 12413755,
          "mean" : 942796.485284,
          "stddev" : 467377.909477,
          "percentile" : {
            "1.000000" : 528384,
            "5.000000" : 585728,
            "10.000000" : 626688,
            "20.000000" : 692224,
            "30.000000" : 733184,
            "40.000000" : 774144,
            "50.000000" : 806912,
            "60.000000" : 839680,
            "70.000000" : 913408,
            "80.000000" : 1089536,
            "90.000000" : 1449984,
            "95.000000" : 1712128,
            "99.000000" : 2736128,
            "99.500000" : 3555328,
            "99.900000" : 5210112,
            "99.950000" : 5865472,
            "99.990000" : 8454144,
            "0.00" : 0,
            "0.00" : 0,
            "0.00" : 0
          },
          "bins" : {
            "3664" : 1,
            "3984" : 1,
            "4048" : 1,
            "4512" : 1,
            "62720" : 1,
            "74240" : 1,
            "81408" : 1,
            "98816" : 1,
            "113152" : 1,
            "152576" : 1,
            "162816" : 1,
            "171008" : 2,
            "234496" : 1,
            "244736" : 1,
            "254976" : 1,
            "288768" : 1,
            "317440" : 1,
            "329728" : 1,
            "354304" : 1,
            "362496" : 1,
            "370688" : 1,
            "378880" : 1,
            "382976" : 1,
            "387072" : 1,
            "395264" : 1,
            "399360" : 1,
            "403456" : 1,
            "411648" : 2,
            "415744" : 4,
            "419840" : 8,
            "423936" : 3,
            "428032" : 10,
            "432128" : 8,
            "436224" : 13,
            "440320" : 26,
            "444416" : 23,
            "448512" : 28,
            "452608" : 53,
            "456704" : 56,
            "460800" : 78,
            "464896" : 93,
            "468992" : 123,
            "473088" : 161,
            "477184" : 181,
            "481280" : 229,
            "485376" : 334,
            "489472" : 356,
            "493568" : 413,
            "497664" : 519,
            "501760" : 583,
            "505856" : 626,
            "509952" : 777,
            "514048" : 936,
            "518144" : 1026,
            "522240" : 1129,
            "528384" : 2700,
            "536576" : 3335,
            "544768" : 3921,
            "552960" : 4689,
            "561152" : 5414,
            "569344" : 5771,
            "577536" : 6722,
            "585728" : 7145,
            "593920" : 7555,
            "602112" : 7923,
            "610304" : 8383,
            "618496" : 8746,
            "626688" : 9250,
            "634880" : 9383,
            "643072" : 10072,
            "651264" : 10460,
            "659456" : 11071,
            "667648" : 11646,
            "675840" : 12628,
            "684032" : 13339,
            "692224" : 14204,
            "700416" : 15225,
            "708608" : 16499,
            "716800" : 17751,
            "724992" : 18441,
            "733184" : 19595,
            "741376" : 20729,
            "749568" : 21366,
            "757760" : 22360,
            "765952" : 22520,
            "774144" : 22888,
            "782336" : 22621,
            "790528" : 22004,
            "798720" : 21464,
            "806912" : 20276,
            "815104" : 19538,
            "823296" : 18157,
            "831488" : 16720,
            "839680" : 15638,
            "847872" : 14398,
            "856064" : 13203,
            "864256" : 11971,
            "872448" : 10984,
            "880640" : 10042,
            "888832" : 9234,
            "897024" : 8491,
            "905216" : 7986,
            "913408" : 7253,
            "921600" : 6677,
            "929792" : 6201,
            "937984" : 5972,
            "946176" : 5278,
            "954368" : 5089,
            "962560" : 4813,
            "970752" : 4409,
            "978944" : 4309,
            "987136" : 4037,
            "995328" : 3860,
            "1003520" : 3781,
            "1011712" : 3537,
            "1019904" : 3400,
            "1028096" : 3132,
            "1036288" : 3150,
            "1044480" : 3063,
            "1056768" : 5659,
            "1073152" : 5359,
            "1089536" : 5070,
            "1105920" : 5074,
            "1122304" : 4892,
            "1138688" : 4713,
            "1155072" : 4674,
            "1171456" : 4562,
            "1187840" : 4301,
            "1204224" : 4441,
            "1220608" : 4233,
            "1236992" : 3940,
            "1253376" : 4013,
            "1269760" : 3965,
            "1286144" : 3781,
            "1302528" : 3593,
            "1318912" : 3605,
            "1335296" : 3550,
            "1351680" : 3483,
            "1368064" : 3328,
            "1384448" : 3415,
            "1400832" : 3376,
            "1417216" : 3326,
            "1433600" : 3341,
            "1449984" : 3259,
            "1466368" : 3138,
            "1482752" : 3321,
            "1499136" : 3213,
            "1515520" : 3384,
            "1531904" : 3258,
            "1548288" : 3166,
            "1564672" : 3192,
            "1581056" : 3119,
            "1597440" : 2844,
            "1613824" : 2638,
            "1630208" : 2562,
            "1646592" : 2362,