{
  "fio version" : "fio-3.1",
  "timestamp" : 1555531908,
  "timestamp_ms" : 1555531908572,
  "time" : "Wed Apr 17 20:11:48 2019",
  "global options" : {
    "fallocate" : "none",
    "runtime" : "30",
    "directory" : "/data/fio_write/beegfs-randwrite-64-8k58t",
    "bs" : "16777216",
    "time_based" : "1",
    "ioengine" : "libaio",
    "iodepth" : "8",
    "direct" : "1",
    "buffered" : "0",
    "thread" : "0",
    "group_reporting" : "1",
    "filesize" : "32g",
    "size" : "32g",
    "filename_format" : "$jobnum.dat"
  },
  "jobs" : [
    {
      "jobname" : "fio-job",
      "groupid" : 0,
      "error" : 0,
      "eta" : 0,
      "elapsed" : 31,
      "job options" : {
        "rw" : "randwrite"
      },
      "read" : {
        "io_bytes" : 0,
        "io_kbytes" : 0,
        "bw" : 0,
        "iops" : 0.000000,
        "runtime" : 0,
        "total_ios" : 0,
        "short_ios" : 0,
        "drop_ios" : 0,
        "slat_ns" : {
          "min" : 0,
          "max" : 0,
          "mean" : 0.000000,
          "stddev" : 0.000000
        },
        "clat_ns" : {
          "min" : 0,
          "max" : 0,
          "mean" : 0.000000,
          "stddev" : 0.000000,
          "percentile" : {
            "1.000000" : 0,
            "5.000000" : 0,
            "10.000000" : 0,
            "20.000000" : 0,
            "30.000000" : 0,
            "40.000000" : 0,
            "50.000000" : 0,
            "60.000000" : 0,
            "70.000000" : 0,
            "80.000000" : 0,
            "90.000000" : 0,
            "95.000000" : 0,
            "99.000000" : 0,
            "99.500000" : 0,
            "99.900000" : 0,
            "99.950000" : 0,
            "99.990000" : 0,
            "0.00" : 0,
            "0.00" : 0,
            "0.00" : 0
          },
          "bins" : {

          }
        },
        "lat_ns" : {
          "min" : 0,
          "max" : 0,
          "mean" : 0.000000,
          "stddev" : 0.000000
        },
        "bw_min" : 0,
        "bw_max" : 0,
        "bw_agg" : 0.000000,
        "bw_mean" : 0.000000,
        "bw_dev" : 0.000000,
        "bw_samples" : 0,
        "iops_min" : 0,
        "iops_max" : 0,
        "iops_mean" : 0.000000,
        "iops_stddev" : 0.000000,
        "iops_samples" : 0
      },
      "write" : {
        "io_bytes" : 1610612736,
        "io_kbytes" : 1572864,
        "bw" : 51829,
        "iops" : 3.163410,
        "runtime" : 30347,
        "total_ios" : 96,
        "short_ios" : 0,
        "drop_ios" : 0,
        "slat_ns" : {
          "min" : 271307224,
          "max" : 3834190213,
          "mean" : 1262740585.062500,
          "stddev" : 760341430.356401
        },
        "clat_ns" : {
          "min" : 4887,
          "max" : 12417881850,
          "mean" : 7383155499.437500,
          "stddev" : 3339774198.848577,
          "percentile" : {
            "1.000000" : 4896,
            "5.000000" : 371195904,
            "10.000000" : 1367343104,
            "20.000000" : 4664066048,
            "30.000000" : 6476005376,
            "40.000000" : 7348420608,
            "50.000000" : 8287944704,
            "60.000000" : 8791261184,
            "70.000000" : 9865003008,
            "80.000000" : 10133438464,
            "90.000000" : 10938744832,
            "95.000000" : 11207180288,
            "99.000000" : 12415139840,
            "99.500000" : 12415139840,
            "99.900000" : 12415139840,
            "99.950000" : 12415139840,
            "99.990000" : 12415139840,
            "0.00" : 0,
            "0.00" : 0,
            "0.00" : 0
          },
          "bins" : {
            "4896" : 1,
            "6240" : 1,
            "6496" : 1,
            "11584" : 1,
            "371195904" : 1,
            "557842432" : 1,
            "658505728" : 1,
            "792723456" : 1,
            "1317011456" : 1,
            "1367343104" : 1,
            "1870659584" : 1,
            "2197815296" : 1,
            "2566914048" : 1,
            "2701131776" : 1,
            "3137339392" : 1,
            "3472883712" : 1,
            "3808428032" : 1,
            "4009754624" : 1,
            "4328521728" : 1,
            "4664066048" : 1,
            "5133828096" : 2,
            "5268045824" : 1,
            "5402263552" : 1,
            "5670699008" : 1,
            "5804916736" : 1,
            "6341787648" : 1,
            "6408896512" : 1,
            "6476005376" : 1,
            "6543114240" : 1,
            "6744440832" : 2,
            "6878658560" : 1,
            "7012876288" : 1,
            "7079985152" : 2,
            "7348420608" : 3,
            "7415529472" : 1,
            "7683964928" : 2,
            "7751073792" : 1,
            "7818182656" : 1,
            "7885291520" : 1,
            "7952400384" : 1,
            "8153726976" : 1,
            "8287944704" : 2,
            "8355053568" : 2,
            "8422162432" : 1,
            "8556380160" : 3,
            "8657043456" : 1,
            "8791261184" : 4,
            "8925478912" : 1,
            "9059696640" : 2,
            "9193914368" : 1,
            "9596567552" : 1,
            "9730785280" : 2,
            "9865003008" : 1,
            "9999220736" : 4,
            "10133438464" : 5,
            "10267656192" : 2,
            "10401873920" : 2,
            "10670309376" : 1,
            "10804527104" : 2,
            "10938744832" : 3,
            "11072962560" : 2,
            "11207180288" : 3,
            "11609833472" : 1,
            "11744051200" : 1,
            "12012486656" : 1,
            "12415139840" : 1
          }
        },
        "lat_ns" : {
          "min" : 370975732,
          "max" : 14303898050,
          "mean" : 8645897834.114584,
          "stddev" : 3442110385.948383
        },
        "bw_min" : 32768,
        "bw_max" : 66737,
        "bw_agg" : 68.162065,
        "bw_mean" : 35327.716667,
        "bw_dev" : 8333.137422,
        "bw_samples" : 60,
        "iops_min" : 2,
        "iops_max" : 4,
        "iops_mean" : 2.133333,
        "iops_stddev" : 0.503098,
        "iops_samples" : 60
      },
      "trim" : {
        "io_bytes" : 0,
        "io_kbytes" : 0,
        "bw" : 0,
        "iops" : 0.000000,
        "runtime" : 0,
        "total_ios" : 0,
        "short_ios" : 0,
        "drop_ios" : 0,
        "slat_ns" : {
          "min" : 0,
          "max" : 0,
          "mean" : 0.000000,
          "stddev" : 0.000000
        },
        "clat_ns" : {
          "min" : 0,
          "max" : 0,
          "mean" : 0.000000,
          "stddev" : 0.000000,
          "percentile" : {
            "1.000000" : 0,
            "5.000000" : 0,
            "10.000000" : 0,
            "20.000000" : 0,
            "30.000000" : 0,
            "40.000000" : 0,
            "50.000000" : 0,
            "60.000000" : 0,
            "70.000000" : 0,
            "80.000000" : 0,
            "90.000000" : 0,
            "95.000000" : 0,
            "99.000000" : 0,
            "99.500000" : 0,
            "99.900000" : 0,
            "99.950000" : 0,
            "99.990000" : 0,
            "0.00" : 0,
            "0.00" : 0,
            "0.00" : 0
          },
          "bins" : {

          }
        },
        "lat_ns" : {
          "min" : 0,
          "max" : 0,
          "mean" : 0.000000,
          "stddev" : 0.000000
        },
        "bw_min" : 0,
        "bw_max" : 0,
        "bw_agg" : 0.000000,
        "bw_mean" : 0.000000,
        "bw_dev" : 0.000000,
        "bw_samples" : 0,
        "iops_min" : 0,
        "iops_max" : 0,
        "iops_mean" : 0.000000,
        "iops_stddev" : 0.000000,
        "iops_samples" : 0
      },
      "usr_cpu" : 0.084966,
      "sys_cpu" : 2.133223,
      "ctx" : 52465,
      "majf" : 0,
      "minf" : 101,
      "iodepth_level" : {
        "1" : 4.166667,
        "2" : 8.333333,
        "4" : 16.666667,
        "8" : 70.833333,
        "16" : 0.000000,
        "32" : 0.000000,
        ">=64" : 0.000000
      },