{
  "fio version" : "fio-3.1",
  "timestamp" : 1556096509,
  "timestamp_ms" : 1556096509342,
  "time" : "Wed Apr 24 10:01:49 2019",
  "global options" : {
    "fallocate" : "none",
    "runtime" : "30",
    "directory" : "/mnt/storage-nvme/fio_write/beegfs-write-64-client-39945-59",
    "bs" : "512",
    "time_based" : "1",
    "ioengine" : "libaio",
    "iodepth" : "8",
    "direct" : "1",
    "buffered" : "0",
    "thread" : "0",
    "group_reporting" : "1",
    "filesize" : "32g",
    "size" : "32g",
    "filename_format" : "$jobnum.dat"
  },
  "jobs" : [
    {
      "jobname" : "fio-job",
      "groupid" : 0,
      "error" : 0,
      "eta" : 0,
      "elapsed" : 31,
      "job options" : {
        "rw" : "write"
      },
      "read" : {
        "io_bytes" : 0,
        "io_kbytes" : 0,
        "bw" : 0,
        "iops" : 0.000000,
        "runtime" : 0,
        "total_ios" : 0,
        "short_ios" : 0,
        "drop_ios" : 0,
        "slat_ns" : {
          "min" : 0,
          "max" : 0,
          "mean" : 0.000000,
          "stddev" : 0.000000
        },
        "clat_ns" : {
          "min" : 0,
          "max" : 0,
          "mean" : 0.000000,
          "stddev" : 0.000000,
          "percentile" : {
            "1.000000" : 0,
            "5.000000" : 0,
            "10.000000" : 0,
            "20.000000" : 0,
            "30.000000" : 0,
            "40.000000" : 0,
            "50.000000" : 0,
            "60.000000" : 0,
            "70.000000" : 0,
            "80.000000" : 0,
            "90.000000" : 0,
            "95.000000" : 0,
            "99.000000" : 0,
            "99.500000" : 0,
            "99.900000" : 0,
            "99.950000" : 0,
            "99.990000" : 0,
            "0.00" : 0,
            "0.00" : 0,
            "0.00" : 0
          },
          "bins" : {

          }
        },
        "lat_ns" : {
          "min" : 0,
          "max" : 0,
          "mean" : 0.000000,
          "stddev" : 0.000000
        },
        "bw_min" : 0,
        "bw_max" : 0,
        "bw_agg" : 0.000000,
        "bw_mean" : 0.000000,
        "bw_dev" : 0.000000,
        "bw_samples" : 0,
        "iops_min" : 0,
        "iops_max" : 0,
        "iops_mean" : 0.000000,
        "iops_stddev" : 0.000000,
        "iops_samples" : 0
      },
      "write" : {
        "io_bytes" : 70239232,
        "io_kbytes" : 68593,
        "bw" : 2286,
        "iops" : 4572.714243,
        "runtime" : 30001,
        "total_ios" : 137186,
        "short_ios" : 0,
        "drop_ios" : 0,
        "slat_ns" : {
          "min" : 46078,
          "max" : 223051361,
          "mean" : 872231.005350,
          "stddev" : 1287970.562543
        },
        "clat_ns" : {
          "min" : 1880,
          "max" : 45809792,
          "mean" : 6101183.439622,
          "stddev" : 4656348.861246,
          "percentile" : {
            "1.000000" : 544768,
            "5.000000" : 667648,
            "10.000000" : 774144,
            "20.000000" : 1044480,
            "30.000000" : 3096576,
            "40.000000" : 4489216,
            "50.000000" : 5668864,
            "60.000000" : 6782976,
            "70.000000" : 7962624,
            "80.000000" : 9502720,
            "90.000000" : 11993088,
            "95.000000" : 14483456,
            "99.000000" : 20840448,
            "99.500000" : 23461888,
            "99.900000" : 29753344,
            "99.950000" : 32636928,
            "99.990000" : 39583744,
            "0.00" : 0,
            "0.00" : 0,
            "0.00" : 0
          },
          "bins" : {
            "1880" : 1,
            "1912" : 2,
            "2224" : 1,
            "156672" : 1,
            "199680" : 1,
            "207872" : 1,
            "296960" : 1,
            "387072" : 2,
            "407552" : 1,
            "411648" : 1,
            "419840" : 1,
            "428032" : 1,
            "432128" : 2,
            "436224" : 2,
            "440320" : 2,
            "444416" : 7,
            "448512" : 8,
            "452608" : 9,
            "456704" : 12,
            "460800" : 14,
            "464896" : 20,
            "468992" : 15,
            "473088" : 35,
            "477184" : 23,
            "481280" : 33,
            "485376" : 23,
            "489472" : 47,
            "493568" : 48,
            "497664" : 50,
            "501760" : 53,
            "505856" : 70,
            "509952" : 59,
            "514048" : 98,
            "518144" : 86,
            "522240" : 83,
            "528384" : 176,
            "536576" : 195,
            "544768" : 231,
            "552960" : 258,
            "561152" : 288,
            "569344" : 283,
            "577536" : 317,
            "585728" : 314,
            "593920" : 347,
            "602112" : 339,
            "610304" : 350,
            "618496" : 390,
            "626688" : 422,
            "634880" : 403,
            "643072" : 445,
            "651264" : 479,
            "659456" : 475,
            "667648" : 472,
            "675840" : 477,
            "684032" : 474,
            "692224" : 576,
            "700416" : 504,
            "708608" : 536,
            "716800" : 508,
            "724992" : 542,
            "733184" : 527,
            "741376" : 570,
            "749568" : 542,
            "757760" : 553,
            "765952" : 579,
            "774144" : 539,
            "782336" : 540,
            "790528" : 543,
            "798720" : 513,
            "806912" : 529,
            "815104" : 518,
            "823296" : 552,
            "831488" : 509,
            "839680" : 533,
            "847872" : 529,
            "856064" : 527,
            "864256" : 491,
            "872448" : 485,
            "880640" : 473,
            "888832" : 471,
            "897024" : 476,
            "905216" : 429,
            "913408" : 419,
            "921600" : 393,
            "929792" : 380,
            "937984" : 361,
            "946176" : 319,
            "954368" : 348,
            "962560" : 366,
            "970752" : 322,
            "978944" : 334,
            "987136" : 323,
            "995328" : 277,
            "1003520" : 265,
            "1011712" : 270,
            "1019904" : 252,
            "1028096" : 267,
            "1036288" : 261,
            "1044480" : 242,
            "1056768" : 400,
            "1073152" : 399,
            "1089536" : 363,
            "1105920" : 337,
            "1122304" : 284,
            "1138688" : 255,
            "1155072" : 231,
            "1171456" : 238,
            "1187840" : 212,
            "1204224" : 190,
            "1220608" : 166,
            "1236992" : 147,
            "1253376" : 128,
            "1269760" : 114,
            "1286144" : 105,
            "1302528" : 99,
            "1318912" : 73,
            "1335296" : 72,
            "1351680" : 83,
            "1368064" : 85,
            "1384448" : 65,
            "1400832" : 79,
            "1417216" : 49,
            "1433600" : 72,
            "1449984" : 58,
            "1466368" : 60,
            "1482752" : 51,
            "1499136" : 59,
            "1515520" : 65,
            "1531904" : 55,
            "1548288" : 55,
            "1564672" : 57,
            "1581056" : 51,
            "1597440" : 52,
            "1613824" : 47,
            "1630208" : 57,
            "1646592" : 60,
            "1662976" : 64,
            "1679360" : 57,
            "1695744" : 53,
            "1712128" : 54,
            "1728512" : 55,
            "1744896" : 58,
            "1761280" : 50,
            "1777664" : 67,
            "1794048" : 75,
            "1810432" : 64,
            "1826816" : 71,
            "1843200" : 72,
            "1859584" : 59,
            "1875968" : 81,
            "1892352" : 68,
            "1908736" : 66,
            "1925120" : 64,
            "1941504" : 69,
            "1957888" : 62,
            "1974272" : 67,
            "1990656" : 80,
            "2007040" : 86,
            "2023424" : 63,
            "2039808" : 79,