{
  "fio version" : "fio-3.1",
  "timestamp" : 1555518183,
  "timestamp_ms" : 1555518183597,
  "time" : "Wed Apr 17 16:23:03 2019",
  "global options" : {
    "fallocate" : "none",
    "runtime" : "30",
    "directory" : "/data/fio_write/beegfs-randwrite-64-8gqfr",
    "bs" : "4096",
    "time_based" : "1",
    "ioengine" : "libaio",
    "iodepth" : "8",
    "direct" : "1",
    "buffered" : "0",
    "thread" : "0",
    "group_reporting" : "1",
    "filesize" : "32g",
    "size" : "32g",
    "filename_format" : "$jobnum.dat"
  },
  "jobs" : [
    {
      "jobname" : "fio-job",
      "groupid" : 0,
      "error" : 0,
      "eta" : 0,
      "elapsed" : 33,
      "job options" : {
        "rw" : "randwrite"
      },
      "read" : {
        "io_bytes" : 0,
        "io_kbytes" : 0,
        "bw" : 0,
        "iops" : 0.000000,
        "runtime" : 0,
        "total_ios" : 0,
        "short_ios" : 0,
        "drop_ios" : 0,
        "slat_ns" : {
          "min" : 0,
          "max" : 0,
          "mean" : 0.000000,
          "stddev" : 0.000000
        },
        "clat_ns" : {
          "min" : 0,
          "max" : 0,
          "mean" : 0.000000,
          "stddev" : 0.000000,
          "percentile" : {
            "1.000000" : 0,
            "5.000000" : 0,
            "10.000000" : 0,
            "20.000000" : 0,
            "30.000000" : 0,
            "40.000000" : 0,
            "50.000000" : 0,
            "60.000000" : 0,
            "70.000000" : 0,
            "80.000000" : 0,
            "90.000000" : 0,
            "95.000000" : 0,
            "99.000000" : 0,
            "99.500000" : 0,
            "99.900000" : 0,
            "99.950000" : 0,
            "99.990000" : 0,
            "0.00" : 0,
            "0.00" : 0,
            "0.00" : 0
          },
          "bins" : {

          }
        },
        "lat_ns" : {
          "min" : 0,
          "max" : 0,
          "mean" : 0.000000,
          "stddev" : 0.000000
        },
        "bw_min" : 0,
        "bw_max" : 0,
        "bw_agg" : 0.000000,
        "bw_mean" : 0.000000,
        "bw_dev" : 0.000000,
        "bw_samples" : 0,
        "iops_min" : 0,
        "iops_max" : 0,
        "iops_mean" : 0.000000,
        "iops_stddev" : 0.000000,
        "iops_samples" : 0
      },
      "write" : {
        "io_bytes" : 1929216,
        "io_kbytes" : 1884,
        "bw" : 59,
        "iops" : 14.897520,
        "runtime" : 31616,
        "total_ios" : 471,
        "short_ios" : 0,
        "drop_ios" : 0,
        "slat_ns" : {
          "min" : 95420,
          "max" : 11289746353,
          "mean" : 258158983.883227,
          "stddev" : 909538248.170443
        },
        "clat_ns" : {
          "min" : 6166,
          "max" : 12162718445,
          "mean" : 1806312001.679405,
          "stddev" : 2401717764.520152,
          "percentile" : {
            "1.000000" : 1028096,
            "5.000000" : 17432576,
            "10.000000" : 41680896,
            "20.000000" : 99090432,
            "30.000000" : 152043520,
            "40.000000" : 446693376,
            "50.000000" : 843055104,
            "60.000000" : 1400897536,
            "70.000000" : 2004877312,
            "80.000000" : 3036676096,
            "90.000000" : 4865392640,
            "95.000000" : 7616856064,
            "99.000000" : 11744051200,
            "99.500000" : 11878268928,
            "99.900000" : 12146704384,
            "99.950000" : 12146704384,
            "99.990000" : 12146704384,
            "0.00" : 0,
            "0.00" : 0,
            "0.00" : 0
          },
          "bins" : {
            "6176" : 1,
            "6496" : 1,
            "7456" : 1,
            "10432" : 1,
            "1028096" : 1,
            "1044480" : 1,
            "1286144" : 2,
            "1318912" : 1,
            "1351680" : 1,
            "1368064" : 1,
            "1400832" : 1,
            "7962624" : 1,
            "8978432" : 1,
            "10551296" : 1,
            "10682368" : 1,
            "12779520" : 1,
            "14876672" : 1,
            "15138816" : 2,
            "16580608" : 1,
            "16711680" : 1,
            "16908288" : 1,
            "17432576" : 1,
            "20840448" : 2,
            "22151168" : 1,
            "25559040" : 1,
            "26607616" : 1,
            "27131904" : 2,
            "28442624" : 1,
            "30015488" : 1,
            "32112640" : 1,
            "32899072" : 1,
            "35913728" : 2,
            "36438016" : 2,
            "36962304" : 2,
            "37486592" : 1,
            "39059456" : 1,
            "39583744" : 1,
            "40108032" : 1,
            "40632320" : 1,
            "41156608" : 1,
            "41680896" : 1,
            "43253760" : 2,
            "43778048" : 3,
            "44302336" : 1,
            "44826624" : 1,
            "45350912" : 1,
            "45875200" : 1,
            "46399488" : 3,
            "48496640" : 1,
            "54788096" : 1,
            "57933824" : 1,
            "58458112" : 1,
            "58982400" : 1,
            "60030976" : 1,
            "62128128" : 1,
            "64749568" : 1,
            "66322432" : 1,
            "69730304" : 1,
            "71827456" : 2,
            "74973184" : 1,
            "79167488" : 3,
            "80216064" : 1,
            "81264640" : 2,
            "82313216" : 1,
            "83361792" : 1,
            "85458944" : 1,
            "86507520" : 1,
            "89653248" : 1,
            "90701824" : 2,
            "91750400" : 1,
            "93847552" : 1,
            "95944704" : 3,
            "98041856" : 3,
            "99090432" : 4,
            "101187584" : 3,
            "105381888" : 2,
            "108527616" : 2,
            "109576192" : 1,
            "111673344" : 4,
            "112721920" : 1,
            "114819072" : 1,
            "115867648" : 1,
            "117964800" : 2,
            "119013376" : 1,
            "121110528" : 1,
            "126353408" : 1,
            "127401984" : 2,
            "129499136" : 1,
            "133693440" : 2,
            "135266304" : 4,
            "137363456" : 4,
            "139460608" : 2,
            "141557760" : 1,
            "143654912" : 1,
            "145752064" : 1,
            "147849216" : 4,
            "152043520" : 2,
            "156237824" : 2,
            "158334976" : 1,
            "166723584" : 1,
            "168820736" : 1,
            "177209344" : 2,
            "183500800" : 2,
            "191889408" : 2,
            "198180864" : 1,
            "223346688" : 4,
            "248512512" : 1,
            "252706816" : 1,
            "256901120" : 3,
            "287309824" : 1,
            "329252864" : 2,
            "350224384" : 2,
            "392167424" : 2,
            "400556032" : 2,
            "413138944" : 9,
            "425721856" : 1,
            "434110464" : 1,
            "438304768" : 5,
            "446693376" : 2,
            "455081984" : 6,
            "459276288" : 2,
            "480247808" : 1,
            "492830720" : 3,
            "599785472" : 3,
            "633339904" : 1,
            "641728512" : 1,
            "650117120" : 1,
            "666894336" : 3,
            "675282944" : 1,
            "683671552" : 1,
            "692060160" : 3,
            "708837376" : 5,
            "734003200" : 2,
            "742391808" : 1,
            "775946240" : 1,
            "792723456" : 1,
            "801112064" : 1,
            "843055104" : 9,
            "851443712" : 1,
            "859832320" : 1,
            "876609536" : 2,
            "901775360" : 2,
            "910163968" : 1,
            "918552576" : 1,
            "935329792" : 4,
            "960495616" : 1,
            "1035993088" : 2,
            "1098907648" : 7,
            "1115684864" : 1,
            "1132462080" : 2,
            "1166016512" : 1,
            "1199570944" : 1,
            "1249902592" : 1,
            "1283457024" : 1,
            "1300234240" : 2,