{
  "fio version" : "fio-3.1",
  "timestamp" : 1556099965,
  "timestamp_ms" : 1556099965165,
  "time" : "Wed Apr 24 09:59:25 2019",
  "global options" : {
    "fallocate" : "none",
    "runtime" : "30",
    "directory" : "data/fio_write/beegfs-randwrite-64-dkrwb",
    "bs" : "512",
    "time_based" : "1",
    "ioengine" : "libaio",
    "iodepth" : "8",
    "direct" : "1",
    "buffered" : "0",
    "thread" : "0",
    "group_reporting" : "1",
    "filesize" : "32g",
    "size" : "32g",
    "filename_format" : "$jobnum.dat"
  },
  "jobs" : [
    {
      "jobname" : "fio-job",
      "groupid" : 0,
      "error" : 0,
      "eta" : 0,
      "elapsed" : 32,
      "job options" : {
        "rw" : "randwrite"
      },
      "read" : {
        "io_bytes" : 0,
        "io_kbytes" : 0,
        "bw" : 0,
        "iops" : 0.000000,
        "runtime" : 0,
        "total_ios" : 0,
        "short_ios" : 0,
        "drop_ios" : 0,
        "slat_ns" : {
          "min" : 0,
          "max" : 0,
          "mean" : 0.000000,
          "stddev" : 0.000000
        },
        "clat_ns" : {
          "min" : 0,
          "max" : 0,
          "mean" : 0.000000,
          "stddev" : 0.000000,
          "percentile" : {
            "1.000000" : 0,
            "5.000000" : 0,
            "10.000000" : 0,
            "20.000000" : 0,
            "30.000000" : 0,
            "40.000000" : 0,
            "50.000000" : 0,
            "60.000000" : 0,
            "70.000000" : 0,
            "80.000000" : 0,
            "90.000000" : 0,
            "95.000000" : 0,
            "99.000000" : 0,
            "99.500000" : 0,
            "99.900000" : 0,
            "99.950000" : 0,
            "99.990000" : 0,
            "0.00" : 0,
            "0.00" : 0,
            "0.00" : 0
          },
          "bins" : {

          }
        },
        "lat_ns" : {
          "min" : 0,
          "max" : 0,
          "mean" : 0.000000,
          "stddev" : 0.000000
        },
        "bw_min" : 0,
        "bw_max" : 0,
        "bw_agg" : 0.000000,
        "bw_mean" : 0.000000,
        "bw_dev" : 0.000000,
        "bw_samples" : 0,
        "iops_min" : 0,
        "iops_max" : 0,
        "iops_mean" : 0.000000,
        "iops_stddev" : 0.000000,
        "iops_samples" : 0
      },
      "write" : {
        "io_bytes" : 227328,
        "io_kbytes" : 222,
        "bw" : 7,
        "iops" : 14.127530,
        "runtime" : 31428,
        "total_ios" : 444,
        "short_ios" : 0,
        "drop_ios" : 0,
        "slat_ns" : {
          "min" : 98341,
          "max" : 5052976089,
          "mean" : 277765875.049550,
          "stddev" : 777146267.099247
        },
        "clat_ns" : {
          "min" : 9441,
          "max" : 8952751523,
          "mean" : 1808514627.673424,
          "stddev" : 1923498160.847255,
          "percentile" : {
            "1.000000" : 937984,
            "5.000000" : 1302528,
            "10.000000" : 27394048,
            "20.000000" : 76021760,
            "30.000000" : 320864256,
            "40.000000" : 650117120,
            "50.000000" : 1249902592,
            "60.000000" : 1786773504,
            "70.000000" : 2466250752,
            "80.000000" : 3103784960,
            "90.000000" : 4865392640,
            "95.000000" : 6140461056,
            "99.000000" : 7885291520,
            "99.500000" : 8153726976,
            "99.900000" : 8925478912,
            "99.950000" : 8925478912,
            "99.990000" : 8925478912,
            "0.00" : 0,
            "0.00" : 0,
            "0.00" : 0
          },
          "bins" : {
            "9408" : 1,
            "10304" : 1,
            "10432" : 1,
            "10944" : 1,
            "937984" : 1,
            "970752" : 1,
            "1028096" : 1,
            "1036288" : 1,
            "1056768" : 1,
            "1073152" : 3,
            "1105920" : 2,
            "1122304" : 3,
            "1138688" : 1,
            "1155072" : 2,
            "1236992" : 1,
            "1286144" : 1,
            "1302528" : 1,
            "1499136" : 1,
            "1548288" : 1,
            "5210112" : 2,
            "5275648" : 2,
            "5341184" : 3,
            "7634944" : 1,
            "7766016" : 2,
            "7897088" : 1,
            "17432576" : 2,
            "26607616" : 3,
            "27131904" : 1,
            "27394048" : 5,
            "32112640" : 1,
            "38010880" : 1,
            "40632320" : 3,
            "41156608" : 1,
            "42205184" : 1,
            "42729472" : 2,
            "43253760" : 1,
            "44302336" : 1,
            "45350912" : 1,
            "47972352" : 1,
            "51118080" : 1,
            "52166656" : 4,
            "52690944" : 2,
            "53739520" : 1,
            "54263808" : 1,
            "54788096" : 1,
            "56885248" : 2,
            "57409536" : 2,
            "58982400" : 3,
            "59506688" : 3,
            "60030976" : 2,
            "63176704" : 2,
            "64225280" : 1,
            "66322432" : 1,
            "66846720" : 1,
            "72876032" : 1,
            "76021760" : 1,
            "82313216" : 2,
            "84410368" : 4,
            "96993280" : 2,
            "103284736" : 4,
            "111673344" : 4,
            "112721920" : 2,
            "117964800" : 3,
            "132644864" : 1,
            "141557760" : 1,
            "158334976" : 1,
            "170917888" : 2,
            "183500800" : 3,
            "187695104" : 1,
            "193986560" : 1,
            "198180864" : 1,
            "204472320" : 1,
            "206569472" : 1,
            "217055232" : 1,
            "221249536" : 1,
            "227540992" : 1,
            "235929600" : 1,
            "254803968" : 3,
            "278921216" : 1,
            "283115520" : 1,
            "320864256" : 3,
            "383778816" : 2,
            "392167424" : 1,
            "404750336" : 1,
            "408944640" : 2,
            "413138944" : 1,
            "421527552" : 1,
            "425721856" : 2,
            "429916160" : 1,
            "434110464" : 2,
            "438304768" : 1,
            "450887680" : 2,
            "455081984" : 1,
            "467664896" : 2,
            "492830720" : 3,
            "497025024" : 3,
            "501219328" : 1,
            "505413632" : 1,
            "526385152" : 2,
            "541065216" : 1,
            "549453824" : 6,
            "583008256" : 1,
            "608174080" : 2,
            "624951296" : 2,
            "641728512" : 1,
            "650117120" : 5,
            "675282944" : 2,
            "683671552" : 1,
            "692060160" : 1,
            "700448768" : 1,
            "750780416" : 1,
            "767557632" : 1,
            "784334848" : 1,
            "792723456" : 2,
            "884998144" : 1,
            "910163968" : 1,
            "918552576" : 2,
            "926941184" : 1,
            "943718400" : 1,
            "952107008" : 2,
            "960495616" : 1,
            "1002438656" : 2,
            "1027604480" : 1,
            "1035993088" : 1,
            "1044381696" : 1,
            "1069547520" : 1,
            "1082130432" : 8,
            "1098907648" : 1,
            "1182793728" : 1,
            "1199570944" : 3,
            "1249902592" : 2,
            "1300234240" : 2,
            "1317011456" : 1,
            "1333788672" : 2,
            "1350565888" : 4,
            "1367343104" : 2,
            "1384120320" : 4,
            "1400897536" : 1,
            "1417674752" : 1,
            "1434451968" : 1,
            "1518338048" : 2,
            "1551892480" : 1,
            "1585446912" : 1,
            "1652555776" : 1,
            "1686110208" : 7,
            "1719664640" : 1,
            "1736441856" : 3,
            "1753219072" : 2,
            "1769996288" : 5,
            "1786773504" : 5,
            "1820327936" : 5,
            "1853882368" : 1,
            "1870659584" : 2,
            "1887436800" : 1,