{
  "fio version" : "fio-3.1",
  "timestamp" : 1556100283,
  "timestamp_ms" : 1556100283047,
  "time" : "Wed Apr 24 10:04:43 2019",
  "global options" : {
    "fallocate" : "none",
    "runtime" : "30",
    "directory" : "data/fio_write/beegfs-randwrite-64-wvkff",
    "bs" : "16384",
    "time_based" : "1",
    "ioengine" : "libaio",
    "iodepth" : "8",
    "direct" : "1",
    "buffered" : "0",
    "thread" : "0",
    "group_reporting" : "1",
    "filesize" : "32g",
    "size" : "32g",
    "filename_format" : "$jobnum.dat"
  },
  "jobs" : [
    {
      "jobname" : "fio-job",
      "groupid" : 0,
      "error" : 0,
      "eta" : 0,
      "elapsed" : 32,
      "job options" : {
        "rw" : "randwrite"
      },
      "read" : {
        "io_bytes" : 0,
        "io_kbytes" : 0,
        "bw" : 0,
        "iops" : 0.000000,
        "runtime" : 0,
        "total_ios" : 0,
        "short_ios" : 0,
        "drop_ios" : 0,
        "slat_ns" : {
          "min" : 0,
          "max" : 0,
          "mean" : 0.000000,
          "stddev" : 0.000000
        },
        "clat_ns" : {
          "min" : 0,
          "max" : 0,
          "mean" : 0.000000,
          "stddev" : 0.000000,
          "percentile" : {
            "1.000000" : 0,
            "5.000000" : 0,
            "10.000000" : 0,
            "20.000000" : 0,
            "30.000000" : 0,
            "40.000000" : 0,
            "50.000000" : 0,
            "60.000000" : 0,
            "70.000000" : 0,
            "80.000000" : 0,
            "90.000000" : 0,
            "95.000000" : 0,
            "99.000000" : 0,
            "99.500000" : 0,
            "99.900000" : 0,
            "99.950000" : 0,
            "99.990000" : 0,
            "0.00" : 0,
            "0.00" : 0,
            "0.00" : 0
          },
          "bins" : {

          }
        },
        "lat_ns" : {
          "min" : 0,
          "max" : 0,
          "mean" : 0.000000,
          "stddev" : 0.000000
        },
        "bw_min" : 0,
        "bw_max" : 0,
        "bw_agg" : 0.000000,
        "bw_mean" : 0.000000,
        "bw_dev" : 0.000000,
        "bw_samples" : 0,
        "iops_min" : 0,
        "iops_max" : 0,
        "iops_mean" : 0.000000,
        "iops_stddev" : 0.000000,
        "iops_samples" : 0
      },
      "write" : {
        "io_bytes" : 3719168,
        "io_kbytes" : 3632,
        "bw" : 117,
        "iops" : 7.317859,
        "runtime" : 31020,
        "total_ios" : 227,
        "short_ios" : 0,
        "drop_ios" : 0,
        "slat_ns" : {
          "min" : 210888,
          "max" : 8677697111,
          "mean" : 532821633.220264,
          "stddev" : 1445018802.172047
        },
        "clat_ns" : {
          "min" : 7552,
          "max" : 16286369020,
          "mean" : 3304360403.748899,
          "stddev" : 3548357449.942397,
          "percentile" : {
            "1.000000" : 9792,
            "5.000000" : 62652416,
            "10.000000" : 112721920,
            "20.000000" : 549453824,
            "30.000000" : 1027604480,
            "40.000000" : 1652555776,
            "50.000000" : 2021654528,
            "60.000000" : 2600468480,
            "70.000000" : 3539992576,
            "80.000000" : 5939134464,
            "90.000000" : 9059696640,
            "95.000000" : 11207180288,
            "99.000000" : 13488881664,
            "99.500000" : 15233712128,
            "99.900000" : 16307453952,
            "99.950000" : 16307453952,
            "99.990000" : 16307453952,
            "0.00" : 0,
            "0.00" : 0,
            "0.00" : 0
          },
          "bins" : {
            "7584" : 1,
            "8640" : 1,
            "9792" : 1,
            "10048" : 1,
            "2310144" : 1,
            "2408448" : 1,
            "9633792" : 1,
            "9764864" : 2,
            "9895936" : 1,
            "54788096" : 1,
            "62652416" : 2,
            "80216064" : 2,
            "91750400" : 1,
            "96993280" : 1,
            "109576192" : 5,
            "112721920" : 1,
            "117964800" : 2,
            "168820736" : 2,
            "177209344" : 1,
            "235929600" : 2,
            "299892736" : 1,
            "346030080" : 1,
            "350224384" : 2,
            "379584512" : 1,
            "413138944" : 5,
            "488636416" : 1,
            "501219328" : 1,
            "513802240" : 1,
            "541065216" : 1,
            "549453824" : 2,
            "557842432" : 1,
            "566231040" : 1,
            "574619648" : 2,
            "666894336" : 3,
            "692060160" : 3,
            "734003200" : 1,
            "742391808" : 1,
            "775946240" : 1,
            "801112064" : 2,
            "817889280" : 2,
            "901775360" : 1,
            "960495616" : 1,
            "1002438656" : 1,
            "1027604480" : 5,
            "1035993088" : 4,
            "1069547520" : 2,
            "1098907648" : 1,
            "1166016512" : 1,
            "1199570944" : 1,
            "1216348160" : 1,
            "1266679808" : 2,
            "1283457024" : 2,
            "1333788672" : 1,
            "1384120320" : 1,
            "1635778560" : 3,
            "1652555776" : 5,
            "1669332992" : 4,
            "1686110208" : 3,
            "1753219072" : 3,
            "1769996288" : 1,
            "1853882368" : 1,
            "1870659584" : 1,
            "1920991232" : 1,
            "1971322880" : 2,
            "2004877312" : 1,
            "2021654528" : 4,
            "2139095040" : 1,
            "2164260864" : 5,
            "2197815296" : 4,
            "2231369728" : 3,
            "2298478592" : 1,
            "2432696320" : 3,
            "2466250752" : 1,
            "2499805184" : 1,
            "2566914048" : 1,
            "2600468480" : 3,
            "2667577344" : 1,
            "2734686208" : 1,
            "2768240640" : 1,
            "2801795072" : 1,
            "2969567232" : 2,
            "3003121664" : 2,
            "3036676096" : 1,
            "3103784960" : 1,
            "3137339392" : 4,
            "3170893824" : 1,
            "3238002688" : 1,
            "3305111552" : 1,
            "3472883712" : 2,
            "3539992576" : 1,
            "3707764736" : 3,
            "3774873600" : 1,
            "3875536896" : 2,
            "3976200192" : 1,
            "4143972352" : 2,
            "4278190080" : 1,
            "4328521728" : 1,
            "4462739456" : 1,
            "4731174912" : 4,
            "4798283776" : 1,
            "4865392640" : 1,
            "4932501504" : 1,
            "5737807872" : 2,
            "5872025600" : 1,
            "5939134464" : 2,
            "6140461056" : 1,
            "6610223104" : 1,
            "7079985152" : 2,
            "7147094016" : 3,
            "7616856064" : 2,
            "7683964928" : 3,
            "7885291520" : 1,
            "8153726976" : 5,
            "8220835840" : 1,
            "8791261184" : 2,
            "9059696640" : 3,
            "9730785280" : 2,
            "9999220736" : 3,
            "10133438464" : 1,
            "10670309376" : 2,
            "11207180288" : 1,
            "11341398016" : 2,
            "12146704384" : 1,
            "12280922112" : 1,
            "12415139840" : 1,
            "12683575296" : 1,
            "13488881664" : 3,
            "15233712128" : 1,
            "16307453952" : 1
          }
        },
        "lat_ns" : {
          "min" : 2725424,
          "max" : 16619530841,
          "mean" : 3837183563.409692,
          "stddev" : 3899755250.196653
        },
        "bw_min" : 31,
        "bw_max" : 641,
        "bw_agg" : 100.000000,
        "bw_mean" : 130.000000,
        "bw_dev" : 121.897236,
        "bw_samples" : 48,
        "iops_min" : 1,
        "iops_max" : 40,
        "iops_mean" : 8.104167,
        "iops_stddev" : 7.630397,
        "iops_samples" : 48
      },
      "trim" : {
        "io_bytes" : 0,
        "io_kbytes" : 0,
        "bw" : 0,