{
  "fio version" : "fio-3.1",
  "timestamp" : 1556786815,
  "timestamp_ms" : 1556786815352,
  "time" : "Thu May  2 09:46:55 2019",
  "global options" : {
    "fallocate" : "none",
    "runtime" : "30",
    "directory" : "/mnt/storage-nvme/fio_write/beegfs-write-8-client-14176-2",
    "bs" : "4096",
    "time_based" : "1",
    "ioengine" : "libaio",
    "iodepth" : "8",
    "direct" : "1",
    "buffered" : "0",
    "thread" : "0",
    "group_reporting" : "1",
    "filesize" : "32g",
    "size" : "32g",
    "filename_format" : "$jobnum.dat"
  },
  "jobs" : [
    {
      "jobname" : "fio-job",
      "groupid" : 0,
      "error" : 0,
      "eta" : 0,
      "elapsed" : 31,
      "job options" : {
        "rw" : "write"
      },
      "read" : {
        "io_bytes" : 0,
        "io_kbytes" : 0,
        "bw" : 0,
        "iops" : 0.000000,
        "runtime" : 0,
        "total_ios" : 0,
        "short_ios" : 0,
        "drop_ios" : 0,
        "slat_ns" : {
          "min" : 0,
          "max" : 0,
          "mean" : 0.000000,
          "stddev" : 0.000000
        },
        "clat_ns" : {
          "min" : 0,
          "max" : 0,
          "mean" : 0.000000,
          "stddev" : 0.000000,
          "percentile" : {
            "1.000000" : 0,
            "5.000000" : 0,
            "10.000000" : 0,
            "20.000000" : 0,
            "30.000000" : 0,
            "40.000000" : 0,
            "50.000000" : 0,
            "60.000000" : 0,
            "70.000000" : 0,
            "80.000000" : 0,
            "90.000000" : 0,
            "95.000000" : 0,
            "99.000000" : 0,
            "99.500000" : 0,
            "99.900000" : 0,
            "99.950000" : 0,
            "99.990000" : 0,
            "0.00" : 0,
            "0.00" : 0,
            "0.00" : 0
          },
          "bins" : {

          }
        },
        "lat_ns" : {
          "min" : 0,
          "max" : 0,
          "mean" : 0.000000,
          "stddev" : 0.000000
        },
        "bw_min" : 0,
        "bw_max" : 0,
        "bw_agg" : 0.000000,
        "bw_mean" : 0.000000,
        "bw_dev" : 0.000000,
        "bw_samples" : 0,
        "iops_min" : 0,
        "iops_max" : 0,
        "iops_mean" : 0.000000,
        "iops_stddev" : 0.000000,
        "iops_samples" : 0
      },
      "write" : {
        "io_bytes" : 5442179072,
        "io_kbytes" : 5314628,
        "bw" : 177148,
        "iops" : 44287.090430,
        "runtime" : 30001,
        "total_ios" : 1328657,
        "short_ios" : 0,
        "drop_ios" : 0,
        "slat_ns" : {
          "min" : 46375,
          "max" : 26243747,
          "mean" : 89127.141351,
          "stddev" : 54331.440205
        },
        "clat_ns" : {
          "min" : 1609,
          "max" : 26678502,
          "mean" : 632820.061568,
          "stddev" : 185389.221744,
          "percentile" : {
            "1.000000" : 452608,
            "5.000000" : 485376,
            "10.000000" : 509952,
            "20.000000" : 536576,
            "30.000000" : 561152,
            "40.000000" : 585728,
            "50.000000" : 602112,
            "60.000000" : 626688,
            "70.000000" : 659456,
            "80.000000" : 692224,
            "90.000000" : 774144,
            "95.000000" : 856064,
            "99.000000" : 1171456,
            "99.500000" : 1351680,
            "99.900000" : 2211840,
            "99.950000" : 2637824,
            "99.990000" : 4227072,
            "0.00" : 0,
            "0.00" : 0,
            "0.00" : 0
          },
          "bins" : {
            "1608" : 2,
            "1624" : 1,
            "3760" : 1,
            "58624" : 1,
            "63232" : 1,
            "71168" : 2,
            "112128" : 1,
            "116224" : 1,
            "129536" : 1,
            "134144" : 1,
            "166912" : 1,
            "173056" : 1,
            "185344" : 1,
            "193536" : 1,
            "222208" : 1,
            "232448" : 1,
            "238592" : 1,
            "254976" : 1,
            "272384" : 1,
            "296960" : 1,
            "301056" : 1,
            "317440" : 1,
            "333824" : 1,
            "350208" : 1,
            "358400" : 1,
            "374784" : 1,
            "378880" : 9,
            "382976" : 20,
            "387072" : 28,
            "391168" : 40,
            "395264" : 51,
            "399360" : 91,
            "403456" : 118,
            "407552" : 173,
            "411648" : 255,
            "415744" : 375,
            "419840" : 517,
            "423936" : 693,
            "428032" : 910,
            "432128" : 1191,
            "436224" : 1450,
            "440320" : 1819,
            "444416" : 2249,
            "448512" : 2717,
            "452608" : 3249,
            "456704" : 3875,
            "460800" : 4371,
            "464896" : 4985,
            "468992" : 5811,
            "473088" : 6497,
            "477184" : 7541,
            "481280" : 8247,
            "485376" : 9447,
            "489472" : 10282,
            "493568" : 11344,
            "497664" : 12413,
            "501760" : 13304,
            "505856" : 14202,
            "509952" : 15490,
            "514048" : 16492,
            "518144" : 17415,
            "522240" : 18547,
            "528384" : 40116,
            "536576" : 43185,
            "544768" : 46105,
            "552960" : 48453,
            "561152" : 50368,
            "569344" : 51219,
            "577536" : 51460,
            "585728" : 51379,
            "593920" : 50382,
            "602112" : 49350,
            "610304" : 47290,
            "618496" : 45211,
            "626688" : 42923,
            "634880" : 40143,
            "643072" : 37829,
            "651264" : 35179,
            "659456" : 31996,
            "667648" : 29422,
            "675840" : 27167,
            "684032" : 25202,
            "692224" : 22583,
            "700416" : 20642,
            "708608" : 18932,
            "716800" : 17069,
            "724992" : 15473,
            "733184" : 14052,
            "741376" : 12986,
            "749568" : 11934,
            "757760" : 10770,
            "765952" : 9857,
            "774144" : 9072,
            "782336" : 8539,
            "790528" : 7637,
            "798720" : 7181,
            "806912" : 6505,
            "815104" : 6021,
            "823296" : 5465,
            "831488" : 5135,
            "839680" : 4750,
            "847872" : 4343,
            "856064" : 3955,
            "864256" : 3745,
            "872448" : 3365,
            "880640" : 3213,
            "888832" : 2830,
            "897024" : 2732,
            "905216" : 2462,
            "913408" : 2385,
            "921600" : 2185,
            "929792" : 2046,
            "937984" : 1967,
            "946176" : 1771,
            "954368" : 1710,
            "962560" : 1629,
            "970752" : 1490,
            "978944" : 1337,
            "987136" : 1221,
            "995328" : 1168,
            "1003520" : 1136,
            "1011712" : 1073,
            "1019904" : 995,
            "1028096" : 998,
            "1036288" : 977,
            "1044480" : 889,
            "1056768" : 1547,
            "1073152" : 1441,
            "1089536" : 1295,
            "1105920" : 1187,
            "1122304" : 1071,
            "1138688" : 996,
            "1155072" : 950,
            "1171456" : 889,
            "1187840" : 877,
            "1204224" : 781,
            "1220608" : 706,
            "1236992" : 626,
            "1253376" : 578,
            "1269760" : 521,
            "1286144" : 429,
            "1302528" : 388,
            "1318912" : 353,
            "1335296" : 357,
            "1351680" : 348,
            "1368064" : 301,
            "1384448" : 264,
            "1400832" : 254,
            "1417216" : 239,
            "1433600" : 226,
            "1449984" : 231,
            "1466368" : 174,
            "1482752" : 204,
            "1499136" : 173,
            "1515520" : 158,