{
  "fio version" : "fio-3.1",
  "timestamp" : 1556786941,
  "timestamp_ms" : 1556786941546,
  "time" : "Thu May  2 09:49:01 2019",
  "global options" : {
    "fallocate" : "none",
    "runtime" : "30",
    "directory" : "/mnt/storage-nvme/fio_write/beegfs-write-8-client-14176-2",
    "bs" : "65536",
    "time_based" : "1",
    "ioengine" : "libaio",
    "iodepth" : "8",
    "direct" : "1",
    "buffered" : "0",
    "thread" : "0",
    "group_reporting" : "1",
    "filesize" : "32g",
    "size" : "32g",
    "filename_format" : "$jobnum.dat"
  },
  "jobs" : [
    {
      "jobname" : "fio-job",
      "groupid" : 0,
      "error" : 0,
      "eta" : 0,
      "elapsed" : 31,
      "job options" : {
        "rw" : "write"
      },
      "read" : {
        "io_bytes" : 0,
        "io_kbytes" : 0,
        "bw" : 0,
        "iops" : 0.000000,
        "runtime" : 0,
        "total_ios" : 0,
        "short_ios" : 0,
        "drop_ios" : 0,
        "slat_ns" : {
          "min" : 0,
          "max" : 0,
          "mean" : 0.000000,
          "stddev" : 0.000000
        },
        "clat_ns" : {
          "min" : 0,
          "max" : 0,
          "mean" : 0.000000,
          "stddev" : 0.000000,
          "percentile" : {
            "1.000000" : 0,
            "5.000000" : 0,
            "10.000000" : 0,
            "20.000000" : 0,
            "30.000000" : 0,
            "40.000000" : 0,
            "50.000000" : 0,
            "60.000000" : 0,
            "70.000000" : 0,
            "80.000000" : 0,
            "90.000000" : 0,
            "95.000000" : 0,
            "99.000000" : 0,
            "99.500000" : 0,
            "99.900000" : 0,
            "99.950000" : 0,
            "99.990000" : 0,
            "0.00" : 0,
            "0.00" : 0,
            "0.00" : 0
          },
          "bins" : {

          }
        },
        "lat_ns" : {
          "min" : 0,
          "max" : 0,
          "mean" : 0.000000,
          "stddev" : 0.000000
        },
        "bw_min" : 0,
        "bw_max" : 0,
        "bw_agg" : 0.000000,
        "bw_mean" : 0.000000,
        "bw_dev" : 0.000000,
        "bw_samples" : 0,
        "iops_min" : 0,
        "iops_max" : 0,
        "iops_mean" : 0.000000,
        "iops_stddev" : 0.000000,
        "iops_samples" : 0
      },
      "write" : {
        "io_bytes" : 14376304640,
        "io_kbytes" : 14039360,
        "bw" : 467963,
        "iops" : 7311.922936,
        "runtime" : 30001,
        "total_ios" : 219365,
        "short_ios" : 0,
        "drop_ios" : 0,
        "slat_ns" : {
          "min" : 81980,
          "max" : 14508414,
          "mean" : 544790.686367,
          "stddev" : 864296.238081
        },
        "clat_ns" : {
          "min" : 1916,
          "max" : 27840745,
          "mean" : 3829669.299387,
          "stddev" : 3287265.904045,
          "percentile" : {
            "1.000000" : 880640,
            "5.000000" : 962560,
            "10.000000" : 1036288,
            "20.000000" : 1236992,
            "30.000000" : 1548288,
            "40.000000" : 1974272,
            "50.000000" : 2605056,
            "60.000000" : 3457024,
            "70.000000" : 4554752,
            "80.000000" : 5996544,
            "90.000000" : 8454144,
            "95.000000" : 10682368,
            "99.000000" : 15138816,
            "99.500000" : 16908288,
            "99.900000" : 20316160,
            "99.950000" : 21626880,
            "99.990000" : 25296896,
            "0.00" : 0,
            "0.00" : 0,
            "0.00" : 0
          },
          "bins" : {
            "1912" : 1,
            "1928" : 1,
            "1960" : 1,
            "2064" : 1,
            "154624" : 1,
            "156672" : 1,
            "158720" : 1,
            "162816" : 1,
            "292864" : 2,
            "305152" : 1,
            "337920" : 1,
            "419840" : 1,
            "423936" : 2,
            "448512" : 1,
            "528384" : 1,
            "561152" : 1,
            "569344" : 1,
            "585728" : 1,
            "643072" : 1,
            "692224" : 1,
            "708608" : 2,
            "741376" : 6,
            "757760" : 4,
            "765952" : 11,
            "774144" : 12,
            "782336" : 10,
            "790528" : 24,
            "798720" : 34,
            "806912" : 34,
            "815104" : 51,
            "823296" : 82,
            "831488" : 116,
            "839680" : 188,
            "847872" : 223,
            "856064" : 290,
            "864256" : 334,
            "872448" : 448,
            "880640" : 509,
            "888832" : 570,
            "897024" : 713,
            "905216" : 800,
            "913408" : 854,
            "921600" : 921,
            "929792" : 946,
            "937984" : 998,
            "946176" : 991,
            "954368" : 1113,
            "962560" : 1155,
            "970752" : 1134,
            "978944" : 1173,
            "987136" : 1232,
            "995328" : 1194,
            "1003520" : 1255,
            "1011712" : 1170,
            "1019904" : 1166,
            "1028096" : 1184,
            "1036288" : 1161,
            "1044480" : 1147,
            "1056768" : 2168,
            "1073152" : 2137,
            "1089536" : 2106,
            "1105920" : 1948,
            "1122304" : 1842,
            "1138688" : 1744,
            "1155072" : 1739,
            "1171456" : 1617,
            "1187840" : 1569,
            "1204224" : 1558,
            "1220608" : 1502,
            "1236992" : 1440,
            "1253376" : 1376,
            "1269760" : 1362,
            "1286144" : 1249,
            "1302528" : 1217,
            "1318912" : 1232,
            "1335296" : 1190,
            "1351680" : 1176,
            "1368064" : 1162,
            "1384448" : 1105,
            "1400832" : 1127,
            "1417216" : 1196,
            "1433600" : 1178,
            "1449984" : 1112,
            "1466368" : 1095,
            "1482752" : 1084,
            "1499136" : 1068,
            "1515520" : 1017,
            "1531904" : 1015,
            "1548288" : 992,
            "1564672" : 956,
            "1581056" : 979,
            "1597440" : 917,
            "1613824" : 898,
            "1630208" : 904,
            "1646592" : 932,
            "1662976" : 863,
            "1679360" : 922,
            "1695744" : 824,
            "1712128" : 832,
            "1728512" : 831,
            "1744896" : 848,
            "1761280" : 876,
            "1777664" : 802,
            "1794048" : 849,
            "1810432" : 835,
            "1826816" : 781,
            "1843200" : 800,
            "1859584" : 784,
            "1875968" : 806,
            "1892352" : 767,
            "1908736" : 754,
            "1925120" : 735,
            "1941504" : 749,
            "1957888" : 676,
            "1974272" : 705,
            "1990656" : 673,
            "2007040" : 683,
            "2023424" : 702,
            "2039808" : 735,
            "2056192" : 665,
            "2072576" : 676,
            "2088960" : 662,
            "2113536" : 1344,
            "2146304" : 1321,
            "2179072" : 1226,
            "2211840" : 1247,
            "2244608" : 1185,
            "2277376" : 1187,
            "2310144" : 1157,
            "2342912" : 1034,
            "2375680" : 1064,
            "2408448" : 1044,
            "2441216" : 976,
            "2473984" : 1001,
            "2506752" : 1009,
            "2539520" : 924,
            "2572288" : 930,
            "2605056" : 941,
            "2637824" : 914,
            "2670592" : 944,
            "2703360" : 876,
            "2736128" : 856,
            "2768896" : 956,
            "2801664" : 843,
            "2834432" : 895,
            "2867200" : 891,
            "2899968" : 866,
            "2932736" : 872,
            "2965504" : 821,
            "2998272" : 824,
            "3031040" : 838,
            "3063808" : 770,
            "3096576" : 763,
            "3129344" : 849,
            "3162112" : 816,