{
  "fio version" : "fio-3.1",
  "timestamp" : 1556020681,
  "timestamp_ms" : 1556020681263,
  "time" : "Tue Apr 23 12:58:01 2019",
  "global options" : {
    "fallocate" : "none",
    "runtime" : "30",
    "directory" : "/data/fio_write/beegfs-randwrite-64-client-26896-42",
    "bs" : "2097152",
    "time_based" : "1",
    "ioengine" : "libaio",
    "iodepth" : "8",
    "direct" : "1",
    "buffered" : "0",
    "thread" : "0",
    "group_reporting" : "1",
    "filesize" : "32g",
    "size" : "32g",
    "filename_format" : "$jobnum.dat"
  },
  "jobs" : [
    {
      "jobname" : "fio-job",
      "groupid" : 0,
      "error" : 0,
      "eta" : 0,
      "elapsed" : 32,
      "job options" : {
        "rw" : "randwrite"
      },
      "read" : {
        "io_bytes" : 0,
        "io_kbytes" : 0,
        "bw" : 0,
        "iops" : 0.000000,
        "runtime" : 0,
        "total_ios" : 0,
        "short_ios" : 0,
        "drop_ios" : 0,
        "slat_ns" : {
          "min" : 0,
          "max" : 0,
          "mean" : 0.000000,
          "stddev" : 0.000000
        },
        "clat_ns" : {
          "min" : 0,
          "max" : 0,
          "mean" : 0.000000,
          "stddev" : 0.000000,
          "percentile" : {
            "1.000000" : 0,
            "5.000000" : 0,
            "10.000000" : 0,
            "20.000000" : 0,
            "30.000000" : 0,
            "40.000000" : 0,
            "50.000000" : 0,
            "60.000000" : 0,
            "70.000000" : 0,
            "80.000000" : 0,
            "90.000000" : 0,
            "95.000000" : 0,
            "99.000000" : 0,
            "99.500000" : 0,
            "99.900000" : 0,
            "99.950000" : 0,
            "99.990000" : 0,
            "0.00" : 0,
            "0.00" : 0,
            "0.00" : 0
          },
          "bins" : {

          }
        },
        "lat_ns" : {
          "min" : 0,
          "max" : 0,
          "mean" : 0.000000,
          "stddev" : 0.000000
        },
        "bw_min" : 0,
        "bw_max" : 0,
        "bw_agg" : 0.000000,
        "bw_mean" : 0.000000,
        "bw_dev" : 0.000000,
        "bw_samples" : 0,
        "iops_min" : 0,
        "iops_max" : 0,
        "iops_mean" : 0.000000,
        "iops_stddev" : 0.000000,
        "iops_samples" : 0
      },
      "write" : {
        "io_bytes" : 243269632,
        "io_kbytes" : 237568,
        "bw" : 7635,
        "iops" : 3.728225,
        "runtime" : 31114,
        "total_ios" : 116,
        "short_ios" : 0,
        "drop_ios" : 0,
        "slat_ns" : {
          "min" : 143623,
          "max" : 4236641780,
          "mean" : 1056936691.706897,
          "stddev" : 1448365137.713382
        },
        "clat_ns" : {
          "min" : 5427,
          "max" : 13309500079,
          "mean" : 6373157315.775862,
          "stddev" : 2815186617.693397,
          "percentile" : {
            "1.000000" : 217055232,
            "5.000000" : 1317011456,
            "10.000000" : 1551892480,
            "20.000000" : 4009754624,
            "30.000000" : 4999610368,
            "40.000000" : 5804916736,
            "50.000000" : 6610223104,
            "60.000000" : 7818182656,
            "70.000000" : 8220835840,
            "80.000000" : 8556380160,
            "90.000000" : 9596567552,
            "95.000000" : 10670309376,
            "99.000000" : 11475615744,
            "99.500000" : 13354663936,
            "99.900000" : 13354663936,
            "99.950000" : 13354663936,
            "99.990000" : 13354663936,
            "0.00" : 0,
            "0.00" : 0,
            "0.00" : 0
          },
          "bins" : {
            "5408" : 1,
            "217055232" : 1,
            "522190848" : 1,
            "1061158912" : 1,
            "1317011456" : 4,
            "1551892480" : 4,
            "2499805184" : 4,
            "2768240640" : 2,
            "3539992576" : 1,
            "3808428032" : 1,
            "3942645760" : 2,
            "4009754624" : 2,
            "4110417920" : 1,
            "4143972352" : 1,
            "4211081216" : 2,
            "4244635648" : 2,
            "4798283776" : 1,
            "4999610368" : 4,
            "5133828096" : 2,
            "5335154688" : 4,
            "5536481280" : 3,
            "5737807872" : 1,
            "5804916736" : 2,
            "5872025600" : 4,
            "6140461056" : 1,
            "6341787648" : 2,
            "6408896512" : 1,
            "6476005376" : 1,
            "6610223104" : 3,
            "6744440832" : 1,
            "7012876288" : 1,
            "7214202880" : 2,
            "7281311744" : 2,
            "7415529472" : 1,
            "7751073792" : 3,
            "7818182656" : 1,
            "7885291520" : 1,
            "7952400384" : 1,
            "8019509248" : 3,
            "8086618112" : 5,
            "8153726976" : 1,
            "8220835840" : 6,
            "8287944704" : 2,
            "8355053568" : 3,
            "8556380160" : 2,
            "8657043456" : 1,
            "8791261184" : 1,
            "8925478912" : 1,
            "9059696640" : 2,
            "9193914368" : 2,
            "9462349824" : 2,
            "9596567552" : 2,
            "9730785280" : 2,
            "9865003008" : 2,
            "10670309376" : 4,
            "11341398016" : 1,
            "11475615744" : 1,
            "13354663936" : 1
          }
        },
        "lat_ns" : {
          "min" : 1312895988,
          "max" : 16465483917,
          "mean" : 7430094719.310345,
          "stddev" : 3169279294.708726
        },
        "bw_min" : 4096,
        "bw_max" : 16449,
        "bw_agg" : 100.000000,
        "bw_mean" : 10491.558824,
        "bw_dev" : 6071.498768,
        "bw_samples" : 34,
        "iops_min" : 2,
        "iops_max" : 8,
        "iops_mean" : 5.117647,
        "iops_stddev" : 2.962029,
        "iops_samples" : 34
      },
      "trim" : {
        "io_bytes" : 0,
        "io_kbytes" : 0,
        "bw" : 0,
        "iops" : 0.000000,
        "runtime" : 0,
        "total_ios" : 0,
        "short_ios" : 0,
        "drop_ios" : 0,
        "slat_ns" : {
          "min" : 0,
          "max" : 0,
          "mean" : 0.000000,
          "stddev" : 0.000000
        },
        "clat_ns" : {
          "min" : 0,
          "max" : 0,
          "mean" : 0.000000,
          "stddev" : 0.000000,
          "percentile" : {
            "1.000000" : 0,
            "5.000000" : 0,
            "10.000000" : 0,
            "20.000000" : 0,
            "30.000000" : 0,
            "40.000000" : 0,
            "50.000000" : 0,
            "60.000000" : 0,
            "70.000000" : 0,
            "80.000000" : 0,
            "90.000000" : 0,
            "95.000000" : 0,
            "99.000000" : 0,
            "99.500000" : 0,
            "99.900000" : 0,
            "99.950000" : 0,
            "99.990000" : 0,
            "0.00" : 0,
            "0.00" : 0,
            "0.00" : 0
          },
          "bins" : {

          }
        },
        "lat_ns" : {
          "min" : 0,
          "max" : 0,
          "mean" : 0.000000,
          "stddev" : 0.000000
        },
        "bw_min" : 0,
        "bw_max" : 0,
        "bw_agg" : 0.000000,
        "bw_mean" : 0.000000,
        "bw_dev" : 0.000000,
        "bw_samples" : 0,
        "iops_min" : 0,
        "iops_max" : 0,
        "iops_mean" : 0.000000,
        "iops_stddev" : 0.000000,
        "iops_samples" : 0
      },
      "usr_cpu" : 0.011250,
      "sys_cpu" : 0.028928,
      "ctx" : 119,
      "majf" : 0,
      "minf" : 101,
      "iodepth_level" : {
        "1" : 3.448276,
        "2" : 6.896552,
        "4" : 13.793103,
        "8" : 75.862069,
        "16" : 0.000000,
        "32" : 0.000000,
        ">=64" : 0.000000
      },
      "latency_ns" : {
        "2" : 0.000000,
        "4" : 0.000000,
        "10" : 0.000000,
        "20" : 0.000000,
        "50" : 0.000000,
        "100" : 0.000000,
        "250" : 0.000000,
        "500" : 0.000000,