{
  "fio version" : "fio-3.1",
  "timestamp" : 1574247326,
  "timestamp_ms" : 1574247326575,
  "time" : "Wed Nov 20 10:55:26 2019",
  "global options" : {
    "directory" : "data/fio_write/beegfs-write-64-6fnzp",
    "bs" : "2048",
    "fallocate" : "none",
    "runtime" : "30",
    "time_based" : "1",
    "ioengine" : "libaio",
    "iodepth" : "8",
    "direct" : "1",
    "buffered" : "0",
    "invalidate" : "1",
    "ramp_time" : "0",
    "thread" : "0",
    "group_reporting" : "1",
    "filesize" : "32g",
    "size" : "32g",
    "filename_format" : "$jobnum.dat"
  },
  "jobs" : [
    {
      "jobname" : "fio-job",
      "groupid" : 0,
      "error" : 0,
      "eta" : 0,
      "elapsed" : 31,
      "job options" : {
        "rw" : "write"
      },
      "read" : {
        "io_bytes" : 0,
        "io_kbytes" : 0,
        "bw" : 0,
        "iops" : 0.000000,
        "runtime" : 0,
        "total_ios" : 0,
        "short_ios" : 0,
        "drop_ios" : 0,
        "slat_ns" : {
          "min" : 0,
          "max" : 0,
          "mean" : 0.000000,
          "stddev" : 0.000000
        },
        "clat_ns" : {
          "min" : 0,
          "max" : 0,
          "mean" : 0.000000,
          "stddev" : 0.000000,
          "percentile" : {
            "1.000000" : 0,
            "5.000000" : 0,
            "10.000000" : 0,
            "20.000000" : 0,
            "30.000000" : 0,
            "40.000000" : 0,
            "50.000000" : 0,
            "60.000000" : 0,
            "70.000000" : 0,
            "80.000000" : 0,
            "90.000000" : 0,
            "95.000000" : 0,
            "99.000000" : 0,
            "99.500000" : 0,
            "99.900000" : 0,
            "99.950000" : 0,
            "99.990000" : 0,
            "0.00" : 0,
            "0.00" : 0,
            "0.00" : 0
          },
          "bins" : {

          }
        },
        "lat_ns" : {
          "min" : 0,
          "max" : 0,
          "mean" : 0.000000,
          "stddev" : 0.000000
        },
        "bw_min" : 0,
        "bw_max" : 0,
        "bw_agg" : 0.000000,
        "bw_mean" : 0.000000,
        "bw_dev" : 0.000000,
        "bw_samples" : 0,
        "iops_min" : 0,
        "iops_max" : 0,
        "iops_mean" : 0.000000,
        "iops_stddev" : 0.000000,
        "iops_samples" : 0
      },
      "write" : {
        "io_bytes" : 1577502720,
        "io_kbytes" : 1540530,
        "bw" : 51349,
        "iops" : 25674.644179,
        "runtime" : 30001,
        "total_ios" : 770265,
        "short_ios" : 0,
        "drop_ios" : 0,
        "slat_ns" : {
          "min" : 20769,
          "max" : 62483754,
          "mean" : 150012.900633,
          "stddev" : 164852.483000
        },
        "clat_ns" : {
          "min" : 2045,
          "max" : 62884044,
          "mean" : 1092909.802902,
          "stddev" : 463774.652650,
          "percentile" : {
            "1.000000" : 378880,
            "5.000000" : 667648,
            "10.000000" : 757760,
            "20.000000" : 847872,
            "30.000000" : 921600,
            "40.000000" : 987136,
            "50.000000" : 1056768,
            "60.000000" : 1122304,
            "70.000000" : 1204224,
            "80.000000" : 1302528,
            "90.000000" : 1466368,
            "95.000000" : 1630208,
            "99.000000" : 2072576,
            "99.500000" : 2277376,
            "99.900000" : 3522560,
            "99.950000" : 5341184,
            "99.990000" : 17432576,
            "0.00" : 0,
            "0.00" : 0,
            "0.00" : 0
          },
          "bins" : {
            "2040" : 1,
            "2448" : 1,
            "2544" : 1,
            "3408" : 1,
            "57600" : 1,
            "92672" : 1,
            "101888" : 1,
            "102912" : 1,
            "111104" : 1,
            "152576" : 1,
            "173056" : 1,
            "179200" : 1,
            "201728" : 1,
            "207872" : 1,
            "209920" : 2,
            "211968" : 3,
            "214016" : 6,
            "216064" : 6,
            "218112" : 3,
            "220160" : 5,
            "222208" : 8,
            "224256" : 8,
            "226304" : 12,
            "228352" : 12,
            "230400" : 7,
            "232448" : 11,
            "234496" : 12,
            "236544" : 7,
            "238592" : 17,
            "240640" : 14,
            "242688" : 17,
            "244736" : 21,
            "246784" : 24,
            "248832" : 26,
            "250880" : 19,
            "252928" : 40,
            "254976" : 28,
            "257024" : 29,
            "259072" : 37,
            "261120" : 36,
            "264192" : 75,
            "268288" : 96,
            "272384" : 125,
            "276480" : 136,
            "280576" : 165,
            "284672" : 167,
            "288768" : 194,
            "292864" : 152,
            "296960" : 212,
            "301056" : 203,
            "305152" : 201,
            "309248" : 239,
            "313344" : 278,
            "317440" : 295,
            "321536" : 306,
            "325632" : 303,
            "329728" : 323,
            "333824" : 287,
            "337920" : 349,
            "342016" : 367,
            "346112" : 337,
            "350208" : 366,
            "354304" : 370,
            "358400" : 353,
            "362496" : 378,
            "366592" : 347,
            "370688" : 336,
            "374784" : 315,
            "378880" : 308,
            "382976" : 304,
            "387072" : 301,
            "391168" : 289,
            "395264" : 287,
            "399360" : 273,
            "403456" : 285,
            "407552" : 292,
            "411648" : 285,
            "415744" : 280,
            "419840" : 291,
            "423936" : 267,
            "428032" : 283,
            "432128" : 246,
            "436224" : 226,
            "440320" : 267,
            "444416" : 282,
            "448512" : 237,
            "452608" : 230,
            "456704" : 231,
            "460800" : 242,
            "464896" : 229,
            "468992" : 223,
            "473088" : 235,
            "477184" : 217,
            "481280" : 255,
            "485376" : 270,
            "489472" : 196,
            "493568" : 239,
            "497664" : 252,
            "501760" : 259,
            "505856" : 274,
            "509952" : 246,
            "514048" : 250,
            "518144" : 262,
            "522240" : 271,
            "528384" : 559,
            "536576" : 588,
            "544768" : 643,
            "552960" : 702,
            "561152" : 750,
            "569344" : 823,
            "577536" : 912,
            "585728" : 949,
            "593920" : 1060,
            "602112" : 1189,
            "610304" : 1329,
            "618496" : 1452,
            "626688" : 1540,
            "634880" : 1637,
            "643072" : 1825,
            "651264" : 1985,
            "659456" : 2208,
            "667648" : 2452,
            "675840" : 2580,
            "684032" : 2732,
            "692224" : 2982,
            "700416" : 3208,
            "708608" : 3438,
            "716800" : 3730,
            "724992" : 4111,
            "733184" : 4247,
            "741376" : 4488,
            "749568" : 4717,
            "757760" : 5017,
            "765952" : 5366,
            "774144" : 5602,
            "782336" : 5929,
            "790528" : 6154,
            "798720" : 6442,
            "806912" : 6770,
            "815104" : 6986,
            "823296" : 7280,
            "831488" : 7551,
            "839680" : 7644,
            "847872" : 8159,
            "856064" : 8185,
            "864256" : 8457,
            "872448" : 8607,
            "880640" : 8718,
            "888832" : 8995,
            "897024" : 9051,
            "905216" : 9228,
            "913408" : 9365,
            "921600" : 9679,
            "929792" : 9715,
            "937984" : 9888,
            "946176" : 9901,
            "954368" : 9975,
            "962560" : 9988,
            "970752" : 10067,