{
  "fio version" : "fio-3.1",
  "timestamp" : 1556099488,
  "timestamp_ms" : 1556099488668,
  "time" : "Wed Apr 24 09:51:28 2019",
  "global options" : {
    "fallocate" : "none",
    "runtime" : "30",
    "directory" : "data/fio_write/beegfs-write-64-bptft",
    "bs" : "131072",
    "time_based" : "1",
    "ioengine" : "libaio",
    "iodepth" : "8",
    "direct" : "1",
    "buffered" : "0",
    "thread" : "0",
    "group_reporting" : "1",
    "filesize" : "32g",
    "size" : "32g",
    "filename_format" : "$jobnum.dat"
  },
  "jobs" : [
    {
      "jobname" : "fio-job",
      "groupid" : 0,
      "error" : 0,
      "eta" : 0,
      "elapsed" : 31,
      "job options" : {
        "rw" : "write"
      },
      "read" : {
        "io_bytes" : 0,
        "io_kbytes" : 0,
        "bw" : 0,
        "iops" : 0.000000,
        "runtime" : 0,
        "total_ios" : 0,
        "short_ios" : 0,
        "drop_ios" : 0,
        "slat_ns" : {
          "min" : 0,
          "max" : 0,
          "mean" : 0.000000,
          "stddev" : 0.000000
        },
        "clat_ns" : {
          "min" : 0,
          "max" : 0,
          "mean" : 0.000000,
          "stddev" : 0.000000,
          "percentile" : {
            "1.000000" : 0,
            "5.000000" : 0,
            "10.000000" : 0,
            "20.000000" : 0,
            "30.000000" : 0,
            "40.000000" : 0,
            "50.000000" : 0,
            "60.000000" : 0,
            "70.000000" : 0,
            "80.000000" : 0,
            "90.000000" : 0,
            "95.000000" : 0,
            "99.000000" : 0,
            "99.500000" : 0,
            "99.900000" : 0,
            "99.950000" : 0,
            "99.990000" : 0,
            "0.00" : 0,
            "0.00" : 0,
            "0.00" : 0
          },
          "bins" : {

          }
        },
        "lat_ns" : {
          "min" : 0,
          "max" : 0,
          "mean" : 0.000000,
          "stddev" : 0.000000
        },
        "bw_min" : 0,
        "bw_max" : 0,
        "bw_agg" : 0.000000,
        "bw_mean" : 0.000000,
        "bw_dev" : 0.000000,
        "bw_samples" : 0,
        "iops_min" : 0,
        "iops_max" : 0,
        "iops_mean" : 0.000000,
        "iops_stddev" : 0.000000,
        "iops_samples" : 0
      },
      "write" : {
        "io_bytes" : 2370043904,
        "io_kbytes" : 2314496,
        "bw" : 77144,
        "iops" : 602.693154,
        "runtime" : 30002,
        "total_ios" : 18082,
        "short_ios" : 0,
        "drop_ios" : 0,
        "slat_ns" : {
          "min" : 869589,
          "max" : 281029337,
          "mean" : 6618199.166353,
          "stddev" : 18668114.707021
        },
        "clat_ns" : {
          "min" : 6366,
          "max" : 312771146,
          "mean" : 46384029.365114,
          "stddev" : 44645642.408530,
          "percentile" : {
            "1.000000" : 11337728,
            "5.000000" : 15532032,
            "10.000000" : 19267584,
            "20.000000" : 24248320,
            "30.000000" : 27656192,
            "40.000000" : 31064064,
            "50.000000" : 34340864,
            "60.000000" : 37486592,
            "70.000000" : 41680896,
            "80.000000" : 47448064,
            "90.000000" : 65273856,
            "95.000000" : 177209344,
            "99.000000" : 225443840,
            "99.500000" : 240123904,
            "99.900000" : 265289728,
            "99.950000" : 274726912,
            "99.990000" : 312475648,
            "0.00" : 0,
            "0.00" : 0,
            "0.00" : 0
          },
          "bins" : {
            "6368" : 2,
            "6752" : 1,
            "7712" : 1,
            "1499136" : 1,
            "1908736" : 1,
            "1925120" : 1,
            "2506752" : 1,
            "2998272" : 1,
            "3457024" : 1,
            "3588096" : 1,
            "4014080" : 1,
            "5013504" : 1,
            "5144576" : 2,
            "5734400" : 1,
            "6324224" : 1,
            "6455296" : 2,
            "6848512" : 1,
            "7503872" : 1,
            "7634944" : 1,
            "7897088" : 1,
            "8028160" : 1,
            "8159232" : 1,
            "8454144" : 1,
            "8585216" : 3,
            "8716288" : 3,
            "8847360" : 5,
            "8978432" : 1,
            "9109504" : 4,
            "9240576" : 5,
            "9371648" : 1,
            "9502720" : 2,
            "9633792" : 7,
            "9764864" : 8,
            "9895936" : 9,
            "10027008" : 6,
            "10158080" : 11,
            "10289152" : 11,
            "10420224" : 9,
            "10551296" : 13,
            "10682368" : 7,
            "10813440" : 8,
            "10944512" : 5,
            "11075584" : 17,
            "11206656" : 14,
            "11337728" : 24,
            "11468800" : 19,
            "11599872" : 10,
            "11730944" : 18,
            "11862016" : 21,
            "11993088" : 14,
            "12124160" : 19,
            "12255232" : 19,
            "12386304" : 22,
            "12517376" : 18,
            "12648448" : 22,
            "12779520" : 18,
            "12910592" : 23,
            "13041664" : 25,
            "13172736" : 30,
            "13303808" : 20,
            "13434880" : 30,
            "13565952" : 28,
            "13697024" : 21,
            "13828096" : 17,
            "13959168" : 28,
            "14090240" : 23,
            "14221312" : 25,
            "14352384" : 26,
            "14483456" : 22,
            "14614528" : 22,
            "14745600" : 19,
            "14876672" : 17,
            "15007744" : 22,
            "15138816" : 22,
            "15269888" : 27,
            "15400960" : 26,
            "15532032" : 34,
            "15663104" : 25,
            "15794176" : 30,
            "15925248" : 38,
            "16056320" : 22,
            "16187392" : 25,
            "16318464" : 34,
            "16449536" : 26,
            "16580608" : 26,
            "16711680" : 28,
            "16908288" : 71,
            "17170432" : 71,
            "17432576" : 61,
            "17694720" : 68,
            "17956864" : 56,
            "18219008" : 76,
            "18481152" : 59,
            "18743296" : 56,
            "19005440" : 75,
            "19267584" : 77,
            "19529728" : 74,
            "19791872" : 69,
            "20054016" : 71,
            "20316160" : 94,
            "20578304" : 104,
            "20840448" : 91,
            "21102592" : 98,
            "21364736" : 101,
            "21626880" : 107,
            "21889024" : 90,
            "22151168" : 101,
            "22413312" : 108,
            "22675456" : 107,
            "22937600" : 112,
            "23199744" : 106,
            "23461888" : 132,
            "23724032" : 112,
            "23986176" : 105,
            "24248320" : 124,
            "24510464" : 128,
            "24772608" : 112,
            "25034752" : 114,
            "25296896" : 119,
            "25559040" : 150,
            "25821184" : 134,
            "26083328" : 130,
            "26345472" : 114,
            "26607616" : 133,
            "26869760" : 152,
            "27131904" : 140,
            "27394048" : 139,
            "27656192" : 127,
            "27918336" : 143,
            "28180480" : 155,
            "28442624" : 129,
            "28704768" : 170,
            "28966912" : 149,
            "29229056" : 141,
            "29491200" : 143,
            "29753344" : 125,
            "30015488" : 167,
            "30277632" : 155,
            "30539776" : 152,
            "30801920" : 131,
            "31064064" : 134,
            "31326208" : 159,
            "31588352" : 145,
            "31850496" : 141,
            "32112640" : 154,
            "32374784" : 144,
            "32636928" : 152,
            "32899072" : 152,
            "33161216" : 151,
            "33423360" : 157,
            "33816576" : 324,
            "34340864" : 287,
            "34865152" : 321,
            "35389440" : 301,