{
  "fio version" : "fio-3.1",
  "timestamp" : 1574247930,
  "timestamp_ms" : 1574247930408,
  "time" : "Wed Nov 20 11:05:30 2019",
  "global options" : {
    "directory" : "data/fio_write/beegfs-randwrite-64-2nc4p",
    "bs" : "512",
    "fallocate" : "none",
    "runtime" : "30",
    "time_based" : "1",
    "ioengine" : "libaio",
    "iodepth" : "8",
    "direct" : "1",
    "buffered" : "0",
    "invalidate" : "1",
    "ramp_time" : "0",
    "thread" : "0",
    "group_reporting" : "1",
    "filesize" : "32g",
    "size" : "32g",
    "filename_format" : "$jobnum.dat"
  },
  "jobs" : [
    {
      "jobname" : "fio-job",
      "groupid" : 0,
      "error" : 0,
      "eta" : 0,
      "elapsed" : 32,
      "job options" : {
        "rw" : "randwrite"
      },
      "read" : {
        "io_bytes" : 0,
        "io_kbytes" : 0,
        "bw" : 0,
        "iops" : 0.000000,
        "runtime" : 0,
        "total_ios" : 0,
        "short_ios" : 0,
        "drop_ios" : 0,
        "slat_ns" : {
          "min" : 0,
          "max" : 0,
          "mean" : 0.000000,
          "stddev" : 0.000000
        },
        "clat_ns" : {
          "min" : 0,
          "max" : 0,
          "mean" : 0.000000,
          "stddev" : 0.000000,
          "percentile" : {
            "1.000000" : 0,
            "5.000000" : 0,
            "10.000000" : 0,
            "20.000000" : 0,
            "30.000000" : 0,
            "40.000000" : 0,
            "50.000000" : 0,
            "60.000000" : 0,
            "70.000000" : 0,
            "80.000000" : 0,
            "90.000000" : 0,
            "95.000000" : 0,
            "99.000000" : 0,
            "99.500000" : 0,
            "99.900000" : 0,
            "99.950000" : 0,
            "99.990000" : 0,
            "0.00" : 0,
            "0.00" : 0,
            "0.00" : 0
          },
          "bins" : {

          }
        },
        "lat_ns" : {
          "min" : 0,
          "max" : 0,
          "mean" : 0.000000,
          "stddev" : 0.000000
        },
        "bw_min" : 0,
        "bw_max" : 0,
        "bw_agg" : 0.000000,
        "bw_mean" : 0.000000,
        "bw_dev" : 0.000000,
        "bw_samples" : 0,
        "iops_min" : 0,
        "iops_max" : 0,
        "iops_mean" : 0.000000,
        "iops_stddev" : 0.000000,
        "iops_samples" : 0
      },
      "write" : {
        "io_bytes" : 77312,
        "io_kbytes" : 75,
        "bw" : 2,
        "iops" : 4.850782,
        "runtime" : 31129,
        "total_ios" : 151,
        "short_ios" : 0,
        "drop_ios" : 0,
        "slat_ns" : {
          "min" : 95160,
          "max" : 4495453975,
          "mean" : 824124618.794702,
          "stddev" : 766979129.417409
        },
        "clat_ns" : {
          "min" : 5646,
          "max" : 11303675053,
          "mean" : 5726333389.821191,
          "stddev" : 3137187595.776194,
          "percentile" : {
            "1.000000" : 5984,
            "5.000000" : 1082130432,
            "10.000000" : 1283457024,
            "20.000000" : 2298478592,
            "30.000000" : 3875536896,
            "40.000000" : 5133828096,
            "50.000000" : 5804916736,
            "60.000000" : 6476005376,
            "70.000000" : 7482638336,
            "80.000000" : 8791261184,
            "90.000000" : 10267656192,
            "95.000000" : 10938744832,
            "99.000000" : 11341398016,
            "99.500000" : 11341398016,
            "99.900000" : 11341398016,
            "99.950000" : 11341398016,
            "99.990000" : 11341398016,
            "0.00" : 0,
            "0.00" : 0,
            "0.00" : 0
          },
          "bins" : {
            "5664" : 1,
            "5984" : 1,
            "8256" : 1,
            "8512" : 1,
            "513802240" : 1,
            "692060160" : 1,
            "1069547520" : 1,
            "1082130432" : 1,
            "1199570944" : 3,
            "1233125376" : 1,
            "1249902592" : 3,
            "1283457024" : 1,
            "1317011456" : 1,
            "1468006400" : 3,
            "1551892480" : 1,
            "1652555776" : 1,
            "1669332992" : 1,
            "1686110208" : 1,
            "1702887424" : 1,
            "1719664640" : 1,
            "1803550720" : 1,
            "1988100096" : 1,
            "2021654528" : 1,
            "2105540608" : 1,
            "2298478592" : 1,
            "2332033024" : 1,
            "2566914048" : 2,
            "2969567232" : 1,
            "3003121664" : 1,
            "3137339392" : 2,
            "3305111552" : 1,
            "3472883712" : 1,
            "3573547008" : 1,
            "3607101440" : 1,
            "3707764736" : 1,
            "3741319168" : 2,
            "3875536896" : 2,
            "3909091328" : 1,
            "4244635648" : 2,
            "4529848320" : 1,
            "4664066048" : 4,
            "4731174912" : 1,
            "4932501504" : 2,
            "5066719232" : 2,
            "5133828096" : 2,
            "5200936960" : 2,
            "5268045824" : 1,
            "5335154688" : 1,
            "5402263552" : 1,
            "5469372416" : 1,
            "5536481280" : 1,
            "5603590144" : 2,
            "5670699008" : 2,
            "5804916736" : 4,
            "5872025600" : 1,
            "5939134464" : 2,
            "6073352192" : 4,
            "6207569920" : 2,
            "6274678784" : 3,
            "6476005376" : 2,
            "6543114240" : 1,
            "6610223104" : 1,
            "6677331968" : 2,
            "6878658560" : 1,
            "7012876288" : 1,
            "7079985152" : 3,
            "7214202880" : 2,
            "7348420608" : 2,
            "7415529472" : 1,
            "7482638336" : 2,
            "7616856064" : 2,
            "7885291520" : 1,
            "7952400384" : 1,
            "8019509248" : 2,
            "8086618112" : 1,
            "8287944704" : 1,
            "8355053568" : 1,
            "8422162432" : 2,
            "8489271296" : 1,
            "8791261184" : 2,
            "8925478912" : 1,
            "9059696640" : 3,
            "9193914368" : 4,
            "9328132096" : 1,
            "9462349824" : 2,
            "9596567552" : 1,
            "10133438464" : 2,
            "10267656192" : 2,
            "10536091648" : 4,
            "10670309376" : 2,
            "10938744832" : 2,
            "11072962560" : 1,
            "11207180288" : 2,
            "11341398016" : 3
          }
        },
        "lat_ns" : {
          "min" : 514379824,
          "max" : 12912110670,
          "mean" : 6550459461.761590,
          "stddev" : 3451711366.896717
        },
        "bw_min" : 0,
        "bw_max" : 2,
        "bw_agg" : 47.596154,
        "bw_mean" : 0.951923,
        "bw_dev" : 0.448943,
        "bw_samples" : 104,
        "iops_min" : 1,
        "iops_max" : 4,
        "iops_mean" : 2.028846,
        "iops_stddev" : 0.660343,
        "iops_samples" : 104
      },
      "trim" : {
        "io_bytes" : 0,
        "io_kbytes" : 0,
        "bw" : 0,
        "iops" : 0.000000,
        "runtime" : 0,
        "total_ios" : 0,
        "short_ios" : 0,
        "drop_ios" : 0,
        "slat_ns" : {
          "min" : 0,
          "max" : 0,
          "mean" : 0.000000,
          "stddev" : 0.000000
        },
        "clat_ns" : {
          "min" : 0,
          "max" : 0,
          "mean" : 0.000000,
          "stddev" : 0.000000,
          "percentile" : {
            "1.000000" : 0,
            "5.000000" : 0,
            "10.000000" : 0,
            "20.000000" : 0,
            "30.000000" : 0,
            "40.000000" : 0,
            "50.000000" : 0,
            "60.000000" : 0,
            "70.000000" : 0,
            "80.000000" : 0,
            "90.000000" : 0,
            "95.000000" : 0,
            "99.000000" : 0,
            "99.500000" : 0,
            "99.900000" : 0,
            "99.950000" : 0,
            "99.990000" : 0,
            "0.00" : 0,
            "0.00" : 0,