{
  "fio version" : "fio-3.1",
  "timestamp" : 1574248318,
  "timestamp_ms" : 1574248318473,
  "time" : "Wed Nov 20 11:11:58 2019",
  "global options" : {
    "directory" : "data/fio_write/beegfs-randwrite-64-g7c9m",
    "bs" : "1048576",
    "fallocate" : "none",
    "runtime" : "30",
    "time_based" : "1",
    "ioengine" : "libaio",
    "iodepth" : "8",
    "direct" : "1",
    "buffered" : "0",
    "invalidate" : "1",
    "ramp_time" : "0",
    "thread" : "0",
    "group_reporting" : "1",
    "filesize" : "32g",
    "size" : "32g",
    "filename_format" : "$jobnum.dat"
  },
  "jobs" : [
    {
      "jobname" : "fio-job",
      "groupid" : 0,
      "error" : 0,
      "eta" : 0,
      "elapsed" : 31,
      "job options" : {
        "rw" : "randwrite"
      },
      "read" : {
        "io_bytes" : 0,
        "io_kbytes" : 0,
        "bw" : 0,
        "iops" : 0.000000,
        "runtime" : 0,
        "total_ios" : 0,
        "short_ios" : 0,
        "drop_ios" : 0,
        "slat_ns" : {
          "min" : 0,
          "max" : 0,
          "mean" : 0.000000,
          "stddev" : 0.000000
        },
        "clat_ns" : {
          "min" : 0,
          "max" : 0,
          "mean" : 0.000000,
          "stddev" : 0.000000,
          "percentile" : {
            "1.000000" : 0,
            "5.000000" : 0,
            "10.000000" : 0,
            "20.000000" : 0,
            "30.000000" : 0,
            "40.000000" : 0,
            "50.000000" : 0,
            "60.000000" : 0,
            "70.000000" : 0,
            "80.000000" : 0,
            "90.000000" : 0,
            "95.000000" : 0,
            "99.000000" : 0,
            "99.500000" : 0,
            "99.900000" : 0,
            "99.950000" : 0,
            "99.990000" : 0,
            "0.00" : 0,
            "0.00" : 0,
            "0.00" : 0
          },
          "bins" : {

          }
        },
        "lat_ns" : {
          "min" : 0,
          "max" : 0,
          "mean" : 0.000000,
          "stddev" : 0.000000
        },
        "bw_min" : 0,
        "bw_max" : 0,
        "bw_agg" : 0.000000,
        "bw_mean" : 0.000000,
        "bw_dev" : 0.000000,
        "bw_samples" : 0,
        "iops_min" : 0,
        "iops_max" : 0,
        "iops_mean" : 0.000000,
        "iops_stddev" : 0.000000,
        "iops_samples" : 0
      },
      "write" : {
        "io_bytes" : 81788928,
        "io_kbytes" : 79872,
        "bw" : 2636,
        "iops" : 2.575107,
        "runtime" : 30290,
        "total_ios" : 78,
        "short_ios" : 0,
        "drop_ios" : 0,
        "slat_ns" : {
          "min" : 1648674,
          "max" : 3617191043,
          "mean" : 1550268568.307692,
          "stddev" : 1126920263.696595
        },
        "clat_ns" : {
          "min" : 4586,
          "max" : 16812344502,
          "mean" : 9953915644.884615,
          "stddev" : 4249427826.947992,
          "percentile" : {
            "1.000000" : 4576,
            "5.000000" : 21120,
            "10.000000" : 3238002688,
            "20.000000" : 6811549696,
            "30.000000" : 8220835840,
            "40.000000" : 9193914368,
            "50.000000" : 10401873920,
            "60.000000" : 12146704384,
            "70.000000" : 12683575296,
            "80.000000" : 13623099392,
            "90.000000" : 14831058944,
            "95.000000" : 15904800768,
            "99.000000" : 16844324864,
            "99.500000" : 16844324864,
            "99.900000" : 16844324864,
            "99.950000" : 16844324864,
            "99.990000" : 16844324864,
            "0.00" : 0,
            "0.00" : 0,
            "0.00" : 0
          },
          "bins" : {
            "4576" : 2,
            "5664" : 1,
            "21120" : 1,
            "2768240640" : 1,
            "2969567232" : 1,
            "3238002688" : 3,
            "4009754624" : 1,
            "5200936960" : 4,
            "6811549696" : 4,
            "7415529472" : 1,
            "7952400384" : 1,
            "8019509248" : 3,
            "8220835840" : 1,
            "8287944704" : 2,
            "8657043456" : 2,
            "8791261184" : 1,
            "9059696640" : 1,
            "9193914368" : 3,
            "9865003008" : 1,
            "9999220736" : 1,
            "10133438464" : 3,
            "10401873920" : 2,
            "10938744832" : 1,
            "11072962560" : 1,
            "11341398016" : 1,
            "12012486656" : 3,
            "12146704384" : 3,
            "12280922112" : 2,
            "12415139840" : 1,
            "12683575296" : 4,
            "12817793024" : 1,
            "12952010752" : 1,
            "13086228480" : 4,
            "13623099392" : 1,
            "13757317120" : 3,
            "14159970304" : 2,
            "14294188032" : 1,
            "14562623488" : 1,
            "14831058944" : 1,
            "15636365312" : 1,
            "15770583040" : 2,
            "15904800768" : 1,
            "16441671680" : 2,
            "16844324864" : 1
          }
        },
        "lat_ns" : {
          "min" : 2776925365,
          "max" : 18355157515,
          "mean" : 11504193657.602566,
          "stddev" : 4279180992.578657
        },
        "bw_min" : 186,
        "bw_max" : 592,
        "bw_agg" : 8.740697,
        "bw_mean" : 230.404762,
        "bw_dev" : 82.922256,
        "bw_samples" : 42,
        "iops_min" : 0,
        "iops_max" : 0,
        "iops_mean" : 0.000000,
        "iops_stddev" : 0.000000,
        "iops_samples" : 42
      },
      "trim" : {
        "io_bytes" : 0,
        "io_kbytes" : 0,
        "bw" : 0,
        "iops" : 0.000000,
        "runtime" : 0,
        "total_ios" : 0,
        "short_ios" : 0,
        "drop_ios" : 0,
        "slat_ns" : {
          "min" : 0,
          "max" : 0,
          "mean" : 0.000000,
          "stddev" : 0.000000
        },
        "clat_ns" : {
          "min" : 0,
          "max" : 0,
          "mean" : 0.000000,
          "stddev" : 0.000000,
          "percentile" : {
            "1.000000" : 0,
            "5.000000" : 0,
            "10.000000" : 0,
            "20.000000" : 0,
            "30.000000" : 0,
            "40.000000" : 0,
            "50.000000" : 0,
            "60.000000" : 0,
            "70.000000" : 0,
            "80.000000" : 0,
            "90.000000" : 0,
            "95.000000" : 0,
            "99.000000" : 0,
            "99.500000" : 0,
            "99.900000" : 0,
            "99.950000" : 0,
            "99.990000" : 0,
            "0.00" : 0,
            "0.00" : 0,
            "0.00" : 0
          },
          "bins" : {

          }
        },
        "lat_ns" : {
          "min" : 0,
          "max" : 0,
          "mean" : 0.000000,
          "stddev" : 0.000000
        },
        "bw_min" : 0,
        "bw_max" : 0,
        "bw_agg" : 0.000000,
        "bw_mean" : 0.000000,
        "bw_dev" : 0.000000,
        "bw_samples" : 0,
        "iops_min" : 0,
        "iops_max" : 0,
        "iops_mean" : 0.000000,
        "iops_stddev" : 0.000000,
        "iops_samples" : 0
      },
      "usr_cpu" : 0.004953,
      "sys_cpu" : 10.642970,
      "ctx" : 201,
      "majf" : 0,
      "minf" : 45,
      "iodepth_level" : {
        "1" : 5.128205,
        "2" : 10.256410,
        "4" : 20.512821,
        "8" : 64.102564,
        "16" : 0.000000,
        "32" : 0.000000,
        ">=64" : 0.000000
      },
      "latency_ns" : {
        "2" : 0.000000,
        "4" : 0.000000,
        "10" : 0.000000,
        "20" : 0.000000,
        "50" : 0.000000,
        "100" : 0.000000,
        "250" : 0.000000,
        "500" : 0.000000,
        "750" : 0.000000,
        "1000" : 0.000000
      },
      "latency_us" : {
        "2" : 0.000000,
        "4" : 0.000000,
        "10" : 3.846154,
        "20" : 0.000000,
        "50" : 1.282051,
        "100" : 0.000000,
        "250" : 0.000000,
        "500" : 0.000000,
        "750" : 0.000000,
        "1000" : 0.000000
      },
      "latency_ms" : {
        "2" : 0.000000,