{
  "fio version" : "fio-3.1",
  "timestamp" : 1555531296,
  "timestamp_ms" : 1555531296513,
  "time" : "Wed Apr 17 20:01:36 2019",
  "global options" : {
    "fallocate" : "none",
    "runtime" : "30",
    "directory" : "/data/fio_write/beegfs-write-64-5cfp9",
    "bs" : "8388608",
    "time_based" : "1",
    "ioengine" : "libaio",
    "iodepth" : "8",
    "direct" : "1",
    "buffered" : "0",
    "thread" : "0",
    "group_reporting" : "1",
    "filesize" : "32g",
    "size" : "32g",
    "filename_format" : "$jobnum.dat"
  },
  "jobs" : [
    {
      "jobname" : "fio-job",
      "groupid" : 0,
      "error" : 0,
      "eta" : 0,
      "elapsed" : 31,
      "job options" : {
        "rw" : "write"
      },
      "read" : {
        "io_bytes" : 0,
        "io_kbytes" : 0,
        "bw" : 0,
        "iops" : 0.000000,
        "runtime" : 0,
        "total_ios" : 0,
        "short_ios" : 0,
        "drop_ios" : 0,
        "slat_ns" : {
          "min" : 0,
          "max" : 0,
          "mean" : 0.000000,
          "stddev" : 0.000000
        },
        "clat_ns" : {
          "min" : 0,
          "max" : 0,
          "mean" : 0.000000,
          "stddev" : 0.000000,
          "percentile" : {
            "1.000000" : 0,
            "5.000000" : 0,
            "10.000000" : 0,
            "20.000000" : 0,
            "30.000000" : 0,
            "40.000000" : 0,
            "50.000000" : 0,
            "60.000000" : 0,
            "70.000000" : 0,
            "80.000000" : 0,
            "90.000000" : 0,
            "95.000000" : 0,
            "99.000000" : 0,
            "99.500000" : 0,
            "99.900000" : 0,
            "99.950000" : 0,
            "99.990000" : 0,
            "0.00" : 0,
            "0.00" : 0,
            "0.00" : 0
          },
          "bins" : {

          }
        },
        "lat_ns" : {
          "min" : 0,
          "max" : 0,
          "mean" : 0.000000,
          "stddev" : 0.000000
        },
        "bw_min" : 0,
        "bw_max" : 0,
        "bw_agg" : 0.000000,
        "bw_mean" : 0.000000,
        "bw_dev" : 0.000000,
        "bw_samples" : 0,
        "iops_min" : 0,
        "iops_max" : 0,
        "iops_mean" : 0.000000,
        "iops_stddev" : 0.000000,
        "iops_samples" : 0
      },
      "write" : {
        "io_bytes" : 1937768448,
        "io_kbytes" : 1892352,
        "bw" : 62447,
        "iops" : 7.623008,
        "runtime" : 30303,
        "total_ios" : 231,
        "short_ios" : 0,
        "drop_ios" : 0,
        "slat_ns" : {
          "min" : 53990376,
          "max" : 2673321516,
          "mean" : 522666724.212121,
          "stddev" : 415204879.786360
        },
        "clat_ns" : {
          "min" : 5482,
          "max" : 7184044370,
          "mean" : 3439568770.160172,
          "stddev" : 1345085712.204307,
          "percentile" : {
            "1.000000" : 7200,
            "5.000000" : 1182793728,
            "10.000000" : 1820327936,
            "20.000000" : 2332033024,
            "30.000000" : 2868903936,
            "40.000000" : 3137339392,
            "50.000000" : 3539992576,
            "60.000000" : 3808428032,
            "70.000000" : 4110417920,
            "80.000000" : 4462739456,
            "90.000000" : 5066719232,
            "95.000000" : 5469372416,
            "99.000000" : 6677331968,
            "99.500000" : 6945767424,
            "99.900000" : 7214202880,
            "99.950000" : 7214202880,
            "99.990000" : 7214202880,
            "0.00" : 0,
            "0.00" : 0,
            "0.00" : 0
          },
          "bins" : {
            "5472" : 1,
            "6112" : 1,
            "7200" : 1,
            "7264" : 1,
            "375390208" : 1,
            "442499072" : 1,
            "591396864" : 1,
            "809500672" : 1,
            "884998144" : 1,
            "901775360" : 1,
            "1098907648" : 1,
            "1182793728" : 1,
            "1233125376" : 1,
            "1300234240" : 1,
            "1468006400" : 1,
            "1484783616" : 1,
            "1551892480" : 1,
            "1602224128" : 1,
            "1635778560" : 1,
            "1652555776" : 1,
            "1669332992" : 1,
            "1686110208" : 1,
            "1719664640" : 1,
            "1820327936" : 1,
            "1837105152" : 1,
            "1870659584" : 2,
            "1904214016" : 3,
            "1920991232" : 1,
            "1937768448" : 2,
            "1971322880" : 2,
            "1988100096" : 1,
            "2004877312" : 2,
            "2021654528" : 1,
            "2038431744" : 1,
            "2088763392" : 1,
            "2139095040" : 2,
            "2164260864" : 1,
            "2264924160" : 1,
            "2298478592" : 1,
            "2332033024" : 1,
            "2365587456" : 2,
            "2399141888" : 2,
            "2432696320" : 1,
            "2466250752" : 1,
            "2499805184" : 2,
            "2533359616" : 3,
            "2566914048" : 1,
            "2600468480" : 2,
            "2634022912" : 2,
            "2701131776" : 2,
            "2734686208" : 1,
            "2768240640" : 2,
            "2801795072" : 1,
            "2868903936" : 2,
            "2936012800" : 3,
            "2969567232" : 1,
            "3003121664" : 4,
            "3036676096" : 3,
            "3070230528" : 6,
            "3103784960" : 3,
            "3137339392" : 2,
            "3170893824" : 1,
            "3204448256" : 3,
            "3238002688" : 5,
            "3271557120" : 1,
            "3338665984" : 3,
            "3372220416" : 1,
            "3405774848" : 3,
            "3472883712" : 2,
            "3506438144" : 2,
            "3539992576" : 3,
            "3573547008" : 2,
            "3607101440" : 2,
            "3640655872" : 7,
            "3707764736" : 5,
            "3741319168" : 1,
            "3774873600" : 4,
            "3808428032" : 2,
            "3841982464" : 4,
            "3875536896" : 1,
            "3909091328" : 4,
            "3942645760" : 2,
            "3976200192" : 3,
            "4009754624" : 5,
            "4043309056" : 1,
            "4076863488" : 1,
            "4110417920" : 2,
            "4177526784" : 1,
            "4211081216" : 5,
            "4244635648" : 2,
            "4328521728" : 7,
            "4395630592" : 4,
            "4462739456" : 3,
            "4529848320" : 2,
            "4596957184" : 3,
            "4664066048" : 6,
            "4731174912" : 3,
            "4798283776" : 1,
            "4865392640" : 1,
            "4932501504" : 4,
            "4999610368" : 2,
            "5066719232" : 1,
            "5133828096" : 3,
            "5200936960" : 1,
            "5268045824" : 2,
            "5335154688" : 2,
            "5402263552" : 1,
            "5469372416" : 3,
            "5670699008" : 1,
            "5737807872" : 1,
            "5939134464" : 2,
            "6207569920" : 1,
            "6274678784" : 2,
            "6610223104" : 1,
            "6677331968" : 1,
            "6945767424" : 1,
            "7214202880" : 1
          }
        },
        "lat_ns" : {
          "min" : 374187172,
          "max" : 7336476539,
          "mean" : 3962237641.558442,
          "stddev" : 1377369001.842150
        },
        "bw_min" : 16351,
        "bw_max" : 65536,
        "bw_agg" : 35.912799,
        "bw_mean" : 22426.465753,
        "bw_dev" : 10022.364697,
        "bw_samples" : 146,
        "iops_min" : 1,
        "iops_max" : 8,
        "iops_mean" : 2.705479,
        "iops_stddev" : 1.215803,
        "iops_samples" : 146
      },
      "trim" : {
        "io_bytes" : 0,
        "io_kbytes" : 0,
        "bw" : 0,
        "iops" : 0.000000,
        "runtime" : 0,
        "total_ios" : 0,
        "short_ios" : 0,
        "drop_ios" : 0,
        "slat_ns" : {
          "min" : 0,
          "max" : 0,
          "mean" : 0.000000,
          "stddev" : 0.000000
        },
        "clat_ns" : {
          "min" : 0,
          "max" : 0,