{
  "fio version" : "fio-3.1",
  "timestamp" : 1555531202,
  "timestamp_ms" : 1555531202424,
  "time" : "Wed Apr 17 20:00:02 2019",
  "global options" : {
    "fallocate" : "none",
    "runtime" : "30",
    "directory" : "/data/fio_write/beegfs-write-64-b7nk6",
    "bs" : "1048576",
    "time_based" : "1",
    "ioengine" : "libaio",
    "iodepth" : "8",
    "direct" : "1",
    "buffered" : "0",
    "thread" : "0",
    "group_reporting" : "1",
    "filesize" : "32g",
    "size" : "32g",
    "filename_format" : "$jobnum.dat"
  },
  "jobs" : [
    {
      "jobname" : "fio-job",
      "groupid" : 0,
      "error" : 0,
      "eta" : 0,
      "elapsed" : 31,
      "job options" : {
        "rw" : "write"
      },
      "read" : {
        "io_bytes" : 0,
        "io_kbytes" : 0,
        "bw" : 0,
        "iops" : 0.000000,
        "runtime" : 0,
        "total_ios" : 0,
        "short_ios" : 0,
        "drop_ios" : 0,
        "slat_ns" : {
          "min" : 0,
          "max" : 0,
          "mean" : 0.000000,
          "stddev" : 0.000000
        },
        "clat_ns" : {
          "min" : 0,
          "max" : 0,
          "mean" : 0.000000,
          "stddev" : 0.000000,
          "percentile" : {
            "1.000000" : 0,
            "5.000000" : 0,
            "10.000000" : 0,
            "20.000000" : 0,
            "30.000000" : 0,
            "40.000000" : 0,
            "50.000000" : 0,
            "60.000000" : 0,
            "70.000000" : 0,
            "80.000000" : 0,
            "90.000000" : 0,
            "95.000000" : 0,
            "99.000000" : 0,
            "99.500000" : 0,
            "99.900000" : 0,
            "99.950000" : 0,
            "99.990000" : 0,
            "0.00" : 0,
            "0.00" : 0,
            "0.00" : 0
          },
          "bins" : {

          }
        },
        "lat_ns" : {
          "min" : 0,
          "max" : 0,
          "mean" : 0.000000,
          "stddev" : 0.000000
        },
        "bw_min" : 0,
        "bw_max" : 0,
        "bw_agg" : 0.000000,
        "bw_mean" : 0.000000,
        "bw_dev" : 0.000000,
        "bw_samples" : 0,
        "iops_min" : 0,
        "iops_max" : 0,
        "iops_mean" : 0.000000,
        "iops_stddev" : 0.000000,
        "iops_samples" : 0
      },
      "write" : {
        "io_bytes" : 2120220672,
        "io_kbytes" : 2070528,
        "bw" : 68722,
        "iops" : 67.111421,
        "runtime" : 30129,
        "total_ios" : 2022,
        "short_ios" : 0,
        "drop_ios" : 0,
        "slat_ns" : {
          "min" : 653093,
          "max" : 1291627005,
          "mean" : 59425939.822453,
          "stddev" : 143532783.266614
        },
        "clat_ns" : {
          "min" : 5829,
          "max" : 2099037867,
          "mean" : 412728176.230465,
          "stddev" : 315744893.663009,
          "percentile" : {
            "1.000000" : 55836672,
            "5.000000" : 88604672,
            "10.000000" : 105381888,
            "20.000000" : 152043520,
            "30.000000" : 204472320,
            "40.000000" : 263192576,
            "50.000000" : 320864256,
            "60.000000" : 404750336,
            "70.000000" : 497025024,
            "80.000000" : 633339904,
            "90.000000" : 834666496,
            "95.000000" : 1044381696,
            "99.000000" : 1518338048,
            "99.500000" : 1568669696,
            "99.900000" : 2088763392,
            "99.950000" : 2105540608,
            "99.990000" : 2105540608,
            "0.00" : 0,
            "0.00" : 0,
            "0.00" : 0
          },
          "bins" : {
            "5856" : 1,
            "6112" : 1,
            "6368" : 1,
            "6560" : 1,
            "36438016" : 1,
            "39059456" : 1,
            "40108032" : 1,
            "40632320" : 1,
            "44302336" : 1,
            "45350912" : 1,
            "45875200" : 2,
            "46923776" : 1,
            "49020928" : 1,
            "50069504" : 1,
            "51118080" : 2,
            "51642368" : 2,
            "54788096" : 1,
            "55836672" : 1,
            "56360960" : 1,
            "59506688" : 1,
            "60030976" : 1,
            "62652416" : 1,
            "63700992" : 1,
            "64225280" : 1,
            "64749568" : 1,
            "65798144" : 4,
            "66322432" : 1,
            "67633152" : 1,
            "68681728" : 5,
            "69730304" : 3,
            "70778880" : 4,
            "71827456" : 2,
            "72876032" : 1,
            "73924608" : 4,
            "74973184" : 1,
            "76021760" : 2,
            "77070336" : 1,
            "78118912" : 5,
            "79167488" : 6,
            "80216064" : 3,
            "81264640" : 3,
            "82313216" : 4,
            "83361792" : 12,
            "84410368" : 3,
            "85458944" : 1,
            "86507520" : 5,
            "87556096" : 2,
            "88604672" : 4,
            "89653248" : 8,
            "90701824" : 11,
            "91750400" : 5,
            "92798976" : 4,
            "93847552" : 13,
            "94896128" : 7,
            "95944704" : 6,
            "96993280" : 11,
            "98041856" : 4,
            "99090432" : 7,
            "100139008" : 10,
            "101187584" : 3,
            "103284736" : 4,
            "104333312" : 4,
            "105381888" : 10,
            "106430464" : 5,
            "107479040" : 6,
            "108527616" : 5,
            "109576192" : 7,
            "110624768" : 4,
            "111673344" : 3,
            "112721920" : 5,
            "113770496" : 8,
            "114819072" : 11,
            "115867648" : 4,
            "116916224" : 6,
            "117964800" : 5,
            "119013376" : 7,
            "120061952" : 11,
            "121110528" : 5,
            "122159104" : 7,
            "123207680" : 4,
            "124256256" : 4,
            "125304832" : 4,
            "126353408" : 6,
            "127401984" : 7,
            "128450560" : 7,
            "129499136" : 4,
            "130547712" : 5,
            "131596288" : 2,
            "132644864" : 1,
            "133693440" : 3,
            "135266304" : 4,
            "137363456" : 10,
            "139460608" : 1,
            "141557760" : 4,
            "143654912" : 3,
            "145752064" : 5,
            "147849216" : 8,
            "149946368" : 6,
            "152043520" : 9,
            "154140672" : 6,
            "156237824" : 12,
            "158334976" : 9,
            "160432128" : 3,
            "162529280" : 5,
            "164626432" : 5,
            "166723584" : 10,
            "168820736" : 10,
            "170917888" : 8,
            "173015040" : 15,
            "175112192" : 9,
            "177209344" : 9,
            "179306496" : 7,
            "181403648" : 5,
            "183500800" : 5,
            "185597952" : 3,
            "187695104" : 8,
            "189792256" : 5,
            "191889408" : 12,
            "193986560" : 10,
            "196083712" : 14,
            "198180864" : 11,
            "200278016" : 7,
            "202375168" : 10,
            "204472320" : 4,
            "206569472" : 7,
            "208666624" : 5,
            "210763776" : 9,
            "212860928" : 6,
            "214958080" : 5,
            "217055232" : 10,
            "219152384" : 7,
            "221249536" : 6,
            "223346688" : 2,
            "225443840" : 11,
            "227540992" : 11,
            "229638144" : 8,
            "231735296" : 10,
            "233832448" : 11,
            "235929600" : 8,
            "238026752" : 4,
            "240123904" : 10,
            "242221056" : 14,
            "244318208" : 6,
            "246415360" : 4,
            "248512512" : 7,
            "250609664" : 6,
            "252706816" : 7,
            "254803968" : 5,
            "256901120" : 7,
            "258998272" : 4,
            "261095424" : 8,
            "263192576" : 8,
            "265289728" : 9,