{
  "fio version" : "fio-3.1",
  "timestamp" : 1555518571,
  "timestamp_ms" : 1555518571928,
  "time" : "Wed Apr 17 16:29:31 2019",
  "global options" : {
    "fallocate" : "none",
    "runtime" : "30",
    "directory" : "/data/fio_write/beegfs-randwrite-64-vknzx",
    "bs" : "524288",
    "time_based" : "1",
    "ioengine" : "libaio",
    "iodepth" : "8",
    "direct" : "1",
    "buffered" : "0",
    "thread" : "0",
    "group_reporting" : "1",
    "filesize" : "32g",
    "size" : "32g",
    "filename_format" : "$jobnum.dat"
  },
  "jobs" : [
    {
      "jobname" : "fio-job",
      "groupid" : 0,
      "error" : 0,
      "eta" : 0,
      "elapsed" : 37,
      "job options" : {
        "rw" : "randwrite"
      },
      "read" : {
        "io_bytes" : 0,
        "io_kbytes" : 0,
        "bw" : 0,
        "iops" : 0.000000,
        "runtime" : 0,
        "total_ios" : 0,
        "short_ios" : 0,
        "drop_ios" : 0,
        "slat_ns" : {
          "min" : 0,
          "max" : 0,
          "mean" : 0.000000,
          "stddev" : 0.000000
        },
        "clat_ns" : {
          "min" : 0,
          "max" : 0,
          "mean" : 0.000000,
          "stddev" : 0.000000,
          "percentile" : {
            "1.000000" : 0,
            "5.000000" : 0,
            "10.000000" : 0,
            "20.000000" : 0,
            "30.000000" : 0,
            "40.000000" : 0,
            "50.000000" : 0,
            "60.000000" : 0,
            "70.000000" : 0,
            "80.000000" : 0,
            "90.000000" : 0,
            "95.000000" : 0,
            "99.000000" : 0,
            "99.500000" : 0,
            "99.900000" : 0,
            "99.950000" : 0,
            "99.990000" : 0,
            "0.00" : 0,
            "0.00" : 0,
            "0.00" : 0
          },
          "bins" : {

          }
        },
        "lat_ns" : {
          "min" : 0,
          "max" : 0,
          "mean" : 0.000000,
          "stddev" : 0.000000
        },
        "bw_min" : 0,
        "bw_max" : 0,
        "bw_agg" : 0.000000,
        "bw_mean" : 0.000000,
        "bw_dev" : 0.000000,
        "bw_samples" : 0,
        "iops_min" : 0,
        "iops_max" : 0,
        "iops_mean" : 0.000000,
        "iops_stddev" : 0.000000,
        "iops_samples" : 0
      },
      "write" : {
        "io_bytes" : 165150720,
        "io_kbytes" : 161280,
        "bw" : 4645,
        "iops" : 9.074149,
        "runtime" : 34714,
        "total_ios" : 315,
        "short_ios" : 0,
        "drop_ios" : 0,
        "slat_ns" : {
          "min" : 4329682,
          "max" : 6969353102,
          "mean" : 382203073.320635,
          "stddev" : 1056676489.160854
        },
        "clat_ns" : {
          "min" : 8660,
          "max" : 16346033463,
          "mean" : 2670833130.241270,
          "stddev" : 3043054711.698475,
          "percentile" : {
            "1.000000" : 35584,
            "5.000000" : 72876032,
            "10.000000" : 83361792,
            "20.000000" : 177209344,
            "30.000000" : 492830720,
            "40.000000" : 708837376,
            "50.000000" : 1635778560,
            "60.000000" : 2701131776,
            "70.000000" : 3204448256,
            "80.000000" : 4462739456,
            "90.000000" : 6878658560,
            "95.000000" : 9328132096,
            "99.000000" : 11207180288,
            "99.500000" : 14831058944,
            "99.900000" : 16307453952,
            "99.950000" : 16307453952,
            "99.990000" : 16307453952,
            "0.00" : 0,
            "0.00" : 0,
            "0.00" : 0
          },
          "bins" : {
            "8640" : 1,
            "10432" : 1,
            "10688" : 1,
            "35584" : 1,
            "31850496" : 1,
            "32112640" : 1,
            "42205184" : 1,
            "54263808" : 1,
            "55836672" : 1,
            "65798144" : 1,
            "69730304" : 1,
            "70778880" : 3,
            "72876032" : 2,
            "73924608" : 5,
            "76021760" : 1,
            "77070336" : 1,
            "78118912" : 2,
            "79167488" : 3,
            "82313216" : 2,
            "83361792" : 2,
            "84410368" : 1,
            "85458944" : 1,
            "86507520" : 1,
            "87556096" : 1,
            "88604672" : 1,
            "90701824" : 1,
            "92798976" : 1,
            "99090432" : 1,
            "101187584" : 1,
            "102236160" : 1,
            "103284736" : 1,
            "105381888" : 1,
            "113770496" : 2,
            "114819072" : 1,
            "126353408" : 1,
            "128450560" : 1,
            "130547712" : 1,
            "135266304" : 2,
            "137363456" : 1,
            "139460608" : 1,
            "141557760" : 2,
            "154140672" : 1,
            "162529280" : 1,
            "164626432" : 2,
            "168820736" : 1,
            "170917888" : 1,
            "177209344" : 1,
            "179306496" : 1,
            "189792256" : 1,
            "191889408" : 1,
            "202375168" : 1,
            "210763776" : 1,
            "212860928" : 1,
            "223346688" : 1,
            "242221056" : 1,
            "252706816" : 2,
            "274726912" : 1,
            "283115520" : 1,
            "341835776" : 3,
            "350224384" : 1,
            "383778816" : 1,
            "396361728" : 1,
            "400556032" : 1,
            "413138944" : 1,
            "417333248" : 1,
            "421527552" : 1,
            "425721856" : 6,
            "429916160" : 1,
            "438304768" : 1,
            "492830720" : 3,
            "497025024" : 1,
            "501219328" : 1,
            "505413632" : 1,
            "513802240" : 1,
            "534773760" : 1,
            "541065216" : 1,
            "549453824" : 4,
            "566231040" : 2,
            "574619648" : 1,
            "583008256" : 1,
            "599785472" : 1,
            "616562688" : 3,
            "633339904" : 4,
            "641728512" : 2,
            "658505728" : 2,
            "666894336" : 3,
            "708837376" : 1,
            "717225984" : 1,
            "725614592" : 1,
            "742391808" : 1,
            "817889280" : 1,
            "876609536" : 1,
            "910163968" : 1,
            "918552576" : 3,
            "926941184" : 1,
            "935329792" : 1,
            "968884224" : 1,
            "994050048" : 1,
            "1098907648" : 1,
            "1166016512" : 1,
            "1233125376" : 1,
            "1350565888" : 2,
            "1367343104" : 1,
            "1451229184" : 1,
            "1535115264" : 2,
            "1551892480" : 3,
            "1568669696" : 1,
            "1585446912" : 3,
            "1635778560" : 3,
            "1652555776" : 3,
            "1669332992" : 1,
            "1870659584" : 1,
            "1887436800" : 1,
            "2004877312" : 2,
            "2071986176" : 1,
            "2122317824" : 3,
            "2164260864" : 3,
            "2197815296" : 1,
            "2264924160" : 1,
            "2298478592" : 4,
            "2332033024" : 2,
            "2399141888" : 1,
            "2600468480" : 1,
            "2667577344" : 2,
            "2701131776" : 5,
            "2734686208" : 2,
            "2768240640" : 3,
            "2801795072" : 1,
            "2835349504" : 2,
            "2868903936" : 1,
            "2902458368" : 1,
            "2936012800" : 2,
            "2969567232" : 4,
            "3003121664" : 1,
            "3070230528" : 2,
            "3103784960" : 4,
            "3137339392" : 2,
            "3170893824" : 3,
            "3204448256" : 4,
            "3238002688" : 3,
            "3271557120" : 1,
            "3338665984" : 1,
            "3472883712" : 2,
            "3607101440" : 3,
            "3640655872" : 1,
            "3707764736" : 4,
            "3741319168" : 4,
            "3774873600" : 1,
            "3841982464" : 1,
            "3909091328" : 1,
            "3976200192" : 1,