{
  "fio version" : "fio-3.1",
  "timestamp" : 1574274436,
  "timestamp_ms" : 1574274436359,
  "time" : "Wed Nov 20 18:27:16 2019",
  "global options" : {
    "directory" : "data/fio_write/beegfs-randwrite-64-dllfc",
    "bs" : "4096",
    "fallocate" : "none",
    "runtime" : "30",
    "time_based" : "1",
    "ioengine" : "libaio",
    "iodepth" : "8",
    "direct" : "1",
    "buffered" : "0",
    "invalidate" : "1",
    "ramp_time" : "0",
    "thread" : "0",
    "group_reporting" : "1",
    "filesize" : "32g",
    "size" : "32g",
    "filename_format" : "$jobnum.dat"
  },
  "jobs" : [
    {
      "jobname" : "fio-job",
      "groupid" : 0,
      "error" : 0,
      "eta" : 0,
      "elapsed" : 34,
      "job options" : {
        "rw" : "randwrite"
      },
      "read" : {
        "io_bytes" : 0,
        "io_kbytes" : 0,
        "bw" : 0,
        "iops" : 0.000000,
        "runtime" : 0,
        "total_ios" : 0,
        "short_ios" : 0,
        "drop_ios" : 0,
        "slat_ns" : {
          "min" : 0,
          "max" : 0,
          "mean" : 0.000000,
          "stddev" : 0.000000
        },
        "clat_ns" : {
          "min" : 0,
          "max" : 0,
          "mean" : 0.000000,
          "stddev" : 0.000000,
          "percentile" : {
            "1.000000" : 0,
            "5.000000" : 0,
            "10.000000" : 0,
            "20.000000" : 0,
            "30.000000" : 0,
            "40.000000" : 0,
            "50.000000" : 0,
            "60.000000" : 0,
            "70.000000" : 0,
            "80.000000" : 0,
            "90.000000" : 0,
            "95.000000" : 0,
            "99.000000" : 0,
            "99.500000" : 0,
            "99.900000" : 0,
            "99.950000" : 0,
            "99.990000" : 0,
            "0.00" : 0,
            "0.00" : 0,
            "0.00" : 0
          },
          "bins" : {

          }
        },
        "lat_ns" : {
          "min" : 0,
          "max" : 0,
          "mean" : 0.000000,
          "stddev" : 0.000000
        },
        "bw_min" : 0,
        "bw_max" : 0,
        "bw_agg" : 0.000000,
        "bw_mean" : 0.000000,
        "bw_dev" : 0.000000,
        "bw_samples" : 0,
        "iops_min" : 0,
        "iops_max" : 0,
        "iops_mean" : 0.000000,
        "iops_stddev" : 0.000000,
        "iops_samples" : 0
      },
      "write" : {
        "io_bytes" : 675840,
        "io_kbytes" : 660,
        "bw" : 19,
        "iops" : 4.920526,
        "runtime" : 33533,
        "total_ios" : 165,
        "short_ios" : 0,
        "drop_ios" : 0,
        "slat_ns" : {
          "min" : 3387,
          "max" : 8915290956,
          "mean" : 613369649.733333,
          "stddev" : 1163451308.294357
        },
        "clat_ns" : {
          "min" : 61897,
          "max" : 19746962353,
          "mean" : 5485971048.327272,
          "stddev" : 4189836954.401007,
          "percentile" : {
            "1.000000" : 536576,
            "5.000000" : 7110656,
            "10.000000" : 549453824,
            "20.000000" : 1887436800,
            "30.000000" : 2298478592,
            "40.000000" : 3607101440,
            "50.000000" : 4278190080,
            "60.000000" : 5737807872,
            "70.000000" : 8019509248,
            "80.000000" : 9059696640,
            "90.000000" : 11072962560,
            "95.000000" : 12952010752,
            "99.000000" : 16978542592,
            "99.500000" : 17112760320,
            "99.900000" : 17112760320,
            "99.950000" : 17112760320,
            "99.990000" : 17112760320,
            "0.00" : 0,
            "0.00" : 0,
            "0.00" : 0
          },
          "bins" : {
            "61696" : 1,
            "536576" : 1,
            "544768" : 1,
            "708608" : 1,
            "757760" : 1,
            "3489792" : 1,
            "5734400" : 1,
            "6127616" : 1,
            "7110656" : 1,
            "129499136" : 1,
            "130547712" : 1,
            "152043520" : 2,
            "175112192" : 1,
            "541065216" : 2,
            "549453824" : 2,
            "599785472" : 1,
            "608174080" : 1,
            "616562688" : 1,
            "826277888" : 1,
            "1061158912" : 1,
            "1417674752" : 1,
            "1451229184" : 1,
            "1501560832" : 1,
            "1602224128" : 2,
            "1619001344" : 1,
            "1769996288" : 1,
            "1786773504" : 1,
            "1887436800" : 4,
            "1988100096" : 2,
            "2038431744" : 2,
            "2055208960" : 3,
            "2088763392" : 1,
            "2105540608" : 1,
            "2122317824" : 1,
            "2164260864" : 3,
            "2264924160" : 1,
            "2298478592" : 2,
            "2499805184" : 1,
            "2667577344" : 1,
            "2734686208" : 2,
            "2936012800" : 1,
            "2969567232" : 1,
            "3103784960" : 1,
            "3372220416" : 2,
            "3405774848" : 1,
            "3439329280" : 2,
            "3506438144" : 1,
            "3573547008" : 1,
            "3607101440" : 1,
            "3640655872" : 2,
            "3741319168" : 1,
            "3774873600" : 2,
            "3841982464" : 4,
            "3942645760" : 1,
            "4009754624" : 3,
            "4043309056" : 1,
            "4110417920" : 1,
            "4244635648" : 1,
            "4278190080" : 2,
            "4328521728" : 2,
            "4462739456" : 2,
            "4664066048" : 1,
            "4865392640" : 1,
            "4999610368" : 4,
            "5066719232" : 1,
            "5133828096" : 2,
            "5200936960" : 1,
            "5737807872" : 1,
            "6006243328" : 1,
            "6341787648" : 1,
            "6476005376" : 2,
            "6610223104" : 1,
            "6677331968" : 2,
            "6744440832" : 1,
            "6878658560" : 2,
            "7214202880" : 1,
            "7549747200" : 1,
            "7683964928" : 1,
            "7751073792" : 1,
            "7818182656" : 1,
            "8019509248" : 4,
            "8153726976" : 2,
            "8220835840" : 4,
            "8422162432" : 1,
            "8489271296" : 1,
            "8657043456" : 1,
            "8925478912" : 3,
            "9059696640" : 2,
            "9328132096" : 1,
            "9462349824" : 1,
            "9596567552" : 1,
            "9865003008" : 1,
            "10267656192" : 1,
            "10804527104" : 7,
            "10938744832" : 1,
            "11072962560" : 4,
            "11341398016" : 1,
            "11475615744" : 2,
            "12549357568" : 4,
            "12952010752" : 1,
            "13220446208" : 1,
            "13623099392" : 1,
            "13757317120" : 1,
            "14159970304" : 1,
            "14562623488" : 1,
            "14696841216" : 1,
            "16978542592" : 1,
            "17112760320" : 1
          }
        },
        "lat_ns" : {
          "min" : 542282,
          "max" : 20183134793,
          "mean" : 6099342086.200001,
          "stddev" : 4313431284.595671
        },
        "bw_min" : 8,
        "bw_max" : 88,
        "bw_agg" : 78.874269,
        "bw_mean" : 14.986111,
        "bw_dev" : 12.732893,
        "bw_samples" : 72,
        "iops_min" : 2,
        "iops_max" : 22,
        "iops_mean" : 3.736111,
        "iops_stddev" : 3.184439,
        "iops_samples" : 72
      },
      "trim" : {
        "io_bytes" : 0,
        "io_kbytes" : 0,
        "bw" : 0,
        "iops" : 0.000000,
        "runtime" : 0,
        "total_ios" : 0,
        "short_ios" : 0,
        "drop_ios" : 0,
        "slat_ns" : {
          "min" : 0,
          "max" : 0,
          "mean" : 0.000000,
          "stddev" : 0.000000
        },
        "clat_ns" : {
          "min" : 0,
          "max" : 0,
          "mean" : 0.000000,
          "stddev" : 0.000000,
          "percentile" : {
            "1.000000" : 0,
            "5.000000" : 0,
            "10.000000" : 0,
            "20.000000" : 0,
            "30.000000" : 0,