{
  "fio version" : "fio-3.1",
  "timestamp" : 1556099894,
  "timestamp_ms" : 1556099894564,
  "time" : "Wed Apr 24 09:58:14 2019",
  "global options" : {
    "fallocate" : "none",
    "runtime" : "30",
    "directory" : "data/fio_write/beegfs-randwrite-64-v578w",
    "bs" : "256",
    "time_based" : "1",
    "ioengine" : "libaio",
    "iodepth" : "8",
    "direct" : "1",
    "buffered" : "0",
    "thread" : "0",
    "group_reporting" : "1",
    "filesize" : "32g",
    "size" : "32g",
    "filename_format" : "$jobnum.dat"
  },
  "jobs" : [
    {
      "jobname" : "fio-job",
      "groupid" : 0,
      "error" : 0,
      "eta" : 0,
      "elapsed" : 38,
      "job options" : {
        "rw" : "randwrite"
      },
      "read" : {
        "io_bytes" : 0,
        "io_kbytes" : 0,
        "bw" : 0,
        "iops" : 0.000000,
        "runtime" : 0,
        "total_ios" : 0,
        "short_ios" : 0,
        "drop_ios" : 0,
        "slat_ns" : {
          "min" : 0,
          "max" : 0,
          "mean" : 0.000000,
          "stddev" : 0.000000
        },
        "clat_ns" : {
          "min" : 0,
          "max" : 0,
          "mean" : 0.000000,
          "stddev" : 0.000000,
          "percentile" : {
            "1.000000" : 0,
            "5.000000" : 0,
            "10.000000" : 0,
            "20.000000" : 0,
            "30.000000" : 0,
            "40.000000" : 0,
            "50.000000" : 0,
            "60.000000" : 0,
            "70.000000" : 0,
            "80.000000" : 0,
            "90.000000" : 0,
            "95.000000" : 0,
            "99.000000" : 0,
            "99.500000" : 0,
            "99.900000" : 0,
            "99.950000" : 0,
            "99.990000" : 0,
            "0.00" : 0,
            "0.00" : 0,
            "0.00" : 0
          },
          "bins" : {

          }
        },
        "lat_ns" : {
          "min" : 0,
          "max" : 0,
          "mean" : 0.000000,
          "stddev" : 0.000000
        },
        "bw_min" : 0,
        "bw_max" : 0,
        "bw_agg" : 0.000000,
        "bw_mean" : 0.000000,
        "bw_dev" : 0.000000,
        "bw_samples" : 0,
        "iops_min" : 0,
        "iops_max" : 0,
        "iops_mean" : 0.000000,
        "iops_stddev" : 0.000000,
        "iops_samples" : 0
      },
      "write" : {
        "io_bytes" : 175872,
        "io_kbytes" : 171,
        "bw" : 4,
        "iops" : 18.895949,
        "runtime" : 36357,
        "total_ios" : 687,
        "short_ios" : 0,
        "drop_ios" : 0,
        "slat_ns" : {
          "min" : 97079,
          "max" : 9345617170,
          "mean" : 195026364.225619,
          "stddev" : 753300461.145683
        },
        "clat_ns" : {
          "min" : 9820,
          "max" : 11448148884,
          "mean" : 1364816189.934498,
          "stddev" : 2151233445.820229,
          "percentile" : {
            "1.000000" : 1019904,
            "5.000000" : 11468800,
            "10.000000" : 20840448,
            "20.000000" : 57933824,
            "30.000000" : 96993280,
            "40.000000" : 168820736,
            "50.000000" : 429916160,
            "60.000000" : 784334848,
            "70.000000" : 1216348160,
            "80.000000" : 2231369728,
            "90.000000" : 3808428032,
            "95.000000" : 5872025600,
            "99.000000" : 10938744832,
            "99.500000" : 11207180288,
            "99.900000" : 11475615744,
            "99.950000" : 11475615744,
            "99.990000" : 11475615744,
            "0.00" : 0,
            "0.00" : 0,
            "0.00" : 0
          },
          "bins" : {
            "9792" : 1,
            "10432" : 1,
            "10816" : 1,
            "12096" : 1,
            "954368" : 2,
            "1019904" : 1,
            "1036288" : 1,
            "1056768" : 1,
            "1204224" : 2,
            "1318912" : 2,
            "1368064" : 1,
            "1433600" : 1,
            "1449984" : 1,
            "1548288" : 1,
            "1646592" : 1,
            "1777664" : 1,
            "2375680" : 1,
            "4227072" : 1,
            "4947968" : 1,
            "6127616" : 1,
            "6848512" : 1,
            "7045120" : 1,
            "7569408" : 1,
            "7700480" : 1,
            "8978432" : 1,
            "9109504" : 1,
            "9502720" : 2,
            "9633792" : 1,
            "11075584" : 2,
            "11468800" : 2,
            "11993088" : 1,
            "12255232" : 1,
            "12648448" : 1,
            "12910592" : 1,
            "14352384" : 2,
            "14614528" : 1,
            "14876672" : 1,
            "15663104" : 1,
            "15925248" : 1,
            "16187392" : 2,
            "16318464" : 2,
            "16449536" : 1,
            "16580608" : 1,
            "16908288" : 1,
            "17694720" : 1,
            "18219008" : 2,
            "18481152" : 3,
            "18743296" : 1,
            "19005440" : 3,
            "20054016" : 1,
            "20316160" : 2,
            "20578304" : 2,
            "20840448" : 4,
            "21102592" : 1,
            "21364736" : 1,
            "22151168" : 1,
            "22675456" : 1,
            "23199744" : 1,
            "24772608" : 1,
            "25296896" : 1,
            "26607616" : 2,
            "26869760" : 2,
            "27131904" : 2,
            "28180480" : 2,
            "29229056" : 3,
            "30539776" : 1,
            "30801920" : 2,
            "31326208" : 2,
            "32112640" : 1,
            "32374784" : 1,
            "32636928" : 2,
            "34340864" : 1,
            "35389440" : 3,
            "35913728" : 1,
            "40108032" : 2,
            "41680896" : 1,
            "46923776" : 2,
            "47448064" : 2,
            "50069504" : 2,
            "50593792" : 7,
            "51118080" : 2,
            "51642368" : 1,
            "52166656" : 2,
            "52690944" : 1,
            "53215232" : 1,
            "53739520" : 3,
            "54263808" : 2,
            "54788096" : 1,
            "55312384" : 1,
            "56360960" : 3,
            "57933824" : 1,
            "58458112" : 3,
            "59506688" : 2,
            "60030976" : 2,
            "60555264" : 1,
            "61603840" : 2,
            "62128128" : 1,
            "62652416" : 1,
            "63176704" : 4,
            "64225280" : 2,
            "64749568" : 4,
            "65798144" : 2,
            "66322432" : 1,
            "66846720" : 2,
            "70778880" : 1,
            "71827456" : 2,
            "72876032" : 2,
            "73924608" : 1,
            "74973184" : 1,
            "76021760" : 7,
            "77070336" : 1,
            "80216064" : 1,
            "81264640" : 1,
            "82313216" : 1,
            "83361792" : 2,
            "84410368" : 4,
            "85458944" : 2,
            "86507520" : 2,
            "87556096" : 1,
            "88604672" : 2,
            "89653248" : 3,
            "91750400" : 3,
            "93847552" : 1,
            "94896128" : 1,
            "95944704" : 1,
            "96993280" : 3,
            "99090432" : 1,
            "101187584" : 1,
            "102236160" : 4,
            "103284736" : 1,
            "106430464" : 1,
            "108527616" : 2,
            "110624768" : 3,
            "111673344" : 2,
            "112721920" : 2,
            "119013376" : 1,
            "121110528" : 2,
            "123207680" : 1,
            "124256256" : 2,
            "125304832" : 1,
            "126353408" : 2,
            "128450560" : 1,
            "129499136" : 2,
            "131596288" : 4,
            "132644864" : 1,
            "133693440" : 2,
            "135266304" : 3,
            "139460608" : 1,
            "141557760" : 3,
            "145752064" : 1,
            "147849216" : 1,
            "149946368" : 2,
            "152043520" : 5,
            "154140672" : 5,
            "160432128" : 2,
            "164626432" : 1,
            "166723584" : 4,
            "168820736" : 3,