{
  "fio version" : "fio-3.1",
  "timestamp" : 1555518295,
  "timestamp_ms" : 1555518295115,
  "time" : "Wed Apr 17 16:24:55 2019",
  "global options" : {
    "fallocate" : "none",
    "runtime" : "30",
    "directory" : "/data/fio_write/beegfs-randwrite-64-lqfzl",
    "bs" : "16384",
    "time_based" : "1",
    "ioengine" : "libaio",
    "iodepth" : "8",
    "direct" : "1",
    "buffered" : "0",
    "thread" : "0",
    "group_reporting" : "1",
    "filesize" : "32g",
    "size" : "32g",
    "filename_format" : "$jobnum.dat"
  },
  "jobs" : [
    {
      "jobname" : "fio-job",
      "groupid" : 0,
      "error" : 0,
      "eta" : 0,
      "elapsed" : 34,
      "job options" : {
        "rw" : "randwrite"
      },
      "read" : {
        "io_bytes" : 0,
        "io_kbytes" : 0,
        "bw" : 0,
        "iops" : 0.000000,
        "runtime" : 0,
        "total_ios" : 0,
        "short_ios" : 0,
        "drop_ios" : 0,
        "slat_ns" : {
          "min" : 0,
          "max" : 0,
          "mean" : 0.000000,
          "stddev" : 0.000000
        },
        "clat_ns" : {
          "min" : 0,
          "max" : 0,
          "mean" : 0.000000,
          "stddev" : 0.000000,
          "percentile" : {
            "1.000000" : 0,
            "5.000000" : 0,
            "10.000000" : 0,
            "20.000000" : 0,
            "30.000000" : 0,
            "40.000000" : 0,
            "50.000000" : 0,
            "60.000000" : 0,
            "70.000000" : 0,
            "80.000000" : 0,
            "90.000000" : 0,
            "95.000000" : 0,
            "99.000000" : 0,
            "99.500000" : 0,
            "99.900000" : 0,
            "99.950000" : 0,
            "99.990000" : 0,
            "0.00" : 0,
            "0.00" : 0,
            "0.00" : 0
          },
          "bins" : {

          }
        },
        "lat_ns" : {
          "min" : 0,
          "max" : 0,
          "mean" : 0.000000,
          "stddev" : 0.000000
        },
        "bw_min" : 0,
        "bw_max" : 0,
        "bw_agg" : 0.000000,
        "bw_mean" : 0.000000,
        "bw_dev" : 0.000000,
        "bw_samples" : 0,
        "iops_min" : 0,
        "iops_max" : 0,
        "iops_mean" : 0.000000,
        "iops_stddev" : 0.000000,
        "iops_samples" : 0
      },
      "write" : {
        "io_bytes" : 4096000,
        "io_kbytes" : 4000,
        "bw" : 122,
        "iops" : 7.666360,
        "runtime" : 32610,
        "total_ios" : 250,
        "short_ios" : 0,
        "drop_ios" : 0,
        "slat_ns" : {
          "min" : 197672,
          "max" : 8465988922,
          "mean" : 450715900.180000,
          "stddev" : 1279653677.512042
        },
        "clat_ns" : {
          "min" : 9825,
          "max" : 17802315518,
          "mean" : 3147153381.892000,
          "stddev" : 3423954934.784836,
          "percentile" : {
            "1.000000" : 10944,
            "5.000000" : 10289152,
            "10.000000" : 59506688,
            "20.000000" : 304087040,
            "30.000000" : 616562688,
            "40.000000" : 1149239296,
            "50.000000" : 1920991232,
            "60.000000" : 3003121664,
            "70.000000" : 4211081216,
            "80.000000" : 5133828096,
            "90.000000" : 8153726976,
            "95.000000" : 9328132096,
            "99.000000" : 16173236224,
            "99.500000" : 17112760320,
            "99.900000" : 17112760320,
            "99.950000" : 17112760320,
            "99.990000" : 17112760320,
            "0.00" : 0,
            "0.00" : 0,
            "0.00" : 0
          },
          "bins" : {
            "9792" : 1,
            "10432" : 1,
            "10944" : 2,
            "2310144" : 1,
            "2473984" : 1,
            "2572288" : 2,
            "2867200" : 1,
            "8847360" : 2,
            "10158080" : 1,
            "10289152" : 1,
            "30801920" : 2,
            "43253760" : 1,
            "43778048" : 2,
            "46923776" : 2,
            "50069504" : 1,
            "52690944" : 1,
            "56885248" : 1,
            "58982400" : 1,
            "59506688" : 2,
            "60555264" : 2,
            "66846720" : 2,
            "67633152" : 1,
            "77070336" : 1,
            "177209344" : 1,
            "212860928" : 1,
            "225443840" : 1,
            "227540992" : 2,
            "240123904" : 2,
            "244318208" : 1,
            "246415360" : 1,
            "248512512" : 1,
            "263192576" : 1,
            "265289728" : 1,
            "267386880" : 1,
            "274726912" : 1,
            "283115520" : 1,
            "295698432" : 1,
            "299892736" : 1,
            "304087040" : 2,
            "316669952" : 1,
            "320864256" : 1,
            "408944640" : 1,
            "425721856" : 1,
            "438304768" : 1,
            "442499072" : 1,
            "476053504" : 3,
            "484442112" : 1,
            "497025024" : 1,
            "517996544" : 1,
            "522190848" : 2,
            "526385152" : 3,
            "541065216" : 1,
            "549453824" : 1,
            "557842432" : 1,
            "574619648" : 2,
            "608174080" : 1,
            "616562688" : 1,
            "641728512" : 2,
            "650117120" : 2,
            "658505728" : 1,
            "666894336" : 5,
            "675282944" : 2,
            "759169024" : 3,
            "792723456" : 1,
            "817889280" : 1,
            "910163968" : 1,
            "960495616" : 1,
            "968884224" : 1,
            "1082130432" : 1,
            "1098907648" : 1,
            "1132462080" : 1,
            "1149239296" : 2,
            "1182793728" : 2,
            "1266679808" : 2,
            "1384120320" : 1,
            "1417674752" : 1,
            "1484783616" : 1,
            "1501560832" : 2,
            "1518338048" : 2,
            "1535115264" : 3,
            "1551892480" : 1,
            "1568669696" : 1,
            "1585446912" : 1,
            "1652555776" : 1,
            "1702887424" : 2,
            "1719664640" : 1,
            "1786773504" : 2,
            "1820327936" : 1,
            "1920991232" : 1,
            "2038431744" : 2,
            "2055208960" : 2,
            "2088763392" : 1,
            "2139095040" : 1,
            "2164260864" : 1,
            "2231369728" : 3,
            "2734686208" : 4,
            "2768240640" : 1,
            "2835349504" : 5,
            "2868903936" : 1,
            "2936012800" : 3,
            "3003121664" : 4,
            "3036676096" : 3,
            "3137339392" : 1,
            "3170893824" : 1,
            "3204448256" : 2,
            "3372220416" : 1,
            "3439329280" : 1,
            "3573547008" : 1,
            "3674210304" : 3,
            "3875536896" : 1,
            "3909091328" : 1,
            "4009754624" : 4,
            "4043309056" : 1,
            "4177526784" : 2,
            "4211081216" : 2,
            "4328521728" : 2,
            "4462739456" : 1,
            "4529848320" : 2,
            "4596957184" : 3,
            "4664066048" : 2,
            "4731174912" : 2,
            "4798283776" : 5,
            "4865392640" : 3,
            "5066719232" : 1,
            "5133828096" : 2,
            "5268045824" : 2,
            "6006243328" : 1,
            "6073352192" : 4,
            "6140461056" : 1,
            "6610223104" : 2,
            "6677331968" : 1,
            "6744440832" : 1,
            "7147094016" : 1,
            "7281311744" : 4,
            "7818182656" : 1,
            "8153726976" : 7,
            "8489271296" : 3,
            "8556380160" : 3,
            "8791261184" : 1,
            "8925478912" : 2,
            "9193914368" : 1,
            "9328132096" : 5,
            "9462349824" : 2,
            "10267656192" : 1,
            "11207180288" : 1,
            "13488881664" : 3,
            "16173236224" : 1,
            "17112760320" : 2
          }
        },