{
  "fio version" : "fio-3.1",
  "timestamp" : 1574273527,
  "timestamp_ms" : 1574273527756,
  "time" : "Wed Nov 20 18:12:07 2019",
  "global options" : {
    "directory" : "data/fio_write/beegfs-write-64-nl66p",
    "bs" : "256",
    "fallocate" : "none",
    "runtime" : "30",
    "time_based" : "1",
    "ioengine" : "libaio",
    "iodepth" : "8",
    "direct" : "1",
    "buffered" : "0",
    "invalidate" : "1",
    "ramp_time" : "0",
    "thread" : "0",
    "group_reporting" : "1",
    "filesize" : "32g",
    "size" : "32g",
    "filename_format" : "$jobnum.dat"
  },
  "jobs" : [
    {
      "jobname" : "fio-job",
      "groupid" : 0,
      "error" : 0,
      "eta" : 0,
      "elapsed" : 31,
      "job options" : {
        "rw" : "write"
      },
      "read" : {
        "io_bytes" : 0,
        "io_kbytes" : 0,
        "bw" : 0,
        "iops" : 0.000000,
        "runtime" : 0,
        "total_ios" : 0,
        "short_ios" : 0,
        "drop_ios" : 0,
        "slat_ns" : {
          "min" : 0,
          "max" : 0,
          "mean" : 0.000000,
          "stddev" : 0.000000
        },
        "clat_ns" : {
          "min" : 0,
          "max" : 0,
          "mean" : 0.000000,
          "stddev" : 0.000000,
          "percentile" : {
            "1.000000" : 0,
            "5.000000" : 0,
            "10.000000" : 0,
            "20.000000" : 0,
            "30.000000" : 0,
            "40.000000" : 0,
            "50.000000" : 0,
            "60.000000" : 0,
            "70.000000" : 0,
            "80.000000" : 0,
            "90.000000" : 0,
            "95.000000" : 0,
            "99.000000" : 0,
            "99.500000" : 0,
            "99.900000" : 0,
            "99.950000" : 0,
            "99.990000" : 0,
            "0.00" : 0,
            "0.00" : 0,
            "0.00" : 0
          },
          "bins" : {

          }
        },
        "lat_ns" : {
          "min" : 0,
          "max" : 0,
          "mean" : 0.000000,
          "stddev" : 0.000000
        },
        "bw_min" : 0,
        "bw_max" : 0,
        "bw_agg" : 0.000000,
        "bw_mean" : 0.000000,
        "bw_dev" : 0.000000,
        "bw_samples" : 0,
        "iops_min" : 0,
        "iops_max" : 0,
        "iops_mean" : 0.000000,
        "iops_stddev" : 0.000000,
        "iops_samples" : 0
      },
      "write" : {
        "io_bytes" : 156522240,
        "io_kbytes" : 152853,
        "bw" : 5094,
        "iops" : 20379.820673,
        "runtime" : 30001,
        "total_ios" : 611415,
        "short_ios" : 0,
        "drop_ios" : 0,
        "slat_ns" : {
          "min" : 27369,
          "max" : 12298294,
          "mean" : 190877.774497,
          "stddev" : 120667.803923
        },
        "clat_ns" : {
          "min" : 3885,
          "max" : 13455203,
          "mean" : 1376128.429517,
          "stddev" : 363507.093675,
          "percentile" : {
            "1.000000" : 757760,
            "5.000000" : 905216,
            "10.000000" : 987136,
            "20.000000" : 1089536,
            "30.000000" : 1187840,
            "40.000000" : 1253376,
            "50.000000" : 1335296,
            "60.000000" : 1417216,
            "70.000000" : 1515520,
            "80.000000" : 1630208,
            "90.000000" : 1810432,
            "95.000000" : 1974272,
            "99.000000" : 2342912,
            "99.500000" : 2506752,
            "99.900000" : 3489792,
            "99.950000" : 5210112,
            "99.990000" : 9240576,
            "0.00" : 0,
            "0.00" : 0,
            "0.00" : 0
          },
          "bins" : {
            "3888" : 1,
            "3952" : 1,
            "4048" : 1,
            "4576" : 1,
            "72192" : 1,
            "158720" : 1,
            "193536" : 1,
            "203776" : 1,
            "250880" : 1,
            "317440" : 1,
            "346112" : 1,
            "354304" : 1,
            "378880" : 2,
            "382976" : 3,
            "387072" : 4,
            "391168" : 5,
            "395264" : 5,
            "399360" : 1,
            "403456" : 2,
            "407552" : 2,
            "411648" : 1,
            "415744" : 3,
            "419840" : 4,
            "423936" : 4,
            "428032" : 4,
            "432128" : 3,
            "436224" : 7,
            "440320" : 9,
            "444416" : 9,
            "448512" : 5,
            "452608" : 5,
            "456704" : 9,
            "460800" : 8,
            "464896" : 4,
            "468992" : 7,
            "473088" : 7,
            "477184" : 10,
            "481280" : 9,
            "485376" : 11,
            "489472" : 6,
            "493568" : 10,
            "497664" : 13,
            "501760" : 7,
            "505856" : 7,
            "509952" : 10,
            "514048" : 7,
            "518144" : 12,
            "522240" : 7,
            "528384" : 28,
            "536576" : 30,
            "544768" : 21,
            "552960" : 27,
            "561152" : 23,
            "569344" : 41,
            "577536" : 38,
            "585728" : 46,
            "593920" : 66,
            "602112" : 62,
            "610304" : 57,
            "618496" : 70,
            "626688" : 112,
            "634880" : 140,
            "643072" : 161,
            "651264" : 144,
            "659456" : 176,
            "667648" : 210,
            "675840" : 216,
            "684032" : 250,
            "692224" : 284,
            "700416" : 356,
            "708608" : 353,
            "716800" : 381,
            "724992" : 445,
            "733184" : 494,
            "741376" : 536,
            "749568" : 622,
            "757760" : 696,
            "765952" : 732,
            "774144" : 785,
            "782336" : 870,
            "790528" : 915,
            "798720" : 986,
            "806912" : 1071,
            "815104" : 1228,
            "823296" : 1286,
            "831488" : 1304,
            "839680" : 1426,
            "847872" : 1548,
            "856064" : 1601,
            "864256" : 1721,
            "872448" : 1886,
            "880640" : 1959,
            "888832" : 2083,
            "897024" : 2217,
            "905216" : 2241,
            "913408" : 2401,
            "921600" : 2598,
            "929792" : 2735,
            "937984" : 2856,
            "946176" : 2950,
            "954368" : 3079,
            "962560" : 3073,
            "970752" : 3481,
            "978944" : 3509,
            "987136" : 3700,
            "995328" : 3918,
            "1003520" : 3958,
            "1011712" : 4035,
            "1019904" : 4354,
            "1028096" : 4301,
            "1036288" : 4427,
            "1044480" : 4526,
            "1056768" : 9590,
            "1073152" : 9950,
            "1089536" : 10820,
            "1105920" : 10983,
            "1122304" : 11317,
            "1138688" : 11686,
            "1155072" : 11956,
            "1171456" : 12665,
            "1187840" : 12822,
            "1204224" : 12804,
            "1220608" : 13273,
            "1236992" : 13541,
            "1253376" : 13387,
            "1269760" : 13346,
            "1286144" : 13206,
            "1302528" : 13186,
            "1318912" : 13067,
            "1335296" : 12840,
            "1351680" : 12765,
            "1368064" : 12547,
            "1384448" : 12444,
            "1400832" : 11966,
            "1417216" : 11863,
            "1433600" : 11292,
            "1449984" : 11052,
            "1466368" : 10678,
            "1482752" : 10355,
            "1499136" : 9987,
            "1515520" : 9534,
            "1531904" : 9413,
            "1548288" : 9005,
            "1564672" : 8667,
            "1581056" : 8369,
            "1597440" : 7854,
            "1613824" : 7509,
            "1630208" : 7195,
            "1646592" : 6921,
            "1662976" : 6464,
            "1679360" : 6164,
            "1695744" : 5820,
            "1712128" : 5547,
            "1728512" : 5280,
            "1744896" : 5016,
            "1761280" : 4694,