{
  "fio version" : "fio-3.1",
  "timestamp" : 1556720713,
  "timestamp_ms" : 1556720713103,
  "time" : "Wed May  1 14:25:13 2019",
  "global options" : {
    "fallocate" : "none",
    "runtime" : "30",
    "directory" : "data/fio_write/beegfs-write-8-plrck",
    "bs" : "8388608",
    "time_based" : "1",
    "ioengine" : "libaio",
    "iodepth" : "8",
    "direct" : "1",
    "buffered" : "0",
    "thread" : "0",
    "group_reporting" : "1",
    "filesize" : "32g",
    "size" : "32g",
    "filename_format" : "$jobnum.dat"
  },
  "jobs" : [
    {
      "jobname" : "fio-job",
      "groupid" : 0,
      "error" : 0,
      "eta" : 0,
      "elapsed" : 31,
      "job options" : {
        "rw" : "write"
      },
      "read" : {
        "io_bytes" : 0,
        "io_kbytes" : 0,
        "bw" : 0,
        "iops" : 0.000000,
        "runtime" : 0,
        "total_ios" : 0,
        "short_ios" : 0,
        "drop_ios" : 0,
        "slat_ns" : {
          "min" : 0,
          "max" : 0,
          "mean" : 0.000000,
          "stddev" : 0.000000
        },
        "clat_ns" : {
          "min" : 0,
          "max" : 0,
          "mean" : 0.000000,
          "stddev" : 0.000000,
          "percentile" : {
            "1.000000" : 0,
            "5.000000" : 0,
            "10.000000" : 0,
            "20.000000" : 0,
            "30.000000" : 0,
            "40.000000" : 0,
            "50.000000" : 0,
            "60.000000" : 0,
            "70.000000" : 0,
            "80.000000" : 0,
            "90.000000" : 0,
            "95.000000" : 0,
            "99.000000" : 0,
            "99.500000" : 0,
            "99.900000" : 0,
            "99.950000" : 0,
            "99.990000" : 0,
            "0.00" : 0,
            "0.00" : 0,
            "0.00" : 0
          },
          "bins" : {

          }
        },
        "lat_ns" : {
          "min" : 0,
          "max" : 0,
          "mean" : 0.000000,
          "stddev" : 0.000000
        },
        "bw_min" : 0,
        "bw_max" : 0,
        "bw_agg" : 0.000000,
        "bw_mean" : 0.000000,
        "bw_dev" : 0.000000,
        "bw_samples" : 0,
        "iops_min" : 0,
        "iops_max" : 0,
        "iops_mean" : 0.000000,
        "iops_stddev" : 0.000000,
        "iops_samples" : 0
      },
      "write" : {
        "io_bytes" : 13874757632,
        "io_kbytes" : 13549568,
        "bw" : 450675,
        "iops" : 55.014136,
        "runtime" : 30065,
        "total_ios" : 1654,
        "short_ios" : 0,
        "drop_ios" : 0,
        "slat_ns" : {
          "min" : 61658103,
          "max" : 123479705,
          "mean" : 72611588.961306,
          "stddev" : 5778877.239899
        },
        "clat_ns" : {
          "min" : 5534,
          "max" : 606373177,
          "mean" : 503458990.316203,
          "stddev" : 49883356.060081,
          "percentile" : {
            "1.000000" : 267386880,
            "5.000000" : 476053504,
            "10.000000" : 484442112,
            "20.000000" : 488636416,
            "30.000000" : 492830720,
            "40.000000" : 497025024,
            "50.000000" : 501219328,
            "60.000000" : 509607936,
            "70.000000" : 513802240,
            "80.000000" : 530579456,
            "90.000000" : 541065216,
            "95.000000" : 557842432,
            "99.000000" : 599785472,
            "99.500000" : 599785472,
            "99.900000" : 608174080,
            "99.950000" : 608174080,
            "99.990000" : 608174080,
            "0.00" : 0,
            "0.00" : 0,
            "0.00" : 0
          },
          "bins" : {
            "5536" : 1,
            "6368" : 1,
            "7328" : 1,
            "10688" : 1,
            "68681728" : 1,
            "70778880" : 1,
            "76021760" : 1,
            "77070336" : 1,
            "139460608" : 1,
            "141557760" : 1,
            "143654912" : 1,
            "145752064" : 1,
            "204472320" : 2,
            "212860928" : 1,
            "214958080" : 1,
            "267386880" : 1,
            "270532608" : 1,
            "274726912" : 1,
            "278921216" : 1,
            "333447168" : 2,
            "337641472" : 1,
            "341835776" : 1,
            "400556032" : 1,
            "404750336" : 2,
            "408944640" : 1,
            "446693376" : 1,
            "450887680" : 7,
            "455081984" : 5,
            "459276288" : 6,
            "463470592" : 8,
            "467664896" : 8,
            "471859200" : 5,
            "476053504" : 16,
            "480247808" : 72,
            "484442112" : 154,
            "488636416" : 136,
            "492830720" : 184,
            "497025024" : 140,
            "501219328" : 81,
            "505413632" : 102,
            "509607936" : 156,
            "513802240" : 67,
            "517996544" : 66,
            "522190848" : 49,
            "526385152" : 23,
            "530579456" : 16,
            "534773760" : 45,
            "541065216" : 130,
            "549453824" : 60,
            "557842432" : 29,
            "566231040" : 26,
            "574619648" : 2,
            "583008256" : 4,
            "591396864" : 7,
            "599785472" : 15,
            "608174080" : 6
          }
        },
        "lat_ns" : {
          "min" : 69144986,
          "max" : 685890816,
          "mean" : 576072996.785369,
          "stddev" : 51894877.981819
        },
        "bw_min" : 81920,
        "bw_max" : 133474,
        "bw_agg" : 25.117413,
        "bw_mean" : 113197.902542,
        "bw_dev" : 8194.968427,
        "bw_samples" : 236,
        "iops_min" : 10,
        "iops_max" : 16,
        "iops_mean" : 13.711864,
        "iops_stddev" : 1.019818,
        "iops_samples" : 236
      },
      "trim" : {
        "io_bytes" : 0,
        "io_kbytes" : 0,
        "bw" : 0,
        "iops" : 0.000000,
        "runtime" : 0,
        "total_ios" : 0,
        "short_ios" : 0,
        "drop_ios" : 0,
        "slat_ns" : {
          "min" : 0,
          "max" : 0,
          "mean" : 0.000000,
          "stddev" : 0.000000
        },
        "clat_ns" : {
          "min" : 0,
          "max" : 0,
          "mean" : 0.000000,
          "stddev" : 0.000000,
          "percentile" : {
            "1.000000" : 0,
            "5.000000" : 0,
            "10.000000" : 0,
            "20.000000" : 0,
            "30.000000" : 0,
            "40.000000" : 0,
            "50.000000" : 0,
            "60.000000" : 0,
            "70.000000" : 0,
            "80.000000" : 0,
            "90.000000" : 0,
            "95.000000" : 0,
            "99.000000" : 0,
            "99.500000" : 0,
            "99.900000" : 0,
            "99.950000" : 0,
            "99.990000" : 0,
            "0.00" : 0,
            "0.00" : 0,
            "0.00" : 0
          },
          "bins" : {

          }
        },
        "lat_ns" : {
          "min" : 0,
          "max" : 0,
          "mean" : 0.000000,
          "stddev" : 0.000000
        },
        "bw_min" : 0,
        "bw_max" : 0,
        "bw_agg" : 0.000000,
        "bw_mean" : 0.000000,
        "bw_dev" : 0.000000,
        "bw_samples" : 0,
        "iops_min" : 0,
        "iops_max" : 0,
        "iops_mean" : 0.000000,
        "iops_stddev" : 0.000000,
        "iops_samples" : 0
      },
      "usr_cpu" : 0.685918,
      "sys_cpu" : 5.861934,
      "ctx" : 1703193,
      "majf" : 0,
      "minf" : 36,
      "iodepth_level" : {
        "1" : 0.241838,
        "2" : 0.483676,
        "4" : 0.967352,
        "8" : 98.307134,
        "16" : 0.000000,
        "32" : 0.000000,
        ">=64" : 0.000000
      },
      "latency_ns" : {
        "2" : 0.000000,
        "4" : 0.000000,
        "10" : 0.000000,
        "20" : 0.000000,
        "50" : 0.000000,
        "100" : 0.000000,
        "250" : 0.000000,
        "500" : 0.000000,
        "750" : 0.000000,
        "1000" : 0.000000
      },
      "latency_us" : {
        "2" : 0.000000,
        "4" : 0.000000,
        "10" : 0.181378,