{
  "fio version" : "fio-3.1",
  "timestamp" : 1556021766,
  "timestamp_ms" : 1556021766101,
  "time" : "Tue Apr 23 13:16:06 2019",
  "global options" : {
    "fallocate" : "none",
    "runtime" : "30",
    "directory" : "/data/fio_write/beegfs-write-64-client-90087-43",
    "bs" : "4194304",
    "time_based" : "1",
    "ioengine" : "libaio",
    "iodepth" : "8",
    "direct" : "1",
    "buffered" : "0",
    "thread" : "0",
    "group_reporting" : "1",
    "filesize" : "32g",
    "size" : "32g",
    "filename_format" : "$jobnum.dat"
  },
  "jobs" : [
    {
      "jobname" : "fio-job",
      "groupid" : 0,
      "error" : 0,
      "eta" : 0,
      "elapsed" : 32,
      "job options" : {
        "rw" : "write"
      },
      "read" : {
        "io_bytes" : 0,
        "io_kbytes" : 0,
        "bw" : 0,
        "iops" : 0.000000,
        "runtime" : 0,
        "total_ios" : 0,
        "short_ios" : 0,
        "drop_ios" : 0,
        "slat_ns" : {
          "min" : 0,
          "max" : 0,
          "mean" : 0.000000,
          "stddev" : 0.000000
        },
        "clat_ns" : {
          "min" : 0,
          "max" : 0,
          "mean" : 0.000000,
          "stddev" : 0.000000,
          "percentile" : {
            "1.000000" : 0,
            "5.000000" : 0,
            "10.000000" : 0,
            "20.000000" : 0,
            "30.000000" : 0,
            "40.000000" : 0,
            "50.000000" : 0,
            "60.000000" : 0,
            "70.000000" : 0,
            "80.000000" : 0,
            "90.000000" : 0,
            "95.000000" : 0,
            "99.000000" : 0,
            "99.500000" : 0,
            "99.900000" : 0,
            "99.950000" : 0,
            "99.990000" : 0,
            "0.00" : 0,
            "0.00" : 0,
            "0.00" : 0
          },
          "bins" : {

          }
        },
        "lat_ns" : {
          "min" : 0,
          "max" : 0,
          "mean" : 0.000000,
          "stddev" : 0.000000
        },
        "bw_min" : 0,
        "bw_max" : 0,
        "bw_agg" : 0.000000,
        "bw_mean" : 0.000000,
        "bw_dev" : 0.000000,
        "bw_samples" : 0,
        "iops_min" : 0,
        "iops_max" : 0,
        "iops_mean" : 0.000000,
        "iops_stddev" : 0.000000,
        "iops_samples" : 0
      },
      "write" : {
        "io_bytes" : 394264576,
        "io_kbytes" : 385024,
        "bw" : 12325,
        "iops" : 3.009252,
        "runtime" : 31237,
        "total_ios" : 94,
        "short_ios" : 0,
        "drop_ios" : 0,
        "slat_ns" : {
          "min" : 125317281,
          "max" : 2649757934,
          "mean" : 1299545139.010638,
          "stddev" : 502126051.731744
        },
        "clat_ns" : {
          "min" : 4019,
          "max" : 11163119871,
          "mean" : 7777471587.031915,
          "stddev" : 3061847955.867596,
          "percentile" : {
            "1.000000" : 4016,
            "5.000000" : 1300234240,
            "10.000000" : 2004877312,
            "20.000000" : 5872025600,
            "30.000000" : 7885291520,
            "40.000000" : 8556380160,
            "50.000000" : 9059696640,
            "60.000000" : 9462349824,
            "70.000000" : 9730785280,
            "80.000000" : 9999220736,
            "90.000000" : 10133438464,
            "95.000000" : 10401873920,
            "99.000000" : 11207180288,
            "99.500000" : 11207180288,
            "99.900000" : 11207180288,
            "99.950000" : 11207180288,
            "99.990000" : 11207180288,
            "0.00" : 0,
            "0.00" : 0,
            "0.00" : 0
          },
          "bins" : {
            "4016" : 1,
            "4896" : 1,
            "5024" : 1,
            "5984" : 1,
            "1300234240" : 1,
            "1350565888" : 2,
            "1384120320" : 1,
            "1837105152" : 1,
            "2004877312" : 1,
            "2231369728" : 1,
            "2667577344" : 1,
            "2969567232" : 1,
            "3137339392" : 1,
            "3305111552" : 1,
            "3539992576" : 1,
            "4278190080" : 1,
            "4999610368" : 1,
            "5872025600" : 1,
            "6006243328" : 1,
            "6274678784" : 1,
            "6408896512" : 1,
            "7281311744" : 1,
            "7348420608" : 1,
            "7415529472" : 1,
            "7482638336" : 1,
            "7683964928" : 1,
            "7885291520" : 2,
            "7952400384" : 1,
            "8153726976" : 4,
            "8355053568" : 1,
            "8422162432" : 1,
            "8489271296" : 1,
            "8556380160" : 2,
            "8657043456" : 2,
            "8791261184" : 2,
            "8925478912" : 2,
            "9059696640" : 3,
            "9193914368" : 2,
            "9328132096" : 2,
            "9462349824" : 7,
            "9596567552" : 6,
            "9730785280" : 6,
            "9865003008" : 4,
            "9999220736" : 7,
            "10133438464" : 5,
            "10401873920" : 3,
            "10670309376" : 2,
            "11207180288" : 2
          }
        },
        "lat_ns" : {
          "min" : 1306978635,
          "max" : 12525567020,
          "mean" : 9077018540.510639,
          "stddev" : 3047929821.853395
        },
        "bw_min" : 8175,
        "bw_max" : 16384,
        "bw_agg" : 67.556014,
        "bw_mean" : 8326.278689,
        "bw_dev" : 1048.884584,
        "bw_samples" : 61,
        "iops_min" : 1,
        "iops_max" : 4,
        "iops_mean" : 2.016393,
        "iops_stddev" : 0.288202,
        "iops_samples" : 61
      },
      "trim" : {
        "io_bytes" : 0,
        "io_kbytes" : 0,
        "bw" : 0,
        "iops" : 0.000000,
        "runtime" : 0,
        "total_ios" : 0,
        "short_ios" : 0,
        "drop_ios" : 0,
        "slat_ns" : {
          "min" : 0,
          "max" : 0,
          "mean" : 0.000000,
          "stddev" : 0.000000
        },
        "clat_ns" : {
          "min" : 0,
          "max" : 0,
          "mean" : 0.000000,
          "stddev" : 0.000000,
          "percentile" : {
            "1.000000" : 0,
            "5.000000" : 0,
            "10.000000" : 0,
            "20.000000" : 0,
            "30.000000" : 0,
            "40.000000" : 0,
            "50.000000" : 0,
            "60.000000" : 0,
            "70.000000" : 0,
            "80.000000" : 0,
            "90.000000" : 0,
            "95.000000" : 0,
            "99.000000" : 0,
            "99.500000" : 0,
            "99.900000" : 0,
            "99.950000" : 0,
            "99.990000" : 0,
            "0.00" : 0,
            "0.00" : 0,
            "0.00" : 0
          },
          "bins" : {

          }
        },
        "lat_ns" : {
          "min" : 0,
          "max" : 0,
          "mean" : 0.000000,
          "stddev" : 0.000000
        },
        "bw_min" : 0,
        "bw_max" : 0,
        "bw_agg" : 0.000000,
        "bw_mean" : 0.000000,
        "bw_dev" : 0.000000,
        "bw_samples" : 0,
        "iops_min" : 0,
        "iops_max" : 0,
        "iops_mean" : 0.000000,
        "iops_stddev" : 0.000000,
        "iops_samples" : 0
      },
      "usr_cpu" : 0.038474,
      "sys_cpu" : 0.060575,
      "ctx" : 326,
      "majf" : 0,
      "minf" : 105,
      "iodepth_level" : {
        "1" : 4.255319,
        "2" : 8.510638,
        "4" : 17.021277,
        "8" : 70.212766,
        "16" : 0.000000,
        "32" : 0.000000,
        ">=64" : 0.000000
      },
      "latency_ns" : {
        "2" : 0.000000,
        "4" : 0.000000,
        "10" : 0.000000,
        "20" : 0.000000,
        "50" : 0.000000,
        "100" : 0.000000,
        "250" : 0.000000,
        "500" : 0.000000,
        "750" : 0.000000,
        "1000" : 0.000000
      },
      "latency_us" : {
        "2" : 0.000000,
        "4" : 0.000000,
        "10" : 4.255319,
        "20" : 0.000000,
        "50" : 0.000000,
        "100" : 0.000000,
        "250" : 0.000000,
        "500" : 0.000000,
        "750" : 0.000000,
        "1000" : 0.000000
      },