{
  "fio version" : "fio-3.1",
  "timestamp" : 1574269205,
  "timestamp_ms" : 1574269205296,
  "time" : "Wed Nov 20 17:00:05 2019",
  "global options" : {
    "directory" : "data/fio_write/beegfs-write-1-j264j",
    "bs" : "65536",
    "fallocate" : "none",
    "runtime" : "30",
    "time_based" : "1",
    "ioengine" : "libaio",
    "iodepth" : "8",
    "direct" : "1",
    "buffered" : "0",
    "invalidate" : "1",
    "ramp_time" : "0",
    "thread" : "0",
    "group_reporting" : "1",
    "filesize" : "32g",
    "size" : "32g",
    "filename_format" : "$jobnum.dat"
  },
  "jobs" : [
    {
      "jobname" : "fio-job",
      "groupid" : 0,
      "error" : 0,
      "eta" : 0,
      "elapsed" : 31,
      "job options" : {
        "rw" : "write"
      },
      "read" : {
        "io_bytes" : 0,
        "io_kbytes" : 0,
        "bw" : 0,
        "iops" : 0.000000,
        "runtime" : 0,
        "total_ios" : 0,
        "short_ios" : 0,
        "drop_ios" : 0,
        "slat_ns" : {
          "min" : 0,
          "max" : 0,
          "mean" : 0.000000,
          "stddev" : 0.000000
        },
        "clat_ns" : {
          "min" : 0,
          "max" : 0,
          "mean" : 0.000000,
          "stddev" : 0.000000,
          "percentile" : {
            "1.000000" : 0,
            "5.000000" : 0,
            "10.000000" : 0,
            "20.000000" : 0,
            "30.000000" : 0,
            "40.000000" : 0,
            "50.000000" : 0,
            "60.000000" : 0,
            "70.000000" : 0,
            "80.000000" : 0,
            "90.000000" : 0,
            "95.000000" : 0,
            "99.000000" : 0,
            "99.500000" : 0,
            "99.900000" : 0,
            "99.950000" : 0,
            "99.990000" : 0,
            "0.00" : 0,
            "0.00" : 0,
            "0.00" : 0
          },
          "bins" : {

          }
        },
        "lat_ns" : {
          "min" : 0,
          "max" : 0,
          "mean" : 0.000000,
          "stddev" : 0.000000
        },
        "bw_min" : 0,
        "bw_max" : 0,
        "bw_agg" : 0.000000,
        "bw_mean" : 0.000000,
        "bw_dev" : 0.000000,
        "bw_samples" : 0,
        "iops_min" : 0,
        "iops_max" : 0,
        "iops_mean" : 0.000000,
        "iops_stddev" : 0.000000,
        "iops_samples" : 0
      },
      "write" : {
        "io_bytes" : 49554456576,
        "io_kbytes" : 48393024,
        "bw" : 1613047,
        "iops" : 25203.859871,
        "runtime" : 30001,
        "total_ios" : 756141,
        "short_ios" : 0,
        "drop_ios" : 0,
        "slat_ns" : {
          "min" : 33803,
          "max" : 166646617,
          "mean" : 154854.539280,
          "stddev" : 287448.607626
        },
        "clat_ns" : {
          "min" : 2226,
          "max" : 167284874,
          "mean" : 1112442.783539,
          "stddev" : 654258.738048,
          "percentile" : {
            "1.000000" : 536576,
            "5.000000" : 651264,
            "10.000000" : 782336,
            "20.000000" : 970752,
            "30.000000" : 1036288,
            "40.000000" : 1073152,
            "50.000000" : 1122304,
            "60.000000" : 1155072,
            "70.000000" : 1204224,
            "80.000000" : 1253376,
            "90.000000" : 1335296,
            "95.000000" : 1400832,
            "99.000000" : 1564672,
            "99.500000" : 1679360,
            "99.900000" : 7438336,
            "99.950000" : 10027008,
            "99.990000" : 14352384,
            "0.00" : 0,
            "0.00" : 0,
            "0.00" : 0
          },
          "bins" : {
            "2224" : 1,
            "2384" : 1,
            "2672" : 1,
            "3504" : 1,
            "116224" : 1,
            "232448" : 1,
            "317440" : 1,
            "321536" : 2,
            "329728" : 1,
            "333824" : 1,
            "337920" : 2,
            "342016" : 2,
            "346112" : 4,
            "350208" : 9,
            "354304" : 9,
            "358400" : 12,
            "362496" : 11,
            "366592" : 17,
            "370688" : 29,
            "374784" : 27,
            "378880" : 30,
            "382976" : 34,
            "387072" : 44,
            "391168" : 54,
            "395264" : 73,
            "399360" : 59,
            "403456" : 69,
            "407552" : 60,
            "411648" : 77,
            "415744" : 107,
            "419840" : 97,
            "423936" : 96,
            "428032" : 100,
            "432128" : 101,
            "436224" : 117,
            "440320" : 120,
            "444416" : 105,
            "448512" : 124,
            "452608" : 119,
            "456704" : 137,
            "460800" : 181,
            "464896" : 159,
            "468992" : 176,
            "473088" : 179,
            "477184" : 192,
            "481280" : 213,
            "485376" : 230,
            "489472" : 243,
            "493568" : 279,
            "497664" : 299,
            "501760" : 285,
            "505856" : 343,
            "509952" : 355,
            "514048" : 417,
            "518144" : 450,
            "522240" : 471,
            "528384" : 1023,
            "536576" : 1164,
            "544768" : 1292,
            "552960" : 1520,
            "561152" : 1627,
            "569344" : 1757,
            "577536" : 1951,
            "585728" : 2179,
            "593920" : 2243,
            "602112" : 2391,
            "610304" : 2531,
            "618496" : 2479,
            "626688" : 2733,
            "634880" : 2751,
            "643072" : 2806,
            "651264" : 2821,
            "659456" : 2735,
            "667648" : 2790,
            "675840" : 2777,
            "684032" : 2766,
            "692224" : 2770,
            "700416" : 2494,
            "708608" : 2557,
            "716800" : 2461,
            "724992" : 2301,
            "733184" : 2275,
            "741376" : 2204,
            "749568" : 2059,
            "757760" : 1930,
            "765952" : 1835,
            "774144" : 1785,
            "782336" : 1705,
            "790528" : 1608,
            "798720" : 1676,
            "806912" : 1548,
            "815104" : 1568,
            "823296" : 1612,
            "831488" : 1550,
            "839680" : 1655,
            "847872" : 1840,
            "856064" : 1836,
            "864256" : 2078,
            "872448" : 2295,
            "880640" : 2460,
            "888832" : 2595,
            "897024" : 3037,
            "905216" : 3429,
            "913408" : 3835,
            "921600" : 4355,
            "929792" : 4637,
            "937984" : 5404,
            "946176" : 5734,
            "954368" : 6345,
            "962560" : 6806,
            "970752" : 7507,
            "978944" : 8103,
            "987136" : 8983,
            "995328" : 9684,
            "1003520" : 10388,
            "1011712" : 11015,
            "1019904" : 11689,
            "1028096" : 12453,
            "1036288" : 12774,
            "1044480" : 13280,
            "1056768" : 28337,
            "1073152" : 30013,
            "1089536" : 30943,
            "1105920" : 31437,
            "1122304" : 31853,
            "1138688" : 31307,
            "1155072" : 30575,
            "1171456" : 29388,
            "1187840" : 27456,
            "1204224" : 25794,
            "1220608" : 24017,
            "1236992" : 22324,
            "1253376" : 20514,
            "1269760" : 18430,
            "1286144" : 16555,
            "1302528" : 14887,
            "1318912" : 12996,
            "1335296" : 11405,
            "1351680" : 10225,
            "1368064" : 8745,
            "1384448" : 7591,
            "1400832" : 6446,
            "1417216" : 5283,
            "1433600" : 4652,
            "1449984" : 3826,
            "1466368" : 3096,
            "1482752" : 2564,
            "1499136" : 2176,
            "1515520" : 1715,
            "1531904" : 1460,
            "1548288" : 1234,
            "1564672" : 984,
            "1581056" : 807,