{
  "fio version" : "fio-3.1",
  "timestamp" : 1574269428,
  "timestamp_ms" : 1574269428455,
  "time" : "Wed Nov 20 17:03:48 2019",
  "global options" : {
    "directory" : "data/fio_write/beegfs-write-1-j264j",
    "bs" : "8388608",
    "fallocate" : "none",
    "runtime" : "30",
    "time_based" : "1",
    "ioengine" : "libaio",
    "iodepth" : "8",
    "direct" : "1",
    "buffered" : "0",
    "invalidate" : "1",
    "ramp_time" : "0",
    "thread" : "0",
    "group_reporting" : "1",
    "filesize" : "32g",
    "size" : "32g",
    "filename_format" : "$jobnum.dat"
  },
  "jobs" : [
    {
      "jobname" : "fio-job",
      "groupid" : 0,
      "error" : 0,
      "eta" : 0,
      "elapsed" : 31,
      "job options" : {
        "rw" : "write"
      },
      "read" : {
        "io_bytes" : 0,
        "io_kbytes" : 0,
        "bw" : 0,
        "iops" : 0.000000,
        "runtime" : 0,
        "total_ios" : 0,
        "short_ios" : 0,
        "drop_ios" : 0,
        "slat_ns" : {
          "min" : 0,
          "max" : 0,
          "mean" : 0.000000,
          "stddev" : 0.000000
        },
        "clat_ns" : {
          "min" : 0,
          "max" : 0,
          "mean" : 0.000000,
          "stddev" : 0.000000,
          "percentile" : {
            "1.000000" : 0,
            "5.000000" : 0,
            "10.000000" : 0,
            "20.000000" : 0,
            "30.000000" : 0,
            "40.000000" : 0,
            "50.000000" : 0,
            "60.000000" : 0,
            "70.000000" : 0,
            "80.000000" : 0,
            "90.000000" : 0,
            "95.000000" : 0,
            "99.000000" : 0,
            "99.500000" : 0,
            "99.900000" : 0,
            "99.950000" : 0,
            "99.990000" : 0,
            "0.00" : 0,
            "0.00" : 0,
            "0.00" : 0
          },
          "bins" : {

          }
        },
        "lat_ns" : {
          "min" : 0,
          "max" : 0,
          "mean" : 0.000000,
          "stddev" : 0.000000
        },
        "bw_min" : 0,
        "bw_max" : 0,
        "bw_agg" : 0.000000,
        "bw_mean" : 0.000000,
        "bw_dev" : 0.000000,
        "bw_samples" : 0,
        "iops_min" : 0,
        "iops_max" : 0,
        "iops_mean" : 0.000000,
        "iops_stddev" : 0.000000,
        "iops_samples" : 0
      },
      "write" : {
        "io_bytes" : 57520685056,
        "io_kbytes" : 56172544,
        "bw" : 1871233,
        "iops" : 228.421999,
        "runtime" : 30019,
        "total_ios" : 6857,
        "short_ios" : 0,
        "drop_ios" : 0,
        "slat_ns" : {
          "min" : 9866251,
          "max" : 384330158,
          "mean" : 17499863.168295,
          "stddev" : 8809673.774394
        },
        "clat_ns" : {
          "min" : 3297,
          "max" : 239455829,
          "mean" : 120634237.681785,
          "stddev" : 10326808.366790,
          "percentile" : {
            "1.000000" : 102236160,
            "5.000000" : 107479040,
            "10.000000" : 109576192,
            "20.000000" : 113770496,
            "30.000000" : 115867648,
            "40.000000" : 117964800,
            "50.000000" : 120061952,
            "60.000000" : 122159104,
            "70.000000" : 125304832,
            "80.000000" : 128450560,
            "90.000000" : 132644864,
            "95.000000" : 135266304,
            "99.000000" : 145752064,
            "99.500000" : 149946368,
            "99.900000" : 162529280,
            "99.950000" : 177209344,
            "99.990000" : 240123904,
            "0.00" : 0,
            "0.00" : 0,
            "0.00" : 0
          },
          "bins" : {
            "3312" : 1,
            "4576" : 2,
            "5216" : 1,
            "16449536" : 1,
            "18481152" : 1,
            "19791872" : 1,
            "21102592" : 1,
            "34340864" : 1,
            "34865152" : 1,
            "38010880" : 1,
            "40632320" : 1,
            "52166656" : 1,
            "53215232" : 1,
            "57409536" : 1,
            "60030976" : 1,
            "69730304" : 1,
            "71827456" : 1,
            "76021760" : 1,
            "77070336" : 1,
            "89653248" : 1,
            "92798976" : 2,
            "94896128" : 1,
            "96993280" : 5,
            "98041856" : 1,
            "99090432" : 3,
            "100139008" : 10,
            "101187584" : 13,
            "102236160" : 23,
            "103284736" : 34,
            "104333312" : 44,
            "105381888" : 64,
            "106430464" : 90,
            "107479040" : 104,
            "108527616" : 144,
            "109576192" : 142,
            "110624768" : 169,
            "111673344" : 222,
            "112721920" : 255,
            "113770496" : 278,
            "114819072" : 303,
            "115867648" : 316,
            "116916224" : 342,
            "117964800" : 379,
            "119013376" : 362,
            "120061952" : 326,
            "121110528" : 334,
            "122159104" : 249,
            "123207680" : 284,
            "124256256" : 279,
            "125304832" : 225,
            "126353408" : 229,
            "127401984" : 191,
            "128450560" : 206,
            "129499136" : 165,
            "130547712" : 163,
            "131596288" : 128,
            "132644864" : 129,
            "133693440" : 112,
            "135266304" : 185,
            "137363456" : 85,
            "139460608" : 61,
            "141557760" : 61,
            "143654912" : 33,
            "145752064" : 28,
            "147849216" : 13,
            "149946368" : 20,
            "152043520" : 6,
            "154140672" : 6,
            "156237824" : 4,
            "158334976" : 1,
            "162529280" : 1,
            "164626432" : 1,
            "168820736" : 1,
            "177209344" : 1,
            "196083712" : 1,
            "217055232" : 1,
            "240123904" : 1
          }
        },
        "lat_ns" : {
          "min" : 16425022,
          "max" : 578697692,
          "mean" : 138135212.585096,
          "stddev" : 15110664.499374
        },
        "bw_min" : 364825,
        "bw_max" : 557056,
        "bw_agg" : 25.463754,
        "bw_mean" : 476486.161017,
        "bw_dev" : 28507.766278,
        "bw_samples" : 236,
        "iops_min" : 44,
        "iops_max" : 68,
        "iops_mean" : 57.923729,
        "iops_stddev" : 3.553019,
        "iops_samples" : 236
      },
      "trim" : {
        "io_bytes" : 0,
        "io_kbytes" : 0,
        "bw" : 0,
        "iops" : 0.000000,
        "runtime" : 0,
        "total_ios" : 0,
        "short_ios" : 0,
        "drop_ios" : 0,
        "slat_ns" : {
          "min" : 0,
          "max" : 0,
          "mean" : 0.000000,
          "stddev" : 0.000000
        },
        "clat_ns" : {
          "min" : 0,
          "max" : 0,
          "mean" : 0.000000,
          "stddev" : 0.000000,
          "percentile" : {
            "1.000000" : 0,
            "5.000000" : 0,
            "10.000000" : 0,
            "20.000000" : 0,
            "30.000000" : 0,
            "40.000000" : 0,
            "50.000000" : 0,
            "60.000000" : 0,
            "70.000000" : 0,
            "80.000000" : 0,
            "90.000000" : 0,
            "95.000000" : 0,
            "99.000000" : 0,
            "99.500000" : 0,
            "99.900000" : 0,
            "99.950000" : 0,
            "99.990000" : 0,
            "0.00" : 0,
            "0.00" : 0,
            "0.00" : 0
          },
          "bins" : {

          }
        },
        "lat_ns" : {
          "min" : 0,
          "max" : 0,
          "mean" : 0.000000,
          "stddev" : 0.000000
        },
        "bw_min" : 0,
        "bw_max" : 0,
        "bw_agg" : 0.000000,
        "bw_mean" : 0.000000,
        "bw_dev" : 0.000000,
        "bw_samples" : 0,
        "iops_min" : 0,
        "iops_max" : 0,
        "iops_mean" : 0.000000,
        "iops_stddev" : 0.000000,
        "iops_samples" : 0
      },
      "usr_cpu" : 2.651417,