{
  "fio version" : "fio-3.1",
  "timestamp" : 1574274292,
  "timestamp_ms" : 1574274292409,
  "time" : "Wed Nov 20 18:24:52 2019",
  "global options" : {
    "directory" : "data/fio_write/beegfs-randwrite-64-bl665",
    "bs" : "512",
    "fallocate" : "none",
    "runtime" : "30",
    "time_based" : "1",
    "ioengine" : "libaio",
    "iodepth" : "8",
    "direct" : "1",
    "buffered" : "0",
    "invalidate" : "1",
    "ramp_time" : "0",
    "thread" : "0",
    "group_reporting" : "1",
    "filesize" : "32g",
    "size" : "32g",
    "filename_format" : "$jobnum.dat"
  },
  "jobs" : [
    {
      "jobname" : "fio-job",
      "groupid" : 0,
      "error" : 0,
      "eta" : 0,
      "elapsed" : 37,
      "job options" : {
        "rw" : "randwrite"
      },
      "read" : {
        "io_bytes" : 0,
        "io_kbytes" : 0,
        "bw" : 0,
        "iops" : 0.000000,
        "runtime" : 0,
        "total_ios" : 0,
        "short_ios" : 0,
        "drop_ios" : 0,
        "slat_ns" : {
          "min" : 0,
          "max" : 0,
          "mean" : 0.000000,
          "stddev" : 0.000000
        },
        "clat_ns" : {
          "min" : 0,
          "max" : 0,
          "mean" : 0.000000,
          "stddev" : 0.000000,
          "percentile" : {
            "1.000000" : 0,
            "5.000000" : 0,
            "10.000000" : 0,
            "20.000000" : 0,
            "30.000000" : 0,
            "40.000000" : 0,
            "50.000000" : 0,
            "60.000000" : 0,
            "70.000000" : 0,
            "80.000000" : 0,
            "90.000000" : 0,
            "95.000000" : 0,
            "99.000000" : 0,
            "99.500000" : 0,
            "99.900000" : 0,
            "99.950000" : 0,
            "99.990000" : 0,
            "0.00" : 0,
            "0.00" : 0,
            "0.00" : 0
          },
          "bins" : {

          }
        },
        "lat_ns" : {
          "min" : 0,
          "max" : 0,
          "mean" : 0.000000,
          "stddev" : 0.000000
        },
        "bw_min" : 0,
        "bw_max" : 0,
        "bw_agg" : 0.000000,
        "bw_mean" : 0.000000,
        "bw_dev" : 0.000000,
        "bw_samples" : 0,
        "iops_min" : 0,
        "iops_max" : 0,
        "iops_mean" : 0.000000,
        "iops_stddev" : 0.000000,
        "iops_samples" : 0
      },
      "write" : {
        "io_bytes" : 128000,
        "io_kbytes" : 125,
        "bw" : 3,
        "iops" : 6.838074,
        "runtime" : 36560,
        "total_ios" : 250,
        "short_ios" : 0,
        "drop_ios" : 0,
        "slat_ns" : {
          "min" : 2372,
          "max" : 9862709055,
          "mean" : 473343604.884000,
          "stddev" : 964948178.620071
        },
        "clat_ns" : {
          "min" : 9919,
          "max" : 17789438740,
          "mean" : 3830484694.920000,
          "stddev" : 3344163355.678244,
          "percentile" : {
            "1.000000" : 244736,
            "5.000000" : 58458112,
            "10.000000" : 291504128,
            "20.000000" : 943718400,
            "30.000000" : 1602224128,
            "40.000000" : 2298478592,
            "50.000000" : 2835349504,
            "60.000000" : 3875536896,
            "70.000000" : 4865392640,
            "80.000000" : 5872025600,
            "90.000000" : 8657043456,
            "95.000000" : 10267656192,
            "99.000000" : 15367929856,
            "99.500000" : 17112760320,
            "99.900000" : 17112760320,
            "99.950000" : 17112760320,
            "99.990000" : 17112760320,
            "0.00" : 0,
            "0.00" : 0,
            "0.00" : 0
          },
          "bins" : {
            "9920" : 1,
            "59136" : 1,
            "244736" : 1,
            "569344" : 1,
            "577536" : 1,
            "897024" : 1,
            "3096576" : 1,
            "3260416" : 1,
            "7110656" : 1,
            "9633792" : 1,
            "22675456" : 1,
            "35913728" : 1,
            "58458112" : 1,
            "92798976" : 1,
            "219152384" : 1,
            "227540992" : 1,
            "244318208" : 1,
            "256901120" : 1,
            "258998272" : 1,
            "261095424" : 3,
            "287309824" : 2,
            "291504128" : 1,
            "308281344" : 2,
            "312475648" : 1,
            "325058560" : 2,
            "492830720" : 1,
            "501219328" : 4,
            "509607936" : 1,
            "522190848" : 1,
            "530579456" : 1,
            "566231040" : 1,
            "574619648" : 2,
            "750780416" : 1,
            "767557632" : 1,
            "784334848" : 1,
            "817889280" : 2,
            "826277888" : 2,
            "893386752" : 1,
            "943718400" : 1,
            "968884224" : 1,
            "1035993088" : 2,
            "1052770304" : 1,
            "1082130432" : 3,
            "1149239296" : 1,
            "1283457024" : 1,
            "1300234240" : 1,
            "1317011456" : 1,
            "1367343104" : 3,
            "1468006400" : 1,
            "1484783616" : 1,
            "1501560832" : 1,
            "1518338048" : 2,
            "1551892480" : 3,
            "1568669696" : 2,
            "1602224128" : 1,
            "1635778560" : 1,
            "1686110208" : 3,
            "1702887424" : 1,
            "1769996288" : 1,
            "1786773504" : 2,
            "1803550720" : 1,
            "1820327936" : 2,
            "1837105152" : 1,
            "1853882368" : 1,
            "1870659584" : 1,
            "1887436800" : 1,
            "2021654528" : 2,
            "2071986176" : 1,
            "2139095040" : 2,
            "2231369728" : 2,
            "2264924160" : 1,
            "2298478592" : 2,
            "2332033024" : 5,
            "2365587456" : 5,
            "2466250752" : 1,
            "2499805184" : 1,
            "2533359616" : 2,
            "2566914048" : 5,
            "2734686208" : 1,
            "2835349504" : 5,
            "2902458368" : 2,
            "2936012800" : 1,
            "3003121664" : 1,
            "3036676096" : 2,
            "3103784960" : 1,
            "3204448256" : 1,
            "3439329280" : 3,
            "3640655872" : 3,
            "3707764736" : 1,
            "3741319168" : 2,
            "3808428032" : 2,
            "3841982464" : 1,
            "3875536896" : 5,
            "3909091328" : 1,
            "3976200192" : 2,
            "4009754624" : 1,
            "4076863488" : 3,
            "4110417920" : 2,
            "4177526784" : 1,
            "4244635648" : 1,
            "4278190080" : 2,
            "4462739456" : 3,
            "4529848320" : 2,
            "4664066048" : 1,
            "4731174912" : 1,
            "4865392640" : 6,
            "4932501504" : 1,
            "4999610368" : 1,
            "5133828096" : 2,
            "5200936960" : 1,
            "5268045824" : 4,
            "5335154688" : 2,
            "5603590144" : 5,
            "5804916736" : 6,
            "5872025600" : 2,
            "6073352192" : 1,
            "6140461056" : 1,
            "6543114240" : 1,
            "6610223104" : 1,
            "6878658560" : 1,
            "6945767424" : 2,
            "7079985152" : 2,
            "7147094016" : 2,
            "7348420608" : 1,
            "7415529472" : 1,
            "7482638336" : 1,
            "7616856064" : 3,
            "7751073792" : 4,
            "8287944704" : 2,
            "8657043456" : 5,
            "8791261184" : 1,
            "8925478912" : 2,
            "9462349824" : 1,
            "9596567552" : 2,
            "9730785280" : 1,
            "9865003008" : 1,
            "10133438464" : 1,
            "10267656192" : 1,
            "10401873920" : 1,
            "10670309376" : 2,
            "10938744832" : 1,
            "11207180288" : 1,
            "11341398016" : 1,
            "11609833472" : 1,
            "13354663936" : 1,
            "14965276672" : 1,
            "15367929856" : 1,