{
  "fio version" : "fio-3.1",
  "timestamp" : 1555517292,
  "timestamp_ms" : 1555517292108,
  "time" : "Wed Apr 17 16:08:12 2019",
  "global options" : {
    "fallocate" : "none",
    "runtime" : "30",
    "directory" : "/data/fio_write/beegfs-write-64-hnbgd",
    "bs" : "256",
    "time_based" : "1",
    "ioengine" : "libaio",
    "iodepth" : "8",
    "direct" : "1",
    "buffered" : "0",
    "thread" : "0",
    "group_reporting" : "1",
    "filesize" : "32g",
    "size" : "32g",
    "filename_format" : "$jobnum.dat"
  },
  "jobs" : [
    {
      "jobname" : "fio-job",
      "groupid" : 0,
      "error" : 0,
      "eta" : 0,
      "elapsed" : 31,
      "job options" : {
        "rw" : "write"
      },
      "read" : {
        "io_bytes" : 0,
        "io_kbytes" : 0,
        "bw" : 0,
        "iops" : 0.000000,
        "runtime" : 0,
        "total_ios" : 0,
        "short_ios" : 0,
        "drop_ios" : 0,
        "slat_ns" : {
          "min" : 0,
          "max" : 0,
          "mean" : 0.000000,
          "stddev" : 0.000000
        },
        "clat_ns" : {
          "min" : 0,
          "max" : 0,
          "mean" : 0.000000,
          "stddev" : 0.000000,
          "percentile" : {
            "1.000000" : 0,
            "5.000000" : 0,
            "10.000000" : 0,
            "20.000000" : 0,
            "30.000000" : 0,
            "40.000000" : 0,
            "50.000000" : 0,
            "60.000000" : 0,
            "70.000000" : 0,
            "80.000000" : 0,
            "90.000000" : 0,
            "95.000000" : 0,
            "99.000000" : 0,
            "99.500000" : 0,
            "99.900000" : 0,
            "99.950000" : 0,
            "99.990000" : 0,
            "0.00" : 0,
            "0.00" : 0,
            "0.00" : 0
          },
          "bins" : {

          }
        },
        "lat_ns" : {
          "min" : 0,
          "max" : 0,
          "mean" : 0.000000,
          "stddev" : 0.000000
        },
        "bw_min" : 0,
        "bw_max" : 0,
        "bw_agg" : 0.000000,
        "bw_mean" : 0.000000,
        "bw_dev" : 0.000000,
        "bw_samples" : 0,
        "iops_min" : 0,
        "iops_max" : 0,
        "iops_mean" : 0.000000,
        "iops_stddev" : 0.000000,
        "iops_samples" : 0
      },
      "write" : {
        "io_bytes" : 272320512,
        "io_kbytes" : 265938,
        "bw" : 8864,
        "iops" : 35457.218093,
        "runtime" : 30001,
        "total_ios" : 1063752,
        "short_ios" : 0,
        "drop_ios" : 0,
        "slat_ns" : {
          "min" : 26643,
          "max" : 12742562,
          "mean" : 107651.607195,
          "stddev" : 85111.858254
        },
        "clat_ns" : {
          "min" : 3928,
          "max" : 14668185,
          "mean" : 791132.482106,
          "stddev" : 334718.121570,
          "percentile" : {
            "1.000000" : 481280,
            "5.000000" : 528384,
            "10.000000" : 552960,
            "20.000000" : 602112,
            "30.000000" : 643072,
            "40.000000" : 684032,
            "50.000000" : 724992,
            "60.000000" : 757760,
            "70.000000" : 798720,
            "80.000000" : 856064,
            "90.000000" : 1122304,
            "95.000000" : 1417216,
            "99.000000" : 1859584,
            "99.500000" : 2277376,
            "99.900000" : 4079616,
            "99.950000" : 4816896,
            "99.990000" : 8093696,
            "0.00" : 0,
            "0.00" : 0,
            "0.00" : 0
          },
          "bins" : {
            "3920" : 1,
            "4128" : 1,
            "4192" : 1,
            "4960" : 1,
            "70144" : 1,
            "112128" : 1,
            "122368" : 1,
            "144384" : 1,
            "185344" : 1,
            "187392" : 1,
            "246784" : 1,
            "261120" : 1,
            "264192" : 1,
            "292864" : 1,
            "325632" : 1,
            "362496" : 1,
            "370688" : 1,
            "374784" : 2,
            "378880" : 1,
            "382976" : 4,
            "387072" : 5,
            "391168" : 6,
            "395264" : 10,
            "399360" : 13,
            "403456" : 17,
            "407552" : 25,
            "411648" : 38,
            "415744" : 50,
            "419840" : 50,
            "423936" : 92,
            "428032" : 114,
            "432128" : 161,
            "436224" : 191,
            "440320" : 244,
            "444416" : 333,
            "448512" : 429,
            "452608" : 510,
            "456704" : 621,
            "460800" : 775,
            "464896" : 941,
            "468992" : 1186,
            "473088" : 1428,
            "477184" : 1617,
            "481280" : 1965,
            "485376" : 2378,
            "489472" : 2561,
            "493568" : 3053,
            "497664" : 3497,
            "501760" : 3869,
            "505856" : 4349,
            "509952" : 4786,
            "514048" : 5164,
            "518144" : 5728,
            "522240" : 6137,
            "528384" : 13869,
            "536576" : 15646,
            "544768" : 16773,
            "552960" : 17912,
            "561152" : 18216,
            "569344" : 18707,
            "577536" : 18606,
            "585728" : 18775,
            "593920" : 18613,
            "602112" : 18172,
            "610304" : 18267,
            "618496" : 18185,
            "626688" : 18777,
            "634880" : 18748,
            "643072" : 19106,
            "651264" : 19697,
            "659456" : 20592,
            "667648" : 21094,
            "675840" : 22350,
            "684032" : 23409,
            "692224" : 24131,
            "700416" : 25079,
            "708608" : 25620,
            "716800" : 26360,
            "724992" : 26957,
            "733184" : 27059,
            "741376" : 25859,
            "749568" : 25305,
            "757760" : 24740,
            "765952" : 23099,
            "774144" : 22399,
            "782336" : 20781,
            "790528" : 19251,
            "798720" : 17848,
            "806912" : 16801,
            "815104" : 15293,
            "823296" : 14256,
            "831488" : 12736,
            "839680" : 11226,
            "847872" : 10007,
            "856064" : 8626,
            "864256" : 7769,
            "872448" : 7130,
            "880640" : 6327,
            "888832" : 5774,
            "897024" : 5174,
            "905216" : 4977,
            "913408" : 4578,
            "921600" : 4266,
            "929792" : 3918,
            "937984" : 3714,
            "946176" : 3442,
            "954368" : 3310,
            "962560" : 3150,
            "970752" : 3034,
            "978944" : 2907,
            "987136" : 2747,
            "995328" : 2664,
            "1003520" : 2624,
            "1011712" : 2519,
            "1019904" : 2394,
            "1028096" : 2352,
            "1036288" : 2164,
            "1044480" : 2117,
            "1056768" : 4162,
            "1073152" : 3971,
            "1089536" : 3798,
            "1105920" : 3685,
            "1122304" : 3537,
            "1138688" : 3558,
            "1155072" : 3536,
            "1171456" : 3344,
            "1187840" : 3289,
            "1204224" : 3082,
            "1220608" : 3021,
            "1236992" : 3103,
            "1253376" : 3015,
            "1269760" : 2875,
            "1286144" : 2822,
            "1302528" : 2851,
            "1318912" : 2651,
            "1335296" : 2732,
            "1351680" : 2772,
            "1368064" : 2591,
            "1384448" : 2744,
            "1400832" : 2714,
            "1417216" : 2646,
            "1433600" : 2746,
            "1449984" : 2739,
            "1466368" : 2620,
            "1482752" : 2627,
            "1499136" : 2548,
            "1515520" : 2576,
            "1531904" : 2464,
            "1548288" : 2319,
            "1564672" : 2028,
            "1581056" : 1907,
            "1597440" : 1798,
            "1613824" : 1689,
            "1630208" : 1487,
            "1646592" : 1309,