{
  "fio version" : "fio-3.1",
  "timestamp" : 1574274754,
  "timestamp_ms" : 1574274754607,
  "time" : "Wed Nov 20 18:32:34 2019",
  "global options" : {
    "directory" : "data/fio_write/beegfs-randwrite-64-z9scd",
    "bs" : "524288",
    "fallocate" : "none",
    "runtime" : "30",
    "time_based" : "1",
    "ioengine" : "libaio",
    "iodepth" : "8",
    "direct" : "1",
    "buffered" : "0",
    "invalidate" : "1",
    "ramp_time" : "0",
    "thread" : "0",
    "group_reporting" : "1",
    "filesize" : "32g",
    "size" : "32g",
    "filename_format" : "$jobnum.dat"
  },
  "jobs" : [
    {
      "jobname" : "fio-job",
      "groupid" : 0,
      "error" : 0,
      "eta" : 0,
      "elapsed" : 32,
      "job options" : {
        "rw" : "randwrite"
      },
      "read" : {
        "io_bytes" : 0,
        "io_kbytes" : 0,
        "bw" : 0,
        "iops" : 0.000000,
        "runtime" : 0,
        "total_ios" : 0,
        "short_ios" : 0,
        "drop_ios" : 0,
        "slat_ns" : {
          "min" : 0,
          "max" : 0,
          "mean" : 0.000000,
          "stddev" : 0.000000
        },
        "clat_ns" : {
          "min" : 0,
          "max" : 0,
          "mean" : 0.000000,
          "stddev" : 0.000000,
          "percentile" : {
            "1.000000" : 0,
            "5.000000" : 0,
            "10.000000" : 0,
            "20.000000" : 0,
            "30.000000" : 0,
            "40.000000" : 0,
            "50.000000" : 0,
            "60.000000" : 0,
            "70.000000" : 0,
            "80.000000" : 0,
            "90.000000" : 0,
            "95.000000" : 0,
            "99.000000" : 0,
            "99.500000" : 0,
            "99.900000" : 0,
            "99.950000" : 0,
            "99.990000" : 0,
            "0.00" : 0,
            "0.00" : 0,
            "0.00" : 0
          },
          "bins" : {

          }
        },
        "lat_ns" : {
          "min" : 0,
          "max" : 0,
          "mean" : 0.000000,
          "stddev" : 0.000000
        },
        "bw_min" : 0,
        "bw_max" : 0,
        "bw_agg" : 0.000000,
        "bw_mean" : 0.000000,
        "bw_dev" : 0.000000,
        "bw_samples" : 0,
        "iops_min" : 0,
        "iops_max" : 0,
        "iops_mean" : 0.000000,
        "iops_stddev" : 0.000000,
        "iops_samples" : 0
      },
      "write" : {
        "io_bytes" : 62390272,
        "io_kbytes" : 60928,
        "bw" : 1954,
        "iops" : 3.816916,
        "runtime" : 31177,
        "total_ios" : 119,
        "short_ios" : 0,
        "drop_ios" : 0,
        "slat_ns" : {
          "min" : 32826,
          "max" : 6865412997,
          "mean" : 915053420.168067,
          "stddev" : 1613760459.747370
        },
        "clat_ns" : {
          "min" : 1061387,
          "max" : 26932639916,
          "mean" : 7282739203.394958,
          "stddev" : 5532328890.569293,
          "percentile" : {
            "1.000000" : 12517376,
            "5.000000" : 58982400,
            "10.000000" : 1535115264,
            "20.000000" : 3539992576,
            "30.000000" : 4395630592,
            "40.000000" : 4932501504,
            "50.000000" : 5268045824,
            "60.000000" : 6677331968,
            "70.000000" : 8355053568,
            "80.000000" : 12549357568,
            "90.000000" : 16844324864,
            "95.000000" : 17112760320,
            "99.000000" : 17112760320,
            "99.500000" : 17112760320,
            "99.900000" : 17112760320,
            "99.950000" : 17112760320,
            "99.990000" : 17112760320,
            "0.00" : 0,
            "0.00" : 0,
            "0.00" : 0
          },
          "bins" : {
            "1056768" : 1,
            "12517376" : 1,
            "26083328" : 1,
            "34865152" : 1,
            "35389440" : 1,
            "58982400" : 1,
            "126353408" : 1,
            "127401984" : 1,
            "129499136" : 1,
            "354418688" : 1,
            "599785472" : 1,
            "1535115264" : 1,
            "1870659584" : 1,
            "1971322880" : 1,
            "2600468480" : 1,
            "2936012800" : 1,
            "3003121664" : 1,
            "3070230528" : 1,
            "3103784960" : 1,
            "3305111552" : 1,
            "3439329280" : 2,
            "3506438144" : 1,
            "3539992576" : 2,
            "3674210304" : 2,
            "3841982464" : 2,
            "3875536896" : 3,
            "3942645760" : 2,
            "4177526784" : 1,
            "4395630592" : 2,
            "4462739456" : 3,
            "4529848320" : 1,
            "4596957184" : 1,
            "4664066048" : 1,
            "4731174912" : 2,
            "4798283776" : 2,
            "4932501504" : 1,
            "4999610368" : 2,
            "5066719232" : 1,
            "5133828096" : 5,
            "5200936960" : 3,
            "5268045824" : 4,
            "5335154688" : 1,
            "5536481280" : 1,
            "5872025600" : 1,
            "5939134464" : 1,
            "6006243328" : 1,
            "6341787648" : 1,
            "6677331968" : 4,
            "6744440832" : 3,
            "6878658560" : 1,
            "7147094016" : 1,
            "7549747200" : 1,
            "7818182656" : 1,
            "8153726976" : 1,
            "8220835840" : 2,
            "8355053568" : 1,
            "8489271296" : 3,
            "8791261184" : 1,
            "9596567552" : 1,
            "10133438464" : 2,
            "10267656192" : 1,
            "10401873920" : 1,
            "10670309376" : 1,
            "11072962560" : 1,
            "12549357568" : 1,
            "12683575296" : 1,
            "13220446208" : 1,
            "13354663936" : 1,
            "13488881664" : 1,
            "13623099392" : 1,
            "13757317120" : 5,
            "16710107136" : 1,
            "16844324864" : 1,
            "16978542592" : 5,
            "17112760320" : 6
          }
        },
        "lat_ns" : {
          "min" : 36665227,
          "max" : 26932729868,
          "mean" : 8197794470.252101,
          "stddev" : 5637576037.277974
        },
        "bw_min" : 964,
        "bw_max" : 5120,
        "bw_agg" : 98.538731,
        "bw_mean" : 1925.446809,
        "bw_dev" : 1206.935876,
        "bw_samples" : 47,
        "iops_min" : 1,
        "iops_max" : 10,
        "iops_mean" : 3.723404,
        "iops_stddev" : 2.365533,
        "iops_samples" : 47
      },
      "trim" : {
        "io_bytes" : 0,
        "io_kbytes" : 0,
        "bw" : 0,
        "iops" : 0.000000,
        "runtime" : 0,
        "total_ios" : 0,
        "short_ios" : 0,
        "drop_ios" : 0,
        "slat_ns" : {
          "min" : 0,
          "max" : 0,
          "mean" : 0.000000,
          "stddev" : 0.000000
        },
        "clat_ns" : {
          "min" : 0,
          "max" : 0,
          "mean" : 0.000000,
          "stddev" : 0.000000,
          "percentile" : {
            "1.000000" : 0,
            "5.000000" : 0,
            "10.000000" : 0,
            "20.000000" : 0,
            "30.000000" : 0,
            "40.000000" : 0,
            "50.000000" : 0,
            "60.000000" : 0,
            "70.000000" : 0,
            "80.000000" : 0,
            "90.000000" : 0,
            "95.000000" : 0,
            "99.000000" : 0,
            "99.500000" : 0,
            "99.900000" : 0,
            "99.950000" : 0,
            "99.990000" : 0,
            "0.00" : 0,
            "0.00" : 0,
            "0.00" : 0
          },
          "bins" : {

          }
        },
        "lat_ns" : {
          "min" : 0,
          "max" : 0,
          "mean" : 0.000000,
          "stddev" : 0.000000
        },
        "bw_min" : 0,
        "bw_max" : 0,
        "bw_agg" : 0.000000,
        "bw_mean" : 0.000000,
        "bw_dev" : 0.000000,
        "bw_samples" : 0,
        "iops_min" : 0,
        "iops_max" : 0,
        "iops_mean" : 0.000000,
        "iops_stddev" : 0.000000,
        "iops_samples" : 0
      },
      "usr_cpu" : 0.003249,