{
  "fio version" : "fio-3.1",
  "timestamp" : 1555517532,
  "timestamp_ms" : 1555517532151,
  "time" : "Wed Apr 17 16:12:12 2019",
  "global options" : {
    "fallocate" : "none",
    "runtime" : "30",
    "directory" : "/data/fio_write/beegfs-write-64-6krrk",
    "bs" : "32768",
    "time_based" : "1",
    "ioengine" : "libaio",
    "iodepth" : "8",
    "direct" : "1",
    "buffered" : "0",
    "thread" : "0",
    "group_reporting" : "1",
    "filesize" : "32g",
    "size" : "32g",
    "filename_format" : "$jobnum.dat"
  },
  "jobs" : [
    {
      "jobname" : "fio-job",
      "groupid" : 0,
      "error" : 0,
      "eta" : 0,
      "elapsed" : 31,
      "job options" : {
        "rw" : "write"
      },
      "read" : {
        "io_bytes" : 0,
        "io_kbytes" : 0,
        "bw" : 0,
        "iops" : 0.000000,
        "runtime" : 0,
        "total_ios" : 0,
        "short_ios" : 0,
        "drop_ios" : 0,
        "slat_ns" : {
          "min" : 0,
          "max" : 0,
          "mean" : 0.000000,
          "stddev" : 0.000000
        },
        "clat_ns" : {
          "min" : 0,
          "max" : 0,
          "mean" : 0.000000,
          "stddev" : 0.000000,
          "percentile" : {
            "1.000000" : 0,
            "5.000000" : 0,
            "10.000000" : 0,
            "20.000000" : 0,
            "30.000000" : 0,
            "40.000000" : 0,
            "50.000000" : 0,
            "60.000000" : 0,
            "70.000000" : 0,
            "80.000000" : 0,
            "90.000000" : 0,
            "95.000000" : 0,
            "99.000000" : 0,
            "99.500000" : 0,
            "99.900000" : 0,
            "99.950000" : 0,
            "99.990000" : 0,
            "0.00" : 0,
            "0.00" : 0,
            "0.00" : 0
          },
          "bins" : {

          }
        },
        "lat_ns" : {
          "min" : 0,
          "max" : 0,
          "mean" : 0.000000,
          "stddev" : 0.000000
        },
        "bw_min" : 0,
        "bw_max" : 0,
        "bw_agg" : 0.000000,
        "bw_mean" : 0.000000,
        "bw_dev" : 0.000000,
        "bw_samples" : 0,
        "iops_min" : 0,
        "iops_max" : 0,
        "iops_mean" : 0.000000,
        "iops_stddev" : 0.000000,
        "iops_samples" : 0
      },
      "write" : {
        "io_bytes" : 3999236096,
        "io_kbytes" : 3905504,
        "bw" : 129927,
        "iops" : 4060.248179,
        "runtime" : 30059,
        "total_ios" : 122047,
        "short_ios" : 0,
        "drop_ios" : 0,
        "slat_ns" : {
          "min" : 233748,
          "max" : 384376443,
          "mean" : 976089.293166,
          "stddev" : 3644513.658002
        },
        "clat_ns" : {
          "min" : 4646,
          "max" : 387682557,
          "mean" : 6877084.155866,
          "stddev" : 9322037.573184,
          "percentile" : {
            "1.000000" : 2473984,
            "5.000000" : 2801664,
            "10.000000" : 3063808,
            "20.000000" : 3391488,
            "30.000000" : 3653632,
            "40.000000" : 4014080,
            "50.000000" : 4554752,
            "60.000000" : 5603328,
            "70.000000" : 7307264,
            "80.000000" : 9240576,
            "90.000000" : 11993088,
            "95.000000" : 15532032,
            "99.000000" : 26083328,
            "99.500000" : 38010880,
            "99.900000" : 141557760,
            "99.950000" : 202375168,
            "99.990000" : 362807296,
            "0.00" : 0,
            "0.00" : 0,
            "0.00" : 0
          },
          "bins" : {
            "4640" : 1,
            "4832" : 1,
            "4896" : 1,
            "10048" : 1,
            "358400" : 1,
            "370688" : 1,
            "536576" : 1,
            "667648" : 1,
            "733184" : 1,
            "905216" : 1,
            "1056768" : 2,
            "1253376" : 1,
            "1368064" : 1,
            "1433600" : 1,
            "1548288" : 1,
            "1662976" : 1,
            "1712128" : 1,
            "1957888" : 1,
            "1990656" : 2,
            "2007040" : 1,
            "2039808" : 2,
            "2088960" : 4,
            "2113536" : 6,
            "2146304" : 11,
            "2179072" : 29,
            "2211840" : 33,
            "2244608" : 67,
            "2277376" : 74,
            "2310144" : 102,
            "2342912" : 107,
            "2375680" : 167,
            "2408448" : 173,
            "2441216" : 243,
            "2473984" : 294,
            "2506752" : 318,
            "2539520" : 363,
            "2572288" : 413,
            "2605056" : 455,
            "2637824" : 491,
            "2670592" : 523,
            "2703360" : 538,
            "2736128" : 568,
            "2768896" : 565,
            "2801664" : 656,
            "2834432" : 698,
            "2867200" : 700,
            "2899968" : 756,
            "2932736" : 776,
            "2965504" : 840,
            "2998272" : 906,
            "3031040" : 947,
            "3063808" : 1008,
            "3096576" : 1032,
            "3129344" : 1122,
            "3162112" : 1178,
            "3194880" : 1153,
            "3227648" : 1210,
            "3260416" : 1291,
            "3293184" : 1272,
            "3325952" : 1370,
            "3358720" : 1423,
            "3391488" : 1494,
            "3424256" : 1489,
            "3457024" : 1363,
            "3489792" : 1419,
            "3522560" : 1489,
            "3555328" : 1459,
            "3588096" : 1439,
            "3620864" : 1394,
            "3653632" : 1373,
            "3686400" : 1332,
            "3719168" : 1282,
            "3751936" : 1235,
            "3784704" : 1230,
            "3817472" : 1199,
            "3850240" : 1146,
            "3883008" : 1121,
            "3915776" : 1120,
            "3948544" : 1078,
            "3981312" : 1063,
            "4014080" : 1000,
            "4046848" : 950,
            "4079616" : 943,
            "4112384" : 887,
            "4145152" : 798,
            "4177920" : 741,
            "4227072" : 1523,
            "4292608" : 1412,
            "4358144" : 1242,
            "4423680" : 1206,
            "4489216" : 1056,
            "4554752" : 1074,
            "4620288" : 938,
            "4685824" : 951,
            "4751360" : 962,
            "4816896" : 840,
            "4882432" : 804,
            "4947968" : 751,
            "5013504" : 770,
            "5079040" : 765,
            "5144576" : 691,
            "5210112" : 717,
            "5275648" : 652,
            "5341184" : 579,
            "5406720" : 650,
            "5472256" : 562,
            "5537792" : 596,
            "5603328" : 613,
            "5668864" : 549,
            "5734400" : 549,
            "5799936" : 580,
            "5865472" : 604,
            "5931008" : 490,
            "5996544" : 482,
            "6062080" : 484,
            "6127616" : 486,
            "6193152" : 437,
            "6258688" : 434,
            "6324224" : 460,
            "6389760" : 461,
            "6455296" : 435,
            "6520832" : 432,
            "6586368" : 408,
            "6651904" : 455,
            "6717440" : 465,
            "6782976" : 464,
            "6848512" : 446,
            "6914048" : 438,
            "6979584" : 444,
            "7045120" : 435,
            "7110656" : 447,
            "7176192" : 460,
            "7241728" : 391,
            "7307264" : 427,
            "7372800" : 441,
            "7438336" : 402,
            "7503872" : 429,
            "7569408" : 436,
            "7634944" : 413,
            "7700480" : 462,
            "7766016" : 412,
            "7831552" : 437,
            "7897088" : 401,
            "7962624" : 456,
            "8028160" : 461,
            "8093696" : 462,
            "8159232" : 469,
            "8224768" : 429,
            "8290304" : 432,
            "8355840" : 405,
            "8454144" : 890,
            "8585216" : 843,
            "8716288" : 787,
            "8847360" : 828,