{
  "fio version" : "fio-3.1",
  "timestamp" : 1556099564,
  "timestamp_ms" : 1556099564654,
  "time" : "Wed Apr 24 09:52:44 2019",
  "global options" : {
    "fallocate" : "none",
    "runtime" : "30",
    "directory" : "data/fio_write/beegfs-write-64-4gr5t",
    "bs" : "524288",
    "time_based" : "1",
    "ioengine" : "libaio",
    "iodepth" : "8",
    "direct" : "1",
    "buffered" : "0",
    "thread" : "0",
    "group_reporting" : "1",
    "filesize" : "32g",
    "size" : "32g",
    "filename_format" : "$jobnum.dat"
  },
  "jobs" : [
    {
      "jobname" : "fio-job",
      "groupid" : 0,
      "error" : 0,
      "eta" : 0,
      "elapsed" : 31,
      "job options" : {
        "rw" : "write"
      },
      "read" : {
        "io_bytes" : 0,
        "io_kbytes" : 0,
        "bw" : 0,
        "iops" : 0.000000,
        "runtime" : 0,
        "total_ios" : 0,
        "short_ios" : 0,
        "drop_ios" : 0,
        "slat_ns" : {
          "min" : 0,
          "max" : 0,
          "mean" : 0.000000,
          "stddev" : 0.000000
        },
        "clat_ns" : {
          "min" : 0,
          "max" : 0,
          "mean" : 0.000000,
          "stddev" : 0.000000,
          "percentile" : {
            "1.000000" : 0,
            "5.000000" : 0,
            "10.000000" : 0,
            "20.000000" : 0,
            "30.000000" : 0,
            "40.000000" : 0,
            "50.000000" : 0,
            "60.000000" : 0,
            "70.000000" : 0,
            "80.000000" : 0,
            "90.000000" : 0,
            "95.000000" : 0,
            "99.000000" : 0,
            "99.500000" : 0,
            "99.900000" : 0,
            "99.950000" : 0,
            "99.990000" : 0,
            "0.00" : 0,
            "0.00" : 0,
            "0.00" : 0
          },
          "bins" : {

          }
        },
        "lat_ns" : {
          "min" : 0,
          "max" : 0,
          "mean" : 0.000000,
          "stddev" : 0.000000
        },
        "bw_min" : 0,
        "bw_max" : 0,
        "bw_agg" : 0.000000,
        "bw_mean" : 0.000000,
        "bw_dev" : 0.000000,
        "bw_samples" : 0,
        "iops_min" : 0,
        "iops_max" : 0,
        "iops_mean" : 0.000000,
        "iops_stddev" : 0.000000,
        "iops_samples" : 0
      },
      "write" : {
        "io_bytes" : 2408579072,
        "io_kbytes" : 2352128,
        "bw" : 78367,
        "iops" : 153.061904,
        "runtime" : 30014,
        "total_ios" : 4594,
        "short_ios" : 0,
        "drop_ios" : 0,
        "slat_ns" : {
          "min" : 4493462,
          "max" : 286625580,
          "mean" : 26051633.200479,
          "stddev" : 31318692.661486
        },
        "clat_ns" : {
          "min" : 8277,
          "max" : 460255517,
          "mean" : 182284419.099478,
          "stddev" : 74536921.530971,
          "percentile" : {
            "1.000000" : 67633152,
            "5.000000" : 100139008,
            "10.000000" : 114819072,
            "20.000000" : 130547712,
            "30.000000" : 139460608,
            "40.000000" : 147849216,
            "50.000000" : 156237824,
            "60.000000" : 168820736,
            "70.000000" : 189792256,
            "80.000000" : 244318208,
            "90.000000" : 308281344,
            "95.000000" : 341835776,
            "99.000000" : 392167424,
            "99.500000" : 413138944,
            "99.900000" : 442499072,
            "99.950000" : 450887680,
            "99.990000" : 459276288,
            "0.00" : 0,
            "0.00" : 0,
            "0.00" : 0
          },
          "bins" : {
            "8256" : 1,
            "9408" : 1,
            "11584" : 1,
            "13760" : 1,
            "13172736" : 1,
            "13303808" : 1,
            "13828096" : 1,
            "14352384" : 1,
            "26083328" : 1,
            "26345472" : 1,
            "28966912" : 1,
            "30277632" : 1,
            "40632320" : 2,
            "41680896" : 1,
            "46923776" : 1,
            "51642368" : 1,
            "53739520" : 2,
            "54788096" : 2,
            "56885248" : 2,
            "57409536" : 1,
            "57933824" : 1,
            "58458112" : 1,
            "58982400" : 1,
            "59506688" : 2,
            "61603840" : 1,
            "62128128" : 1,
            "62652416" : 2,
            "63176704" : 3,
            "64749568" : 2,
            "65273856" : 1,
            "65798144" : 1,
            "66322432" : 2,
            "66846720" : 2,
            "67633152" : 4,
            "69730304" : 1,
            "70778880" : 1,
            "71827456" : 2,
            "72876032" : 2,
            "73924608" : 7,
            "74973184" : 4,
            "76021760" : 5,
            "77070336" : 5,
            "78118912" : 8,
            "79167488" : 2,
            "80216064" : 4,
            "81264640" : 5,
            "82313216" : 8,
            "83361792" : 7,
            "84410368" : 6,
            "85458944" : 6,
            "86507520" : 5,
            "87556096" : 6,
            "88604672" : 4,
            "89653248" : 6,
            "90701824" : 7,
            "91750400" : 7,
            "92798976" : 8,
            "93847552" : 10,
            "94896128" : 8,
            "95944704" : 11,
            "96993280" : 8,
            "98041856" : 11,
            "99090432" : 11,
            "100139008" : 19,
            "101187584" : 9,
            "102236160" : 15,
            "103284736" : 15,
            "104333312" : 16,
            "105381888" : 13,
            "106430464" : 17,
            "107479040" : 14,
            "108527616" : 11,
            "109576192" : 12,
            "110624768" : 11,
            "111673344" : 16,
            "112721920" : 26,
            "113770496" : 21,
            "114819072" : 26,
            "115867648" : 23,
            "116916224" : 28,
            "117964800" : 21,
            "119013376" : 15,
            "120061952" : 27,
            "121110528" : 25,
            "122159104" : 30,
            "123207680" : 31,
            "124256256" : 30,
            "125304832" : 24,
            "126353408" : 47,
            "127401984" : 45,
            "128450560" : 58,
            "129499136" : 46,
            "130547712" : 55,
            "131596288" : 50,
            "132644864" : 51,
            "133693440" : 50,
            "135266304" : 115,
            "137363456" : 113,
            "139460608" : 106,
            "141557760" : 108,
            "143654912" : 112,
            "145752064" : 127,
            "147849216" : 118,
            "149946368" : 107,
            "152043520" : 104,
            "154140672" : 115,
            "156237824" : 97,
            "158334976" : 93,
            "160432128" : 92,
            "162529280" : 83,
            "164626432" : 78,
            "166723584" : 66,
            "168820736" : 65,
            "170917888" : 53,
            "173015040" : 46,
            "175112192" : 62,
            "177209344" : 42,
            "179306496" : 42,
            "181403648" : 42,
            "183500800" : 40,
            "185597952" : 39,
            "187695104" : 27,
            "189792256" : 34,
            "191889408" : 34,
            "193986560" : 27,
            "196083712" : 23,
            "198180864" : 21,
            "200278016" : 25,
            "202375168" : 18,
            "204472320" : 17,
            "206569472" : 17,
            "208666624" : 15,
            "210763776" : 24,
            "212860928" : 9,
            "214958080" : 16,
            "217055232" : 13,
            "219152384" : 13,
            "221249536" : 17,
            "223346688" : 14,
            "225443840" : 12,
            "227540992" : 11,
            "229638144" : 15,
            "231735296" : 17,
            "233832448" : 16,
            "235929600" : 14,
            "238026752" : 9,
            "240123904" : 13,
            "242221056" : 13,
            "244318208" : 17,
            "246415360" : 8,
            "248512512" : 22,