{
  "fio version" : "fio-3.1",
  "timestamp" : 1555518297,
  "timestamp_ms" : 1555518297862,
  "time" : "Wed Apr 17 16:24:57 2019",
  "global options" : {
    "fallocate" : "none",
    "runtime" : "30",
    "directory" : "/data/fio_write/beegfs-randwrite-64-rm5nd",
    "bs" : "16384",
    "time_based" : "1",
    "ioengine" : "libaio",
    "iodepth" : "8",
    "direct" : "1",
    "buffered" : "0",
    "thread" : "0",
    "group_reporting" : "1",
    "filesize" : "32g",
    "size" : "32g",
    "filename_format" : "$jobnum.dat"
  },
  "jobs" : [
    {
      "jobname" : "fio-job",
      "groupid" : 0,
      "error" : 0,
      "eta" : 0,
      "elapsed" : 36,
      "job options" : {
        "rw" : "randwrite"
      },
      "read" : {
        "io_bytes" : 0,
        "io_kbytes" : 0,
        "bw" : 0,
        "iops" : 0.000000,
        "runtime" : 0,
        "total_ios" : 0,
        "short_ios" : 0,
        "drop_ios" : 0,
        "slat_ns" : {
          "min" : 0,
          "max" : 0,
          "mean" : 0.000000,
          "stddev" : 0.000000
        },
        "clat_ns" : {
          "min" : 0,
          "max" : 0,
          "mean" : 0.000000,
          "stddev" : 0.000000,
          "percentile" : {
            "1.000000" : 0,
            "5.000000" : 0,
            "10.000000" : 0,
            "20.000000" : 0,
            "30.000000" : 0,
            "40.000000" : 0,
            "50.000000" : 0,
            "60.000000" : 0,
            "70.000000" : 0,
            "80.000000" : 0,
            "90.000000" : 0,
            "95.000000" : 0,
            "99.000000" : 0,
            "99.500000" : 0,
            "99.900000" : 0,
            "99.950000" : 0,
            "99.990000" : 0,
            "0.00" : 0,
            "0.00" : 0,
            "0.00" : 0
          },
          "bins" : {

          }
        },
        "lat_ns" : {
          "min" : 0,
          "max" : 0,
          "mean" : 0.000000,
          "stddev" : 0.000000
        },
        "bw_min" : 0,
        "bw_max" : 0,
        "bw_agg" : 0.000000,
        "bw_mean" : 0.000000,
        "bw_dev" : 0.000000,
        "bw_samples" : 0,
        "iops_min" : 0,
        "iops_max" : 0,
        "iops_mean" : 0.000000,
        "iops_stddev" : 0.000000,
        "iops_samples" : 0
      },
      "write" : {
        "io_bytes" : 3817472,
        "io_kbytes" : 3728,
        "bw" : 116,
        "iops" : 7.287171,
        "runtime" : 31974,
        "total_ios" : 233,
        "short_ios" : 0,
        "drop_ios" : 0,
        "slat_ns" : {
          "min" : 175000,
          "max" : 10717914731,
          "mean" : 493271785.150215,
          "stddev" : 1421683325.449567
        },
        "clat_ns" : {
          "min" : 7562,
          "max" : 15193758194,
          "mean" : 3429740728.648069,
          "stddev" : 3996994522.646325,
          "percentile" : {
            "1.000000" : 10176,
            "5.000000" : 3162112,
            "10.000000" : 73924608,
            "20.000000" : 256901120,
            "30.000000" : 320864256,
            "40.000000" : 901775360,
            "50.000000" : 1920991232,
            "60.000000" : 2868903936,
            "70.000000" : 4211081216,
            "80.000000" : 6744440832,
            "90.000000" : 9462349824,
            "95.000000" : 12146704384,
            "99.000000" : 14831058944,
            "99.500000" : 14965276672,
            "99.900000" : 15233712128,
            "99.950000" : 15233712128,
            "99.990000" : 15233712128,
            "0.00" : 0,
            "0.00" : 0,
            "0.00" : 0
          },
          "bins" : {
            "7584" : 1,
            "9920" : 1,
            "10176" : 1,
            "10432" : 1,
            "2146304" : 1,
            "2211840" : 2,
            "2244608" : 1,
            "2736128" : 1,
            "2932736" : 1,
            "3129344" : 1,
            "3162112" : 1,
            "33816576" : 1,
            "45350912" : 2,
            "48496640" : 1,
            "50069504" : 1,
            "50593792" : 1,
            "58982400" : 2,
            "65798144" : 1,
            "66846720" : 1,
            "71827456" : 1,
            "73924608" : 1,
            "79167488" : 2,
            "84410368" : 1,
            "104333312" : 1,
            "108527616" : 1,
            "111673344" : 1,
            "143654912" : 2,
            "149946368" : 3,
            "196083712" : 2,
            "200278016" : 1,
            "202375168" : 1,
            "208666624" : 1,
            "229638144" : 2,
            "244318208" : 3,
            "250609664" : 1,
            "256901120" : 1,
            "258998272" : 2,
            "265289728" : 3,
            "274726912" : 1,
            "283115520" : 1,
            "287309824" : 4,
            "291504128" : 2,
            "304087040" : 3,
            "312475648" : 1,
            "316669952" : 5,
            "320864256" : 1,
            "358612992" : 2,
            "392167424" : 2,
            "421527552" : 2,
            "429916160" : 1,
            "467664896" : 1,
            "492830720" : 1,
            "526385152" : 1,
            "541065216" : 7,
            "591396864" : 2,
            "658505728" : 1,
            "792723456" : 1,
            "817889280" : 1,
            "901775360" : 2,
            "910163968" : 2,
            "1082130432" : 2,
            "1098907648" : 1,
            "1115684864" : 1,
            "1132462080" : 1,
            "1233125376" : 1,
            "1300234240" : 1,
            "1317011456" : 1,
            "1350565888" : 4,
            "1400897536" : 1,
            "1568669696" : 1,
            "1635778560" : 1,
            "1669332992" : 2,
            "1686110208" : 1,
            "1736441856" : 1,
            "1803550720" : 1,
            "1920991232" : 1,
            "1937768448" : 4,
            "2105540608" : 1,
            "2122317824" : 1,
            "2139095040" : 9,
            "2164260864" : 1,
            "2332033024" : 1,
            "2499805184" : 2,
            "2533359616" : 1,
            "2634022912" : 2,
            "2868903936" : 1,
            "2969567232" : 2,
            "3070230528" : 3,
            "3103784960" : 2,
            "3238002688" : 1,
            "3338665984" : 2,
            "3506438144" : 1,
            "3573547008" : 1,
            "3741319168" : 2,
            "3875536896" : 2,
            "4009754624" : 1,
            "4110417920" : 2,
            "4143972352" : 2,
            "4211081216" : 3,
            "4244635648" : 1,
            "4328521728" : 2,
            "4462739456" : 2,
            "4529848320" : 2,
            "5066719232" : 1,
            "5536481280" : 2,
            "5872025600" : 1,
            "6006243328" : 1,
            "6073352192" : 2,
            "6207569920" : 1,
            "6408896512" : 2,
            "6543114240" : 2,
            "6677331968" : 2,
            "6744440832" : 2,
            "7012876288" : 2,
            "7147094016" : 1,
            "7214202880" : 2,
            "7281311744" : 1,
            "7616856064" : 1,
            "7751073792" : 1,
            "7885291520" : 2,
            "8220835840" : 3,
            "8355053568" : 3,
            "9059696640" : 5,
            "9328132096" : 1,
            "9462349824" : 2,
            "9999220736" : 2,
            "10267656192" : 2,
            "10804527104" : 1,
            "10938744832" : 1,
            "11072962560" : 1,
            "11878268928" : 1,
            "12146704384" : 3,
            "12817793024" : 1,
            "13354663936" : 2,
            "13623099392" : 1,
            "14159970304" : 1,
            "14428405760" : 1,
            "14696841216" : 1,
            "14831058944" : 2,
            "14965276672" : 1,
            "15233712128" : 1
          }
        },
        "lat_ns" : {
          "min" : 2519966,
          "max" : 19931757358,
          "mean" : 3923014164.433476,
          "stddev" : 4319098220.462558
        },
        "bw_min" : 32,
        "bw_max" : 480,
        "bw_agg" : 100.000000,