{
  "fio version" : "fio-3.1",
  "timestamp" : 1556098335,
  "timestamp_ms" : 1556098335519,
  "time" : "Wed Apr 24 09:32:15 2019",
  "global options" : {
    "fallocate" : "none",
    "runtime" : "30",
    "directory" : "data/fio_write/beegfs-write-1-kct7r",
    "bs" : "524288",
    "time_based" : "1",
    "ioengine" : "libaio",
    "iodepth" : "8",
    "direct" : "1",
    "buffered" : "0",
    "thread" : "0",
    "group_reporting" : "1",
    "filesize" : "32g",
    "size" : "32g",
    "filename_format" : "$jobnum.dat"
  },
  "jobs" : [
    {
      "jobname" : "fio-job",
      "groupid" : 0,
      "error" : 0,
      "eta" : 0,
      "elapsed" : 31,
      "job options" : {
        "rw" : "write"
      },
      "read" : {
        "io_bytes" : 0,
        "io_kbytes" : 0,
        "bw" : 0,
        "iops" : 0.000000,
        "runtime" : 0,
        "total_ios" : 0,
        "short_ios" : 0,
        "drop_ios" : 0,
        "slat_ns" : {
          "min" : 0,
          "max" : 0,
          "mean" : 0.000000,
          "stddev" : 0.000000
        },
        "clat_ns" : {
          "min" : 0,
          "max" : 0,
          "mean" : 0.000000,
          "stddev" : 0.000000,
          "percentile" : {
            "1.000000" : 0,
            "5.000000" : 0,
            "10.000000" : 0,
            "20.000000" : 0,
            "30.000000" : 0,
            "40.000000" : 0,
            "50.000000" : 0,
            "60.000000" : 0,
            "70.000000" : 0,
            "80.000000" : 0,
            "90.000000" : 0,
            "95.000000" : 0,
            "99.000000" : 0,
            "99.500000" : 0,
            "99.900000" : 0,
            "99.950000" : 0,
            "99.990000" : 0,
            "0.00" : 0,
            "0.00" : 0,
            "0.00" : 0
          },
          "bins" : {

          }
        },
        "lat_ns" : {
          "min" : 0,
          "max" : 0,
          "mean" : 0.000000,
          "stddev" : 0.000000
        },
        "bw_min" : 0,
        "bw_max" : 0,
        "bw_agg" : 0.000000,
        "bw_mean" : 0.000000,
        "bw_dev" : 0.000000,
        "bw_samples" : 0,
        "iops_min" : 0,
        "iops_max" : 0,
        "iops_mean" : 0.000000,
        "iops_stddev" : 0.000000,
        "iops_samples" : 0
      },
      "write" : {
        "io_bytes" : 16185819136,
        "io_kbytes" : 15806464,
        "bw" : 526811,
        "iops" : 1028.929476,
        "runtime" : 30004,
        "total_ios" : 30872,
        "short_ios" : 0,
        "drop_ios" : 0,
        "slat_ns" : {
          "min" : 3558483,
          "max" : 8989902,
          "mean" : 3881774.302216,
          "stddev" : 183599.703735
        },
        "clat_ns" : {
          "min" : 3834,
          "max" : 38219935,
          "mean" : 27194729.784335,
          "stddev" : 990707.721077,
          "percentile" : {
            "1.000000" : 26345472,
            "5.000000" : 26607616,
            "10.000000" : 26607616,
            "20.000000" : 26869760,
            "30.000000" : 26869760,
            "40.000000" : 26869760,
            "50.000000" : 27131904,
            "60.000000" : 27131904,
            "70.000000" : 27131904,
            "80.000000" : 27394048,
            "90.000000" : 27656192,
            "95.000000" : 28442624,
            "99.000000" : 31064064,
            "99.500000" : 32374784,
            "99.900000" : 37486592,
            "99.950000" : 38010880,
            "99.990000" : 38010880,
            "0.00" : 0,
            "0.00" : 0,
            "0.00" : 0
          },
          "bins" : {
            "3824" : 1,
            "4048" : 1,
            "5088" : 1,
            "741376" : 1,
            "3719168" : 1,
            "3751936" : 2,
            "5341184" : 1,
            "7503872" : 1,
            "7569408" : 2,
            "9109504" : 1,
            "11337728" : 2,
            "11468800" : 1,
            "12910592" : 1,
            "15400960" : 1,
            "15532032" : 2,
            "16711680" : 1,
            "19267584" : 3,
            "20840448" : 1,
            "22937600" : 1,
            "23199744" : 2,
            "24772608" : 1,
            "25821184" : 1,
            "26083328" : 95,
            "26345472" : 978,
            "26607616" : 3789,
            "26869760" : 7778,
            "27131904" : 9311,
            "27394048" : 5041,
            "27656192" : 1457,
            "27918336" : 513,
            "28180480" : 300,
            "28442624" : 292,
            "28704768" : 268,
            "28966912" : 182,
            "29229056" : 131,
            "29491200" : 94,
            "29753344" : 91,
            "30015488" : 62,
            "30277632" : 46,
            "30539776" : 41,
            "30801920" : 44,
            "31064064" : 44,
            "31326208" : 27,
            "31588352" : 38,
            "31850496" : 25,
            "32112640" : 30,
            "32374784" : 23,
            "32636928" : 24,
            "32899072" : 7,
            "33161216" : 14,
            "33423360" : 19,
            "33816576" : 19,
            "34865152" : 4,
            "35389440" : 4,
            "36438016" : 4,
            "36962304" : 4,
            "37486592" : 16,
            "38010880" : 28
          }
        },
        "lat_ns" : {
          "min" : 3707064,
          "max" : 43705228,
          "mean" : 31077561.416170,
          "stddev" : 1071593.807511
        },
        "bw_min" : 122100,
        "bw_max" : 135498,
        "bw_agg" : 25.072409,
        "bw_mean" : 132084.208333,
        "bw_dev" : 2048.745990,
        "bw_samples" : 240,
        "iops_min" : 238,
        "iops_max" : 264,
        "iops_mean" : 257.654167,
        "iops_stddev" : 3.963376,
        "iops_samples" : 240
      },
      "trim" : {
        "io_bytes" : 0,
        "io_kbytes" : 0,
        "bw" : 0,
        "iops" : 0.000000,
        "runtime" : 0,
        "total_ios" : 0,
        "short_ios" : 0,
        "drop_ios" : 0,
        "slat_ns" : {
          "min" : 0,
          "max" : 0,
          "mean" : 0.000000,
          "stddev" : 0.000000
        },
        "clat_ns" : {
          "min" : 0,
          "max" : 0,
          "mean" : 0.000000,
          "stddev" : 0.000000,
          "percentile" : {
            "1.000000" : 0,
            "5.000000" : 0,
            "10.000000" : 0,
            "20.000000" : 0,
            "30.000000" : 0,
            "40.000000" : 0,
            "50.000000" : 0,
            "60.000000" : 0,
            "70.000000" : 0,
            "80.000000" : 0,
            "90.000000" : 0,
            "95.000000" : 0,
            "99.000000" : 0,
            "99.500000" : 0,
            "99.900000" : 0,
            "99.950000" : 0,
            "99.990000" : 0,
            "0.00" : 0,
            "0.00" : 0,
            "0.00" : 0
          },
          "bins" : {

          }
        },
        "lat_ns" : {
          "min" : 0,
          "max" : 0,
          "mean" : 0.000000,
          "stddev" : 0.000000
        },
        "bw_min" : 0,
        "bw_max" : 0,
        "bw_agg" : 0.000000,
        "bw_mean" : 0.000000,
        "bw_dev" : 0.000000,
        "bw_samples" : 0,
        "iops_min" : 0,
        "iops_max" : 0,
        "iops_mean" : 0.000000,
        "iops_stddev" : 0.000000,
        "iops_samples" : 0
      },
      "usr_cpu" : 0.578290,
      "sys_cpu" : 6.088710,
      "ctx" : 2010603,
      "majf" : 0,
      "minf" : 40,
      "iodepth_level" : {
        "1" : 0.100000,
        "2" : 0.100000,
        "4" : 0.100000,
        "8" : 99.909303,
        "16" : 0.000000,
        "32" : 0.000000,
        ">=64" : 0.000000
      },
      "latency_ns" : {
        "2" : 0.000000,
        "4" : 0.000000,
        "10" : 0.000000,
        "20" : 0.000000,
        "50" : 0.000000,
        "100" : 0.000000,
        "250" : 0.000000,
        "500" : 0.000000,
        "750" : 0.000000,
        "1000" : 0.000000
      },
      "latency_us" : {
        "2" : 0.000000,
        "4" : 0.010000,
        "10" : 0.010000,