{
  "fio version" : "fio-3.1",
  "timestamp" : 1556100406,
  "timestamp_ms" : 1556100406403,
  "time" : "Wed Apr 24 10:06:46 2019",
  "global options" : {
    "fallocate" : "none",
    "runtime" : "30",
    "directory" : "data/fio_write/beegfs-randwrite-64-fzs6d",
    "bs" : "65536",
    "time_based" : "1",
    "ioengine" : "libaio",
    "iodepth" : "8",
    "direct" : "1",
    "buffered" : "0",
    "thread" : "0",
    "group_reporting" : "1",
    "filesize" : "32g",
    "size" : "32g",
    "filename_format" : "$jobnum.dat"
  },
  "jobs" : [
    {
      "jobname" : "fio-job",
      "groupid" : 0,
      "error" : 0,
      "eta" : 0,
      "elapsed" : 38,
      "job options" : {
        "rw" : "randwrite"
      },
      "read" : {
        "io_bytes" : 0,
        "io_kbytes" : 0,
        "bw" : 0,
        "iops" : 0.000000,
        "runtime" : 0,
        "total_ios" : 0,
        "short_ios" : 0,
        "drop_ios" : 0,
        "slat_ns" : {
          "min" : 0,
          "max" : 0,
          "mean" : 0.000000,
          "stddev" : 0.000000
        },
        "clat_ns" : {
          "min" : 0,
          "max" : 0,
          "mean" : 0.000000,
          "stddev" : 0.000000,
          "percentile" : {
            "1.000000" : 0,
            "5.000000" : 0,
            "10.000000" : 0,
            "20.000000" : 0,
            "30.000000" : 0,
            "40.000000" : 0,
            "50.000000" : 0,
            "60.000000" : 0,
            "70.000000" : 0,
            "80.000000" : 0,
            "90.000000" : 0,
            "95.000000" : 0,
            "99.000000" : 0,
            "99.500000" : 0,
            "99.900000" : 0,
            "99.950000" : 0,
            "99.990000" : 0,
            "0.00" : 0,
            "0.00" : 0,
            "0.00" : 0
          },
          "bins" : {

          }
        },
        "lat_ns" : {
          "min" : 0,
          "max" : 0,
          "mean" : 0.000000,
          "stddev" : 0.000000
        },
        "bw_min" : 0,
        "bw_max" : 0,
        "bw_agg" : 0.000000,
        "bw_mean" : 0.000000,
        "bw_dev" : 0.000000,
        "bw_samples" : 0,
        "iops_min" : 0,
        "iops_max" : 0,
        "iops_mean" : 0.000000,
        "iops_stddev" : 0.000000,
        "iops_samples" : 0
      },
      "write" : {
        "io_bytes" : 10813440,
        "io_kbytes" : 10560,
        "bw" : 290,
        "iops" : 4.534213,
        "runtime" : 36390,
        "total_ios" : 165,
        "short_ios" : 0,
        "drop_ios" : 0,
        "slat_ns" : {
          "min" : 558106,
          "max" : 19508574958,
          "mean" : 805122449.387879,
          "stddev" : 2741429111.450991
        },
        "clat_ns" : {
          "min" : 8955,
          "max" : 29437981543,
          "mean" : 5631359033.248485,
          "stddev" : 7474978358.395010,
          "percentile" : {
            "1.000000" : 10048,
            "5.000000" : 17956864,
            "10.000000" : 57409536,
            "20.000000" : 175112192,
            "30.000000" : 767557632,
            "40.000000" : 1317011456,
            "50.000000" : 1853882368,
            "60.000000" : 3305111552,
            "70.000000" : 7147094016,
            "80.000000" : 11072962560,
            "90.000000" : 17112760320,
            "95.000000" : 17112760320,
            "99.000000" : 17112760320,
            "99.500000" : 17112760320,
            "99.900000" : 17112760320,
            "99.950000" : 17112760320,
            "99.990000" : 17112760320,
            "0.00" : 0,
            "0.00" : 0,
            "0.00" : 0
          },
          "bins" : {
            "8896" : 1,
            "10048" : 1,
            "10560" : 1,
            "11072" : 1,
            "5865472" : 1,
            "5996544" : 1,
            "17694720" : 2,
            "17956864" : 2,
            "31326208" : 1,
            "33161216" : 1,
            "37486592" : 1,
            "47972352" : 1,
            "54788096" : 1,
            "55836672" : 1,
            "57409536" : 1,
            "58458112" : 1,
            "58982400" : 1,
            "61079552" : 1,
            "63700992" : 5,
            "64225280" : 1,
            "81264640" : 1,
            "100139008" : 1,
            "143654912" : 2,
            "149946368" : 2,
            "175112192" : 2,
            "191889408" : 1,
            "198180864" : 1,
            "265289728" : 3,
            "304087040" : 1,
            "404750336" : 1,
            "641728512" : 1,
            "650117120" : 1,
            "658505728" : 1,
            "692060160" : 1,
            "742391808" : 3,
            "750780416" : 1,
            "767557632" : 4,
            "801112064" : 2,
            "826277888" : 1,
            "960495616" : 1,
            "968884224" : 2,
            "1019215872" : 1,
            "1069547520" : 1,
            "1115684864" : 1,
            "1216348160" : 3,
            "1317011456" : 1,
            "1350565888" : 5,
            "1384120320" : 3,
            "1635778560" : 1,
            "1652555776" : 2,
            "1669332992" : 1,
            "1686110208" : 3,
            "1719664640" : 1,
            "1853882368" : 4,
            "1988100096" : 3,
            "2038431744" : 1,
            "2055208960" : 2,
            "2071986176" : 2,
            "2088763392" : 2,
            "2667577344" : 1,
            "3305111552" : 3,
            "3707764736" : 1,
            "3741319168" : 1,
            "3875536896" : 1,
            "4009754624" : 1,
            "4076863488" : 1,
            "4529848320" : 3,
            "5133828096" : 2,
            "6073352192" : 1,
            "6140461056" : 1,
            "6610223104" : 3,
            "7147094016" : 4,
            "7214202880" : 2,
            "7616856064" : 5,
            "8556380160" : 1,
            "9730785280" : 2,
            "9865003008" : 2,
            "11072962560" : 1,
            "12952010752" : 2,
            "13086228480" : 1,
            "13220446208" : 1,
            "13757317120" : 1,
            "14428405760" : 2,
            "14965276672" : 1,
            "15636365312" : 5,
            "16844324864" : 1,
            "17112760320" : 19
          }
        },
        "lat_ns" : {
          "min" : 6762297,
          "max" : 29438930656,
          "mean" : 6436483433.890909,
          "stddev" : 7927946786.951076
        },
        "bw_min" : 128,
        "bw_max" : 2304,
        "bw_agg" : 100.000000,
        "bw_mean" : 486.771429,
        "bw_dev" : 520.742631,
        "bw_samples" : 35,
        "iops_min" : 2,
        "iops_max" : 36,
        "iops_mean" : 7.571429,
        "iops_stddev" : 8.121452,
        "iops_samples" : 35
      },
      "trim" : {
        "io_bytes" : 0,
        "io_kbytes" : 0,
        "bw" : 0,
        "iops" : 0.000000,
        "runtime" : 0,
        "total_ios" : 0,
        "short_ios" : 0,
        "drop_ios" : 0,
        "slat_ns" : {
          "min" : 0,
          "max" : 0,
          "mean" : 0.000000,
          "stddev" : 0.000000
        },
        "clat_ns" : {
          "min" : 0,
          "max" : 0,
          "mean" : 0.000000,
          "stddev" : 0.000000,
          "percentile" : {
            "1.000000" : 0,
            "5.000000" : 0,
            "10.000000" : 0,
            "20.000000" : 0,
            "30.000000" : 0,
            "40.000000" : 0,
            "50.000000" : 0,
            "60.000000" : 0,
            "70.000000" : 0,
            "80.000000" : 0,
            "90.000000" : 0,
            "95.000000" : 0,
            "99.000000" : 0,
            "99.500000" : 0,
            "99.900000" : 0,
            "99.950000" : 0,
            "99.990000" : 0,
            "0.00" : 0,
            "0.00" : 0,
            "0.00" : 0
          },
          "bins" : {

          }
        },
        "lat_ns" : {
          "min" : 0,
          "max" : 0,
          "mean" : 0.000000,
          "stddev" : 0.000000
        },
        "bw_min" : 0,
        "bw_max" : 0,
        "bw_agg" : 0.000000,