{
  "fio version" : "fio-3.1",
  "timestamp" : 1574271241,
  "timestamp_ms" : 1574271241311,
  "time" : "Wed Nov 20 17:34:01 2019",
  "global options" : {
    "directory" : "data/fio_write/beegfs-write-8-dwb68",
    "bs" : "1024",
    "fallocate" : "none",
    "runtime" : "30",
    "time_based" : "1",
    "ioengine" : "libaio",
    "iodepth" : "8",
    "direct" : "1",
    "buffered" : "0",
    "invalidate" : "1",
    "ramp_time" : "0",
    "thread" : "0",
    "group_reporting" : "1",
    "filesize" : "32g",
    "size" : "32g",
    "filename_format" : "$jobnum.dat"
  },
  "jobs" : [
    {
      "jobname" : "fio-job",
      "groupid" : 0,
      "error" : 0,
      "eta" : 0,
      "elapsed" : 31,
      "job options" : {
        "rw" : "write"
      },
      "read" : {
        "io_bytes" : 0,
        "io_kbytes" : 0,
        "bw" : 0,
        "iops" : 0.000000,
        "runtime" : 0,
        "total_ios" : 0,
        "short_ios" : 0,
        "drop_ios" : 0,
        "slat_ns" : {
          "min" : 0,
          "max" : 0,
          "mean" : 0.000000,
          "stddev" : 0.000000
        },
        "clat_ns" : {
          "min" : 0,
          "max" : 0,
          "mean" : 0.000000,
          "stddev" : 0.000000,
          "percentile" : {
            "1.000000" : 0,
            "5.000000" : 0,
            "10.000000" : 0,
            "20.000000" : 0,
            "30.000000" : 0,
            "40.000000" : 0,
            "50.000000" : 0,
            "60.000000" : 0,
            "70.000000" : 0,
            "80.000000" : 0,
            "90.000000" : 0,
            "95.000000" : 0,
            "99.000000" : 0,
            "99.500000" : 0,
            "99.900000" : 0,
            "99.950000" : 0,
            "99.990000" : 0,
            "0.00" : 0,
            "0.00" : 0,
            "0.00" : 0
          },
          "bins" : {

          }
        },
        "lat_ns" : {
          "min" : 0,
          "max" : 0,
          "mean" : 0.000000,
          "stddev" : 0.000000
        },
        "bw_min" : 0,
        "bw_max" : 0,
        "bw_agg" : 0.000000,
        "bw_mean" : 0.000000,
        "bw_dev" : 0.000000,
        "bw_samples" : 0,
        "iops_min" : 0,
        "iops_max" : 0,
        "iops_mean" : 0.000000,
        "iops_stddev" : 0.000000,
        "iops_samples" : 0
      },
      "write" : {
        "io_bytes" : 1691756544,
        "io_kbytes" : 1652106,
        "bw" : 55068,
        "iops" : 55068.364388,
        "runtime" : 30001,
        "total_ios" : 1652106,
        "short_ios" : 0,
        "drop_ios" : 0,
        "slat_ns" : {
          "min" : 18492,
          "max" : 2184432,
          "mean" : 67657.464880,
          "stddev" : 33671.403397
        },
        "clat_ns" : {
          "min" : 1696,
          "max" : 4137753,
          "mean" : 510784.608515,
          "stddev" : 106345.768340,
          "percentile" : {
            "1.000000" : 272384,
            "5.000000" : 374784,
            "10.000000" : 411648,
            "20.000000" : 440320,
            "30.000000" : 460800,
            "40.000000" : 477184,
            "50.000000" : 497664,
            "60.000000" : 518144,
            "70.000000" : 544768,
            "80.000000" : 577536,
            "90.000000" : 626688,
            "95.000000" : 684032,
            "99.000000" : 872448,
            "99.500000" : 970752,
            "99.900000" : 1138688,
            "99.950000" : 1220608,
            "99.990000" : 2179072,
            "0.00" : 0,
            "0.00" : 0,
            "0.00" : 0
          },
          "bins" : {
            "1704" : 1,
            "2064" : 1,
            "2480" : 1,
            "2576" : 1,
            "67072" : 2,
            "85504" : 1,
            "111104" : 1,
            "122368" : 1,
            "123392" : 1,
            "152576" : 1,
            "175104" : 1,
            "197632" : 1,
            "199680" : 1,
            "201728" : 2,
            "205824" : 2,
            "209920" : 2,
            "211968" : 4,
            "214016" : 3,
            "216064" : 11,
            "218112" : 24,
            "220160" : 26,
            "222208" : 41,
            "224256" : 79,
            "226304" : 154,
            "228352" : 209,
            "230400" : 282,
            "232448" : 352,
            "234496" : 368,
            "236544" : 462,
            "238592" : 523,
            "240640" : 545,
            "242688" : 550,
            "244736" : 607,
            "246784" : 683,
            "248832" : 712,
            "250880" : 730,
            "252928" : 766,
            "254976" : 881,
            "257024" : 993,
            "259072" : 1073,
            "261120" : 1109,
            "264192" : 2265,
            "268288" : 2384,
            "272384" : 2271,
            "276480" : 2389,
            "280576" : 2417,
            "284672" : 2351,
            "288768" : 2401,
            "292864" : 2452,
            "296960" : 2440,
            "301056" : 2399,
            "305152" : 2338,
            "309248" : 2400,
            "313344" : 2242,
            "317440" : 2225,
            "321536" : 2420,
            "325632" : 2365,
            "329728" : 2367,
            "333824" : 2409,
            "337920" : 2403,
            "342016" : 2471,
            "346112" : 2576,
            "350208" : 2601,
            "354304" : 2735,
            "358400" : 3010,
            "362496" : 3262,
            "366592" : 3449,
            "370688" : 4129,
            "374784" : 4486,
            "378880" : 5287,
            "382976" : 6021,
            "387072" : 7137,
            "391168" : 8365,
            "395264" : 9758,
            "399360" : 11371,
            "403456" : 13082,
            "407552" : 15054,
            "411648" : 16636,
            "415744" : 18788,
            "419840" : 21054,
            "423936" : 23064,
            "428032" : 24802,
            "432128" : 27178,
            "436224" : 28667,
            "440320" : 30815,
            "444416" : 32470,
            "448512" : 33518,
            "452608" : 34559,
            "456704" : 35364,
            "460800" : 36841,
            "464896" : 36928,
            "468992" : 37278,
            "473088" : 37290,
            "477184" : 37200,
            "481280" : 36697,
            "485376" : 35919,
            "489472" : 35511,
            "493568" : 35457,
            "497664" : 34225,
            "501760" : 33472,
            "505856" : 32375,
            "509952" : 31132,
            "514048" : 30387,
            "518144" : 29191,
            "522240" : 28587,
            "528384" : 53284,
            "536576" : 49659,
            "544768" : 45873,
            "552960" : 42997,
            "561152" : 39869,
            "569344" : 36843,
            "577536" : 34417,
            "585728" : 31364,
            "593920" : 28781,
            "602112" : 26512,
            "610304" : 23789,
            "618496" : 21596,
            "626688" : 19579,
            "634880" : 17346,
            "643072" : 15411,
            "651264" : 13602,
            "659456" : 12036,
            "667648" : 10588,
            "675840" : 9137,
            "684032" : 7961,
            "692224" : 7079,
            "700416" : 6074,
            "708608" : 5264,
            "716800" : 4504,
            "724992" : 3961,
            "733184" : 3580,
            "741376" : 3112,
            "749568" : 2833,
            "757760" : 2520,
            "765952" : 2275,
            "774144" : 2085,
            "782336" : 1832,
            "790528" : 1791,
            "798720" : 1584,
            "806912" : 1432,
            "815104" : 1343,
            "823296" : 1275,
            "831488" : 1276,
            "839680" : 1154,
            "847872" : 1081,
            "856064" : 1025,
            "864256" : 1055,
            "872448" : 931,
            "880640" : 891,
            "888832" : 854,
            "897024" : 815,
            "905216" : 762,
            "913408" : 739,
            "921600" : 713,