{
  "fio version" : "fio-3.1",
  "timestamp" : 1556725020,
  "timestamp_ms" : 1556725020436,
  "time" : "Wed May  1 15:37:00 2019",
  "global options" : {
    "fallocate" : "none",
    "runtime" : "30",
    "directory" : "data/fio_write/beegfs-write-8-6bs9m",
    "bs" : "8388608",
    "time_based" : "1",
    "ioengine" : "libaio",
    "iodepth" : "8",
    "direct" : "1",
    "buffered" : "0",
    "thread" : "0",
    "group_reporting" : "1",
    "filesize" : "32g",
    "size" : "32g",
    "filename_format" : "$jobnum.dat"
  },
  "jobs" : [
    {
      "jobname" : "fio-job",
      "groupid" : 0,
      "error" : 0,
      "eta" : 0,
      "elapsed" : 31,
      "job options" : {
        "rw" : "write"
      },
      "read" : {
        "io_bytes" : 0,
        "io_kbytes" : 0,
        "bw" : 0,
        "iops" : 0.000000,
        "runtime" : 0,
        "total_ios" : 0,
        "short_ios" : 0,
        "drop_ios" : 0,
        "slat_ns" : {
          "min" : 0,
          "max" : 0,
          "mean" : 0.000000,
          "stddev" : 0.000000
        },
        "clat_ns" : {
          "min" : 0,
          "max" : 0,
          "mean" : 0.000000,
          "stddev" : 0.000000,
          "percentile" : {
            "1.000000" : 0,
            "5.000000" : 0,
            "10.000000" : 0,
            "20.000000" : 0,
            "30.000000" : 0,
            "40.000000" : 0,
            "50.000000" : 0,
            "60.000000" : 0,
            "70.000000" : 0,
            "80.000000" : 0,
            "90.000000" : 0,
            "95.000000" : 0,
            "99.000000" : 0,
            "99.500000" : 0,
            "99.900000" : 0,
            "99.950000" : 0,
            "99.990000" : 0,
            "0.00" : 0,
            "0.00" : 0,
            "0.00" : 0
          },
          "bins" : {

          }
        },
        "lat_ns" : {
          "min" : 0,
          "max" : 0,
          "mean" : 0.000000,
          "stddev" : 0.000000
        },
        "bw_min" : 0,
        "bw_max" : 0,
        "bw_agg" : 0.000000,
        "bw_mean" : 0.000000,
        "bw_dev" : 0.000000,
        "bw_samples" : 0,
        "iops_min" : 0,
        "iops_max" : 0,
        "iops_mean" : 0.000000,
        "iops_stddev" : 0.000000,
        "iops_samples" : 0
      },
      "write" : {
        "io_bytes" : 11609833472,
        "io_kbytes" : 11337728,
        "bw" : 377597,
        "iops" : 46.093386,
        "runtime" : 30026,
        "total_ios" : 1384,
        "short_ios" : 0,
        "drop_ios" : 0,
        "slat_ns" : {
          "min" : 19432107,
          "max" : 148453682,
          "mean" : 86742006.864884,
          "stddev" : 25097941.312496
        },
        "clat_ns" : {
          "min" : 4115,
          "max" : 835389616,
          "mean" : 600003657.635838,
          "stddev" : 144189485.471925,
          "percentile" : {
            "1.000000" : 89653248,
            "5.000000" : 225443840,
            "10.000000" : 455081984,
            "20.000000" : 541065216,
            "30.000000" : 583008256,
            "40.000000" : 616562688,
            "50.000000" : 641728512,
            "60.000000" : 658505728,
            "70.000000" : 675282944,
            "80.000000" : 700448768,
            "90.000000" : 725614592,
            "95.000000" : 742391808,
            "99.000000" : 784334848,
            "99.500000" : 801112064,
            "99.900000" : 817889280,
            "99.950000" : 834666496,
            "99.990000" : 834666496,
            "0.00" : 0,
            "0.00" : 0,
            "0.00" : 0
          },
          "bins" : {
            "4128" : 1,
            "4768" : 1,
            "7712" : 1,
            "11968" : 1,
            "19529728" : 1,
            "24772608" : 1,
            "27656192" : 2,
            "46399488" : 1,
            "49020928" : 1,
            "57409536" : 2,
            "87556096" : 1,
            "89653248" : 1,
            "91750400" : 1,
            "98041856" : 1,
            "125304832" : 1,
            "126353408" : 1,
            "127401984" : 2,
            "154140672" : 1,
            "158334976" : 1,
            "162529280" : 1,
            "164626432" : 1,
            "185597952" : 1,
            "187695104" : 1,
            "193986560" : 1,
            "196083712" : 1,
            "198180864" : 1,
            "200278016" : 2,
            "202375168" : 6,
            "204472320" : 2,
            "206569472" : 5,
            "208666624" : 2,
            "210763776" : 2,
            "212860928" : 6,
            "214958080" : 4,
            "217055232" : 2,
            "219152384" : 1,
            "221249536" : 1,
            "223346688" : 7,
            "225443840" : 5,
            "227540992" : 2,
            "229638144" : 2,
            "231735296" : 3,
            "233832448" : 5,
            "235929600" : 1,
            "238026752" : 2,
            "240123904" : 2,
            "244318208" : 2,
            "246415360" : 7,
            "248512512" : 2,
            "250609664" : 1,
            "252706816" : 1,
            "256901120" : 2,
            "258998272" : 1,
            "270532608" : 2,
            "295698432" : 1,
            "299892736" : 1,
            "316669952" : 1,
            "325058560" : 1,
            "346030080" : 1,
            "350224384" : 1,
            "375390208" : 1,
            "383778816" : 1,
            "392167424" : 2,
            "400556032" : 2,
            "408944640" : 1,
            "413138944" : 2,
            "421527552" : 2,
            "434110464" : 1,
            "438304768" : 2,
            "442499072" : 3,
            "446693376" : 4,
            "450887680" : 2,
            "455081984" : 6,
            "459276288" : 10,
            "463470592" : 3,
            "467664896" : 7,
            "471859200" : 7,
            "476053504" : 11,
            "480247808" : 12,
            "484442112" : 6,
            "488636416" : 4,
            "492830720" : 5,
            "497025024" : 6,
            "501219328" : 5,
            "505413632" : 6,
            "509607936" : 3,
            "513802240" : 7,
            "517996544" : 5,
            "522190848" : 5,
            "526385152" : 10,
            "530579456" : 7,
            "534773760" : 8,
            "541065216" : 22,
            "549453824" : 20,
            "557842432" : 18,
            "566231040" : 27,
            "574619648" : 32,
            "583008256" : 27,
            "591396864" : 31,
            "599785472" : 33,
            "608174080" : 34,
            "616562688" : 43,
            "624951296" : 53,
            "633339904" : 55,
            "641728512" : 57,
            "650117120" : 47,
            "658505728" : 72,
            "666894336" : 77,
            "675282944" : 65,
            "683671552" : 58,
            "692060160" : 54,
            "700448768" : 62,
            "708837376" : 41,
            "717225984" : 40,
            "725614592" : 37,
            "734003200" : 29,
            "742391808" : 18,
            "750780416" : 14,
            "759169024" : 17,
            "767557632" : 9,
            "775946240" : 7,
            "784334848" : 5,
            "792723456" : 2,
            "801112064" : 1,
            "809500672" : 3,
            "817889280" : 2,
            "834666496" : 1
          }
        },
        "lat_ns" : {
          "min" : 19437510,
          "max" : 934455806,
          "mean" : 686747313.137283,
          "stddev" : 160651399.982186
        },
        "bw_min" : 32768,
        "bw_max" : 262144,
        "bw_agg" : 24.864525,
        "bw_mean" : 93887.699153,
        "bw_dev" : 29020.504447,
        "bw_samples" : 236,
        "iops_min" : 4,
        "iops_max" : 32,
        "iops_mean" : 11.406780,
        "iops_stddev" : 3.559195,
        "iops_samples" : 236
      },
      "trim" : {
        "io_bytes" : 0,
        "io_kbytes" : 0,
        "bw" : 0,
        "iops" : 0.000000,
        "runtime" : 0,
        "total_ios" : 0,
        "short_ios" : 0,
        "drop_ios" : 0,