{
  "fio version" : "fio-3.1",
  "timestamp" : 1556099449,
  "timestamp_ms" : 1556099449320,
  "time" : "Wed Apr 24 09:50:49 2019",
  "global options" : {
    "fallocate" : "none",
    "runtime" : "30",
    "directory" : "data/fio_write/beegfs-write-64-z7scd",
    "bs" : "65536",
    "time_based" : "1",
    "ioengine" : "libaio",
    "iodepth" : "8",
    "direct" : "1",
    "buffered" : "0",
    "thread" : "0",
    "group_reporting" : "1",
    "filesize" : "32g",
    "size" : "32g",
    "filename_format" : "$jobnum.dat"
  },
  "jobs" : [
    {
      "jobname" : "fio-job",
      "groupid" : 0,
      "error" : 0,
      "eta" : 0,
      "elapsed" : 31,
      "job options" : {
        "rw" : "write"
      },
      "read" : {
        "io_bytes" : 0,
        "io_kbytes" : 0,
        "bw" : 0,
        "iops" : 0.000000,
        "runtime" : 0,
        "total_ios" : 0,
        "short_ios" : 0,
        "drop_ios" : 0,
        "slat_ns" : {
          "min" : 0,
          "max" : 0,
          "mean" : 0.000000,
          "stddev" : 0.000000
        },
        "clat_ns" : {
          "min" : 0,
          "max" : 0,
          "mean" : 0.000000,
          "stddev" : 0.000000,
          "percentile" : {
            "1.000000" : 0,
            "5.000000" : 0,
            "10.000000" : 0,
            "20.000000" : 0,
            "30.000000" : 0,
            "40.000000" : 0,
            "50.000000" : 0,
            "60.000000" : 0,
            "70.000000" : 0,
            "80.000000" : 0,
            "90.000000" : 0,
            "95.000000" : 0,
            "99.000000" : 0,
            "99.500000" : 0,
            "99.900000" : 0,
            "99.950000" : 0,
            "99.990000" : 0,
            "0.00" : 0,
            "0.00" : 0,
            "0.00" : 0
          },
          "bins" : {

          }
        },
        "lat_ns" : {
          "min" : 0,
          "max" : 0,
          "mean" : 0.000000,
          "stddev" : 0.000000
        },
        "bw_min" : 0,
        "bw_max" : 0,
        "bw_agg" : 0.000000,
        "bw_mean" : 0.000000,
        "bw_dev" : 0.000000,
        "bw_samples" : 0,
        "iops_min" : 0,
        "iops_max" : 0,
        "iops_mean" : 0.000000,
        "iops_stddev" : 0.000000,
        "iops_samples" : 0
      },
      "write" : {
        "io_bytes" : 2197094400,
        "io_kbytes" : 2145600,
        "bw" : 71515,
        "iops" : 1117.425505,
        "runtime" : 30002,
        "total_ios" : 33525,
        "short_ios" : 0,
        "drop_ios" : 0,
        "slat_ns" : {
          "min" : 441516,
          "max" : 413455928,
          "mean" : 3559006.892946,
          "stddev" : 14229834.606068
        },
        "clat_ns" : {
          "min" : 5146,
          "max" : 420389315,
          "mean" : 24966521.075914,
          "stddev" : 34722046.378551,
          "percentile" : {
            "1.000000" : 5799936,
            "5.000000" : 7372800,
            "10.000000" : 8585216,
            "20.000000" : 11075584,
            "30.000000" : 13172736,
            "40.000000" : 15138816,
            "50.000000" : 16908288,
            "60.000000" : 19005440,
            "70.000000" : 21364736,
            "80.000000" : 25296896,
            "90.000000" : 33816576,
            "95.000000" : 53739520,
            "99.000000" : 200278016,
            "99.500000" : 217055232,
            "99.900000" : 371195904,
            "99.950000" : 379584512,
            "99.990000" : 421527552,
            "0.00" : 0,
            "0.00" : 0,
            "0.00" : 0
          },
          "bins" : {
            "5152" : 1,
            "6112" : 1,
            "6624" : 1,
            "7200" : 1,
            "1400832" : 1,
            "1466368" : 1,
            "1941504" : 1,
            "2277376" : 1,
            "2375680" : 1,
            "3031040" : 1,
            "3162112" : 1,
            "3227648" : 1,
            "3293184" : 1,
            "3817472" : 2,
            "3850240" : 1,
            "3883008" : 1,
            "3915776" : 1,
            "3948544" : 1,
            "3981312" : 2,
            "4014080" : 1,
            "4046848" : 2,
            "4079616" : 2,
            "4112384" : 1,
            "4177920" : 1,
            "4227072" : 6,
            "4292608" : 8,
            "4358144" : 5,
            "4423680" : 9,
            "4489216" : 8,
            "4554752" : 9,
            "4620288" : 9,
            "4685824" : 8,
            "4751360" : 14,
            "4816896" : 5,
            "4882432" : 15,
            "4947968" : 6,
            "5013504" : 8,
            "5079040" : 7,
            "5144576" : 13,
            "5210112" : 9,
            "5275648" : 14,
            "5341184" : 11,
            "5406720" : 19,
            "5472256" : 17,
            "5537792" : 19,
            "5603328" : 17,
            "5668864" : 25,
            "5734400" : 29,
            "5799936" : 34,
            "5865472" : 20,
            "5931008" : 33,
            "5996544" : 30,
            "6062080" : 25,
            "6127616" : 30,
            "6193152" : 38,
            "6258688" : 44,
            "6324224" : 45,
            "6389760" : 66,
            "6455296" : 63,
            "6520832" : 68,
            "6586368" : 67,
            "6651904" : 49,
            "6717440" : 67,
            "6782976" : 61,
            "6848512" : 76,
            "6914048" : 68,
            "6979584" : 60,
            "7045120" : 69,
            "7110656" : 84,
            "7176192" : 59,
            "7241728" : 82,
            "7307264" : 79,
            "7372800" : 80,
            "7438336" : 83,
            "7503872" : 76,
            "7569408" : 88,
            "7634944" : 79,
            "7700480" : 77,
            "7766016" : 99,
            "7831552" : 93,
            "7897088" : 84,
            "7962624" : 95,
            "8028160" : 85,
            "8093696" : 83,
            "8159232" : 84,
            "8224768" : 79,
            "8290304" : 107,
            "8355840" : 96,
            "8454144" : 169,
            "8585216" : 167,
            "8716288" : 189,
            "8847360" : 202,
            "8978432" : 219,
            "9109504" : 170,
            "9240576" : 214,
            "9371648" : 171,
            "9502720" : 167,
            "9633792" : 194,
            "9764864" : 173,
            "9895936" : 167,
            "10027008" : 171,
            "10158080" : 183,
            "10289152" : 182,
            "10420224" : 172,
            "10551296" : 165,
            "10682368" : 163,
            "10813440" : 175,
            "10944512" : 177,
            "11075584" : 185,
            "11206656" : 191,
            "11337728" : 163,
            "11468800" : 228,
            "11599872" : 202,
            "11730944" : 215,
            "11862016" : 215,
            "11993088" : 192,
            "12124160" : 190,
            "12255232" : 209,
            "12386304" : 226,
            "12517376" : 205,
            "12648448" : 221,
            "12779520" : 214,
            "12910592" : 210,
            "13041664" : 240,
            "13172736" : 241,
            "13303808" : 233,
            "13434880" : 195,
            "13565952" : 193,
            "13697024" : 226,
            "13828096" : 204,
            "13959168" : 205,
            "14090240" : 202,
            "14221312" : 235,
            "14352384" : 205,
            "14483456" : 245,
            "14614528" : 215,
            "14745600" : 268,
            "14876672" : 212,
            "15007744" : 245,
            "15138816" : 244,
            "15269888" : 227,
            "15400960" : 224,
            "15532032" : 239,
            "15663104" : 243,
            "15794176" : 242,
            "15925248" : 255,
            "16056320" : 257,
            "16187392" : 288,
            "16318464" : 269,
            "16449536" : 246,
            "16580608" : 244,
            "16711680" : 235,
            "16908288" : 509,
            "17170432" : 444,
            "17432576" : 445,