{
  "fio version" : "fio-3.1",
  "timestamp" : 1556020714,
  "timestamp_ms" : 1556020714806,
  "time" : "Tue Apr 23 12:58:34 2019",
  "global options" : {
    "fallocate" : "none",
    "runtime" : "30",
    "directory" : "/data/fio_write/beegfs-randwrite-64-client-26896-34",
    "bs" : "4194304",
    "time_based" : "1",
    "ioengine" : "libaio",
    "iodepth" : "8",
    "direct" : "1",
    "buffered" : "0",
    "thread" : "0",
    "group_reporting" : "1",
    "filesize" : "32g",
    "size" : "32g",
    "filename_format" : "$jobnum.dat"
  },
  "jobs" : [
    {
      "jobname" : "fio-job",
      "groupid" : 0,
      "error" : 0,
      "eta" : 0,
      "elapsed" : 32,
      "job options" : {
        "rw" : "randwrite"
      },
      "read" : {
        "io_bytes" : 0,
        "io_kbytes" : 0,
        "bw" : 0,
        "iops" : 0.000000,
        "runtime" : 0,
        "total_ios" : 0,
        "short_ios" : 0,
        "drop_ios" : 0,
        "slat_ns" : {
          "min" : 0,
          "max" : 0,
          "mean" : 0.000000,
          "stddev" : 0.000000
        },
        "clat_ns" : {
          "min" : 0,
          "max" : 0,
          "mean" : 0.000000,
          "stddev" : 0.000000,
          "percentile" : {
            "1.000000" : 0,
            "5.000000" : 0,
            "10.000000" : 0,
            "20.000000" : 0,
            "30.000000" : 0,
            "40.000000" : 0,
            "50.000000" : 0,
            "60.000000" : 0,
            "70.000000" : 0,
            "80.000000" : 0,
            "90.000000" : 0,
            "95.000000" : 0,
            "99.000000" : 0,
            "99.500000" : 0,
            "99.900000" : 0,
            "99.950000" : 0,
            "99.990000" : 0,
            "0.00" : 0,
            "0.00" : 0,
            "0.00" : 0
          },
          "bins" : {

          }
        },
        "lat_ns" : {
          "min" : 0,
          "max" : 0,
          "mean" : 0.000000,
          "stddev" : 0.000000
        },
        "bw_min" : 0,
        "bw_max" : 0,
        "bw_agg" : 0.000000,
        "bw_mean" : 0.000000,
        "bw_dev" : 0.000000,
        "bw_samples" : 0,
        "iops_min" : 0,
        "iops_max" : 0,
        "iops_mean" : 0.000000,
        "iops_stddev" : 0.000000,
        "iops_samples" : 0
      },
      "write" : {
        "io_bytes" : 251658240,
        "io_kbytes" : 245760,
        "bw" : 7741,
        "iops" : 1.890061,
        "runtime" : 31745,
        "total_ios" : 60,
        "short_ios" : 0,
        "drop_ios" : 0,
        "slat_ns" : {
          "min" : 501553,
          "max" : 4545230403,
          "mean" : 2074425300.250000,
          "stddev" : 1361967714.989800
        },
        "clat_ns" : {
          "min" : 3955,
          "max" : 21675249594,
          "mean" : 10543388338.549999,
          "stddev" : 5361013559.706294,
          "percentile" : {
            "1.000000" : 3952,
            "5.000000" : 69730304,
            "10.000000" : 3036676096,
            "20.000000" : 5335154688,
            "30.000000" : 7415529472,
            "40.000000" : 9999220736,
            "50.000000" : 11341398016,
            "60.000000" : 12146704384,
            "70.000000" : 12952010752,
            "80.000000" : 14831058944,
            "90.000000" : 17112760320,
            "95.000000" : 17112760320,
            "99.000000" : 17112760320,
            "99.500000" : 17112760320,
            "99.900000" : 17112760320,
            "99.950000" : 17112760320,
            "99.990000" : 17112760320,
            "0.00" : 0,
            "0.00" : 0,
            "0.00" : 0
          },
          "bins" : {
            "3952" : 1,
            "66846720" : 1,
            "69730304" : 1,
            "95944704" : 1,
            "3036676096" : 2,
            "3305111552" : 1,
            "3573547008" : 2,
            "4328521728" : 1,
            "5335154688" : 2,
            "5603590144" : 1,
            "5670699008" : 1,
            "5872025600" : 1,
            "6878658560" : 1,
            "7214202880" : 1,
            "7415529472" : 1,
            "7482638336" : 1,
            "9328132096" : 2,
            "9730785280" : 1,
            "9865003008" : 1,
            "9999220736" : 1,
            "10536091648" : 1,
            "10670309376" : 2,
            "10804527104" : 2,
            "11341398016" : 3,
            "11744051200" : 1,
            "12012486656" : 1,
            "12146704384" : 3,
            "12280922112" : 1,
            "12415139840" : 1,
            "12683575296" : 2,
            "12817793024" : 1,
            "12952010752" : 1,
            "13086228480" : 1,
            "13354663936" : 1,
            "13757317120" : 1,
            "14159970304" : 1,
            "14831058944" : 1,
            "14965276672" : 1,
            "15233712128" : 1,
            "15770583040" : 1,
            "16575889408" : 1,
            "16978542592" : 1,
            "17112760320" : 7
          }
        },
        "lat_ns" : {
          "min" : 3048466128,
          "max" : 24510466806,
          "mean" : 12617814770.733334,
          "stddev" : 5565531768.255897
        },
        "bw_min" : 8175,
        "bw_max" : 16616,
        "bw_agg" : 100.000000,
        "bw_mean" : 10962.809524,
        "bw_dev" : 3980.031427,
        "bw_samples" : 21,
        "iops_min" : 1,
        "iops_max" : 4,
        "iops_mean" : 2.619048,
        "iops_stddev" : 1.023533,
        "iops_samples" : 21
      },
      "trim" : {
        "io_bytes" : 0,
        "io_kbytes" : 0,
        "bw" : 0,
        "iops" : 0.000000,
        "runtime" : 0,
        "total_ios" : 0,
        "short_ios" : 0,
        "drop_ios" : 0,
        "slat_ns" : {
          "min" : 0,
          "max" : 0,
          "mean" : 0.000000,
          "stddev" : 0.000000
        },
        "clat_ns" : {
          "min" : 0,
          "max" : 0,
          "mean" : 0.000000,
          "stddev" : 0.000000,
          "percentile" : {
            "1.000000" : 0,
            "5.000000" : 0,
            "10.000000" : 0,
            "20.000000" : 0,
            "30.000000" : 0,
            "40.000000" : 0,
            "50.000000" : 0,
            "60.000000" : 0,
            "70.000000" : 0,
            "80.000000" : 0,
            "90.000000" : 0,
            "95.000000" : 0,
            "99.000000" : 0,
            "99.500000" : 0,
            "99.900000" : 0,
            "99.950000" : 0,
            "99.990000" : 0,
            "0.00" : 0,
            "0.00" : 0,
            "0.00" : 0
          },
          "bins" : {

          }
        },
        "lat_ns" : {
          "min" : 0,
          "max" : 0,
          "mean" : 0.000000,
          "stddev" : 0.000000
        },
        "bw_min" : 0,
        "bw_max" : 0,
        "bw_agg" : 0.000000,
        "bw_mean" : 0.000000,
        "bw_dev" : 0.000000,
        "bw_samples" : 0,
        "iops_min" : 0,
        "iops_max" : 0,
        "iops_mean" : 0.000000,
        "iops_stddev" : 0.000000,
        "iops_samples" : 0
      },
      "usr_cpu" : 0.011974,
      "sys_cpu" : 0.036722,
      "ctx" : 174,
      "majf" : 0,
      "minf" : 103,
      "iodepth_level" : {
        "1" : 6.666667,
        "2" : 13.333333,
        "4" : 26.666667,
        "8" : 53.333333,
        "16" : 0.000000,
        "32" : 0.000000,
        ">=64" : 0.000000
      },
      "latency_ns" : {
        "2" : 0.000000,
        "4" : 0.000000,
        "10" : 0.000000,
        "20" : 0.000000,
        "50" : 0.000000,
        "100" : 0.000000,
        "250" : 0.000000,
        "500" : 0.000000,
        "750" : 0.000000,
        "1000" : 0.000000
      },
      "latency_us" : {
        "2" : 0.000000,
        "4" : 1.666667,
        "10" : 0.000000,
        "20" : 0.000000,
        "50" : 0.000000,
        "100" : 0.000000,
        "250" : 0.000000,
        "500" : 0.000000,
        "750" : 0.000000,
        "1000" : 0.000000
      },
      "latency_ms" : {
        "2" : 0.000000,
        "4" : 0.000000,
        "10" : 0.000000,