{
  "fio version" : "fio-3.1",
  "timestamp" : 1555517422,
  "timestamp_ms" : 1555517422060,
  "time" : "Wed Apr 17 16:10:22 2019",
  "global options" : {
    "fallocate" : "none",
    "runtime" : "30",
    "directory" : "/data/fio_write/beegfs-write-64-mkwb7",
    "bs" : "4096",
    "time_based" : "1",
    "ioengine" : "libaio",
    "iodepth" : "8",
    "direct" : "1",
    "buffered" : "0",
    "thread" : "0",
    "group_reporting" : "1",
    "filesize" : "32g",
    "size" : "32g",
    "filename_format" : "$jobnum.dat"
  },
  "jobs" : [
    {
      "jobname" : "fio-job",
      "groupid" : 0,
      "error" : 0,
      "eta" : 0,
      "elapsed" : 31,
      "job options" : {
        "rw" : "write"
      },
      "read" : {
        "io_bytes" : 0,
        "io_kbytes" : 0,
        "bw" : 0,
        "iops" : 0.000000,
        "runtime" : 0,
        "total_ios" : 0,
        "short_ios" : 0,
        "drop_ios" : 0,
        "slat_ns" : {
          "min" : 0,
          "max" : 0,
          "mean" : 0.000000,
          "stddev" : 0.000000
        },
        "clat_ns" : {
          "min" : 0,
          "max" : 0,
          "mean" : 0.000000,
          "stddev" : 0.000000,
          "percentile" : {
            "1.000000" : 0,
            "5.000000" : 0,
            "10.000000" : 0,
            "20.000000" : 0,
            "30.000000" : 0,
            "40.000000" : 0,
            "50.000000" : 0,
            "60.000000" : 0,
            "70.000000" : 0,
            "80.000000" : 0,
            "90.000000" : 0,
            "95.000000" : 0,
            "99.000000" : 0,
            "99.500000" : 0,
            "99.900000" : 0,
            "99.950000" : 0,
            "99.990000" : 0,
            "0.00" : 0,
            "0.00" : 0,
            "0.00" : 0
          },
          "bins" : {

          }
        },
        "lat_ns" : {
          "min" : 0,
          "max" : 0,
          "mean" : 0.000000,
          "stddev" : 0.000000
        },
        "bw_min" : 0,
        "bw_max" : 0,
        "bw_agg" : 0.000000,
        "bw_mean" : 0.000000,
        "bw_dev" : 0.000000,
        "bw_samples" : 0,
        "iops_min" : 0,
        "iops_max" : 0,
        "iops_mean" : 0.000000,
        "iops_stddev" : 0.000000,
        "iops_samples" : 0
      },
      "write" : {
        "io_bytes" : 3423793152,
        "io_kbytes" : 3343548,
        "bw" : 111447,
        "iops" : 27861.971268,
        "runtime" : 30001,
        "total_ios" : 835887,
        "short_ios" : 0,
        "drop_ios" : 0,
        "slat_ns" : {
          "min" : 27742,
          "max" : 34211068,
          "mean" : 137892.984616,
          "stddev" : 230508.055775
        },
        "clat_ns" : {
          "min" : 3523,
          "max" : 35533612,
          "mean" : 1006179.300860,
          "stddev" : 691888.865838,
          "percentile" : {
            "1.000000" : 544768,
            "5.000000" : 618496,
            "10.000000" : 659456,
            "20.000000" : 716800,
            "30.000000" : 749568,
            "40.000000" : 774144,
            "50.000000" : 806912,
            "60.000000" : 847872,
            "70.000000" : 946176,
            "80.000000" : 1171456,
            "90.000000" : 1515520,
            "95.000000" : 1859584,
            "99.000000" : 3751936,
            "99.500000" : 5013504,
            "99.900000" : 8978432,
            "99.950000" : 10682368,
            "99.990000" : 14614528,
            "0.00" : 0,
            "0.00" : 0,
            "0.00" : 0
          },
          "bins" : {
            "3536" : 1,
            "4192" : 2,
            "5216" : 1,
            "76288" : 1,
            "86528" : 1,
            "94720" : 1,
            "134144" : 1,
            "138240" : 1,
            "160768" : 1,
            "211968" : 1,
            "246784" : 2,
            "250880" : 1,
            "313344" : 1,
            "317440" : 1,
            "354304" : 1,
            "362496" : 1,
            "391168" : 1,
            "399360" : 1,
            "403456" : 3,
            "407552" : 1,
            "411648" : 1,
            "415744" : 4,
            "419840" : 7,
            "423936" : 11,
            "428032" : 9,
            "432128" : 9,
            "436224" : 10,
            "440320" : 21,
            "444416" : 26,
            "448512" : 31,
            "452608" : 27,
            "456704" : 36,
            "460800" : 49,
            "464896" : 81,
            "468992" : 97,
            "473088" : 95,
            "477184" : 135,
            "481280" : 144,
            "485376" : 182,
            "489472" : 181,
            "493568" : 258,
            "497664" : 321,
            "501760" : 322,
            "505856" : 417,
            "509952" : 436,
            "514048" : 424,
            "518144" : 578,
            "522240" : 639,
            "528384" : 1498,
            "536576" : 1869,
            "544768" : 2227,
            "552960" : 2483,
            "561152" : 2950,
            "569344" : 3251,
            "577536" : 3715,
            "585728" : 4174,
            "593920" : 4599,
            "602112" : 4937,
            "610304" : 5152,
            "618496" : 5769,
            "626688" : 6392,
            "634880" : 6738,
            "643072" : 7537,
            "651264" : 8162,
            "659456" : 8807,
            "667648" : 10074,
            "675840" : 10995,
            "684032" : 12612,
            "692224" : 13841,
            "700416" : 15448,
            "708608" : 17332,
            "716800" : 18616,
            "724992" : 20440,
            "733184" : 22194,
            "741376" : 23473,
            "749568" : 24169,
            "757760" : 24666,
            "765952" : 24605,
            "774144" : 23893,
            "782336" : 23045,
            "790528" : 21353,
            "798720" : 19896,
            "806912" : 18678,
            "815104" : 17098,
            "823296" : 15558,
            "831488" : 14190,
            "839680" : 13026,
            "847872" : 11847,
            "856064" : 10852,
            "864256" : 10061,
            "872448" : 9206,
            "880640" : 8637,
            "888832" : 7972,
            "897024" : 7247,
            "905216" : 6607,
            "913408" : 6090,
            "921600" : 5741,
            "929792" : 5346,
            "937984" : 4999,
            "946176" : 4749,
            "954368" : 4308,
            "962560" : 4156,
            "970752" : 3959,
            "978944" : 3807,
            "987136" : 3671,
            "995328" : 3630,
            "1003520" : 3480,
            "1011712" : 3301,
            "1019904" : 3125,
            "1028096" : 3082,
            "1036288" : 2916,
            "1044480" : 2862,
            "1056768" : 5358,
            "1073152" : 5075,
            "1089536" : 4906,
            "1105920" : 4888,
            "1122304" : 4911,
            "1138688" : 4824,
            "1155072" : 4763,
            "1171456" : 4710,
            "1187840" : 4620,
            "1204224" : 4776,
            "1220608" : 4490,
            "1236992" : 4463,
            "1253376" : 4511,
            "1269760" : 4499,
            "1286144" : 4386,
            "1302528" : 4247,
            "1318912" : 4152,
            "1335296" : 4186,
            "1351680" : 3957,
            "1368064" : 3890,
            "1384448" : 3741,
            "1400832" : 3748,
            "1417216" : 3552,
            "1433600" : 3541,
            "1449984" : 3567,
            "1466368" : 3527,
            "1482752" : 3609,
            "1499136" : 3437,
            "1515520" : 3362,
            "1531904" : 3168,
            "1548288" : 3206,
            "1564672" : 2899,
            "1581056" : 2725,
            "1597440" : 2586,
            "1613824" : 2296,
            "1630208" : 2221,
            "1646592" : 2106,
            "1662976" : 1978,
            "1679360" : 1774,
            "1695744" : 1599,
            "1712128" : 1582,
            "1728512" : 1369,
            "1744896" : 1408,