{
  "fio version" : "fio-3.1",
  "timestamp" : 1556099157,
  "timestamp_ms" : 1556099157164,
  "time" : "Wed Apr 24 09:45:57 2019",
  "global options" : {
    "fallocate" : "none",
    "runtime" : "30",
    "directory" : "data/fio_write/beegfs-write-64-nvkzh",
    "bs" : "256",
    "time_based" : "1",
    "ioengine" : "libaio",
    "iodepth" : "8",
    "direct" : "1",
    "buffered" : "0",
    "thread" : "0",
    "group_reporting" : "1",
    "filesize" : "32g",
    "size" : "32g",
    "filename_format" : "$jobnum.dat"
  },
  "jobs" : [
    {
      "jobname" : "fio-job",
      "groupid" : 0,
      "error" : 0,
      "eta" : 0,
      "elapsed" : 31,
      "job options" : {
        "rw" : "write"
      },
      "read" : {
        "io_bytes" : 0,
        "io_kbytes" : 0,
        "bw" : 0,
        "iops" : 0.000000,
        "runtime" : 0,
        "total_ios" : 0,
        "short_ios" : 0,
        "drop_ios" : 0,
        "slat_ns" : {
          "min" : 0,
          "max" : 0,
          "mean" : 0.000000,
          "stddev" : 0.000000
        },
        "clat_ns" : {
          "min" : 0,
          "max" : 0,
          "mean" : 0.000000,
          "stddev" : 0.000000,
          "percentile" : {
            "1.000000" : 0,
            "5.000000" : 0,
            "10.000000" : 0,
            "20.000000" : 0,
            "30.000000" : 0,
            "40.000000" : 0,
            "50.000000" : 0,
            "60.000000" : 0,
            "70.000000" : 0,
            "80.000000" : 0,
            "90.000000" : 0,
            "95.000000" : 0,
            "99.000000" : 0,
            "99.500000" : 0,
            "99.900000" : 0,
            "99.950000" : 0,
            "99.990000" : 0,
            "0.00" : 0,
            "0.00" : 0,
            "0.00" : 0
          },
          "bins" : {

          }
        },
        "lat_ns" : {
          "min" : 0,
          "max" : 0,
          "mean" : 0.000000,
          "stddev" : 0.000000
        },
        "bw_min" : 0,
        "bw_max" : 0,
        "bw_agg" : 0.000000,
        "bw_mean" : 0.000000,
        "bw_dev" : 0.000000,
        "bw_samples" : 0,
        "iops_min" : 0,
        "iops_max" : 0,
        "iops_mean" : 0.000000,
        "iops_stddev" : 0.000000,
        "iops_samples" : 0
      },
      "write" : {
        "io_bytes" : 163140096,
        "io_kbytes" : 159316,
        "bw" : 5310,
        "iops" : 21241.491950,
        "runtime" : 30001,
        "total_ios" : 637266,
        "short_ios" : 0,
        "drop_ios" : 0,
        "slat_ns" : {
          "min" : 29302,
          "max" : 14570856,
          "mean" : 182426.963573,
          "stddev" : 201157.527393
        },
        "clat_ns" : {
          "min" : 4997,
          "max" : 26594039,
          "mean" : 1319655.635573,
          "stddev" : 799545.900044,
          "percentile" : {
            "1.000000" : 493568,
            "5.000000" : 561152,
            "10.000000" : 643072,
            "20.000000" : 749568,
            "30.000000" : 831488,
            "40.000000" : 929792,
            "50.000000" : 1073152,
            "60.000000" : 1302528,
            "70.000000" : 1548288,
            "80.000000" : 1761280,
            "90.000000" : 2211840,
            "95.000000" : 2736128,
            "99.000000" : 4112384,
            "99.500000" : 4882432,
            "99.900000" : 7372800,
            "99.950000" : 8716288,
            "99.990000" : 11599872,
            "0.00" : 0,
            "0.00" : 0,
            "0.00" : 0
          },
          "bins" : {
            "5024" : 1,
            "5344" : 1,
            "5728" : 1,
            "9792" : 1,
            "104960" : 1,
            "109056" : 1,
            "117248" : 1,
            "191488" : 1,
            "197632" : 1,
            "238592" : 1,
            "254976" : 1,
            "313344" : 1,
            "337920" : 1,
            "346112" : 1,
            "350208" : 2,
            "358400" : 1,
            "378880" : 1,
            "382976" : 2,
            "387072" : 3,
            "391168" : 4,
            "395264" : 1,
            "399360" : 6,
            "403456" : 7,
            "407552" : 13,
            "411648" : 21,
            "415744" : 26,
            "419840" : 31,
            "423936" : 58,
            "428032" : 65,
            "432128" : 80,
            "436224" : 104,
            "440320" : 127,
            "444416" : 158,
            "448512" : 185,
            "452608" : 223,
            "456704" : 261,
            "460800" : 350,
            "464896" : 380,
            "468992" : 444,
            "473088" : 517,
            "477184" : 583,
            "481280" : 772,
            "485376" : 808,
            "489472" : 907,
            "493568" : 966,
            "497664" : 1093,
            "501760" : 1129,
            "505856" : 1241,
            "509952" : 1277,
            "514048" : 1461,
            "518144" : 1463,
            "522240" : 1597,
            "528384" : 3198,
            "536576" : 3390,
            "544768" : 3344,
            "552960" : 3428,
            "561152" : 3302,
            "569344" : 3091,
            "577536" : 2994,
            "585728" : 2942,
            "593920" : 2989,
            "602112" : 2932,
            "610304" : 2942,
            "618496" : 3009,
            "626688" : 3221,
            "634880" : 3443,
            "643072" : 3613,
            "651264" : 3785,
            "659456" : 4174,
            "667648" : 4289,
            "675840" : 4691,
            "684032" : 4750,
            "692224" : 5025,
            "700416" : 5067,
            "708608" : 5343,
            "716800" : 5356,
            "724992" : 5671,
            "733184" : 5808,
            "741376" : 6038,
            "749568" : 6248,
            "757760" : 6283,
            "765952" : 6567,
            "774144" : 6553,
            "782336" : 6579,
            "790528" : 6529,
            "798720" : 6610,
            "806912" : 6712,
            "815104" : 6375,
            "823296" : 6457,
            "831488" : 6250,
            "839680" : 6195,
            "847872" : 5814,
            "856064" : 5860,
            "864256" : 5659,
            "872448" : 5526,
            "880640" : 5255,
            "888832" : 5113,
            "897024" : 4871,
            "905216" : 4792,
            "913408" : 4661,
            "921600" : 4566,
            "929792" : 4377,
            "937984" : 4148,
            "946176" : 3868,
            "954368" : 4007,
            "962560" : 3840,
            "970752" : 3792,
            "978944" : 3750,
            "987136" : 3661,
            "995328" : 3588,
            "1003520" : 3502,
            "1011712" : 3313,
            "1019904" : 3378,
            "1028096" : 3067,
            "1036288" : 3052,
            "1044480" : 2977,
            "1056768" : 5733,
            "1073152" : 5462,
            "1089536" : 5479,
            "1105920" : 5206,
            "1122304" : 5084,
            "1138688" : 4837,
            "1155072" : 4837,
            "1171456" : 4640,
            "1187840" : 4671,
            "1204224" : 4534,
            "1220608" : 4578,
            "1236992" : 4648,
            "1253376" : 4497,
            "1269760" : 4250,
            "1286144" : 3994,
            "1302528" : 4001,
            "1318912" : 4011,
            "1335296" : 3756,
            "1351680" : 3927,
            "1368064" : 3937,
            "1384448" : 3865,
            "1400832" : 3822,
            "1417216" : 3933,
            "1433600" : 4093,
            "1449984" : 4308,
            "1466368" : 4377,
            "1482752" : 4391,
            "1499136" : 4544,
            "1515520" : 4705,
            "1531904" : 5092,
            "1548288" : 5263,
            "1564672" : 5443,
            "1581056" : 5777,
            "1597440" : 5723,
            "1613824" : 5527,
            "1630208" : 5398,
            "1646592" : 5394,
            "1662976" : 5167,
            "1679360" : 5015,
            "1695744" : 4608,