{
  "fio version" : "fio-3.1",
  "timestamp" : 1556787263,
  "timestamp_ms" : 1556787263182,
  "time" : "Thu May  2 09:54:23 2019",
  "global options" : {
    "fallocate" : "none",
    "runtime" : "30",
    "directory" : "/mnt/storage-nvme/fio_write/beegfs-randwrite-8-client-102249-3",
    "bs" : "1024",
    "time_based" : "1",
    "ioengine" : "libaio",
    "iodepth" : "8",
    "direct" : "1",
    "buffered" : "0",
    "thread" : "0",
    "group_reporting" : "1",
    "filesize" : "32g",
    "size" : "32g",
    "filename_format" : "$jobnum.dat"
  },
  "jobs" : [
    {
      "jobname" : "fio-job",
      "groupid" : 0,
      "error" : 0,
      "eta" : 0,
      "elapsed" : 31,
      "job options" : {
        "rw" : "randwrite"
      },
      "read" : {
        "io_bytes" : 0,
        "io_kbytes" : 0,
        "bw" : 0,
        "iops" : 0.000000,
        "runtime" : 0,
        "total_ios" : 0,
        "short_ios" : 0,
        "drop_ios" : 0,
        "slat_ns" : {
          "min" : 0,
          "max" : 0,
          "mean" : 0.000000,
          "stddev" : 0.000000
        },
        "clat_ns" : {
          "min" : 0,
          "max" : 0,
          "mean" : 0.000000,
          "stddev" : 0.000000,
          "percentile" : {
            "1.000000" : 0,
            "5.000000" : 0,
            "10.000000" : 0,
            "20.000000" : 0,
            "30.000000" : 0,
            "40.000000" : 0,
            "50.000000" : 0,
            "60.000000" : 0,
            "70.000000" : 0,
            "80.000000" : 0,
            "90.000000" : 0,
            "95.000000" : 0,
            "99.000000" : 0,
            "99.500000" : 0,
            "99.900000" : 0,
            "99.950000" : 0,
            "99.990000" : 0,
            "0.00" : 0,
            "0.00" : 0,
            "0.00" : 0
          },
          "bins" : {

          }
        },
        "lat_ns" : {
          "min" : 0,
          "max" : 0,
          "mean" : 0.000000,
          "stddev" : 0.000000
        },
        "bw_min" : 0,
        "bw_max" : 0,
        "bw_agg" : 0.000000,
        "bw_mean" : 0.000000,
        "bw_dev" : 0.000000,
        "bw_samples" : 0,
        "iops_min" : 0,
        "iops_max" : 0,
        "iops_mean" : 0.000000,
        "iops_stddev" : 0.000000,
        "iops_samples" : 0
      },
      "write" : {
        "io_bytes" : 288496640,
        "io_kbytes" : 281735,
        "bw" : 9390,
        "iops" : 9390.540631,
        "runtime" : 30002,
        "total_ios" : 281735,
        "short_ios" : 0,
        "drop_ios" : 0,
        "slat_ns" : {
          "min" : 58488,
          "max" : 600182854,
          "mean" : 424033.128561,
          "stddev" : 2819012.597661
        },
        "clat_ns" : {
          "min" : 1703,
          "max" : 806634348,
          "mean" : 2917614.178143,
          "stddev" : 7543309.109256,
          "percentile" : {
            "1.000000" : 1417216,
            "5.000000" : 1531904,
            "10.000000" : 1597440,
            "20.000000" : 1695744,
            "30.000000" : 1794048,
            "40.000000" : 1908736,
            "50.000000" : 2088960,
            "60.000000" : 2441216,
            "70.000000" : 2867200,
            "80.000000" : 3588096,
            "90.000000" : 5341184,
            "95.000000" : 6455296,
            "99.000000" : 9240576,
            "99.500000" : 10551296,
            "99.900000" : 14614528,
            "99.950000" : 16318464,
            "99.990000" : 505413632,
            "0.00" : 0,
            "0.00" : 0,
            "0.00" : 0
          },
          "bins" : {
            "1704" : 2,
            "2128" : 1,
            "2192" : 1,
            "216064" : 1,
            "257024" : 1,
            "301056" : 1,
            "333824" : 1,
            "440320" : 1,
            "456704" : 1,
            "514048" : 1,
            "528384" : 1,
            "659456" : 1,
            "667648" : 1,
            "741376" : 1,
            "757760" : 1,
            "888832" : 1,
            "905216" : 1,
            "954368" : 1,
            "995328" : 1,
            "1019904" : 1,
            "1073152" : 1,
            "1105920" : 3,
            "1122304" : 1,
            "1138688" : 2,
            "1155072" : 3,
            "1171456" : 2,
            "1187840" : 8,
            "1204224" : 8,
            "1220608" : 13,
            "1236992" : 17,
            "1253376" : 17,
            "1269760" : 35,
            "1286144" : 39,
            "1302528" : 117,
            "1318912" : 151,
            "1335296" : 195,
            "1351680" : 293,
            "1368064" : 417,
            "1384448" : 512,
            "1400832" : 691,
            "1417216" : 883,
            "1433600" : 1061,
            "1449984" : 1260,
            "1466368" : 1491,
            "1482752" : 1733,
            "1499136" : 2008,
            "1515520" : 2318,
            "1531904" : 2559,
            "1548288" : 2952,
            "1564672" : 3197,
            "1581056" : 3545,
            "1597440" : 3866,
            "1613824" : 4105,
            "1630208" : 4283,
            "1646592" : 4567,
            "1662976" : 4659,
            "1679360" : 4715,
            "1695744" : 4806,
            "1712128" : 5017,
            "1728512" : 4845,
            "1744896" : 4920,
            "1761280" : 4737,
            "1777664" : 4819,
            "1794048" : 4661,
            "1810432" : 4439,
            "1826816" : 4334,
            "1843200" : 4193,
            "1859584" : 3963,
            "1875968" : 3837,
            "1892352" : 3638,
            "1908736" : 3530,
            "1925120" : 3258,
            "1941504" : 3011,
            "1957888" : 2976,
            "1974272" : 2761,
            "1990656" : 2670,
            "2007040" : 2470,
            "2023424" : 2358,
            "2039808" : 2277,
            "2056192" : 2241,
            "2072576" : 2027,
            "2088960" : 1858,
            "2113536" : 3558,
            "2146304" : 3293,
            "2179072" : 3055,
            "2211840" : 2881,
            "2244608" : 2639,
            "2277376" : 2512,
            "2310144" : 2396,
            "2342912" : 2344,
            "2375680" : 2246,
            "2408448" : 2231,
            "2441216" : 2245,
            "2473984" : 2186,
            "2506752" : 2165,
            "2539520" : 2131,
            "2572288" : 2261,
            "2605056" : 2162,
            "2637824" : 2218,
            "2670592" : 2253,
            "2703360" : 2250,
            "2736128" : 2097,
            "2768896" : 2082,
            "2801664" : 2164,
            "2834432" : 2099,
            "2867200" : 1967,
            "2899968" : 2092,
            "2932736" : 1980,
            "2965504" : 1812,
            "2998272" : 1806,
            "3031040" : 1629,
            "3063808" : 1654,
            "3096576" : 1554,
            "3129344" : 1372,
            "3162112" : 1277,
            "3194880" : 1247,
            "3227648" : 1170,
            "3260416" : 1117,
            "3293184" : 1006,
            "3325952" : 1007,
            "3358720" : 947,
            "3391488" : 875,
            "3424256" : 821,
            "3457024" : 782,
            "3489792" : 776,
            "3522560" : 757,
            "3555328" : 745,
            "3588096" : 747,
            "3620864" : 687,
            "3653632" : 710,
            "3686400" : 671,
            "3719168" : 719,
            "3751936" : 649,
            "3784704" : 664,
            "3817472" : 628,
            "3850240" : 676,
            "3883008" : 669,
            "3915776" : 665,
            "3948544" : 628,
            "3981312" : 600,
            "4014080" : 594,
            "4046848" : 621,
            "4079616" : 579,
            "4112384" : 568,
            "4145152" : 574,
            "4177920" : 560,
            "4227072" : 1033,
            "4292608" : 1097,
            "4358144" : 1034,
            "4423680" : 1043,
            "4489216" : 978,
            "4554752" : 914,