{
  "fio version" : "fio-3.1",
  "timestamp" : 1556787452,
  "timestamp_ms" : 1556787452399,
  "time" : "Thu May  2 09:57:32 2019",
  "global options" : {
    "fallocate" : "none",
    "runtime" : "30",
    "directory" : "/mnt/storage-nvme/fio_write/beegfs-randwrite-8-client-102249-3",
    "bs" : "65536",
    "time_based" : "1",
    "ioengine" : "libaio",
    "iodepth" : "8",
    "direct" : "1",
    "buffered" : "0",
    "thread" : "0",
    "group_reporting" : "1",
    "filesize" : "32g",
    "size" : "32g",
    "filename_format" : "$jobnum.dat"
  },
  "jobs" : [
    {
      "jobname" : "fio-job",
      "groupid" : 0,
      "error" : 0,
      "eta" : 0,
      "elapsed" : 31,
      "job options" : {
        "rw" : "randwrite"
      },
      "read" : {
        "io_bytes" : 0,
        "io_kbytes" : 0,
        "bw" : 0,
        "iops" : 0.000000,
        "runtime" : 0,
        "total_ios" : 0,
        "short_ios" : 0,
        "drop_ios" : 0,
        "slat_ns" : {
          "min" : 0,
          "max" : 0,
          "mean" : 0.000000,
          "stddev" : 0.000000
        },
        "clat_ns" : {
          "min" : 0,
          "max" : 0,
          "mean" : 0.000000,
          "stddev" : 0.000000,
          "percentile" : {
            "1.000000" : 0,
            "5.000000" : 0,
            "10.000000" : 0,
            "20.000000" : 0,
            "30.000000" : 0,
            "40.000000" : 0,
            "50.000000" : 0,
            "60.000000" : 0,
            "70.000000" : 0,
            "80.000000" : 0,
            "90.000000" : 0,
            "95.000000" : 0,
            "99.000000" : 0,
            "99.500000" : 0,
            "99.900000" : 0,
            "99.950000" : 0,
            "99.990000" : 0,
            "0.00" : 0,
            "0.00" : 0,
            "0.00" : 0
          },
          "bins" : {

          }
        },
        "lat_ns" : {
          "min" : 0,
          "max" : 0,
          "mean" : 0.000000,
          "stddev" : 0.000000
        },
        "bw_min" : 0,
        "bw_max" : 0,
        "bw_agg" : 0.000000,
        "bw_mean" : 0.000000,
        "bw_dev" : 0.000000,
        "bw_samples" : 0,
        "iops_min" : 0,
        "iops_max" : 0,
        "iops_mean" : 0.000000,
        "iops_stddev" : 0.000000,
        "iops_samples" : 0
      },
      "write" : {
        "io_bytes" : 12978356224,
        "io_kbytes" : 12674176,
        "bw" : 422458,
        "iops" : 6600.913303,
        "runtime" : 30001,
        "total_ios" : 198034,
        "short_ios" : 0,
        "drop_ios" : 0,
        "slat_ns" : {
          "min" : 86436,
          "max" : 338169413,
          "mean" : 603658.434744,
          "stddev" : 1921867.753162
        },
        "clat_ns" : {
          "min" : 1734,
          "max" : 560747487,
          "mean" : 4215200.767020,
          "stddev" : 5376459.508274,
          "percentile" : {
            "1.000000" : 1236992,
            "5.000000" : 1613824,
            "10.000000" : 1826816,
            "20.000000" : 2146304,
            "30.000000" : 2506752,
            "40.000000" : 2998272,
            "50.000000" : 3686400,
            "60.000000" : 4358144,
            "70.000000" : 5013504,
            "80.000000" : 5865472,
            "90.000000" : 7110656,
            "95.000000" : 8290304,
            "99.000000" : 11599872,
            "99.500000" : 13172736,
            "99.900000" : 17694720,
            "99.950000" : 23986176,
            "99.990000" : 198180864,
            "0.00" : 0,
            "0.00" : 0,
            "0.00" : 0
          },
          "bins" : {
            "1736" : 1,
            "1896" : 2,
            "2096" : 1,
            "187392" : 1,
            "222208" : 1,
            "236544" : 1,
            "415744" : 1,
            "444416" : 1,
            "473088" : 1,
            "528384" : 1,
            "675840" : 1,
            "700416" : 1,
            "905216" : 1,
            "937984" : 2,
            "962560" : 1,
            "970752" : 1,
            "978944" : 2,
            "987136" : 4,
            "995328" : 4,
            "1003520" : 4,
            "1011712" : 11,
            "1019904" : 8,
            "1028096" : 10,
            "1036288" : 9,
            "1044480" : 19,
            "1056768" : 48,
            "1073152" : 73,
            "1089536" : 65,
            "1105920" : 115,
            "1122304" : 127,
            "1138688" : 154,
            "1155072" : 175,
            "1171456" : 197,
            "1187840" : 234,
            "1204224" : 225,
            "1220608" : 231,
            "1236992" : 250,
            "1253376" : 258,
            "1269760" : 273,
            "1286144" : 259,
            "1302528" : 296,
            "1318912" : 266,
            "1335296" : 274,
            "1351680" : 321,
            "1368064" : 316,
            "1384448" : 338,
            "1400832" : 330,
            "1417216" : 326,
            "1433600" : 347,
            "1449984" : 368,
            "1466368" : 377,
            "1482752" : 375,
            "1499136" : 379,
            "1515520" : 398,
            "1531904" : 440,
            "1548288" : 469,
            "1564672" : 498,
            "1581056" : 516,
            "1597440" : 492,
            "1613824" : 506,
            "1630208" : 568,
            "1646592" : 597,
            "1662976" : 648,
            "1679360" : 679,
            "1695744" : 677,
            "1712128" : 709,
            "1728512" : 758,
            "1744896" : 793,
            "1761280" : 836,
            "1777664" : 830,
            "1794048" : 840,
            "1810432" : 887,
            "1826816" : 923,
            "1843200" : 957,
            "1859584" : 1013,
            "1875968" : 920,
            "1892352" : 971,
            "1908736" : 971,
            "1925120" : 962,
            "1941504" : 1015,
            "1957888" : 1010,
            "1974272" : 1028,
            "1990656" : 1042,
            "2007040" : 1075,
            "2023424" : 1072,
            "2039808" : 1071,
            "2056192" : 979,
            "2072576" : 1049,
            "2088960" : 994,
            "2113536" : 2182,
            "2146304" : 2103,
            "2179072" : 2018,
            "2211840" : 1993,
            "2244608" : 1968,
            "2277376" : 1941,
            "2310144" : 1944,
            "2342912" : 1790,
            "2375680" : 1698,
            "2408448" : 1743,
            "2441216" : 1709,
            "2473984" : 1615,
            "2506752" : 1600,
            "2539520" : 1527,
            "2572288" : 1458,
            "2605056" : 1471,
            "2637824" : 1389,
            "2670592" : 1280,
            "2703360" : 1265,
            "2736128" : 1302,
            "2768896" : 1281,
            "2801664" : 1247,
            "2834432" : 1210,
            "2867200" : 1115,
            "2899968" : 1118,
            "2932736" : 1135,
            "2965504" : 1095,
            "2998272" : 1064,
            "3031040" : 1022,
            "3063808" : 1084,
            "3096576" : 1032,
            "3129344" : 939,
            "3162112" : 984,
            "3194880" : 957,
            "3227648" : 928,
            "3260416" : 944,
            "3293184" : 1018,
            "3325952" : 967,
            "3358720" : 905,
            "3391488" : 922,
            "3424256" : 915,
            "3457024" : 1010,
            "3489792" : 893,
            "3522560" : 970,
            "3555328" : 953,
            "3588096" : 950,
            "3620864" : 1022,
            "3653632" : 910,
            "3686400" : 881,
            "3719168" : 986,
            "3751936" : 948,
            "3784704" : 939,
            "3817472" : 926,
            "3850240" : 977,
            "3883008" : 980,
            "3915776" : 965,
            "3948544" : 971,
            "3981312" : 922,
            "4014080" : 1014,
            "4046848" : 1007,
            "4079616" : 931,
            "4112384" : 1004,
            "4145152" : 906,
            "4177920" : 939,