{
  "fio version" : "fio-3.1",
  "timestamp" : 1555531296,
  "timestamp_ms" : 1555531296516,
  "time" : "Wed Apr 17 20:01:36 2019",
  "global options" : {
    "fallocate" : "none",
    "runtime" : "30",
    "directory" : "/data/fio_write/beegfs-write-64-pvhcw",
    "bs" : "8388608",
    "time_based" : "1",
    "ioengine" : "libaio",
    "iodepth" : "8",
    "direct" : "1",
    "buffered" : "0",
    "thread" : "0",
    "group_reporting" : "1",
    "filesize" : "32g",
    "size" : "32g",
    "filename_format" : "$jobnum.dat"
  },
  "jobs" : [
    {
      "jobname" : "fio-job",
      "groupid" : 0,
      "error" : 0,
      "eta" : 0,
      "elapsed" : 31,
      "job options" : {
        "rw" : "write"
      },
      "read" : {
        "io_bytes" : 0,
        "io_kbytes" : 0,
        "bw" : 0,
        "iops" : 0.000000,
        "runtime" : 0,
        "total_ios" : 0,
        "short_ios" : 0,
        "drop_ios" : 0,
        "slat_ns" : {
          "min" : 0,
          "max" : 0,
          "mean" : 0.000000,
          "stddev" : 0.000000
        },
        "clat_ns" : {
          "min" : 0,
          "max" : 0,
          "mean" : 0.000000,
          "stddev" : 0.000000,
          "percentile" : {
            "1.000000" : 0,
            "5.000000" : 0,
            "10.000000" : 0,
            "20.000000" : 0,
            "30.000000" : 0,
            "40.000000" : 0,
            "50.000000" : 0,
            "60.000000" : 0,
            "70.000000" : 0,
            "80.000000" : 0,
            "90.000000" : 0,
            "95.000000" : 0,
            "99.000000" : 0,
            "99.500000" : 0,
            "99.900000" : 0,
            "99.950000" : 0,
            "99.990000" : 0,
            "0.00" : 0,
            "0.00" : 0,
            "0.00" : 0
          },
          "bins" : {

          }
        },
        "lat_ns" : {
          "min" : 0,
          "max" : 0,
          "mean" : 0.000000,
          "stddev" : 0.000000
        },
        "bw_min" : 0,
        "bw_max" : 0,
        "bw_agg" : 0.000000,
        "bw_mean" : 0.000000,
        "bw_dev" : 0.000000,
        "bw_samples" : 0,
        "iops_min" : 0,
        "iops_max" : 0,
        "iops_mean" : 0.000000,
        "iops_stddev" : 0.000000,
        "iops_samples" : 0
      },
      "write" : {
        "io_bytes" : 1962934272,
        "io_kbytes" : 1916928,
        "bw" : 63645,
        "iops" : 7.769182,
        "runtime" : 30119,
        "total_ios" : 234,
        "short_ios" : 0,
        "drop_ios" : 0,
        "slat_ns" : {
          "min" : 62821426,
          "max" : 2394791906,
          "mean" : 513980814.666667,
          "stddev" : 424848368.220635
        },
        "clat_ns" : {
          "min" : 4857,
          "max" : 8521313484,
          "mean" : 3364757900.008547,
          "stddev" : 1485182404.283170,
          "percentile" : {
            "1.000000" : 8256,
            "5.000000" : 1182793728,
            "10.000000" : 1719664640,
            "20.000000" : 2264924160,
            "30.000000" : 2566914048,
            "40.000000" : 2936012800,
            "50.000000" : 3170893824,
            "60.000000" : 3472883712,
            "70.000000" : 3875536896,
            "80.000000" : 4529848320,
            "90.000000" : 5335154688,
            "95.000000" : 6140461056,
            "99.000000" : 7818182656,
            "99.500000" : 7885291520,
            "99.900000" : 8489271296,
            "99.950000" : 8489271296,
            "99.990000" : 8489271296,
            "0.00" : 0,
            "0.00" : 0,
            "0.00" : 0
          },
          "bins" : {
            "4832" : 1,
            "6112" : 1,
            "8256" : 1,
            "19328" : 1,
            "246415360" : 1,
            "291504128" : 1,
            "387973120" : 1,
            "549453824" : 1,
            "1010827264" : 1,
            "1115684864" : 1,
            "1166016512" : 1,
            "1182793728" : 1,
            "1266679808" : 1,
            "1317011456" : 1,
            "1333788672" : 1,
            "1350565888" : 1,
            "1451229184" : 1,
            "1468006400" : 1,
            "1518338048" : 1,
            "1585446912" : 1,
            "1652555776" : 1,
            "1669332992" : 1,
            "1686110208" : 1,
            "1719664640" : 1,
            "1786773504" : 1,
            "1853882368" : 1,
            "1870659584" : 2,
            "1887436800" : 1,
            "1904214016" : 1,
            "1937768448" : 1,
            "1954545664" : 1,
            "1971322880" : 2,
            "1988100096" : 1,
            "2021654528" : 1,
            "2088763392" : 1,
            "2122317824" : 2,
            "2164260864" : 4,
            "2197815296" : 2,
            "2264924160" : 4,
            "2298478592" : 1,
            "2332033024" : 2,
            "2365587456" : 4,
            "2399141888" : 1,
            "2432696320" : 3,
            "2466250752" : 5,
            "2499805184" : 2,
            "2533359616" : 2,
            "2566914048" : 4,
            "2600468480" : 2,
            "2667577344" : 4,
            "2701131776" : 1,
            "2734686208" : 1,
            "2768240640" : 1,
            "2835349504" : 3,
            "2868903936" : 3,
            "2902458368" : 5,
            "2936012800" : 5,
            "2969567232" : 6,
            "3003121664" : 3,
            "3036676096" : 2,
            "3070230528" : 4,
            "3103784960" : 1,
            "3137339392" : 2,
            "3170893824" : 3,
            "3204448256" : 1,
            "3238002688" : 3,
            "3271557120" : 2,
            "3305111552" : 1,
            "3338665984" : 1,
            "3372220416" : 1,
            "3405774848" : 3,
            "3439329280" : 6,
            "3472883712" : 5,
            "3506438144" : 1,
            "3539992576" : 1,
            "3573547008" : 3,
            "3607101440" : 2,
            "3640655872" : 4,
            "3674210304" : 2,
            "3707764736" : 1,
            "3741319168" : 1,
            "3808428032" : 4,
            "3841982464" : 2,
            "3875536896" : 3,
            "3909091328" : 1,
            "3976200192" : 3,
            "4043309056" : 2,
            "4110417920" : 2,
            "4143972352" : 2,
            "4211081216" : 3,
            "4244635648" : 1,
            "4278190080" : 1,
            "4328521728" : 2,
            "4462739456" : 3,
            "4529848320" : 2,
            "4596957184" : 2,
            "4664066048" : 1,
            "4731174912" : 2,
            "4798283776" : 2,
            "4865392640" : 3,
            "4932501504" : 4,
            "4999610368" : 2,
            "5066719232" : 1,
            "5133828096" : 1,
            "5200936960" : 1,
            "5268045824" : 1,
            "5335154688" : 3,
            "5402263552" : 1,
            "5469372416" : 2,
            "5536481280" : 1,
            "5603590144" : 1,
            "5670699008" : 2,
            "5737807872" : 1,
            "5872025600" : 1,
            "5939134464" : 1,
            "6006243328" : 1,
            "6140461056" : 2,
            "6207569920" : 3,
            "6744440832" : 1,
            "7012876288" : 2,
            "7079985152" : 1,
            "7818182656" : 1,
            "7885291520" : 1,
            "8489271296" : 1
          }
        },
        "lat_ns" : {
          "min" : 247236014,
          "max" : 8642509534,
          "mean" : 3878740977.542734,
          "stddev" : 1567526742.140681
        },
        "bw_min" : 16351,
        "bw_max" : 66331,
        "bw_agg" : 38.183847,
        "bw_mean" : 24302.109489,
        "bw_dev" : 12009.178480,
        "bw_samples" : 137,
        "iops_min" : 1,
        "iops_max" : 8,
        "iops_mean" : 2.919708,
        "iops_stddev" : 1.485510,
        "iops_samples" : 137
      },
      "trim" : {
        "io_bytes" : 0,
        "io_kbytes" : 0,
        "bw" : 0,
        "iops" : 0.000000,
        "runtime" : 0,
        "total_ios" : 0,
        "short_ios" : 0,