{
  "fio version" : "fio-3.1",
  "timestamp" : 1556096858,
  "timestamp_ms" : 1556096858727,
  "time" : "Wed Apr 24 10:07:38 2019",
  "global options" : {
    "fallocate" : "none",
    "runtime" : "30",
    "directory" : "/mnt/storage-nvme/fio_write/beegfs-write-64-client-39945-17",
    "bs" : "1048576",
    "time_based" : "1",
    "ioengine" : "libaio",
    "iodepth" : "8",
    "direct" : "1",
    "buffered" : "0",
    "thread" : "0",
    "group_reporting" : "1",
    "filesize" : "32g",
    "size" : "32g",
    "filename_format" : "$jobnum.dat"
  },
  "jobs" : [
    {
      "jobname" : "fio-job",
      "groupid" : 0,
      "error" : 0,
      "eta" : 0,
      "elapsed" : 31,
      "job options" : {
        "rw" : "write"
      },
      "read" : {
        "io_bytes" : 0,
        "io_kbytes" : 0,
        "bw" : 0,
        "iops" : 0.000000,
        "runtime" : 0,
        "total_ios" : 0,
        "short_ios" : 0,
        "drop_ios" : 0,
        "slat_ns" : {
          "min" : 0,
          "max" : 0,
          "mean" : 0.000000,
          "stddev" : 0.000000
        },
        "clat_ns" : {
          "min" : 0,
          "max" : 0,
          "mean" : 0.000000,
          "stddev" : 0.000000,
          "percentile" : {
            "1.000000" : 0,
            "5.000000" : 0,
            "10.000000" : 0,
            "20.000000" : 0,
            "30.000000" : 0,
            "40.000000" : 0,
            "50.000000" : 0,
            "60.000000" : 0,
            "70.000000" : 0,
            "80.000000" : 0,
            "90.000000" : 0,
            "95.000000" : 0,
            "99.000000" : 0,
            "99.500000" : 0,
            "99.900000" : 0,
            "99.950000" : 0,
            "99.990000" : 0,
            "0.00" : 0,
            "0.00" : 0,
            "0.00" : 0
          },
          "bins" : {

          }
        },
        "lat_ns" : {
          "min" : 0,
          "max" : 0,
          "mean" : 0.000000,
          "stddev" : 0.000000
        },
        "bw_min" : 0,
        "bw_max" : 0,
        "bw_agg" : 0.000000,
        "bw_mean" : 0.000000,
        "bw_dev" : 0.000000,
        "bw_samples" : 0,
        "iops_min" : 0,
        "iops_max" : 0,
        "iops_mean" : 0.000000,
        "iops_stddev" : 0.000000,
        "iops_samples" : 0
      },
      "write" : {
        "io_bytes" : 1871708160,
        "io_kbytes" : 1827840,
        "bw" : 60588,
        "iops" : 59.168656,
        "runtime" : 30168,
        "total_ios" : 1785,
        "short_ios" : 0,
        "drop_ios" : 0,
        "slat_ns" : {
          "min" : 648582,
          "max" : 1992955824,
          "mean" : 67433579.921008,
          "stddev" : 156691561.447466
        },
        "clat_ns" : {
          "min" : 5630,
          "max" : 3424826258,
          "mean" : 470430052.306443,
          "stddev" : 338215870.175310,
          "percentile" : {
            "1.000000" : 63176704,
            "5.000000" : 107479040,
            "10.000000" : 135266304,
            "20.000000" : 210763776,
            "30.000000" : 274726912,
            "40.000000" : 329252864,
            "50.000000" : 408944640,
            "60.000000" : 488636416,
            "70.000000" : 557842432,
            "80.000000" : 666894336,
            "90.000000" : 859832320,
            "95.000000" : 1002438656,
            "99.000000" : 1736441856,
            "99.500000" : 2122317824,
            "99.900000" : 3439329280,
            "99.950000" : 3439329280,
            "99.990000" : 3439329280,
            "0.00" : 0,
            "0.00" : 0,
            "0.00" : 0
          },
          "bins" : {
            "5600" : 1,
            "5792" : 1,
            "6048" : 1,
            "6880" : 1,
            "38535168" : 1,
            "43253760" : 1,
            "45350912" : 1,
            "45875200" : 1,
            "46399488" : 3,
            "47448064" : 2,
            "60555264" : 1,
            "61603840" : 2,
            "62652416" : 1,
            "63176704" : 1,
            "64225280" : 1,
            "66322432" : 4,
            "67633152" : 2,
            "68681728" : 3,
            "69730304" : 2,
            "70778880" : 2,
            "71827456" : 2,
            "73924608" : 2,
            "74973184" : 2,
            "76021760" : 3,
            "77070336" : 2,
            "78118912" : 1,
            "79167488" : 4,
            "80216064" : 4,
            "81264640" : 1,
            "82313216" : 1,
            "83361792" : 3,
            "85458944" : 2,
            "86507520" : 1,
            "87556096" : 1,
            "88604672" : 3,
            "89653248" : 3,
            "90701824" : 2,
            "91750400" : 2,
            "92798976" : 1,
            "93847552" : 1,
            "98041856" : 2,
            "99090432" : 3,
            "100139008" : 3,
            "101187584" : 3,
            "102236160" : 2,
            "103284736" : 1,
            "105381888" : 1,
            "106430464" : 1,
            "107479040" : 4,
            "108527616" : 5,
            "109576192" : 3,
            "110624768" : 2,
            "113770496" : 4,
            "114819072" : 3,
            "115867648" : 1,
            "116916224" : 4,
            "117964800" : 1,
            "119013376" : 3,
            "120061952" : 2,
            "121110528" : 4,
            "122159104" : 3,
            "123207680" : 3,
            "125304832" : 5,
            "126353408" : 4,
            "127401984" : 3,
            "128450560" : 7,
            "129499136" : 6,
            "130547712" : 2,
            "131596288" : 3,
            "132644864" : 6,
            "133693440" : 2,
            "135266304" : 10,
            "137363456" : 4,
            "139460608" : 5,
            "141557760" : 5,
            "143654912" : 6,
            "145752064" : 3,
            "147849216" : 5,
            "149946368" : 3,
            "152043520" : 8,
            "154140672" : 5,
            "156237824" : 5,
            "158334976" : 3,
            "160432128" : 1,
            "162529280" : 6,
            "164626432" : 2,
            "166723584" : 4,
            "168820736" : 7,
            "170917888" : 1,
            "173015040" : 3,
            "175112192" : 5,
            "177209344" : 8,
            "179306496" : 5,
            "181403648" : 8,
            "183500800" : 2,
            "185597952" : 11,
            "187695104" : 4,
            "189792256" : 4,
            "191889408" : 3,
            "193986560" : 3,
            "196083712" : 9,
            "198180864" : 11,
            "200278016" : 10,
            "202375168" : 4,
            "204472320" : 4,
            "206569472" : 3,
            "208666624" : 6,
            "210763776" : 8,
            "212860928" : 6,
            "214958080" : 3,
            "217055232" : 6,
            "219152384" : 3,
            "221249536" : 3,
            "223346688" : 4,
            "225443840" : 5,
            "227540992" : 4,
            "229638144" : 12,
            "231735296" : 10,
            "233832448" : 8,
            "235929600" : 5,
            "238026752" : 7,
            "240123904" : 2,
            "242221056" : 2,
            "244318208" : 7,
            "246415360" : 9,
            "248512512" : 3,
            "250609664" : 8,
            "252706816" : 4,
            "254803968" : 4,
            "256901120" : 4,
            "258998272" : 8,
            "261095424" : 3,
            "263192576" : 8,
            "265289728" : 3,
            "267386880" : 8,
            "270532608" : 16,
            "274726912" : 14,
            "278921216" : 14,
            "283115520" : 14,
            "287309824" : 19,
            "291504128" : 11,
            "295698432" : 11,
            "299892736" : 13,
            "304087040" : 16,
            "308281344" : 13,
            "312475648" : 17,
            "316669952" : 11,
            "320864256" : 13,
            "325058560" : 6,
            "329252864" : 15,
            "333447168" : 10,
            "337641472" : 13,