{
  "fio version" : "fio-3.1",
  "timestamp" : 1556099972,
  "timestamp_ms" : 1556099972197,
  "time" : "Wed Apr 24 09:59:32 2019",
  "global options" : {
    "fallocate" : "none",
    "runtime" : "30",
    "directory" : "data/fio_write/beegfs-randwrite-64-89cb4",
    "bs" : "512",
    "time_based" : "1",
    "ioengine" : "libaio",
    "iodepth" : "8",
    "direct" : "1",
    "buffered" : "0",
    "thread" : "0",
    "group_reporting" : "1",
    "filesize" : "32g",
    "size" : "32g",
    "filename_format" : "$jobnum.dat"
  },
  "jobs" : [
    {
      "jobname" : "fio-job",
      "groupid" : 0,
      "error" : 0,
      "eta" : 0,
      "elapsed" : 33,
      "job options" : {
        "rw" : "randwrite"
      },
      "read" : {
        "io_bytes" : 0,
        "io_kbytes" : 0,
        "bw" : 0,
        "iops" : 0.000000,
        "runtime" : 0,
        "total_ios" : 0,
        "short_ios" : 0,
        "drop_ios" : 0,
        "slat_ns" : {
          "min" : 0,
          "max" : 0,
          "mean" : 0.000000,
          "stddev" : 0.000000
        },
        "clat_ns" : {
          "min" : 0,
          "max" : 0,
          "mean" : 0.000000,
          "stddev" : 0.000000,
          "percentile" : {
            "1.000000" : 0,
            "5.000000" : 0,
            "10.000000" : 0,
            "20.000000" : 0,
            "30.000000" : 0,
            "40.000000" : 0,
            "50.000000" : 0,
            "60.000000" : 0,
            "70.000000" : 0,
            "80.000000" : 0,
            "90.000000" : 0,
            "95.000000" : 0,
            "99.000000" : 0,
            "99.500000" : 0,
            "99.900000" : 0,
            "99.950000" : 0,
            "99.990000" : 0,
            "0.00" : 0,
            "0.00" : 0,
            "0.00" : 0
          },
          "bins" : {

          }
        },
        "lat_ns" : {
          "min" : 0,
          "max" : 0,
          "mean" : 0.000000,
          "stddev" : 0.000000
        },
        "bw_min" : 0,
        "bw_max" : 0,
        "bw_agg" : 0.000000,
        "bw_mean" : 0.000000,
        "bw_dev" : 0.000000,
        "bw_samples" : 0,
        "iops_min" : 0,
        "iops_max" : 0,
        "iops_mean" : 0.000000,
        "iops_stddev" : 0.000000,
        "iops_samples" : 0
      },
      "write" : {
        "io_bytes" : 198656,
        "io_kbytes" : 194,
        "bw" : 6,
        "iops" : 12.332337,
        "runtime" : 31462,
        "total_ios" : 388,
        "short_ios" : 0,
        "drop_ios" : 0,
        "slat_ns" : {
          "min" : 112896,
          "max" : 7394475084,
          "mean" : 291307233.822165,
          "stddev" : 803894615.206095
        },
        "clat_ns" : {
          "min" : 9097,
          "max" : 10397245681,
          "mean" : 1999588537.476804,
          "stddev" : 1901209451.493646,
          "percentile" : {
            "1.000000" : 13504,
            "5.000000" : 27131904,
            "10.000000" : 55836672,
            "20.000000" : 156237824,
            "30.000000" : 666894336,
            "40.000000" : 1115684864,
            "50.000000" : 1702887424,
            "60.000000" : 2055208960,
            "70.000000" : 2768240640,
            "80.000000" : 3338665984,
            "90.000000" : 4211081216,
            "95.000000" : 5335154688,
            "99.000000" : 10133438464,
            "99.500000" : 10401873920,
            "99.900000" : 10401873920,
            "99.950000" : 10401873920,
            "99.990000" : 10401873920,
            "0.00" : 0,
            "0.00" : 0,
            "0.00" : 0
          },
          "bins" : {
            "9152" : 2,
            "10432" : 1,
            "13504" : 1,
            "1744896" : 1,
            "1957888" : 1,
            "1974272" : 1,
            "6914048" : 2,
            "13828096" : 1,
            "15400960" : 1,
            "16908288" : 2,
            "17170432" : 1,
            "21102592" : 1,
            "21626880" : 1,
            "23199744" : 1,
            "23461888" : 1,
            "23724032" : 1,
            "27131904" : 1,
            "27656192" : 1,
            "28442624" : 1,
            "28704768" : 1,
            "30015488" : 1,
            "31850496" : 2,
            "33161216" : 1,
            "34865152" : 1,
            "38010880" : 1,
            "38535168" : 1,
            "45875200" : 1,
            "48496640" : 1,
            "52690944" : 1,
            "54263808" : 2,
            "55836672" : 4,
            "57409536" : 3,
            "60555264" : 1,
            "64225280" : 1,
            "66322432" : 1,
            "69730304" : 1,
            "70778880" : 2,
            "71827456" : 1,
            "72876032" : 1,
            "88604672" : 2,
            "94896128" : 1,
            "96993280" : 1,
            "99090432" : 1,
            "102236160" : 1,
            "103284736" : 1,
            "110624768" : 1,
            "112721920" : 2,
            "113770496" : 1,
            "117964800" : 1,
            "122159104" : 2,
            "126353408" : 1,
            "127401984" : 1,
            "129499136" : 1,
            "130547712" : 1,
            "141557760" : 1,
            "143654912" : 3,
            "145752064" : 1,
            "147849216" : 2,
            "149946368" : 1,
            "156237824" : 2,
            "164626432" : 1,
            "227540992" : 1,
            "233832448" : 1,
            "242221056" : 1,
            "248512512" : 1,
            "278921216" : 1,
            "283115520" : 2,
            "299892736" : 2,
            "304087040" : 2,
            "337641472" : 1,
            "379584512" : 1,
            "387973120" : 1,
            "392167424" : 1,
            "413138944" : 1,
            "417333248" : 1,
            "438304768" : 1,
            "442499072" : 2,
            "446693376" : 1,
            "450887680" : 1,
            "467664896" : 2,
            "497025024" : 1,
            "505413632" : 1,
            "513802240" : 1,
            "541065216" : 2,
            "549453824" : 2,
            "557842432" : 1,
            "566231040" : 2,
            "591396864" : 1,
            "666894336" : 3,
            "675282944" : 1,
            "683671552" : 2,
            "742391808" : 1,
            "750780416" : 1,
            "817889280" : 1,
            "826277888" : 1,
            "843055104" : 1,
            "859832320" : 1,
            "876609536" : 1,
            "893386752" : 4,
            "910163968" : 2,
            "935329792" : 2,
            "943718400" : 1,
            "952107008" : 1,
            "960495616" : 4,
            "968884224" : 2,
            "994050048" : 1,
            "1019215872" : 2,
            "1027604480" : 3,
            "1061158912" : 1,
            "1082130432" : 1,
            "1098907648" : 2,
            "1115684864" : 4,
            "1132462080" : 2,
            "1182793728" : 1,
            "1216348160" : 1,
            "1233125376" : 2,
            "1249902592" : 1,
            "1266679808" : 5,
            "1300234240" : 1,
            "1317011456" : 1,
            "1333788672" : 1,
            "1367343104" : 3,
            "1468006400" : 2,
            "1501560832" : 1,
            "1518338048" : 2,
            "1535115264" : 1,
            "1551892480" : 2,
            "1568669696" : 1,
            "1585446912" : 2,
            "1602224128" : 1,
            "1635778560" : 1,
            "1669332992" : 2,
            "1686110208" : 3,
            "1702887424" : 3,
            "1719664640" : 1,
            "1736441856" : 3,
            "1769996288" : 1,
            "1786773504" : 2,
            "1803550720" : 13,
            "1820327936" : 6,
            "1837105152" : 3,
            "1870659584" : 2,
            "1887436800" : 1,
            "2038431744" : 4,
            "2055208960" : 2,
            "2071986176" : 1,
            "2105540608" : 2,
            "2139095040" : 1,
            "2164260864" : 1,
            "2197815296" : 1,
            "2231369728" : 2,
            "2264924160" : 2,