{
  "fio version" : "fio-3.1",
  "timestamp" : 1556098666,
  "timestamp_ms" : 1556098666182,
  "time" : "Wed Apr 24 09:37:46 2019",
  "global options" : {
    "fallocate" : "none",
    "runtime" : "30",
    "directory" : "data/fio_write/beegfs-randwrite-1-jsh64",
    "bs" : "4096",
    "time_based" : "1",
    "ioengine" : "libaio",
    "iodepth" : "8",
    "direct" : "1",
    "buffered" : "0",
    "thread" : "0",
    "group_reporting" : "1",
    "filesize" : "32g",
    "size" : "32g",
    "filename_format" : "$jobnum.dat"
  },
  "jobs" : [
    {
      "jobname" : "fio-job",
      "groupid" : 0,
      "error" : 0,
      "eta" : 0,
      "elapsed" : 31,
      "job options" : {
        "rw" : "randwrite"
      },
      "read" : {
        "io_bytes" : 0,
        "io_kbytes" : 0,
        "bw" : 0,
        "iops" : 0.000000,
        "runtime" : 0,
        "total_ios" : 0,
        "short_ios" : 0,
        "drop_ios" : 0,
        "slat_ns" : {
          "min" : 0,
          "max" : 0,
          "mean" : 0.000000,
          "stddev" : 0.000000
        },
        "clat_ns" : {
          "min" : 0,
          "max" : 0,
          "mean" : 0.000000,
          "stddev" : 0.000000,
          "percentile" : {
            "1.000000" : 0,
            "5.000000" : 0,
            "10.000000" : 0,
            "20.000000" : 0,
            "30.000000" : 0,
            "40.000000" : 0,
            "50.000000" : 0,
            "60.000000" : 0,
            "70.000000" : 0,
            "80.000000" : 0,
            "90.000000" : 0,
            "95.000000" : 0,
            "99.000000" : 0,
            "99.500000" : 0,
            "99.900000" : 0,
            "99.950000" : 0,
            "99.990000" : 0,
            "0.00" : 0,
            "0.00" : 0,
            "0.00" : 0
          },
          "bins" : {

          }
        },
        "lat_ns" : {
          "min" : 0,
          "max" : 0,
          "mean" : 0.000000,
          "stddev" : 0.000000
        },
        "bw_min" : 0,
        "bw_max" : 0,
        "bw_agg" : 0.000000,
        "bw_mean" : 0.000000,
        "bw_dev" : 0.000000,
        "bw_samples" : 0,
        "iops_min" : 0,
        "iops_max" : 0,
        "iops_mean" : 0.000000,
        "iops_stddev" : 0.000000,
        "iops_samples" : 0
      },
      "write" : {
        "io_bytes" : 3264036864,
        "io_kbytes" : 3187536,
        "bw" : 106247,
        "iops" : 26561.914603,
        "runtime" : 30001,
        "total_ios" : 796884,
        "short_ios" : 0,
        "drop_ios" : 0,
        "slat_ns" : {
          "min" : 56394,
          "max" : 75655528,
          "mean" : 146288.030849,
          "stddev" : 436432.338386
        },
        "clat_ns" : {
          "min" : 3457,
          "max" : 150324398,
          "mean" : 1055052.807350,
          "stddev" : 1401188.543793,
          "percentile" : {
            "1.000000" : 700416,
            "5.000000" : 741376,
            "10.000000" : 774144,
            "20.000000" : 815104,
            "30.000000" : 847872,
            "40.000000" : 888832,
            "50.000000" : 921600,
            "60.000000" : 978944,
            "70.000000" : 1073152,
            "80.000000" : 1204224,
            "90.000000" : 1368064,
            "95.000000" : 1613824,
            "99.000000" : 2072576,
            "99.500000" : 2310144,
            "99.900000" : 6914048,
            "99.950000" : 27918336,
            "99.990000" : 69730304,
            "0.00" : 0,
            "0.00" : 0,
            "0.00" : 0
          },
          "bins" : {
            "3472" : 1,
            "3856" : 1,
            "4016" : 1,
            "4256" : 1,
            "102912" : 1,
            "121344" : 1,
            "234496" : 1,
            "246784" : 1,
            "358400" : 1,
            "391168" : 1,
            "493568" : 1,
            "505856" : 1,
            "593920" : 2,
            "602112" : 1,
            "610304" : 4,
            "618496" : 9,
            "626688" : 29,
            "634880" : 75,
            "643072" : 138,
            "651264" : 237,
            "659456" : 461,
            "667648" : 777,
            "675840" : 1089,
            "684032" : 1723,
            "692224" : 2367,
            "700416" : 3254,
            "708608" : 4167,
            "716800" : 5294,
            "724992" : 6536,
            "733184" : 7553,
            "741376" : 8813,
            "749568" : 10056,
            "757760" : 11295,
            "765952" : 12690,
            "774144" : 13281,
            "782336" : 14462,
            "790528" : 15208,
            "798720" : 15897,
            "806912" : 16460,
            "815104" : 17053,
            "823296" : 17471,
            "831488" : 17693,
            "839680" : 18001,
            "847872" : 18810,
            "856064" : 18546,
            "864256" : 18460,
            "872448" : 18438,
            "880640" : 18444,
            "888832" : 18102,
            "897024" : 17679,
            "905216" : 16728,
            "913408" : 15867,
            "921600" : 15285,
            "929792" : 14423,
            "937984" : 13454,
            "946176" : 12605,
            "954368" : 11752,
            "962560" : 11025,
            "970752" : 10307,
            "978944" : 9605,
            "987136" : 8903,
            "995328" : 8425,
            "1003520" : 7866,
            "1011712" : 7207,
            "1019904" : 6670,
            "1028096" : 6210,
            "1036288" : 6052,
            "1044480" : 5696,
            "1056768" : 10726,
            "1073152" : 9991,
            "1089536" : 10216,
            "1105920" : 10452,
            "1122304" : 10649,
            "1138688" : 11001,
            "1155072" : 11422,
            "1171456" : 11488,
            "1187840" : 11420,
            "1204224" : 11206,
            "1220608" : 10466,
            "1236992" : 9958,
            "1253376" : 9243,
            "1269760" : 8434,
            "1286144" : 7659,
            "1302528" : 6752,
            "1318912" : 5944,
            "1335296" : 5196,
            "1351680" : 4668,
            "1368064" : 4022,
            "1384448" : 3496,
            "1400832" : 3002,
            "1417216" : 2846,
            "1433600" : 2459,
            "1449984" : 2284,
            "1466368" : 2163,
            "1482752" : 2135,
            "1499136" : 2216,
            "1515520" : 2328,
            "1531904" : 2440,
            "1548288" : 2428,
            "1564672" : 2439,
            "1581056" : 2418,
            "1597440" : 2469,
            "1613824" : 2424,
            "1630208" : 2347,
            "1646592" : 2313,
            "1662976" : 2174,
            "1679360" : 2072,
            "1695744" : 1937,
            "1712128" : 1890,
            "1728512" : 1782,
            "1744896" : 1636,
            "1761280" : 1607,
            "1777664" : 1407,
            "1794048" : 1298,
            "1810432" : 1161,
            "1826816" : 1042,
            "1843200" : 1032,
            "1859584" : 891,
            "1875968" : 842,
            "1892352" : 773,
            "1908736" : 744,
            "1925120" : 672,
            "1941504" : 574,
            "1957888" : 536,
            "1974272" : 552,
            "1990656" : 541,
            "2007040" : 520,
            "2023424" : 462,
            "2039808" : 465,
            "2056192" : 419,
            "2072576" : 396,
            "2088960" : 388,
            "2113536" : 649,
            "2146304" : 550,
            "2179072" : 538,
            "2211840" : 487,
            "2244608" : 459,
            "2277376" : 410,
            "2310144" : 389,
            "2342912" : 396,
            "2375680" : 318,
            "2408448" : 254,
            "2441216" : 225,
            "2473984" : 188,
            "2506752" : 183,
            "2539520" : 110,
            "2572288" : 91,
            "2605056" : 74,
            "2637824" : 78,
            "2670592" : 68,
            "2703360" : 73,
            "2736128" : 59,
            "2768896" : 54,