{
  "fio version" : "fio-3.1",
  "timestamp" : 1555517752,
  "timestamp_ms" : 1555517752127,
  "time" : "Wed Apr 17 16:15:52 2019",
  "global options" : {
    "fallocate" : "none",
    "runtime" : "30",
    "directory" : "/data/fio_write/beegfs-write-64-2v68b",
    "bs" : "2097152",
    "time_based" : "1",
    "ioengine" : "libaio",
    "iodepth" : "8",
    "direct" : "1",
    "buffered" : "0",
    "thread" : "0",
    "group_reporting" : "1",
    "filesize" : "32g",
    "size" : "32g",
    "filename_format" : "$jobnum.dat"
  },
  "jobs" : [
    {
      "jobname" : "fio-job",
      "groupid" : 0,
      "error" : 0,
      "eta" : 0,
      "elapsed" : 31,
      "job options" : {
        "rw" : "write"
      },
      "read" : {
        "io_bytes" : 0,
        "io_kbytes" : 0,
        "bw" : 0,
        "iops" : 0.000000,
        "runtime" : 0,
        "total_ios" : 0,
        "short_ios" : 0,
        "drop_ios" : 0,
        "slat_ns" : {
          "min" : 0,
          "max" : 0,
          "mean" : 0.000000,
          "stddev" : 0.000000
        },
        "clat_ns" : {
          "min" : 0,
          "max" : 0,
          "mean" : 0.000000,
          "stddev" : 0.000000,
          "percentile" : {
            "1.000000" : 0,
            "5.000000" : 0,
            "10.000000" : 0,
            "20.000000" : 0,
            "30.000000" : 0,
            "40.000000" : 0,
            "50.000000" : 0,
            "60.000000" : 0,
            "70.000000" : 0,
            "80.000000" : 0,
            "90.000000" : 0,
            "95.000000" : 0,
            "99.000000" : 0,
            "99.500000" : 0,
            "99.900000" : 0,
            "99.950000" : 0,
            "99.990000" : 0,
            "0.00" : 0,
            "0.00" : 0,
            "0.00" : 0
          },
          "bins" : {

          }
        },
        "lat_ns" : {
          "min" : 0,
          "max" : 0,
          "mean" : 0.000000,
          "stddev" : 0.000000
        },
        "bw_min" : 0,
        "bw_max" : 0,
        "bw_agg" : 0.000000,
        "bw_mean" : 0.000000,
        "bw_dev" : 0.000000,
        "bw_samples" : 0,
        "iops_min" : 0,
        "iops_max" : 0,
        "iops_mean" : 0.000000,
        "iops_stddev" : 0.000000,
        "iops_samples" : 0
      },
      "write" : {
        "io_bytes" : 3992977408,
        "io_kbytes" : 3899392,
        "bw" : 129436,
        "iops" : 63.201222,
        "runtime" : 30126,
        "total_ios" : 1904,
        "short_ios" : 0,
        "drop_ios" : 0,
        "slat_ns" : {
          "min" : 19127854,
          "max" : 946823657,
          "mean" : 62973187.730567,
          "stddev" : 38270332.953201
        },
        "clat_ns" : {
          "min" : 5820,
          "max" : 1271362733,
          "mean" : 437705513.440651,
          "stddev" : 104851035.756555,
          "percentile" : {
            "1.000000" : 240123904,
            "5.000000" : 333447168,
            "10.000000" : 354418688,
            "20.000000" : 387973120,
            "30.000000" : 404750336,
            "40.000000" : 413138944,
            "50.000000" : 425721856,
            "60.000000" : 434110464,
            "70.000000" : 446693376,
            "80.000000" : 463470592,
            "90.000000" : 513802240,
            "95.000000" : 608174080,
            "99.000000" : 910163968,
            "99.500000" : 994050048,
            "99.900000" : 1249902592,
            "99.950000" : 1266679808,
            "99.990000" : 1266679808,
            "0.00" : 0,
            "0.00" : 0,
            "0.00" : 0
          },
          "bins" : {
            "5792" : 1,
            "8256" : 1,
            "8512" : 1,
            "10048" : 1,
            "54788096" : 1,
            "63176704" : 1,
            "89653248" : 1,
            "92798976" : 1,
            "119013376" : 1,
            "137363456" : 1,
            "147849216" : 1,
            "162529280" : 1,
            "183500800" : 1,
            "187695104" : 2,
            "225443840" : 1,
            "229638144" : 2,
            "238026752" : 1,
            "240123904" : 1,
            "256901120" : 1,
            "258998272" : 1,
            "263192576" : 1,
            "267386880" : 1,
            "274726912" : 2,
            "278921216" : 2,
            "283115520" : 1,
            "287309824" : 5,
            "291504128" : 2,
            "295698432" : 4,
            "299892736" : 9,
            "304087040" : 1,
            "308281344" : 6,
            "312475648" : 2,
            "316669952" : 6,
            "320864256" : 10,
            "325058560" : 4,
            "329252864" : 9,
            "333447168" : 10,
            "337641472" : 19,
            "341835776" : 14,
            "346030080" : 14,
            "350224384" : 24,
            "354418688" : 23,
            "358612992" : 12,
            "362807296" : 20,
            "367001600" : 18,
            "371195904" : 22,
            "375390208" : 26,
            "379584512" : 22,
            "383778816" : 35,
            "387973120" : 46,
            "392167424" : 52,
            "396361728" : 62,
            "400556032" : 53,
            "404750336" : 61,
            "408944640" : 65,
            "413138944" : 78,
            "417333248" : 67,
            "421527552" : 97,
            "425721856" : 91,
            "429916160" : 90,
            "434110464" : 71,
            "438304768" : 77,
            "442499072" : 76,
            "446693376" : 57,
            "450887680" : 48,
            "455081984" : 43,
            "459276288" : 42,
            "463470592" : 28,
            "467664896" : 29,
            "471859200" : 25,
            "476053504" : 14,
            "480247808" : 14,
            "484442112" : 14,
            "488636416" : 16,
            "492830720" : 4,
            "497025024" : 10,
            "501219328" : 10,
            "505413632" : 12,
            "509607936" : 12,
            "513802240" : 8,
            "517996544" : 8,
            "522190848" : 14,
            "526385152" : 8,
            "530579456" : 4,
            "534773760" : 5,
            "541065216" : 8,
            "549453824" : 6,
            "557842432" : 3,
            "566231040" : 8,
            "574619648" : 7,
            "583008256" : 5,
            "591396864" : 6,
            "599785472" : 8,
            "608174080" : 7,
            "616562688" : 3,
            "624951296" : 3,
            "633339904" : 6,
            "641728512" : 2,
            "650117120" : 3,
            "658505728" : 3,
            "666894336" : 4,
            "675282944" : 4,
            "683671552" : 8,
            "692060160" : 1,
            "700448768" : 3,
            "717225984" : 2,
            "725614592" : 1,
            "734003200" : 4,
            "742391808" : 4,
            "750780416" : 1,
            "767557632" : 2,
            "775946240" : 2,
            "784334848" : 2,
            "792723456" : 3,
            "809500672" : 1,
            "817889280" : 2,
            "859832320" : 1,
            "893386752" : 2,
            "901775360" : 1,
            "910163968" : 2,
            "918552576" : 1,
            "926941184" : 4,
            "943718400" : 1,
            "968884224" : 1,
            "977272832" : 2,
            "994050048" : 1,
            "1027604480" : 1,
            "1035993088" : 1,
            "1199570944" : 1,
            "1216348160" : 1,
            "1233125376" : 2,
            "1249902592" : 2,
            "1266679808" : 1
          }
        },
        "lat_ns" : {
          "min" : 54608863,
          "max" : 1329990743,
          "mean" : 500682503.826681,
          "stddev" : 111494752.038444
        },
        "bw_min" : 4096,
        "bw_max" : 49152,
        "bw_agg" : 24.998085,
        "bw_mean" : 32356.521008,
        "bw_dev" : 6789.025968,
        "bw_samples" : 238,
        "iops_min" : 2,
        "iops_max" : 24,
        "iops_mean" : 15.710084,
        "iops_stddev" : 3.305152,
        "iops_samples" : 238
      },