{
  "fio version" : "fio-3.1",
  "timestamp" : 1556100283,
  "timestamp_ms" : 1556100283034,
  "time" : "Wed Apr 24 10:04:43 2019",
  "global options" : {
    "fallocate" : "none",
    "runtime" : "30",
    "directory" : "data/fio_write/beegfs-randwrite-64-dkrwb",
    "bs" : "16384",
    "time_based" : "1",
    "ioengine" : "libaio",
    "iodepth" : "8",
    "direct" : "1",
    "buffered" : "0",
    "thread" : "0",
    "group_reporting" : "1",
    "filesize" : "32g",
    "size" : "32g",
    "filename_format" : "$jobnum.dat"
  },
  "jobs" : [
    {
      "jobname" : "fio-job",
      "groupid" : 0,
      "error" : 0,
      "eta" : 0,
      "elapsed" : 32,
      "job options" : {
        "rw" : "randwrite"
      },
      "read" : {
        "io_bytes" : 0,
        "io_kbytes" : 0,
        "bw" : 0,
        "iops" : 0.000000,
        "runtime" : 0,
        "total_ios" : 0,
        "short_ios" : 0,
        "drop_ios" : 0,
        "slat_ns" : {
          "min" : 0,
          "max" : 0,
          "mean" : 0.000000,
          "stddev" : 0.000000
        },
        "clat_ns" : {
          "min" : 0,
          "max" : 0,
          "mean" : 0.000000,
          "stddev" : 0.000000,
          "percentile" : {
            "1.000000" : 0,
            "5.000000" : 0,
            "10.000000" : 0,
            "20.000000" : 0,
            "30.000000" : 0,
            "40.000000" : 0,
            "50.000000" : 0,
            "60.000000" : 0,
            "70.000000" : 0,
            "80.000000" : 0,
            "90.000000" : 0,
            "95.000000" : 0,
            "99.000000" : 0,
            "99.500000" : 0,
            "99.900000" : 0,
            "99.950000" : 0,
            "99.990000" : 0,
            "0.00" : 0,
            "0.00" : 0,
            "0.00" : 0
          },
          "bins" : {

          }
        },
        "lat_ns" : {
          "min" : 0,
          "max" : 0,
          "mean" : 0.000000,
          "stddev" : 0.000000
        },
        "bw_min" : 0,
        "bw_max" : 0,
        "bw_agg" : 0.000000,
        "bw_mean" : 0.000000,
        "bw_dev" : 0.000000,
        "bw_samples" : 0,
        "iops_min" : 0,
        "iops_max" : 0,
        "iops_mean" : 0.000000,
        "iops_stddev" : 0.000000,
        "iops_samples" : 0
      },
      "write" : {
        "io_bytes" : 2310144,
        "io_kbytes" : 2256,
        "bw" : 73,
        "iops" : 4.613874,
        "runtime" : 30560,
        "total_ios" : 141,
        "short_ios" : 0,
        "drop_ios" : 0,
        "slat_ns" : {
          "min" : 212791,
          "max" : 13154629355,
          "mean" : 853865498.475177,
          "stddev" : 2081484719.682834
        },
        "clat_ns" : {
          "min" : 7787,
          "max" : 13994226599,
          "mean" : 4925107223.978724,
          "stddev" : 3941344325.832087,
          "percentile" : {
            "1.000000" : 7840,
            "5.000000" : 139460608,
            "10.000000" : 750780416,
            "20.000000" : 1233125376,
            "30.000000" : 1853882368,
            "40.000000" : 2432696320,
            "50.000000" : 3372220416,
            "60.000000" : 5335154688,
            "70.000000" : 7415529472,
            "80.000000" : 9462349824,
            "90.000000" : 11072962560,
            "95.000000" : 11744051200,
            "99.000000" : 13220446208,
            "99.500000" : 14025752576,
            "99.900000" : 14025752576,
            "99.950000" : 14025752576,
            "99.990000" : 14025752576,
            "0.00" : 0,
            "0.00" : 0,
            "0.00" : 0
          },
          "bins" : {
            "7776" : 1,
            "7840" : 1,
            "9536" : 1,
            "10688" : 1,
            "61603840" : 1,
            "64749568" : 1,
            "67633152" : 1,
            "139460608" : 1,
            "177209344" : 1,
            "312475648" : 1,
            "574619648" : 2,
            "692060160" : 2,
            "750780416" : 1,
            "792723456" : 1,
            "884998144" : 2,
            "1019215872" : 1,
            "1166016512" : 2,
            "1199570944" : 5,
            "1233125376" : 3,
            "1568669696" : 1,
            "1585446912" : 1,
            "1619001344" : 1,
            "1635778560" : 2,
            "1719664640" : 3,
            "1769996288" : 1,
            "1803550720" : 1,
            "1820327936" : 2,
            "1853882368" : 4,
            "1887436800" : 1,
            "1920991232" : 1,
            "1988100096" : 2,
            "2021654528" : 1,
            "2038431744" : 1,
            "2139095040" : 3,
            "2365587456" : 1,
            "2399141888" : 1,
            "2432696320" : 1,
            "2667577344" : 1,
            "2701131776" : 2,
            "2734686208" : 1,
            "2768240640" : 1,
            "2835349504" : 2,
            "3103784960" : 1,
            "3137339392" : 2,
            "3238002688" : 2,
            "3271557120" : 1,
            "3372220416" : 1,
            "3808428032" : 1,
            "4177526784" : 1,
            "4211081216" : 2,
            "4664066048" : 3,
            "4932501504" : 1,
            "5066719232" : 3,
            "5133828096" : 1,
            "5200936960" : 1,
            "5335154688" : 1,
            "5402263552" : 2,
            "5469372416" : 4,
            "5536481280" : 3,
            "6140461056" : 2,
            "6878658560" : 1,
            "7281311744" : 1,
            "7415529472" : 4,
            "7683964928" : 1,
            "7818182656" : 1,
            "7952400384" : 1,
            "8153726976" : 2,
            "8422162432" : 1,
            "8489271296" : 1,
            "9462349824" : 4,
            "9596567552" : 2,
            "9865003008" : 1,
            "9999220736" : 5,
            "10267656192" : 1,
            "10536091648" : 1,
            "10804527104" : 1,
            "11072962560" : 4,
            "11207180288" : 1,
            "11609833472" : 1,
            "11744051200" : 6,
            "12549357568" : 1,
            "12817793024" : 2,
            "13220446208" : 1,
            "14025752576" : 1
          }
        },
        "lat_ns" : {
          "min" : 65289963,
          "max" : 14351768684,
          "mean" : 5778974419.517729,
          "stddev" : 4162581235.300400
        },
        "bw_min" : 32,
        "bw_max" : 288,
        "bw_agg" : 100.000000,
        "bw_mean" : 99.657143,
        "bw_dev" : 63.419213,
        "bw_samples" : 35,
        "iops_min" : 2,
        "iops_max" : 18,
        "iops_mean" : 6.228571,
        "iops_stddev" : 3.963701,
        "iops_samples" : 35
      },
      "trim" : {
        "io_bytes" : 0,
        "io_kbytes" : 0,
        "bw" : 0,
        "iops" : 0.000000,
        "runtime" : 0,
        "total_ios" : 0,
        "short_ios" : 0,
        "drop_ios" : 0,
        "slat_ns" : {
          "min" : 0,
          "max" : 0,
          "mean" : 0.000000,
          "stddev" : 0.000000
        },
        "clat_ns" : {
          "min" : 0,
          "max" : 0,
          "mean" : 0.000000,
          "stddev" : 0.000000,
          "percentile" : {
            "1.000000" : 0,
            "5.000000" : 0,
            "10.000000" : 0,
            "20.000000" : 0,
            "30.000000" : 0,
            "40.000000" : 0,
            "50.000000" : 0,
            "60.000000" : 0,
            "70.000000" : 0,
            "80.000000" : 0,
            "90.000000" : 0,
            "95.000000" : 0,
            "99.000000" : 0,
            "99.500000" : 0,
            "99.900000" : 0,
            "99.950000" : 0,
            "99.990000" : 0,
            "0.00" : 0,
            "0.00" : 0,
            "0.00" : 0
          },
          "bins" : {

          }
        },
        "lat_ns" : {
          "min" : 0,
          "max" : 0,
          "mean" : 0.000000,
          "stddev" : 0.000000
        },
        "bw_min" : 0,
        "bw_max" : 0,
        "bw_agg" : 0.000000,
        "bw_mean" : 0.000000,
        "bw_dev" : 0.000000,