{
  "fio version" : "fio-3.1",
  "timestamp" : 1555518560,
  "timestamp_ms" : 1555518560312,
  "time" : "Wed Apr 17 16:29:20 2019",
  "global options" : {
    "fallocate" : "none",
    "runtime" : "30",
    "directory" : "/data/fio_write/beegfs-randwrite-64-8m7hn",
    "bs" : "524288",
    "time_based" : "1",
    "ioengine" : "libaio",
    "iodepth" : "8",
    "direct" : "1",
    "buffered" : "0",
    "thread" : "0",
    "group_reporting" : "1",
    "filesize" : "32g",
    "size" : "32g",
    "filename_format" : "$jobnum.dat"
  },
  "jobs" : [
    {
      "jobname" : "fio-job",
      "groupid" : 0,
      "error" : 0,
      "eta" : 0,
      "elapsed" : 33,
      "job options" : {
        "rw" : "randwrite"
      },
      "read" : {
        "io_bytes" : 0,
        "io_kbytes" : 0,
        "bw" : 0,
        "iops" : 0.000000,
        "runtime" : 0,
        "total_ios" : 0,
        "short_ios" : 0,
        "drop_ios" : 0,
        "slat_ns" : {
          "min" : 0,
          "max" : 0,
          "mean" : 0.000000,
          "stddev" : 0.000000
        },
        "clat_ns" : {
          "min" : 0,
          "max" : 0,
          "mean" : 0.000000,
          "stddev" : 0.000000,
          "percentile" : {
            "1.000000" : 0,
            "5.000000" : 0,
            "10.000000" : 0,
            "20.000000" : 0,
            "30.000000" : 0,
            "40.000000" : 0,
            "50.000000" : 0,
            "60.000000" : 0,
            "70.000000" : 0,
            "80.000000" : 0,
            "90.000000" : 0,
            "95.000000" : 0,
            "99.000000" : 0,
            "99.500000" : 0,
            "99.900000" : 0,
            "99.950000" : 0,
            "99.990000" : 0,
            "0.00" : 0,
            "0.00" : 0,
            "0.00" : 0
          },
          "bins" : {

          }
        },
        "lat_ns" : {
          "min" : 0,
          "max" : 0,
          "mean" : 0.000000,
          "stddev" : 0.000000
        },
        "bw_min" : 0,
        "bw_max" : 0,
        "bw_agg" : 0.000000,
        "bw_mean" : 0.000000,
        "bw_dev" : 0.000000,
        "bw_samples" : 0,
        "iops_min" : 0,
        "iops_max" : 0,
        "iops_mean" : 0.000000,
        "iops_stddev" : 0.000000,
        "iops_samples" : 0
      },
      "write" : {
        "io_bytes" : 492830720,
        "io_kbytes" : 481280,
        "bw" : 15320,
        "iops" : 29.922964,
        "runtime" : 31414,
        "total_ios" : 940,
        "short_ios" : 0,
        "drop_ios" : 0,
        "slat_ns" : {
          "min" : 4032897,
          "max" : 12499086339,
          "mean" : 122548612.935106,
          "stddev" : 725949491.440860
        },
        "clat_ns" : {
          "min" : 7819,
          "max" : 16101860325,
          "mean" : 833146627.163830,
          "stddev" : 2279124383.376096,
          "percentile" : {
            "1.000000" : 31064064,
            "5.000000" : 33816576,
            "10.000000" : 39059456,
            "20.000000" : 60555264,
            "30.000000" : 86507520,
            "40.000000" : 109576192,
            "50.000000" : 154140672,
            "60.000000" : 346030080,
            "70.000000" : 530579456,
            "80.000000" : 784334848,
            "90.000000" : 1568669696,
            "95.000000" : 2936012800,
            "99.000000" : 15904800768,
            "99.500000" : 16039018496,
            "99.900000" : 16039018496,
            "99.950000" : 16039018496,
            "99.990000" : 16039018496,
            "0.00" : 0,
            "0.00" : 0,
            "0.00" : 0
          },
          "bins" : {
            "7840" : 1,
            "11200" : 1,
            "11456" : 1,
            "18560" : 1,
            "30801920" : 4,
            "31064064" : 5,
            "31326208" : 9,
            "31588352" : 3,
            "31850496" : 3,
            "32112640" : 4,
            "32374784" : 3,
            "32636928" : 3,
            "32899072" : 1,
            "33161216" : 5,
            "33423360" : 2,
            "33816576" : 4,
            "34340864" : 1,
            "34865152" : 3,
            "35389440" : 3,
            "35913728" : 6,
            "36438016" : 4,
            "36962304" : 5,
            "37486592" : 7,
            "38010880" : 7,
            "38535168" : 7,
            "39059456" : 6,
            "39583744" : 4,
            "40108032" : 5,
            "40632320" : 3,
            "41156608" : 1,
            "41680896" : 4,
            "42205184" : 5,
            "42729472" : 4,
            "43253760" : 2,
            "43778048" : 5,
            "44302336" : 3,
            "45350912" : 4,
            "45875200" : 2,
            "46399488" : 2,
            "46923776" : 2,
            "47972352" : 1,
            "48496640" : 2,
            "49020928" : 6,
            "49545216" : 5,
            "50069504" : 1,
            "51118080" : 2,
            "51642368" : 1,
            "52166656" : 3,
            "53215232" : 1,
            "53739520" : 2,
            "54263808" : 2,
            "54788096" : 2,
            "55312384" : 2,
            "55836672" : 3,
            "56360960" : 2,
            "57409536" : 1,
            "57933824" : 4,
            "58458112" : 1,
            "60555264" : 2,
            "61603840" : 2,
            "62128128" : 5,
            "62652416" : 3,
            "63176704" : 3,
            "63700992" : 4,
            "65273856" : 1,
            "65798144" : 1,
            "66846720" : 3,
            "67633152" : 2,
            "68681728" : 3,
            "69730304" : 1,
            "70778880" : 3,
            "71827456" : 3,
            "72876032" : 3,
            "73924608" : 4,
            "74973184" : 4,
            "76021760" : 10,
            "77070336" : 7,
            "78118912" : 6,
            "79167488" : 1,
            "80216064" : 3,
            "81264640" : 5,
            "82313216" : 5,
            "83361792" : 2,
            "84410368" : 4,
            "85458944" : 3,
            "86507520" : 5,
            "87556096" : 2,
            "88604672" : 6,
            "89653248" : 3,
            "90701824" : 7,
            "91750400" : 1,
            "92798976" : 3,
            "93847552" : 2,
            "94896128" : 2,
            "95944704" : 4,
            "96993280" : 5,
            "98041856" : 3,
            "99090432" : 7,
            "100139008" : 11,
            "101187584" : 10,
            "102236160" : 2,
            "103284736" : 2,
            "104333312" : 1,
            "105381888" : 5,
            "106430464" : 2,
            "107479040" : 2,
            "108527616" : 2,
            "109576192" : 11,
            "110624768" : 4,
            "111673344" : 2,
            "112721920" : 2,
            "114819072" : 2,
            "115867648" : 2,
            "116916224" : 2,
            "117964800" : 1,
            "119013376" : 2,
            "120061952" : 1,
            "121110528" : 4,
            "122159104" : 5,
            "124256256" : 7,
            "125304832" : 2,
            "126353408" : 1,
            "127401984" : 3,
            "128450560" : 2,
            "129499136" : 3,
            "131596288" : 1,
            "132644864" : 1,
            "133693440" : 2,
            "137363456" : 4,
            "139460608" : 5,
            "141557760" : 6,
            "143654912" : 9,
            "145752064" : 4,
            "147849216" : 3,
            "149946368" : 5,
            "152043520" : 7,
            "154140672" : 8,
            "156237824" : 4,
            "158334976" : 3,
            "160432128" : 1,
            "162529280" : 1,
            "164626432" : 1,
            "166723584" : 3,
            "168820736" : 2,
            "170917888" : 1,
            "173015040" : 2,
            "175112192" : 1,
            "177209344" : 1,
            "179306496" : 1,
            "183500800" : 2,
            "185597952" : 2,
            "187695104" : 3,
            "189792256" : 2,
            "193986560" : 2,
            "196083712" : 1,