{
  "fio version" : "fio-3.1",
  "timestamp" : 1574274433,
  "timestamp_ms" : 1574274433569,
  "time" : "Wed Nov 20 18:27:13 2019",
  "global options" : {
    "directory" : "data/fio_write/beegfs-randwrite-64-m5g46",
    "bs" : "4096",
    "fallocate" : "none",
    "runtime" : "30",
    "time_based" : "1",
    "ioengine" : "libaio",
    "iodepth" : "8",
    "direct" : "1",
    "buffered" : "0",
    "invalidate" : "1",
    "ramp_time" : "0",
    "thread" : "0",
    "group_reporting" : "1",
    "filesize" : "32g",
    "size" : "32g",
    "filename_format" : "$jobnum.dat"
  },
  "jobs" : [
    {
      "jobname" : "fio-job",
      "groupid" : 0,
      "error" : 0,
      "eta" : 0,
      "elapsed" : 33,
      "job options" : {
        "rw" : "randwrite"
      },
      "read" : {
        "io_bytes" : 0,
        "io_kbytes" : 0,
        "bw" : 0,
        "iops" : 0.000000,
        "runtime" : 0,
        "total_ios" : 0,
        "short_ios" : 0,
        "drop_ios" : 0,
        "slat_ns" : {
          "min" : 0,
          "max" : 0,
          "mean" : 0.000000,
          "stddev" : 0.000000
        },
        "clat_ns" : {
          "min" : 0,
          "max" : 0,
          "mean" : 0.000000,
          "stddev" : 0.000000,
          "percentile" : {
            "1.000000" : 0,
            "5.000000" : 0,
            "10.000000" : 0,
            "20.000000" : 0,
            "30.000000" : 0,
            "40.000000" : 0,
            "50.000000" : 0,
            "60.000000" : 0,
            "70.000000" : 0,
            "80.000000" : 0,
            "90.000000" : 0,
            "95.000000" : 0,
            "99.000000" : 0,
            "99.500000" : 0,
            "99.900000" : 0,
            "99.950000" : 0,
            "99.990000" : 0,
            "0.00" : 0,
            "0.00" : 0,
            "0.00" : 0
          },
          "bins" : {

          }
        },
        "lat_ns" : {
          "min" : 0,
          "max" : 0,
          "mean" : 0.000000,
          "stddev" : 0.000000
        },
        "bw_min" : 0,
        "bw_max" : 0,
        "bw_agg" : 0.000000,
        "bw_mean" : 0.000000,
        "bw_dev" : 0.000000,
        "bw_samples" : 0,
        "iops_min" : 0,
        "iops_max" : 0,
        "iops_mean" : 0.000000,
        "iops_stddev" : 0.000000,
        "iops_samples" : 0
      },
      "write" : {
        "io_bytes" : 1060864,
        "io_kbytes" : 1036,
        "bw" : 32,
        "iops" : 8.166740,
        "runtime" : 31714,
        "total_ios" : 259,
        "short_ios" : 0,
        "drop_ios" : 0,
        "slat_ns" : {
          "min" : 2213,
          "max" : 12559073863,
          "mean" : 439087360.100386,
          "stddev" : 1055857277.778860
        },
        "clat_ns" : {
          "min" : 321390,
          "max" : 17255680416,
          "mean" : 3059823981.393822,
          "stddev" : 2629268800.202693,
          "percentile" : {
            "1.000000" : 716800,
            "5.000000" : 9240576,
            "10.000000" : 154140672,
            "20.000000" : 1044381696,
            "30.000000" : 1837105152,
            "40.000000" : 2298478592,
            "50.000000" : 2868903936,
            "60.000000" : 3137339392,
            "70.000000" : 3707764736,
            "80.000000" : 4244635648,
            "90.000000" : 5804916736,
            "95.000000" : 6878658560,
            "99.000000" : 15636365312,
            "99.500000" : 15770583040,
            "99.900000" : 17112760320,
            "99.950000" : 17112760320,
            "99.990000" : 17112760320,
            "0.00" : 0,
            "0.00" : 0,
            "0.00" : 0
          },
          "bins" : {
            "321536" : 1,
            "618496" : 1,
            "716800" : 1,
            "724992" : 1,
            "806912" : 1,
            "1089536" : 1,
            "1138688" : 1,
            "2342912" : 1,
            "2408448" : 1,
            "8028160" : 3,
            "9240576" : 1,
            "9371648" : 1,
            "58982400" : 2,
            "59506688" : 2,
            "66846720" : 2,
            "67633152" : 1,
            "98041856" : 1,
            "117964800" : 1,
            "145752064" : 1,
            "154140672" : 4,
            "160432128" : 1,
            "164626432" : 1,
            "168820736" : 1,
            "175112192" : 1,
            "189792256" : 1,
            "346030080" : 1,
            "566231040" : 1,
            "583008256" : 1,
            "599785472" : 1,
            "608174080" : 1,
            "624951296" : 1,
            "641728512" : 1,
            "650117120" : 3,
            "759169024" : 1,
            "809500672" : 2,
            "859832320" : 2,
            "901775360" : 1,
            "918552576" : 1,
            "1035993088" : 1,
            "1044381696" : 1,
            "1052770304" : 1,
            "1115684864" : 1,
            "1199570944" : 1,
            "1216348160" : 5,
            "1266679808" : 1,
            "1333788672" : 1,
            "1350565888" : 1,
            "1367343104" : 1,
            "1384120320" : 1,
            "1451229184" : 1,
            "1501560832" : 4,
            "1551892480" : 1,
            "1585446912" : 2,
            "1669332992" : 1,
            "1736441856" : 1,
            "1803550720" : 1,
            "1837105152" : 2,
            "1971322880" : 1,
            "2021654528" : 1,
            "2055208960" : 2,
            "2071986176" : 3,
            "2105540608" : 1,
            "2122317824" : 1,
            "2139095040" : 1,
            "2164260864" : 2,
            "2197815296" : 4,
            "2231369728" : 3,
            "2264924160" : 4,
            "2298478592" : 3,
            "2365587456" : 2,
            "2399141888" : 2,
            "2466250752" : 3,
            "2533359616" : 2,
            "2566914048" : 3,
            "2600468480" : 2,
            "2667577344" : 2,
            "2701131776" : 4,
            "2768240640" : 3,
            "2835349504" : 2,
            "2868903936" : 5,
            "2902458368" : 2,
            "2936012800" : 3,
            "2969567232" : 1,
            "3070230528" : 9,
            "3103784960" : 5,
            "3137339392" : 2,
            "3170893824" : 4,
            "3204448256" : 2,
            "3271557120" : 2,
            "3305111552" : 2,
            "3338665984" : 1,
            "3439329280" : 1,
            "3472883712" : 2,
            "3506438144" : 4,
            "3539992576" : 1,
            "3607101440" : 4,
            "3674210304" : 2,
            "3707764736" : 2,
            "3741319168" : 4,
            "3774873600" : 4,
            "3841982464" : 3,
            "3875536896" : 8,
            "3942645760" : 1,
            "3976200192" : 1,
            "4009754624" : 1,
            "4143972352" : 1,
            "4244635648" : 5,
            "4278190080" : 3,
            "4395630592" : 4,
            "4529848320" : 1,
            "4596957184" : 2,
            "4731174912" : 2,
            "4798283776" : 1,
            "4932501504" : 2,
            "4999610368" : 2,
            "5133828096" : 1,
            "5200936960" : 1,
            "5335154688" : 1,
            "5402263552" : 1,
            "5536481280" : 1,
            "5804916736" : 1,
            "6006243328" : 1,
            "6274678784" : 1,
            "6341787648" : 4,
            "6408896512" : 1,
            "6476005376" : 1,
            "6744440832" : 1,
            "6811549696" : 2,
            "6878658560" : 2,
            "7616856064" : 1,
            "7683964928" : 1,
            "7751073792" : 1,
            "8287944704" : 2,
            "8925478912" : 1,
            "10133438464" : 1,
            "15367929856" : 1,
            "15502147584" : 1,
            "15636365312" : 1,
            "15770583040" : 1,
            "17112760320" : 1
          }
        },
        "lat_ns" : {
          "min" : 730609,
          "max" : 18087289201,
          "mean" : 3498912679.733591,
          "stddev" : 2845334328.002465
        },
        "bw_min" : 5,