{
  "fio version" : "fio-3.1",
  "timestamp" : 1556021669,
  "timestamp_ms" : 1556021669061,
  "time" : "Tue Apr 23 13:14:29 2019",
  "global options" : {
    "fallocate" : "none",
    "runtime" : "30",
    "directory" : "/data/fio_write/beegfs-write-64-client-90087-31",
    "bs" : "524288",
    "time_based" : "1",
    "ioengine" : "libaio",
    "iodepth" : "8",
    "direct" : "1",
    "buffered" : "0",
    "thread" : "0",
    "group_reporting" : "1",
    "filesize" : "32g",
    "size" : "32g",
    "filename_format" : "$jobnum.dat"
  },
  "jobs" : [
    {
      "jobname" : "fio-job",
      "groupid" : 0,
      "error" : 0,
      "eta" : 0,
      "elapsed" : 31,
      "job options" : {
        "rw" : "write"
      },
      "read" : {
        "io_bytes" : 0,
        "io_kbytes" : 0,
        "bw" : 0,
        "iops" : 0.000000,
        "runtime" : 0,
        "total_ios" : 0,
        "short_ios" : 0,
        "drop_ios" : 0,
        "slat_ns" : {
          "min" : 0,
          "max" : 0,
          "mean" : 0.000000,
          "stddev" : 0.000000
        },
        "clat_ns" : {
          "min" : 0,
          "max" : 0,
          "mean" : 0.000000,
          "stddev" : 0.000000,
          "percentile" : {
            "1.000000" : 0,
            "5.000000" : 0,
            "10.000000" : 0,
            "20.000000" : 0,
            "30.000000" : 0,
            "40.000000" : 0,
            "50.000000" : 0,
            "60.000000" : 0,
            "70.000000" : 0,
            "80.000000" : 0,
            "90.000000" : 0,
            "95.000000" : 0,
            "99.000000" : 0,
            "99.500000" : 0,
            "99.900000" : 0,
            "99.950000" : 0,
            "99.990000" : 0,
            "0.00" : 0,
            "0.00" : 0,
            "0.00" : 0
          },
          "bins" : {

          }
        },
        "lat_ns" : {
          "min" : 0,
          "max" : 0,
          "mean" : 0.000000,
          "stddev" : 0.000000
        },
        "bw_min" : 0,
        "bw_max" : 0,
        "bw_agg" : 0.000000,
        "bw_mean" : 0.000000,
        "bw_dev" : 0.000000,
        "bw_samples" : 0,
        "iops_min" : 0,
        "iops_max" : 0,
        "iops_mean" : 0.000000,
        "iops_stddev" : 0.000000,
        "iops_samples" : 0
      },
      "write" : {
        "io_bytes" : 377487360,
        "io_kbytes" : 368640,
        "bw" : 12243,
        "iops" : 23.913116,
        "runtime" : 30109,
        "total_ios" : 720,
        "short_ios" : 0,
        "drop_ios" : 0,
        "slat_ns" : {
          "min" : 5377584,
          "max" : 534643372,
          "mean" : 166986668.558333,
          "stddev" : 36189056.188536
        },
        "clat_ns" : {
          "min" : 4034,
          "max" : 1533120772,
          "mean" : 1144022572.445833,
          "stddev" : 171832758.224040,
          "percentile" : {
            "1.000000" : 149946368,
            "5.000000" : 977272832,
            "10.000000" : 1052770304,
            "20.000000" : 1115684864,
            "30.000000" : 1149239296,
            "40.000000" : 1166016512,
            "50.000000" : 1166016512,
            "60.000000" : 1182793728,
            "70.000000" : 1182793728,
            "80.000000" : 1233125376,
            "90.000000" : 1266679808,
            "95.000000" : 1300234240,
            "99.000000" : 1417674752,
            "99.500000" : 1451229184,
            "99.900000" : 1535115264,
            "99.950000" : 1535115264,
            "99.990000" : 1535115264,
            "0.00" : 0,
            "0.00" : 0,
            "0.00" : 0
          },
          "bins" : {
            "4048" : 1,
            "4640" : 1,
            "5536" : 1,
            "5664" : 1,
            "108527616" : 1,
            "121110528" : 1,
            "137363456" : 1,
            "149946368" : 1,
            "261095424" : 1,
            "278921216" : 1,
            "295698432" : 1,
            "304087040" : 1,
            "425721856" : 1,
            "446693376" : 1,
            "463470592" : 2,
            "566231040" : 1,
            "591396864" : 1,
            "599785472" : 1,
            "650117120" : 1,
            "683671552" : 1,
            "700448768" : 1,
            "708837376" : 1,
            "742391808" : 1,
            "767557632" : 1,
            "792723456" : 1,
            "918552576" : 1,
            "926941184" : 1,
            "935329792" : 1,
            "943718400" : 3,
            "952107008" : 2,
            "977272832" : 2,
            "985661440" : 2,
            "994050048" : 3,
            "1002438656" : 2,
            "1010827264" : 4,
            "1019215872" : 3,
            "1027604480" : 1,
            "1035993088" : 3,
            "1044381696" : 7,
            "1052770304" : 12,
            "1061158912" : 7,
            "1069547520" : 13,
            "1082130432" : 29,
            "1098907648" : 21,
            "1115684864" : 24,
            "1132462080" : 40,
            "1149239296" : 69,
            "1166016512" : 117,
            "1182793728" : 129,
            "1199570944" : 28,
            "1216348160" : 24,
            "1233125376" : 23,
            "1249902592" : 49,
            "1266679808" : 21,
            "1283457024" : 14,
            "1300234240" : 13,
            "1317011456" : 10,
            "1333788672" : 2,
            "1350565888" : 1,
            "1367343104" : 1,
            "1384120320" : 3,
            "1417674752" : 2,
            "1451229184" : 6,
            "1535115264" : 1
          }
        },
        "lat_ns" : {
          "min" : 108797765,
          "max" : 1708791632,
          "mean" : 1311009858.601389,
          "stddev" : 176153723.266438
        },
        "bw_min" : 1024,
        "bw_max" : 4104,
        "bw_agg" : 24.811926,
        "bw_mean" : 3037.724138,
        "bw_dev" : 520.923416,
        "bw_samples" : 232,
        "iops_min" : 2,
        "iops_max" : 8,
        "iops_mean" : 5.931034,
        "iops_stddev" : 1.016948,
        "iops_samples" : 232
      },
      "trim" : {
        "io_bytes" : 0,
        "io_kbytes" : 0,
        "bw" : 0,
        "iops" : 0.000000,
        "runtime" : 0,
        "total_ios" : 0,
        "short_ios" : 0,
        "drop_ios" : 0,
        "slat_ns" : {
          "min" : 0,
          "max" : 0,
          "mean" : 0.000000,
          "stddev" : 0.000000
        },
        "clat_ns" : {
          "min" : 0,
          "max" : 0,
          "mean" : 0.000000,
          "stddev" : 0.000000,
          "percentile" : {
            "1.000000" : 0,
            "5.000000" : 0,
            "10.000000" : 0,
            "20.000000" : 0,
            "30.000000" : 0,
            "40.000000" : 0,
            "50.000000" : 0,
            "60.000000" : 0,
            "70.000000" : 0,
            "80.000000" : 0,
            "90.000000" : 0,
            "95.000000" : 0,
            "99.000000" : 0,
            "99.500000" : 0,
            "99.900000" : 0,
            "99.950000" : 0,
            "99.990000" : 0,
            "0.00" : 0,
            "0.00" : 0,
            "0.00" : 0
          },
          "bins" : {

          }
        },
        "lat_ns" : {
          "min" : 0,
          "max" : 0,
          "mean" : 0.000000,
          "stddev" : 0.000000
        },
        "bw_min" : 0,
        "bw_max" : 0,
        "bw_agg" : 0.000000,
        "bw_mean" : 0.000000,
        "bw_dev" : 0.000000,
        "bw_samples" : 0,
        "iops_min" : 0,
        "iops_max" : 0,
        "iops_mean" : 0.000000,
        "iops_stddev" : 0.000000,
        "iops_samples" : 0
      },
      "usr_cpu" : 0.022449,
      "sys_cpu" : 0.062359,
      "ctx" : 1519,
      "majf" : 0,
      "minf" : 106,
      "iodepth_level" : {
        "1" : 0.555556,
        "2" : 1.111111,
        "4" : 2.222222,
        "8" : 96.111111,
        "16" : 0.000000,
        "32" : 0.000000,
        ">=64" : 0.000000
      },
      "latency_ns" : {
        "2" : 0.000000,
        "4" : 0.000000,
        "10" : 0.000000,
        "20" : 0.000000,