{
  "fio version" : "fio-3.1",
  "timestamp" : 1556021605,
  "timestamp_ms" : 1556021605622,
  "time" : "Tue Apr 23 13:13:25 2019",
  "global options" : {
    "fallocate" : "none",
    "runtime" : "30",
    "directory" : "/data/fio_write/beegfs-write-64-client-90087-12",
    "bs" : "131072",
    "time_based" : "1",
    "ioengine" : "libaio",
    "iodepth" : "8",
    "direct" : "1",
    "buffered" : "0",
    "thread" : "0",
    "group_reporting" : "1",
    "filesize" : "32g",
    "size" : "32g",
    "filename_format" : "$jobnum.dat"
  },
  "jobs" : [
    {
      "jobname" : "fio-job",
      "groupid" : 0,
      "error" : 0,
      "eta" : 0,
      "elapsed" : 31,
      "job options" : {
        "rw" : "write"
      },
      "read" : {
        "io_bytes" : 0,
        "io_kbytes" : 0,
        "bw" : 0,
        "iops" : 0.000000,
        "runtime" : 0,
        "total_ios" : 0,
        "short_ios" : 0,
        "drop_ios" : 0,
        "slat_ns" : {
          "min" : 0,
          "max" : 0,
          "mean" : 0.000000,
          "stddev" : 0.000000
        },
        "clat_ns" : {
          "min" : 0,
          "max" : 0,
          "mean" : 0.000000,
          "stddev" : 0.000000,
          "percentile" : {
            "1.000000" : 0,
            "5.000000" : 0,
            "10.000000" : 0,
            "20.000000" : 0,
            "30.000000" : 0,
            "40.000000" : 0,
            "50.000000" : 0,
            "60.000000" : 0,
            "70.000000" : 0,
            "80.000000" : 0,
            "90.000000" : 0,
            "95.000000" : 0,
            "99.000000" : 0,
            "99.500000" : 0,
            "99.900000" : 0,
            "99.950000" : 0,
            "99.990000" : 0,
            "0.00" : 0,
            "0.00" : 0,
            "0.00" : 0
          },
          "bins" : {

          }
        },
        "lat_ns" : {
          "min" : 0,
          "max" : 0,
          "mean" : 0.000000,
          "stddev" : 0.000000
        },
        "bw_min" : 0,
        "bw_max" : 0,
        "bw_agg" : 0.000000,
        "bw_mean" : 0.000000,
        "bw_dev" : 0.000000,
        "bw_samples" : 0,
        "iops_min" : 0,
        "iops_max" : 0,
        "iops_mean" : 0.000000,
        "iops_stddev" : 0.000000,
        "iops_samples" : 0
      },
      "write" : {
        "io_bytes" : 325451776,
        "io_kbytes" : 317824,
        "bw" : 10583,
        "iops" : 82.686736,
        "runtime" : 30029,
        "total_ios" : 2483,
        "short_ios" : 0,
        "drop_ios" : 0,
        "slat_ns" : {
          "min" : 6069040,
          "max" : 116711968,
          "mean" : 48355849.091422,
          "stddev" : 9579125.449585
        },
        "clat_ns" : {
          "min" : 2404,
          "max" : 478353489,
          "mean" : 336718733.517117,
          "stddev" : 50863476.052392,
          "percentile" : {
            "1.000000" : 240123904,
            "5.000000" : 278921216,
            "10.000000" : 287309824,
            "20.000000" : 299892736,
            "30.000000" : 308281344,
            "40.000000" : 312475648,
            "50.000000" : 329252864,
            "60.000000" : 350224384,
            "70.000000" : 362807296,
            "80.000000" : 379584512,
            "90.000000" : 400556032,
            "95.000000" : 425721856,
            "99.000000" : 446693376,
            "99.500000" : 459276288,
            "99.900000" : 467664896,
            "99.950000" : 467664896,
            "99.990000" : 480247808,
            "0.00" : 0,
            "0.00" : 0,
            "0.00" : 0
          },
          "bins" : {
            "2416" : 1,
            "3728" : 1,
            "4192" : 1,
            "7008" : 1,
            "34340864" : 1,
            "36438016" : 2,
            "36962304" : 1,
            "72876032" : 1,
            "73924608" : 1,
            "74973184" : 1,
            "77070336" : 1,
            "117964800" : 3,
            "119013376" : 1,
            "168820736" : 1,
            "170917888" : 1,
            "173015040" : 1,
            "175112192" : 1,
            "223346688" : 2,
            "225443840" : 2,
            "240123904" : 2,
            "242221056" : 3,
            "244318208" : 1,
            "246415360" : 2,
            "248512512" : 2,
            "250609664" : 4,
            "252706816" : 1,
            "256901120" : 2,
            "258998272" : 5,
            "261095424" : 2,
            "263192576" : 5,
            "265289728" : 9,
            "267386880" : 7,
            "270532608" : 25,
            "274726912" : 27,
            "278921216" : 15,
            "283115520" : 69,
            "287309824" : 85,
            "291504128" : 80,
            "295698432" : 117,
            "299892736" : 147,
            "304087040" : 109,
            "308281344" : 145,
            "312475648" : 113,
            "316669952" : 87,
            "320864256" : 76,
            "325058560" : 52,
            "329252864" : 53,
            "333447168" : 48,
            "337641472" : 45,
            "341835776" : 44,
            "346030080" : 53,
            "350224384" : 72,
            "354418688" : 69,
            "358612992" : 86,
            "362807296" : 66,
            "367001600" : 76,
            "371195904" : 86,
            "375390208" : 63,
            "379584512" : 59,
            "383778816" : 55,
            "387973120" : 41,
            "392167424" : 43,
            "396361728" : 37,
            "400556032" : 29,
            "404750336" : 18,
            "408944640" : 36,
            "413138944" : 23,
            "417333248" : 12,
            "421527552" : 23,
            "425721856" : 30,
            "429916160" : 30,
            "434110464" : 13,
            "438304768" : 13,
            "442499072" : 14,
            "446693376" : 10,
            "450887680" : 3,
            "455081984" : 4,
            "459276288" : 2,
            "463470592" : 6,
            "467664896" : 4,
            "480247808" : 1
          }
        },
        "lat_ns" : {
          "min" : 34317661,
          "max" : 538317769,
          "mean" : 385075012.055578,
          "stddev" : 55839211.434321
        },
        "bw_min" : 1024,
        "bw_max" : 3328,
        "bw_agg" : 24.707117,
        "bw_mean" : 2614.754167,
        "bw_dev" : 396.827526,
        "bw_samples" : 240,
        "iops_min" : 8,
        "iops_max" : 26,
        "iops_mean" : 20.425000,
        "iops_stddev" : 3.099906,
        "iops_samples" : 240
      },
      "trim" : {
        "io_bytes" : 0,
        "io_kbytes" : 0,
        "bw" : 0,
        "iops" : 0.000000,
        "runtime" : 0,
        "total_ios" : 0,
        "short_ios" : 0,
        "drop_ios" : 0,
        "slat_ns" : {
          "min" : 0,
          "max" : 0,
          "mean" : 0.000000,
          "stddev" : 0.000000
        },
        "clat_ns" : {
          "min" : 0,
          "max" : 0,
          "mean" : 0.000000,
          "stddev" : 0.000000,
          "percentile" : {
            "1.000000" : 0,
            "5.000000" : 0,
            "10.000000" : 0,
            "20.000000" : 0,
            "30.000000" : 0,
            "40.000000" : 0,
            "50.000000" : 0,
            "60.000000" : 0,
            "70.000000" : 0,
            "80.000000" : 0,
            "90.000000" : 0,
            "95.000000" : 0,
            "99.000000" : 0,
            "99.500000" : 0,
            "99.900000" : 0,
            "99.950000" : 0,
            "99.990000" : 0,
            "0.00" : 0,
            "0.00" : 0,
            "0.00" : 0
          },
          "bins" : {

          }
        },
        "lat_ns" : {
          "min" : 0,
          "max" : 0,
          "mean" : 0.000000,
          "stddev" : 0.000000
        },
        "bw_min" : 0,
        "bw_max" : 0,
        "bw_agg" : 0.000000,
        "bw_mean" : 0.000000,
        "bw_dev" : 0.000000,
        "bw_samples" : 0,
        "iops_min" : 0,
        "iops_max" : 0,
        "iops_mean" : 0.000000,
        "iops_stddev" : 0.000000,