{
  "fio version" : "fio-3.1",
  "timestamp" : 1556021447,
  "timestamp_ms" : 1556021447350,
  "time" : "Tue Apr 23 13:10:47 2019",
  "global options" : {
    "fallocate" : "none",
    "runtime" : "30",
    "directory" : "/data/fio_write/beegfs-write-64-client-90087-12",
    "bs" : "4096",
    "time_based" : "1",
    "ioengine" : "libaio",
    "iodepth" : "8",
    "direct" : "1",
    "buffered" : "0",
    "thread" : "0",
    "group_reporting" : "1",
    "filesize" : "32g",
    "size" : "32g",
    "filename_format" : "$jobnum.dat"
  },
  "jobs" : [
    {
      "jobname" : "fio-job",
      "groupid" : 0,
      "error" : 0,
      "eta" : 0,
      "elapsed" : 31,
      "job options" : {
        "rw" : "write"
      },
      "read" : {
        "io_bytes" : 0,
        "io_kbytes" : 0,
        "bw" : 0,
        "iops" : 0.000000,
        "runtime" : 0,
        "total_ios" : 0,
        "short_ios" : 0,
        "drop_ios" : 0,
        "slat_ns" : {
          "min" : 0,
          "max" : 0,
          "mean" : 0.000000,
          "stddev" : 0.000000
        },
        "clat_ns" : {
          "min" : 0,
          "max" : 0,
          "mean" : 0.000000,
          "stddev" : 0.000000,
          "percentile" : {
            "1.000000" : 0,
            "5.000000" : 0,
            "10.000000" : 0,
            "20.000000" : 0,
            "30.000000" : 0,
            "40.000000" : 0,
            "50.000000" : 0,
            "60.000000" : 0,
            "70.000000" : 0,
            "80.000000" : 0,
            "90.000000" : 0,
            "95.000000" : 0,
            "99.000000" : 0,
            "99.500000" : 0,
            "99.900000" : 0,
            "99.950000" : 0,
            "99.990000" : 0,
            "0.00" : 0,
            "0.00" : 0,
            "0.00" : 0
          },
          "bins" : {

          }
        },
        "lat_ns" : {
          "min" : 0,
          "max" : 0,
          "mean" : 0.000000,
          "stddev" : 0.000000
        },
        "bw_min" : 0,
        "bw_max" : 0,
        "bw_agg" : 0.000000,
        "bw_mean" : 0.000000,
        "bw_dev" : 0.000000,
        "bw_samples" : 0,
        "iops_min" : 0,
        "iops_max" : 0,
        "iops_mean" : 0.000000,
        "iops_stddev" : 0.000000,
        "iops_samples" : 0
      },
      "write" : {
        "io_bytes" : 229613568,
        "io_kbytes" : 224232,
        "bw" : 7474,
        "iops" : 1868.537715,
        "runtime" : 30001,
        "total_ios" : 56058,
        "short_ios" : 0,
        "drop_ios" : 0,
        "slat_ns" : {
          "min" : 378975,
          "max" : 11328550,
          "mean" : 2138235.960987,
          "stddev" : 286904.304402
        },
        "clat_ns" : {
          "min" : 2460,
          "max" : 24239346,
          "mean" : 14984115.081309,
          "stddev" : 1026922.109458,
          "percentile" : {
            "1.000000" : 13041664,
            "5.000000" : 14090240,
            "10.000000" : 14221312,
            "20.000000" : 14483456,
            "30.000000" : 14614528,
            "40.000000" : 14745600,
            "50.000000" : 14876672,
            "60.000000" : 15007744,
            "70.000000" : 15138816,
            "80.000000" : 15400960,
            "90.000000" : 15925248,
            "95.000000" : 16449536,
            "99.000000" : 18743296,
            "99.500000" : 20054016,
            "99.900000" : 21626880,
            "99.950000" : 22413312,
            "99.990000" : 23986176,
            "0.00" : 0,
            "0.00" : 0,
            "0.00" : 0
          },
          "bins" : {
            "2448" : 1,
            "2640" : 1,
            "2704" : 1,
            "10816" : 1,
            "1400832" : 1,
            "1449984" : 2,
            "1499136" : 1,
            "2932736" : 3,
            "2965504" : 1,
            "4358144" : 1,
            "4423680" : 3,
            "5537792" : 1,
            "5799936" : 1,
            "5865472" : 7,
            "5931008" : 3,
            "6062080" : 2,
            "6127616" : 1,
            "6193152" : 1,
            "6389760" : 2,
            "6455296" : 2,
            "6520832" : 2,
            "6717440" : 3,
            "6848512" : 3,
            "6914048" : 1,
            "6979584" : 3,
            "7045120" : 2,
            "7110656" : 2,
            "7176192" : 1,
            "7241728" : 2,
            "7307264" : 2,
            "7372800" : 3,
            "7438336" : 3,
            "7503872" : 3,
            "7569408" : 1,
            "7634944" : 3,
            "7700480" : 1,
            "7766016" : 1,
            "7831552" : 1,
            "7897088" : 1,
            "8028160" : 1,
            "8159232" : 2,
            "8224768" : 3,
            "8290304" : 7,
            "8355840" : 11,
            "8454144" : 28,
            "8585216" : 17,
            "8716288" : 20,
            "8847360" : 31,
            "8978432" : 15,
            "9109504" : 5,
            "9240576" : 11,
            "9371648" : 12,
            "9502720" : 7,
            "9633792" : 11,
            "9764864" : 8,
            "9895936" : 5,
            "10027008" : 17,
            "10158080" : 7,
            "10289152" : 14,
            "10420224" : 16,
            "10551296" : 2,
            "10682368" : 4,
            "10813440" : 2,
            "10944512" : 5,
            "11075584" : 1,
            "11206656" : 6,
            "11337728" : 2,
            "11468800" : 3,
            "11599872" : 3,
            "11730944" : 3,
            "11862016" : 1,
            "11993088" : 4,
            "12124160" : 33,
            "12255232" : 25,
            "12386304" : 9,
            "12517376" : 25,
            "12648448" : 28,
            "12779520" : 14,
            "12910592" : 31,
            "13041664" : 101,
            "13172736" : 87,
            "13303808" : 74,
            "13434880" : 132,
            "13565952" : 75,
            "13697024" : 50,
            "13828096" : 254,
            "13959168" : 685,
            "14090240" : 1513,
            "14221312" : 2950,
            "14352384" : 3567,
            "14483456" : 3236,
            "14614528" : 4904,
            "14745600" : 7211,
            "14876672" : 7618,
            "15007744" : 5515,
            "15138816" : 3231,
            "15269888" : 2219,
            "15400960" : 1767,
            "15532032" : 1515,
            "15663104" : 1227,
            "15794176" : 1166,
            "15925248" : 1198,
            "16056320" : 1040,
            "16187392" : 755,
            "16318464" : 590,
            "16449536" : 459,
            "16580608" : 337,
            "16711680" : 253,
            "16908288" : 361,
            "17170432" : 153,
            "17432576" : 144,
            "17694720" : 145,
            "17956864" : 108,
            "18219008" : 125,
            "18481152" : 142,
            "18743296" : 98,
            "19005440" : 75,
            "19267584" : 57,
            "19529728" : 26,
            "19791872" : 46,
            "20054016" : 97,
            "20316160" : 42,
            "20578304" : 91,
            "20840448" : 22,
            "21102592" : 9,
            "21364736" : 3,
            "21626880" : 15,
            "21889024" : 8,
            "22151168" : 10,
            "22413312" : 9,
            "22675456" : 7,
            "23461888" : 3,
            "23724032" : 3,
            "23986176" : 3,
            "24248320" : 4
          }
        },
        "lat_ns" : {
          "min" : 1403547,
          "max" : 26274410,
          "mean" : 17122668.067270,
          "stddev" : 1127784.979008
        },
        "bw_min" : 1760,
        "bw_max" : 2128,
        "bw_agg" : 24.991470,
        "bw_mean" : 1867.862500,
        "bw_dev" : 51.125592,
        "bw_samples" : 240,
        "iops_min" : 440,
        "iops_max" : 532,
        "iops_mean" : 466.950000,
        "iops_stddev" : 12.776711,
        "iops_samples" : 240
      },
      "trim" : {
        "io_bytes" : 0,
        "io_kbytes" : 0,
        "bw" : 0,