{
  "fio version" : "fio-3.1",
  "timestamp" : 1555517864,
  "timestamp_ms" : 1555517864631,
  "time" : "Wed Apr 17 16:17:44 2019",
  "global options" : {
    "fallocate" : "none",
    "runtime" : "30",
    "directory" : "/data/fio_write/beegfs-write-64-vkgzp",
    "bs" : "16777216",
    "time_based" : "1",
    "ioengine" : "libaio",
    "iodepth" : "8",
    "direct" : "1",
    "buffered" : "0",
    "thread" : "0",
    "group_reporting" : "1",
    "filesize" : "32g",
    "size" : "32g",
    "filename_format" : "$jobnum.dat"
  },
  "jobs" : [
    {
      "jobname" : "fio-job",
      "groupid" : 0,
      "error" : 0,
      "eta" : 0,
      "elapsed" : 32,
      "job options" : {
        "rw" : "write"
      },
      "read" : {
        "io_bytes" : 0,
        "io_kbytes" : 0,
        "bw" : 0,
        "iops" : 0.000000,
        "runtime" : 0,
        "total_ios" : 0,
        "short_ios" : 0,
        "drop_ios" : 0,
        "slat_ns" : {
          "min" : 0,
          "max" : 0,
          "mean" : 0.000000,
          "stddev" : 0.000000
        },
        "clat_ns" : {
          "min" : 0,
          "max" : 0,
          "mean" : 0.000000,
          "stddev" : 0.000000,
          "percentile" : {
            "1.000000" : 0,
            "5.000000" : 0,
            "10.000000" : 0,
            "20.000000" : 0,
            "30.000000" : 0,
            "40.000000" : 0,
            "50.000000" : 0,
            "60.000000" : 0,
            "70.000000" : 0,
            "80.000000" : 0,
            "90.000000" : 0,
            "95.000000" : 0,
            "99.000000" : 0,
            "99.500000" : 0,
            "99.900000" : 0,
            "99.950000" : 0,
            "99.990000" : 0,
            "0.00" : 0,
            "0.00" : 0,
            "0.00" : 0
          },
          "bins" : {

          }
        },
        "lat_ns" : {
          "min" : 0,
          "max" : 0,
          "mean" : 0.000000,
          "stddev" : 0.000000
        },
        "bw_min" : 0,
        "bw_max" : 0,
        "bw_agg" : 0.000000,
        "bw_mean" : 0.000000,
        "bw_dev" : 0.000000,
        "bw_samples" : 0,
        "iops_min" : 0,
        "iops_max" : 0,
        "iops_mean" : 0.000000,
        "iops_stddev" : 0.000000,
        "iops_samples" : 0
      },
      "write" : {
        "io_bytes" : 4076863488,
        "io_kbytes" : 3981312,
        "bw" : 130180,
        "iops" : 7.945591,
        "runtime" : 30583,
        "total_ios" : 243,
        "short_ios" : 0,
        "drop_ios" : 0,
        "slat_ns" : {
          "min" : 342843246,
          "max" : 778115985,
          "mean" : 499522712.390947,
          "stddev" : 73287986.851353
        },
        "clat_ns" : {
          "min" : 12137,
          "max" : 4203581750,
          "mean" : 3291645435.193415,
          "stddev" : 683789025.245472,
          "percentile" : {
            "1.000000" : 15168,
            "5.000000" : 1887436800,
            "10.000000" : 3170893824,
            "20.000000" : 3271557120,
            "30.000000" : 3338665984,
            "40.000000" : 3372220416,
            "50.000000" : 3405774848,
            "60.000000" : 3472883712,
            "70.000000" : 3539992576,
            "80.000000" : 3607101440,
            "90.000000" : 3707764736,
            "95.000000" : 3875536896,
            "99.000000" : 4076863488,
            "99.500000" : 4110417920,
            "99.900000" : 4211081216,
            "99.950000" : 4211081216,
            "99.990000" : 4211081216,
            "0.00" : 0,
            "0.00" : 0,
            "0.00" : 0
          },
          "bins" : {
            "12096" : 1,
            "13376" : 1,
            "15168" : 2,
            "501219328" : 1,
            "658505728" : 1,
            "666894336" : 1,
            "767557632" : 1,
            "1283457024" : 1,
            "1317011456" : 1,
            "1384120320" : 1,
            "1400897536" : 1,
            "1887436800" : 1,
            "1920991232" : 1,
            "1937768448" : 1,
            "2164260864" : 1,
            "2332033024" : 2,
            "2432696320" : 1,
            "2701131776" : 1,
            "2768240640" : 1,
            "2801795072" : 1,
            "2969567232" : 1,
            "3170893824" : 3,
            "3204448256" : 5,
            "3238002688" : 12,
            "3271557120" : 10,
            "3305111552" : 15,
            "3338665984" : 18,
            "3372220416" : 16,
            "3405774848" : 21,
            "3439329280" : 15,
            "3472883712" : 13,
            "3506438144" : 9,
            "3539992576" : 18,
            "3573547008" : 15,
            "3607101440" : 11,
            "3640655872" : 9,
            "3674210304" : 4,
            "3707764736" : 2,
            "3741319168" : 4,
            "3774873600" : 3,
            "3808428032" : 3,
            "3875536896" : 4,
            "3909091328" : 3,
            "3942645760" : 1,
            "4043309056" : 3,
            "4076863488" : 1,
            "4110417920" : 1,
            "4211081216" : 1
          }
        },
        "lat_ns" : {
          "min" : 502100199,
          "max" : 4716238604,
          "mean" : 3791172076.913580,
          "stddev" : 657860919.878561
        },
        "bw_min" : 32702,
        "bw_max" : 66466,
        "bw_agg" : 26.194884,
        "bw_mean" : 34100.500000,
        "bw_dev" : 6030.214974,
        "bw_samples" : 204,
        "iops_min" : 1,
        "iops_max" : 4,
        "iops_mean" : 2.019608,
        "iops_stddev" : 0.408780,
        "iops_samples" : 204
      },
      "trim" : {
        "io_bytes" : 0,
        "io_kbytes" : 0,
        "bw" : 0,
        "iops" : 0.000000,
        "runtime" : 0,
        "total_ios" : 0,
        "short_ios" : 0,
        "drop_ios" : 0,
        "slat_ns" : {
          "min" : 0,
          "max" : 0,
          "mean" : 0.000000,
          "stddev" : 0.000000
        },
        "clat_ns" : {
          "min" : 0,
          "max" : 0,
          "mean" : 0.000000,
          "stddev" : 0.000000,
          "percentile" : {
            "1.000000" : 0,
            "5.000000" : 0,
            "10.000000" : 0,
            "20.000000" : 0,
            "30.000000" : 0,
            "40.000000" : 0,
            "50.000000" : 0,
            "60.000000" : 0,
            "70.000000" : 0,
            "80.000000" : 0,
            "90.000000" : 0,
            "95.000000" : 0,
            "99.000000" : 0,
            "99.500000" : 0,
            "99.900000" : 0,
            "99.950000" : 0,
            "99.990000" : 0,
            "0.00" : 0,
            "0.00" : 0,
            "0.00" : 0
          },
          "bins" : {

          }
        },
        "lat_ns" : {
          "min" : 0,
          "max" : 0,
          "mean" : 0.000000,
          "stddev" : 0.000000
        },
        "bw_min" : 0,
        "bw_max" : 0,
        "bw_agg" : 0.000000,
        "bw_mean" : 0.000000,
        "bw_dev" : 0.000000,
        "bw_samples" : 0,
        "iops_min" : 0,
        "iops_max" : 0,
        "iops_mean" : 0.000000,
        "iops_stddev" : 0.000000,
        "iops_samples" : 0
      },
      "usr_cpu" : 0.288913,
      "sys_cpu" : 2.443823,
      "ctx" : 500648,
      "majf" : 0,
      "minf" : 37,
      "iodepth_level" : {
        "1" : 1.646091,
        "2" : 3.292181,
        "4" : 6.584362,
        "8" : 88.477366,
        "16" : 0.000000,
        "32" : 0.000000,
        ">=64" : 0.000000
      },
      "latency_ns" : {
        "2" : 0.000000,
        "4" : 0.000000,
        "10" : 0.000000,
        "20" : 0.000000,
        "50" : 0.000000,
        "100" : 0.000000,
        "250" : 0.000000,
        "500" : 0.000000,
        "750" : 0.000000,
        "1000" : 0.000000
      },
      "latency_us" : {
        "2" : 0.000000,
        "4" : 0.000000,
        "10" : 0.000000,
        "20" : 1.646091,
        "50" : 0.000000,
        "100" : 0.000000,
        "250" : 0.000000,
        "500" : 0.000000,
        "750" : 0.000000,
        "1000" : 0.000000
      },