{
  "fio version" : "fio-3.1",
  "timestamp" : 1556098954,
  "timestamp_ms" : 1556098954101,
  "time" : "Wed Apr 24 09:42:34 2019",
  "global options" : {
    "fallocate" : "none",
    "runtime" : "30",
    "directory" : "data/fio_write/beegfs-randwrite-1-jsh64",
    "bs" : "2097152",
    "time_based" : "1",
    "ioengine" : "libaio",
    "iodepth" : "8",
    "direct" : "1",
    "buffered" : "0",
    "thread" : "0",
    "group_reporting" : "1",
    "filesize" : "32g",
    "size" : "32g",
    "filename_format" : "$jobnum.dat"
  },
  "jobs" : [
    {
      "jobname" : "fio-job",
      "groupid" : 0,
      "error" : 0,
      "eta" : 0,
      "elapsed" : 31,
      "job options" : {
        "rw" : "randwrite"
      },
      "read" : {
        "io_bytes" : 0,
        "io_kbytes" : 0,
        "bw" : 0,
        "iops" : 0.000000,
        "runtime" : 0,
        "total_ios" : 0,
        "short_ios" : 0,
        "drop_ios" : 0,
        "slat_ns" : {
          "min" : 0,
          "max" : 0,
          "mean" : 0.000000,
          "stddev" : 0.000000
        },
        "clat_ns" : {
          "min" : 0,
          "max" : 0,
          "mean" : 0.000000,
          "stddev" : 0.000000,
          "percentile" : {
            "1.000000" : 0,
            "5.000000" : 0,
            "10.000000" : 0,
            "20.000000" : 0,
            "30.000000" : 0,
            "40.000000" : 0,
            "50.000000" : 0,
            "60.000000" : 0,
            "70.000000" : 0,
            "80.000000" : 0,
            "90.000000" : 0,
            "95.000000" : 0,
            "99.000000" : 0,
            "99.500000" : 0,
            "99.900000" : 0,
            "99.950000" : 0,
            "99.990000" : 0,
            "0.00" : 0,
            "0.00" : 0,
            "0.00" : 0
          },
          "bins" : {

          }
        },
        "lat_ns" : {
          "min" : 0,
          "max" : 0,
          "mean" : 0.000000,
          "stddev" : 0.000000
        },
        "bw_min" : 0,
        "bw_max" : 0,
        "bw_agg" : 0.000000,
        "bw_mean" : 0.000000,
        "bw_dev" : 0.000000,
        "bw_samples" : 0,
        "iops_min" : 0,
        "iops_max" : 0,
        "iops_mean" : 0.000000,
        "iops_stddev" : 0.000000,
        "iops_samples" : 0
      },
      "write" : {
        "io_bytes" : 16246636544,
        "io_kbytes" : 15865856,
        "bw" : 528720,
        "iops" : 258.164489,
        "runtime" : 30008,
        "total_ios" : 7747,
        "short_ios" : 0,
        "drop_ios" : 0,
        "slat_ns" : {
          "min" : 14248738,
          "max" : 386260207,
          "mean" : 15483232.467536,
          "stddev" : 6453374.551041
        },
        "clat_ns" : {
          "min" : 4266,
          "max" : 688570238,
          "mean" : 108100091.427262,
          "stddev" : 20066497.978486,
          "percentile" : {
            "1.000000" : 103284736,
            "5.000000" : 104333312,
            "10.000000" : 104333312,
            "20.000000" : 105381888,
            "30.000000" : 105381888,
            "40.000000" : 106430464,
            "50.000000" : 106430464,
            "60.000000" : 106430464,
            "70.000000" : 107479040,
            "80.000000" : 108527616,
            "90.000000" : 109576192,
            "95.000000" : 112721920,
            "99.000000" : 131596288,
            "99.500000" : 160432128,
            "99.900000" : 476053504,
            "99.950000" : 488636416,
            "99.990000" : 692060160,
            "0.00" : 0,
            "0.00" : 0,
            "0.00" : 0
          },
          "bins" : {
            "4256" : 1,
            "4512" : 1,
            "5280" : 1,
            "5536" : 1,
            "15138816" : 1,
            "15269888" : 1,
            "16711680" : 1,
            "16908288" : 1,
            "30277632" : 1,
            "30539776" : 1,
            "32112640" : 1,
            "32374784" : 1,
            "45875200" : 2,
            "47448064" : 2,
            "61079552" : 2,
            "63176704" : 2,
            "76021760" : 1,
            "77070336" : 1,
            "78118912" : 2,
            "91750400" : 2,
            "93847552" : 2,
            "103284736" : 105,
            "104333312" : 905,
            "105381888" : 1985,
            "106430464" : 2024,
            "107479040" : 1150,
            "108527616" : 641,
            "109576192" : 302,
            "110624768" : 102,
            "111673344" : 76,
            "112721920" : 57,
            "113770496" : 53,
            "114819072" : 29,
            "115867648" : 28,
            "116916224" : 38,
            "117964800" : 22,
            "119013376" : 8,
            "120061952" : 7,
            "121110528" : 5,
            "122159104" : 10,
            "123207680" : 13,
            "124256256" : 2,
            "125304832" : 7,
            "126353408" : 4,
            "127401984" : 15,
            "128450560" : 18,
            "129499136" : 16,
            "130547712" : 13,
            "131596288" : 8,
            "132644864" : 1,
            "133693440" : 4,
            "135266304" : 2,
            "137363456" : 2,
            "139460608" : 4,
            "141557760" : 2,
            "143654912" : 5,
            "145752064" : 3,
            "147849216" : 3,
            "149946368" : 7,
            "160432128" : 7,
            "187695104" : 5,
            "189792256" : 2,
            "191889408" : 1,
            "193986560" : 6,
            "283115520" : 1,
            "325058560" : 4,
            "329252864" : 1,
            "333447168" : 2,
            "476053504" : 7,
            "488636416" : 4,
            "509607936" : 1,
            "692060160" : 2
          }
        },
        "lat_ns" : {
          "min" : 15151609,
          "max" : 704344084,
          "mean" : 123584464.900736,
          "stddev" : 21814562.263219
        },
        "bw_min" : 49648,
        "bw_max" : 140670,
        "bw_agg" : 25.093639,
        "bw_mean" : 132675.087866,
        "bw_dev" : 9669.234842,
        "bw_samples" : 239,
        "iops_min" : 24,
        "iops_max" : 68,
        "iops_mean" : 64.552301,
        "iops_stddev" : 4.703430,
        "iops_samples" : 239
      },
      "trim" : {
        "io_bytes" : 0,
        "io_kbytes" : 0,
        "bw" : 0,
        "iops" : 0.000000,
        "runtime" : 0,
        "total_ios" : 0,
        "short_ios" : 0,
        "drop_ios" : 0,
        "slat_ns" : {
          "min" : 0,
          "max" : 0,
          "mean" : 0.000000,
          "stddev" : 0.000000
        },
        "clat_ns" : {
          "min" : 0,
          "max" : 0,
          "mean" : 0.000000,
          "stddev" : 0.000000,
          "percentile" : {
            "1.000000" : 0,
            "5.000000" : 0,
            "10.000000" : 0,
            "20.000000" : 0,
            "30.000000" : 0,
            "40.000000" : 0,
            "50.000000" : 0,
            "60.000000" : 0,
            "70.000000" : 0,
            "80.000000" : 0,
            "90.000000" : 0,
            "95.000000" : 0,
            "99.000000" : 0,
            "99.500000" : 0,
            "99.900000" : 0,
            "99.950000" : 0,
            "99.990000" : 0,
            "0.00" : 0,
            "0.00" : 0,
            "0.00" : 0
          },
          "bins" : {

          }
        },
        "lat_ns" : {
          "min" : 0,
          "max" : 0,
          "mean" : 0.000000,
          "stddev" : 0.000000
        },
        "bw_min" : 0,
        "bw_max" : 0,
        "bw_agg" : 0.000000,
        "bw_mean" : 0.000000,
        "bw_dev" : 0.000000,
        "bw_samples" : 0,
        "iops_min" : 0,
        "iops_max" : 0,
        "iops_mean" : 0.000000,
        "iops_stddev" : 0.000000,
        "iops_samples" : 0
      },
      "usr_cpu" : 0.776583,
      "sys_cpu" : 6.453468,
      "ctx" : 1995920,
      "majf" : 0,
      "minf" : 40,
      "iodepth_level" : {
        "1" : 0.100000,
        "2" : 0.103266,
        "4" : 0.206532,
        "8" : 99.638570,