{
  "fio version" : "fio-3.1",
  "timestamp" : 1574274017,
  "timestamp_ms" : 1574274017422,
  "time" : "Wed Nov 20 18:20:17 2019",
  "global options" : {
    "directory" : "data/fio_write/beegfs-write-64-6rrs4",
    "bs" : "4194304",
    "fallocate" : "none",
    "runtime" : "30",
    "time_based" : "1",
    "ioengine" : "libaio",
    "iodepth" : "8",
    "direct" : "1",
    "buffered" : "0",
    "invalidate" : "1",
    "ramp_time" : "0",
    "thread" : "0",
    "group_reporting" : "1",
    "filesize" : "32g",
    "size" : "32g",
    "filename_format" : "$jobnum.dat"
  },
  "jobs" : [
    {
      "jobname" : "fio-job",
      "groupid" : 0,
      "error" : 0,
      "eta" : 0,
      "elapsed" : 31,
      "job options" : {
        "rw" : "write"
      },
      "read" : {
        "io_bytes" : 0,
        "io_kbytes" : 0,
        "bw" : 0,
        "iops" : 0.000000,
        "runtime" : 0,
        "total_ios" : 0,
        "short_ios" : 0,
        "drop_ios" : 0,
        "slat_ns" : {
          "min" : 0,
          "max" : 0,
          "mean" : 0.000000,
          "stddev" : 0.000000
        },
        "clat_ns" : {
          "min" : 0,
          "max" : 0,
          "mean" : 0.000000,
          "stddev" : 0.000000,
          "percentile" : {
            "1.000000" : 0,
            "5.000000" : 0,
            "10.000000" : 0,
            "20.000000" : 0,
            "30.000000" : 0,
            "40.000000" : 0,
            "50.000000" : 0,
            "60.000000" : 0,
            "70.000000" : 0,
            "80.000000" : 0,
            "90.000000" : 0,
            "95.000000" : 0,
            "99.000000" : 0,
            "99.500000" : 0,
            "99.900000" : 0,
            "99.950000" : 0,
            "99.990000" : 0,
            "0.00" : 0,
            "0.00" : 0,
            "0.00" : 0
          },
          "bins" : {

          }
        },
        "lat_ns" : {
          "min" : 0,
          "max" : 0,
          "mean" : 0.000000,
          "stddev" : 0.000000
        },
        "bw_min" : 0,
        "bw_max" : 0,
        "bw_agg" : 0.000000,
        "bw_mean" : 0.000000,
        "bw_dev" : 0.000000,
        "bw_samples" : 0,
        "iops_min" : 0,
        "iops_max" : 0,
        "iops_mean" : 0.000000,
        "iops_stddev" : 0.000000,
        "iops_samples" : 0
      },
      "write" : {
        "io_bytes" : 1853882368,
        "io_kbytes" : 1810432,
        "bw" : 60239,
        "iops" : 14.706861,
        "runtime" : 30054,
        "total_ios" : 442,
        "short_ios" : 0,
        "drop_ios" : 0,
        "slat_ns" : {
          "min" : 9690301,
          "max" : 1257239405,
          "mean" : 271688085.151584,
          "stddev" : 195165032.439286
        },
        "clat_ns" : {
          "min" : 10264,
          "max" : 4060256665,
          "mean" : 1856525328.088235,
          "stddev" : 707798344.738218,
          "percentile" : {
            "1.000000" : 204472320,
            "5.000000" : 708837376,
            "10.000000" : 1052770304,
            "20.000000" : 1283457024,
            "30.000000" : 1468006400,
            "40.000000" : 1619001344,
            "50.000000" : 1753219072,
            "60.000000" : 1988100096,
            "70.000000" : 2231369728,
            "80.000000" : 2533359616,
            "90.000000" : 2768240640,
            "95.000000" : 3003121664,
            "99.000000" : 3607101440,
            "99.500000" : 3774873600,
            "99.900000" : 4076863488,
            "99.950000" : 4076863488,
            "99.990000" : 4076863488,
            "0.00" : 0,
            "0.00" : 0,
            "0.00" : 0
          },
          "bins" : {
            "10304" : 1,
            "12224" : 1,
            "12864" : 1,
            "15680" : 1,
            "204472320" : 1,
            "244318208" : 1,
            "250609664" : 1,
            "267386880" : 1,
            "283115520" : 1,
            "413138944" : 1,
            "438304768" : 1,
            "488636416" : 2,
            "599785472" : 1,
            "608174080" : 2,
            "624951296" : 1,
            "641728512" : 1,
            "675282944" : 1,
            "700448768" : 3,
            "708837376" : 1,
            "725614592" : 1,
            "775946240" : 1,
            "792723456" : 1,
            "843055104" : 1,
            "851443712" : 1,
            "868220928" : 1,
            "884998144" : 1,
            "893386752" : 1,
            "926941184" : 1,
            "943718400" : 3,
            "952107008" : 2,
            "960495616" : 1,
            "985661440" : 1,
            "1002438656" : 4,
            "1052770304" : 2,
            "1061158912" : 3,
            "1069547520" : 2,
            "1082130432" : 3,
            "1098907648" : 3,
            "1115684864" : 2,
            "1132462080" : 1,
            "1149239296" : 3,
            "1166016512" : 6,
            "1182793728" : 2,
            "1199570944" : 1,
            "1216348160" : 8,
            "1233125376" : 2,
            "1249902592" : 2,
            "1266679808" : 3,
            "1283457024" : 4,
            "1300234240" : 5,
            "1317011456" : 1,
            "1333788672" : 2,
            "1350565888" : 5,
            "1367343104" : 2,
            "1384120320" : 8,
            "1400897536" : 5,
            "1417674752" : 3,
            "1434451968" : 6,
            "1451229184" : 4,
            "1468006400" : 5,
            "1484783616" : 6,
            "1501560832" : 9,
            "1518338048" : 4,
            "1535115264" : 1,
            "1551892480" : 5,
            "1568669696" : 1,
            "1585446912" : 3,
            "1602224128" : 8,
            "1619001344" : 4,
            "1635778560" : 9,
            "1652555776" : 4,
            "1669332992" : 6,
            "1686110208" : 3,
            "1702887424" : 6,
            "1719664640" : 5,
            "1736441856" : 5,
            "1753219072" : 6,
            "1769996288" : 3,
            "1786773504" : 2,
            "1803550720" : 4,
            "1820327936" : 1,
            "1837105152" : 4,
            "1853882368" : 4,
            "1870659584" : 5,
            "1887436800" : 5,
            "1904214016" : 3,
            "1920991232" : 3,
            "1937768448" : 4,
            "1954545664" : 1,
            "1971322880" : 3,
            "1988100096" : 4,
            "2004877312" : 3,
            "2021654528" : 1,
            "2038431744" : 3,
            "2055208960" : 2,
            "2071986176" : 1,
            "2088763392" : 4,
            "2105540608" : 6,
            "2122317824" : 6,
            "2139095040" : 3,
            "2164260864" : 4,
            "2197815296" : 7,
            "2231369728" : 6,
            "2264924160" : 5,
            "2298478592" : 5,
            "2332033024" : 3,
            "2365587456" : 4,
            "2399141888" : 3,
            "2432696320" : 2,
            "2466250752" : 9,
            "2499805184" : 4,
            "2533359616" : 7,
            "2566914048" : 10,
            "2600468480" : 9,
            "2634022912" : 5,
            "2667577344" : 5,
            "2701131776" : 5,
            "2734686208" : 5,
            "2768240640" : 6,
            "2801795072" : 6,
            "2835349504" : 3,
            "2868903936" : 3,
            "2902458368" : 1,
            "2936012800" : 1,
            "2969567232" : 4,
            "3003121664" : 2,
            "3036676096" : 4,
            "3070230528" : 3,
            "3103784960" : 1,
            "3137339392" : 2,
            "3170893824" : 2,
            "3305111552" : 1,
            "3338665984" : 2,
            "3372220416" : 1,
            "3539992576" : 1,
            "3607101440" : 1,
            "3640655872" : 1,
            "3774873600" : 1,
            "4009754624" : 1,
            "4076863488" : 1
          }
        },
        "lat_ns" : {
          "min" : 205457924,
          "max" : 4484591833,
          "mean" : 2128216782.660633,
          "stddev" : 761937431.805123
        },