{
  "fio version" : "fio-3.1",
  "timestamp" : 1556099564,
  "timestamp_ms" : 1556099564862,
  "time" : "Wed Apr 24 09:52:44 2019",
  "global options" : {
    "fallocate" : "none",
    "runtime" : "30",
    "directory" : "data/fio_write/beegfs-write-64-qnfdv",
    "bs" : "524288",
    "time_based" : "1",
    "ioengine" : "libaio",
    "iodepth" : "8",
    "direct" : "1",
    "buffered" : "0",
    "thread" : "0",
    "group_reporting" : "1",
    "filesize" : "32g",
    "size" : "32g",
    "filename_format" : "$jobnum.dat"
  },
  "jobs" : [
    {
      "jobname" : "fio-job",
      "groupid" : 0,
      "error" : 0,
      "eta" : 0,
      "elapsed" : 31,
      "job options" : {
        "rw" : "write"
      },
      "read" : {
        "io_bytes" : 0,
        "io_kbytes" : 0,
        "bw" : 0,
        "iops" : 0.000000,
        "runtime" : 0,
        "total_ios" : 0,
        "short_ios" : 0,
        "drop_ios" : 0,
        "slat_ns" : {
          "min" : 0,
          "max" : 0,
          "mean" : 0.000000,
          "stddev" : 0.000000
        },
        "clat_ns" : {
          "min" : 0,
          "max" : 0,
          "mean" : 0.000000,
          "stddev" : 0.000000,
          "percentile" : {
            "1.000000" : 0,
            "5.000000" : 0,
            "10.000000" : 0,
            "20.000000" : 0,
            "30.000000" : 0,
            "40.000000" : 0,
            "50.000000" : 0,
            "60.000000" : 0,
            "70.000000" : 0,
            "80.000000" : 0,
            "90.000000" : 0,
            "95.000000" : 0,
            "99.000000" : 0,
            "99.500000" : 0,
            "99.900000" : 0,
            "99.950000" : 0,
            "99.990000" : 0,
            "0.00" : 0,
            "0.00" : 0,
            "0.00" : 0
          },
          "bins" : {

          }
        },
        "lat_ns" : {
          "min" : 0,
          "max" : 0,
          "mean" : 0.000000,
          "stddev" : 0.000000
        },
        "bw_min" : 0,
        "bw_max" : 0,
        "bw_agg" : 0.000000,
        "bw_mean" : 0.000000,
        "bw_dev" : 0.000000,
        "bw_samples" : 0,
        "iops_min" : 0,
        "iops_max" : 0,
        "iops_mean" : 0.000000,
        "iops_stddev" : 0.000000,
        "iops_samples" : 0
      },
      "write" : {
        "io_bytes" : 2395996160,
        "io_kbytes" : 2339840,
        "bw" : 77973,
        "iops" : 152.292722,
        "runtime" : 30008,
        "total_ios" : 4570,
        "short_ios" : 0,
        "drop_ios" : 0,
        "slat_ns" : {
          "min" : 4495540,
          "max" : 252532984,
          "mean" : 26172033.601532,
          "stddev" : 31442346.722188
        },
        "clat_ns" : {
          "min" : 8869,
          "max" : 545963790,
          "mean" : 182800643.914880,
          "stddev" : 74137545.697335,
          "percentile" : {
            "1.000000" : 72876032,
            "5.000000" : 100139008,
            "10.000000" : 116916224,
            "20.000000" : 130547712,
            "30.000000" : 139460608,
            "40.000000" : 147849216,
            "50.000000" : 156237824,
            "60.000000" : 168820736,
            "70.000000" : 187695104,
            "80.000000" : 250609664,
            "90.000000" : 304087040,
            "95.000000" : 337641472,
            "99.000000" : 392167424,
            "99.500000" : 404750336,
            "99.900000" : 442499072,
            "99.950000" : 455081984,
            "99.990000" : 549453824,
            "0.00" : 0,
            "0.00" : 0,
            "0.00" : 0
          },
          "bins" : {
            "8896" : 1,
            "9280" : 2,
            "40192" : 1,
            "8454144" : 2,
            "8716288" : 1,
            "9109504" : 1,
            "15925248" : 1,
            "16711680" : 1,
            "17432576" : 1,
            "18481152" : 1,
            "26607616" : 1,
            "27131904" : 1,
            "28442624" : 1,
            "30015488" : 1,
            "35389440" : 1,
            "36438016" : 1,
            "38010880" : 1,
            "38535168" : 1,
            "44302336" : 1,
            "44826624" : 1,
            "46399488" : 1,
            "47972352" : 1,
            "51118080" : 1,
            "54263808" : 1,
            "54788096" : 1,
            "57409536" : 1,
            "58458112" : 2,
            "63176704" : 1,
            "63700992" : 1,
            "65798144" : 1,
            "66846720" : 2,
            "67633152" : 1,
            "68681728" : 2,
            "69730304" : 3,
            "71827456" : 4,
            "72876032" : 1,
            "73924608" : 5,
            "74973184" : 3,
            "76021760" : 2,
            "77070336" : 5,
            "78118912" : 2,
            "79167488" : 4,
            "80216064" : 7,
            "81264640" : 2,
            "82313216" : 6,
            "83361792" : 14,
            "84410368" : 7,
            "85458944" : 2,
            "86507520" : 5,
            "87556096" : 7,
            "88604672" : 4,
            "89653248" : 5,
            "90701824" : 12,
            "91750400" : 7,
            "92798976" : 15,
            "93847552" : 3,
            "94896128" : 11,
            "95944704" : 11,
            "96993280" : 11,
            "98041856" : 14,
            "99090432" : 13,
            "100139008" : 14,
            "101187584" : 14,
            "102236160" : 5,
            "103284736" : 11,
            "104333312" : 16,
            "105381888" : 10,
            "106430464" : 18,
            "107479040" : 15,
            "108527616" : 13,
            "109576192" : 19,
            "110624768" : 15,
            "111673344" : 10,
            "112721920" : 13,
            "113770496" : 16,
            "114819072" : 18,
            "115867648" : 21,
            "116916224" : 24,
            "117964800" : 24,
            "119013376" : 23,
            "120061952" : 30,
            "121110528" : 28,
            "122159104" : 35,
            "123207680" : 31,
            "124256256" : 40,
            "125304832" : 39,
            "126353408" : 35,
            "127401984" : 42,
            "128450560" : 37,
            "129499136" : 39,
            "130547712" : 39,
            "131596288" : 50,
            "132644864" : 43,
            "133693440" : 40,
            "135266304" : 108,
            "137363456" : 111,
            "139460608" : 130,
            "141557760" : 142,
            "143654912" : 109,
            "145752064" : 123,
            "147849216" : 122,
            "149946368" : 106,
            "152043520" : 108,
            "154140672" : 132,
            "156237824" : 87,
            "158334976" : 92,
            "160432128" : 97,
            "162529280" : 81,
            "164626432" : 74,
            "166723584" : 61,
            "168820736" : 62,
            "170917888" : 76,
            "173015040" : 62,
            "175112192" : 53,
            "177209344" : 53,
            "179306496" : 41,
            "181403648" : 45,
            "183500800" : 35,
            "185597952" : 16,
            "187695104" : 29,
            "189792256" : 24,
            "191889408" : 22,
            "193986560" : 13,
            "196083712" : 22,
            "198180864" : 11,
            "200278016" : 21,
            "202375168" : 19,
            "204472320" : 16,
            "206569472" : 12,
            "208666624" : 9,
            "210763776" : 13,
            "212860928" : 18,
            "214958080" : 19,
            "217055232" : 14,
            "219152384" : 16,
            "221249536" : 12,
            "223346688" : 15,
            "225443840" : 12,
            "227540992" : 8,
            "229638144" : 14,
            "231735296" : 14,
            "233832448" : 18,
            "235929600" : 17,
            "238026752" : 10,
            "240123904" : 9,
            "242221056" : 11,
            "244318208" : 10,
            "246415360" : 14,
            "248512512" : 24,
            "250609664" : 24,
            "252706816" : 27,