{
  "fio version" : "fio-3.1",
  "timestamp" : 1556099408,
  "timestamp_ms" : 1556099408032,
  "time" : "Wed Apr 24 09:50:08 2019",
  "global options" : {
    "fallocate" : "none",
    "runtime" : "30",
    "directory" : "data/fio_write/beegfs-write-64-45292",
    "bs" : "32768",
    "time_based" : "1",
    "ioengine" : "libaio",
    "iodepth" : "8",
    "direct" : "1",
    "buffered" : "0",
    "thread" : "0",
    "group_reporting" : "1",
    "filesize" : "32g",
    "size" : "32g",
    "filename_format" : "$jobnum.dat"
  },
  "jobs" : [
    {
      "jobname" : "fio-job",
      "groupid" : 0,
      "error" : 0,
      "eta" : 0,
      "elapsed" : 31,
      "job options" : {
        "rw" : "write"
      },
      "read" : {
        "io_bytes" : 0,
        "io_kbytes" : 0,
        "bw" : 0,
        "iops" : 0.000000,
        "runtime" : 0,
        "total_ios" : 0,
        "short_ios" : 0,
        "drop_ios" : 0,
        "slat_ns" : {
          "min" : 0,
          "max" : 0,
          "mean" : 0.000000,
          "stddev" : 0.000000
        },
        "clat_ns" : {
          "min" : 0,
          "max" : 0,
          "mean" : 0.000000,
          "stddev" : 0.000000,
          "percentile" : {
            "1.000000" : 0,
            "5.000000" : 0,
            "10.000000" : 0,
            "20.000000" : 0,
            "30.000000" : 0,
            "40.000000" : 0,
            "50.000000" : 0,
            "60.000000" : 0,
            "70.000000" : 0,
            "80.000000" : 0,
            "90.000000" : 0,
            "95.000000" : 0,
            "99.000000" : 0,
            "99.500000" : 0,
            "99.900000" : 0,
            "99.950000" : 0,
            "99.990000" : 0,
            "0.00" : 0,
            "0.00" : 0,
            "0.00" : 0
          },
          "bins" : {

          }
        },
        "lat_ns" : {
          "min" : 0,
          "max" : 0,
          "mean" : 0.000000,
          "stddev" : 0.000000
        },
        "bw_min" : 0,
        "bw_max" : 0,
        "bw_agg" : 0.000000,
        "bw_mean" : 0.000000,
        "bw_dev" : 0.000000,
        "bw_samples" : 0,
        "iops_min" : 0,
        "iops_max" : 0,
        "iops_mean" : 0.000000,
        "iops_stddev" : 0.000000,
        "iops_samples" : 0
      },
      "write" : {
        "io_bytes" : 3080486912,
        "io_kbytes" : 3008288,
        "bw" : 100272,
        "iops" : 3133.528882,
        "runtime" : 30001,
        "total_ios" : 94009,
        "short_ios" : 0,
        "drop_ios" : 0,
        "slat_ns" : {
          "min" : 235187,
          "max" : 218062247,
          "mean" : 1268773.149369,
          "stddev" : 7465998.967543
        },
        "clat_ns" : {
          "min" : 4265,
          "max" : 222506435,
          "mean" : 8928770.716570,
          "stddev" : 19286869.928878,
          "percentile" : {
            "1.000000" : 2375680,
            "5.000000" : 2834432,
            "10.000000" : 3129344,
            "20.000000" : 3489792,
            "30.000000" : 3784704,
            "40.000000" : 4227072,
            "50.000000" : 4816896,
            "60.000000" : 5931008,
            "70.000000" : 7569408,
            "80.000000" : 9633792,
            "90.000000" : 13434880,
            "95.000000" : 18481152,
            "99.000000" : 145752064,
            "99.500000" : 175112192,
            "99.900000" : 208666624,
            "99.950000" : 210763776,
            "99.990000" : 221249536,
            "0.00" : 0,
            "0.00" : 0,
            "0.00" : 0
          },
          "bins" : {
            "4256" : 1,
            "4704" : 1,
            "4832" : 1,
            "6624" : 1,
            "448512" : 1,
            "477184" : 1,
            "692224" : 1,
            "700416" : 1,
            "946176" : 1,
            "978944" : 1,
            "1138688" : 1,
            "1253376" : 1,
            "1433600" : 1,
            "1466368" : 1,
            "1630208" : 1,
            "1728512" : 1,
            "1859584" : 1,
            "1892352" : 1,
            "1908736" : 4,
            "1925120" : 5,
            "1941504" : 3,
            "1957888" : 3,
            "1974272" : 4,
            "1990656" : 3,
            "2007040" : 3,
            "2023424" : 8,
            "2039808" : 13,
            "2056192" : 22,
            "2072576" : 35,
            "2088960" : 39,
            "2113536" : 66,
            "2146304" : 71,
            "2179072" : 79,
            "2211840" : 110,
            "2244608" : 114,
            "2277376" : 109,
            "2310144" : 118,
            "2342912" : 97,
            "2375680" : 129,
            "2408448" : 134,
            "2441216" : 179,
            "2473984" : 190,
            "2506752" : 215,
            "2539520" : 211,
            "2572288" : 234,
            "2605056" : 261,
            "2637824" : 260,
            "2670592" : 297,
            "2703360" : 295,
            "2736128" : 330,
            "2768896" : 338,
            "2801664" : 395,
            "2834432" : 405,
            "2867200" : 432,
            "2899968" : 460,
            "2932736" : 453,
            "2965504" : 500,
            "2998272" : 572,
            "3031040" : 580,
            "3063808" : 620,
            "3096576" : 661,
            "3129344" : 731,
            "3162112" : 690,
            "3194880" : 800,
            "3227648" : 809,
            "3260416" : 820,
            "3293184" : 879,
            "3325952" : 886,
            "3358720" : 913,
            "3391488" : 940,
            "3424256" : 1046,
            "3457024" : 990,
            "3489792" : 970,
            "3522560" : 1128,
            "3555328" : 1051,
            "3588096" : 988,
            "3620864" : 1027,
            "3653632" : 1039,
            "3686400" : 969,
            "3719168" : 972,
            "3751936" : 949,
            "3784704" : 888,
            "3817472" : 905,
            "3850240" : 880,
            "3883008" : 855,
            "3915776" : 865,
            "3948544" : 733,
            "3981312" : 722,
            "4014080" : 727,
            "4046848" : 665,
            "4079616" : 657,
            "4112384" : 702,
            "4145152" : 668,
            "4177920" : 599,
            "4227072" : 1162,
            "4292608" : 1152,
            "4358144" : 1065,
            "4423680" : 990,
            "4489216" : 996,
            "4554752" : 933,
            "4620288" : 841,
            "4685824" : 839,
            "4751360" : 774,
            "4816896" : 790,
            "4882432" : 735,
            "4947968" : 707,
            "5013504" : 701,
            "5079040" : 647,
            "5144576" : 611,
            "5210112" : 684,
            "5275648" : 573,
            "5341184" : 610,
            "5406720" : 557,
            "5472256" : 502,
            "5537792" : 531,
            "5603328" : 497,
            "5668864" : 483,
            "5734400" : 462,
            "5799936" : 478,
            "5865472" : 470,
            "5931008" : 385,
            "5996544" : 433,
            "6062080" : 425,
            "6127616" : 439,
            "6193152" : 417,
            "6258688" : 395,
            "6324224" : 397,
            "6389760" : 376,
            "6455296" : 367,
            "6520832" : 385,
            "6586368" : 391,
            "6651904" : 379,
            "6717440" : 371,
            "6782976" : 331,
            "6848512" : 357,
            "6914048" : 323,
            "6979584" : 325,
            "7045120" : 314,
            "7110656" : 365,
            "7176192" : 348,
            "7241728" : 340,
            "7307264" : 317,
            "7372800" : 314,
            "7438336" : 314,
            "7503872" : 349,
            "7569408" : 329,
            "7634944" : 324,
            "7700480" : 350,
            "7766016" : 373,
            "7831552" : 301,
            "7897088" : 302,
            "7962624" : 321,
            "8028160" : 329,
            "8093696" : 362,
            "8159232" : 321,