{
  "fio version" : "fio-3.1",
  "timestamp" : 1556099288,
  "timestamp_ms" : 1556099288817,
  "time" : "Wed Apr 24 09:48:08 2019",
  "global options" : {
    "fallocate" : "none",
    "runtime" : "30",
    "directory" : "data/fio_write/beegfs-write-64-45292",
    "bs" : "4096",
    "time_based" : "1",
    "ioengine" : "libaio",
    "iodepth" : "8",
    "direct" : "1",
    "buffered" : "0",
    "thread" : "0",
    "group_reporting" : "1",
    "filesize" : "32g",
    "size" : "32g",
    "filename_format" : "$jobnum.dat"
  },
  "jobs" : [
    {
      "jobname" : "fio-job",
      "groupid" : 0,
      "error" : 0,
      "eta" : 0,
      "elapsed" : 31,
      "job options" : {
        "rw" : "write"
      },
      "read" : {
        "io_bytes" : 0,
        "io_kbytes" : 0,
        "bw" : 0,
        "iops" : 0.000000,
        "runtime" : 0,
        "total_ios" : 0,
        "short_ios" : 0,
        "drop_ios" : 0,
        "slat_ns" : {
          "min" : 0,
          "max" : 0,
          "mean" : 0.000000,
          "stddev" : 0.000000
        },
        "clat_ns" : {
          "min" : 0,
          "max" : 0,
          "mean" : 0.000000,
          "stddev" : 0.000000,
          "percentile" : {
            "1.000000" : 0,
            "5.000000" : 0,
            "10.000000" : 0,
            "20.000000" : 0,
            "30.000000" : 0,
            "40.000000" : 0,
            "50.000000" : 0,
            "60.000000" : 0,
            "70.000000" : 0,
            "80.000000" : 0,
            "90.000000" : 0,
            "95.000000" : 0,
            "99.000000" : 0,
            "99.500000" : 0,
            "99.900000" : 0,
            "99.950000" : 0,
            "99.990000" : 0,
            "0.00" : 0,
            "0.00" : 0,
            "0.00" : 0
          },
          "bins" : {

          }
        },
        "lat_ns" : {
          "min" : 0,
          "max" : 0,
          "mean" : 0.000000,
          "stddev" : 0.000000
        },
        "bw_min" : 0,
        "bw_max" : 0,
        "bw_agg" : 0.000000,
        "bw_mean" : 0.000000,
        "bw_dev" : 0.000000,
        "bw_samples" : 0,
        "iops_min" : 0,
        "iops_max" : 0,
        "iops_mean" : 0.000000,
        "iops_stddev" : 0.000000,
        "iops_samples" : 0
      },
      "write" : {
        "io_bytes" : 2927104000,
        "io_kbytes" : 2858500,
        "bw" : 94906,
        "iops" : 23726.717354,
        "runtime" : 30119,
        "total_ios" : 714625,
        "short_ios" : 0,
        "drop_ios" : 0,
        "slat_ns" : {
          "min" : 28240,
          "max" : 204149020,
          "mean" : 162625.566007,
          "stddev" : 1404972.621128
        },
        "clat_ns" : {
          "min" : 5185,
          "max" : 205083555,
          "mean" : 1178722.137728,
          "stddev" : 3732382.630352,
          "percentile" : {
            "1.000000" : 522240,
            "5.000000" : 610304,
            "10.000000" : 659456,
            "20.000000" : 724992,
            "30.000000" : 765952,
            "40.000000" : 798720,
            "50.000000" : 839680,
            "60.000000" : 905216,
            "70.000000" : 1044480,
            "80.000000" : 1318912,
            "90.000000" : 1662976,
            "95.000000" : 2113536,
            "99.000000" : 4489216,
            "99.500000" : 6258688,
            "99.900000" : 14614528,
            "99.950000" : 108527616,
            "99.990000" : 177209344,
            "0.00" : 0,
            "0.00" : 0,
            "0.00" : 0
          },
          "bins" : {
            "5216" : 1,
            "5344" : 1,
            "7648" : 1,
            "11072" : 1,
            "86528" : 1,
            "87552" : 1,
            "171008" : 1,
            "175104" : 1,
            "257024" : 1,
            "268288" : 1,
            "342016" : 1,
            "354304" : 1,
            "374784" : 4,
            "378880" : 6,
            "387072" : 2,
            "391168" : 26,
            "395264" : 26,
            "399360" : 26,
            "403456" : 31,
            "407552" : 41,
            "411648" : 46,
            "415744" : 55,
            "419840" : 63,
            "423936" : 85,
            "428032" : 79,
            "432128" : 76,
            "436224" : 101,
            "440320" : 112,
            "444416" : 135,
            "448512" : 148,
            "452608" : 153,
            "456704" : 127,
            "460800" : 156,
            "464896" : 192,
            "468992" : 191,
            "473088" : 231,
            "477184" : 238,
            "481280" : 284,
            "485376" : 276,
            "489472" : 317,
            "493568" : 376,
            "497664" : 421,
            "501760" : 487,
            "505856" : 460,
            "509952" : 524,
            "514048" : 505,
            "518144" : 637,
            "522240" : 625,
            "528384" : 1446,
            "536576" : 1603,
            "544768" : 1820,
            "552960" : 2274,
            "561152" : 2414,
            "569344" : 2691,
            "577536" : 2901,
            "585728" : 3089,
            "593920" : 3392,
            "602112" : 3807,
            "610304" : 4235,
            "618496" : 4614,
            "626688" : 5143,
            "634880" : 5352,
            "643072" : 6084,
            "651264" : 6380,
            "659456" : 6994,
            "667648" : 7256,
            "675840" : 8282,
            "684032" : 8548,
            "692224" : 9630,
            "700416" : 10111,
            "708608" : 10782,
            "716800" : 11299,
            "724992" : 12352,
            "733184" : 12997,
            "741376" : 13800,
            "749568" : 14626,
            "757760" : 15567,
            "765952" : 16270,
            "774144" : 16538,
            "782336" : 16775,
            "790528" : 16411,
            "798720" : 15951,
            "806912" : 15379,
            "815104" : 14552,
            "823296" : 13932,
            "831488" : 12657,
            "839680" : 12209,
            "847872" : 11485,
            "856064" : 10687,
            "864256" : 9974,
            "872448" : 9425,
            "880640" : 8520,
            "888832" : 8022,
            "897024" : 7397,
            "905216" : 6878,
            "913408" : 6302,
            "921600" : 5917,
            "929792" : 5617,
            "937984" : 5191,
            "946176" : 4826,
            "954368" : 4521,
            "962560" : 4273,
            "970752" : 4085,
            "978944" : 3898,
            "987136" : 3713,
            "995328" : 3681,
            "1003520" : 3524,
            "1011712" : 3316,
            "1019904" : 3150,
            "1028096" : 3043,
            "1036288" : 2953,
            "1044480" : 2767,
            "1056768" : 5449,
            "1073152" : 5118,
            "1089536" : 4806,
            "1105920" : 4715,
            "1122304" : 4613,
            "1138688" : 4411,
            "1155072" : 4344,
            "1171456" : 4166,
            "1187840" : 4228,
            "1204224" : 4188,
            "1220608" : 3924,
            "1236992" : 4097,
            "1253376" : 3938,
            "1269760" : 3840,
            "1286144" : 3813,
            "1302528" : 3786,
            "1318912" : 3534,
            "1335296" : 3622,
            "1351680" : 3552,
            "1368064" : 3536,
            "1384448" : 3360,
            "1400832" : 3508,
            "1417216" : 3299,
            "1433600" : 3365,
            "1449984" : 3262,
            "1466368" : 3239,
            "1482752" : 3377,
            "1499136" : 3437,
            "1515520" : 3434,
            "1531904" : 3541,
            "1548288" : 3569,
            "1564672" : 3500,
            "1581056" : 3490,
            "1597440" : 3300,
            "1613824" : 3148,
            "1630208" : 2971,
            "1646592" : 2822,
            "1662976" : 2622,
            "1679360" : 2414,
            "1695744" : 2307,
            "1712128" : 2068,
            "1728512" : 2041,
            "1744896" : 1904,