{
  "fio version" : "fio-3.1",
  "timestamp" : 1556100163,
  "timestamp_ms" : 1556100163899,
  "time" : "Wed Apr 24 10:02:43 2019",
  "global options" : {
    "fallocate" : "none",
    "runtime" : "30",
    "directory" : "data/fio_write/beegfs-randwrite-64-jvxhd",
    "bs" : "4096",
    "time_based" : "1",
    "ioengine" : "libaio",
    "iodepth" : "8",
    "direct" : "1",
    "buffered" : "0",
    "thread" : "0",
    "group_reporting" : "1",
    "filesize" : "32g",
    "size" : "32g",
    "filename_format" : "$jobnum.dat"
  },
  "jobs" : [
    {
      "jobname" : "fio-job",
      "groupid" : 0,
      "error" : 0,
      "eta" : 0,
      "elapsed" : 32,
      "job options" : {
        "rw" : "randwrite"
      },
      "read" : {
        "io_bytes" : 0,
        "io_kbytes" : 0,
        "bw" : 0,
        "iops" : 0.000000,
        "runtime" : 0,
        "total_ios" : 0,
        "short_ios" : 0,
        "drop_ios" : 0,
        "slat_ns" : {
          "min" : 0,
          "max" : 0,
          "mean" : 0.000000,
          "stddev" : 0.000000
        },
        "clat_ns" : {
          "min" : 0,
          "max" : 0,
          "mean" : 0.000000,
          "stddev" : 0.000000,
          "percentile" : {
            "1.000000" : 0,
            "5.000000" : 0,
            "10.000000" : 0,
            "20.000000" : 0,
            "30.000000" : 0,
            "40.000000" : 0,
            "50.000000" : 0,
            "60.000000" : 0,
            "70.000000" : 0,
            "80.000000" : 0,
            "90.000000" : 0,
            "95.000000" : 0,
            "99.000000" : 0,
            "99.500000" : 0,
            "99.900000" : 0,
            "99.950000" : 0,
            "99.990000" : 0,
            "0.00" : 0,
            "0.00" : 0,
            "0.00" : 0
          },
          "bins" : {

          }
        },
        "lat_ns" : {
          "min" : 0,
          "max" : 0,
          "mean" : 0.000000,
          "stddev" : 0.000000
        },
        "bw_min" : 0,
        "bw_max" : 0,
        "bw_agg" : 0.000000,
        "bw_mean" : 0.000000,
        "bw_dev" : 0.000000,
        "bw_samples" : 0,
        "iops_min" : 0,
        "iops_max" : 0,
        "iops_mean" : 0.000000,
        "iops_stddev" : 0.000000,
        "iops_samples" : 0
      },
      "write" : {
        "io_bytes" : 983040,
        "io_kbytes" : 960,
        "bw" : 30,
        "iops" : 7.704408,
        "runtime" : 31151,
        "total_ios" : 240,
        "short_ios" : 0,
        "drop_ios" : 0,
        "slat_ns" : {
          "min" : 92524,
          "max" : 13463001248,
          "mean" : 509962015.629167,
          "stddev" : 1422964496.722011
        },
        "clat_ns" : {
          "min" : 9362,
          "max" : 20810854728,
          "mean" : 3422520278.300001,
          "stddev" : 4279274158.373975,
          "percentile" : {
            "1.000000" : 10432,
            "5.000000" : 19005440,
            "10.000000" : 36438016,
            "20.000000" : 84410368,
            "30.000000" : 851443712,
            "40.000000" : 1518338048,
            "50.000000" : 2231369728,
            "60.000000" : 2936012800,
            "70.000000" : 3506438144,
            "80.000000" : 4596957184,
            "90.000000" : 8422162432,
            "95.000000" : 15904800768,
            "99.000000" : 17112760320,
            "99.500000" : 17112760320,
            "99.900000" : 17112760320,
            "99.950000" : 17112760320,
            "99.990000" : 17112760320,
            "0.00" : 0,
            "0.00" : 0,
            "0.00" : 0
          },
          "bins" : {
            "9408" : 1,
            "10048" : 1,
            "10432" : 1,
            "10560" : 1,
            "1318912" : 1,
            "1417216" : 1,
            "1466368" : 1,
            "1679360" : 1,
            "9633792" : 1,
            "9895936" : 1,
            "10289152" : 1,
            "19005440" : 1,
            "21626880" : 1,
            "22675456" : 1,
            "24248320" : 1,
            "26083328" : 1,
            "26345472" : 1,
            "27131904" : 1,
            "27656192" : 1,
            "28180480" : 1,
            "28966912" : 1,
            "31064064" : 1,
            "32374784" : 1,
            "36438016" : 1,
            "40108032" : 1,
            "46923776" : 1,
            "51118080" : 2,
            "55312384" : 1,
            "55836672" : 1,
            "59506688" : 1,
            "63176704" : 1,
            "64749568" : 1,
            "66322432" : 1,
            "71827456" : 2,
            "72876032" : 2,
            "76021760" : 4,
            "84410368" : 7,
            "274726912" : 2,
            "295698432" : 2,
            "320864256" : 1,
            "325058560" : 1,
            "346030080" : 2,
            "425721856" : 2,
            "438304768" : 2,
            "591396864" : 1,
            "599785472" : 1,
            "666894336" : 3,
            "683671552" : 1,
            "692060160" : 1,
            "809500672" : 1,
            "843055104" : 2,
            "851443712" : 1,
            "876609536" : 2,
            "1061158912" : 2,
            "1098907648" : 4,
            "1182793728" : 1,
            "1233125376" : 5,
            "1249902592" : 1,
            "1283457024" : 2,
            "1300234240" : 1,
            "1350565888" : 1,
            "1367343104" : 1,
            "1400897536" : 1,
            "1468006400" : 2,
            "1518338048" : 1,
            "1635778560" : 2,
            "1652555776" : 3,
            "1686110208" : 3,
            "1702887424" : 1,
            "1736441856" : 1,
            "1753219072" : 3,
            "1870659584" : 2,
            "2088763392" : 1,
            "2164260864" : 2,
            "2231369728" : 6,
            "2264924160" : 2,
            "2298478592" : 1,
            "2399141888" : 4,
            "2466250752" : 2,
            "2600468480" : 1,
            "2667577344" : 4,
            "2801795072" : 2,
            "2835349504" : 1,
            "2868903936" : 1,
            "2936012800" : 7,
            "3003121664" : 1,
            "3170893824" : 3,
            "3204448256" : 6,
            "3238002688" : 1,
            "3271557120" : 1,
            "3305111552" : 1,
            "3372220416" : 5,
            "3506438144" : 6,
            "3539992576" : 1,
            "3640655872" : 2,
            "3674210304" : 3,
            "3707764736" : 2,
            "3741319168" : 1,
            "3841982464" : 1,
            "3875536896" : 1,
            "3909091328" : 1,
            "3942645760" : 2,
            "4177526784" : 1,
            "4328521728" : 4,
            "4395630592" : 2,
            "4462739456" : 1,
            "4596957184" : 1,
            "4865392640" : 1,
            "5268045824" : 1,
            "5402263552" : 1,
            "5469372416" : 2,
            "5536481280" : 1,
            "5603590144" : 2,
            "5804916736" : 2,
            "6073352192" : 1,
            "6207569920" : 1,
            "6274678784" : 2,
            "6811549696" : 1,
            "6878658560" : 5,
            "6945767424" : 2,
            "8355053568" : 1,
            "8422162432" : 1,
            "8657043456" : 1,
            "9596567552" : 1,
            "9730785280" : 1,
            "10401873920" : 2,
            "10536091648" : 2,
            "10938744832" : 2,
            "11207180288" : 2,
            "12012486656" : 1,
            "15904800768" : 1,
            "16575889408" : 2,
            "17112760320" : 9
          }
        },
        "lat_ns" : {
          "min" : 1577016,
          "max" : 21241443929,
          "mean" : 3932483828.216667,
          "stddev" : 4573575251.578174
        },
        "bw_min" : 8,
        "bw_max" : 176,
        "bw_agg" : 98.869048,
        "bw_mean" : 29.660714,
        "bw_dev" : 33.396939,
        "bw_samples" : 56,
        "iops_min" : 2,
        "iops_max" : 44,
        "iops_mean" : 7.375000,
        "iops_stddev" : 8.339528,
        "iops_samples" : 56
      },