{
  "fio version" : "fio-3.1",
  "timestamp" : 1574274713,
  "timestamp_ms" : 1574274713548,
  "time" : "Wed Nov 20 18:31:53 2019",
  "global options" : {
    "directory" : "data/fio_write/beegfs-randwrite-64-f2cdz",
    "bs" : "262144",
    "fallocate" : "none",
    "runtime" : "30",
    "time_based" : "1",
    "ioengine" : "libaio",
    "iodepth" : "8",
    "direct" : "1",
    "buffered" : "0",
    "invalidate" : "1",
    "ramp_time" : "0",
    "thread" : "0",
    "group_reporting" : "1",
    "filesize" : "32g",
    "size" : "32g",
    "filename_format" : "$jobnum.dat"
  },
  "jobs" : [
    {
      "jobname" : "fio-job",
      "groupid" : 0,
      "error" : 0,
      "eta" : 0,
      "elapsed" : 34,
      "job options" : {
        "rw" : "randwrite"
      },
      "read" : {
        "io_bytes" : 0,
        "io_kbytes" : 0,
        "bw" : 0,
        "iops" : 0.000000,
        "runtime" : 0,
        "total_ios" : 0,
        "short_ios" : 0,
        "drop_ios" : 0,
        "slat_ns" : {
          "min" : 0,
          "max" : 0,
          "mean" : 0.000000,
          "stddev" : 0.000000
        },
        "clat_ns" : {
          "min" : 0,
          "max" : 0,
          "mean" : 0.000000,
          "stddev" : 0.000000,
          "percentile" : {
            "1.000000" : 0,
            "5.000000" : 0,
            "10.000000" : 0,
            "20.000000" : 0,
            "30.000000" : 0,
            "40.000000" : 0,
            "50.000000" : 0,
            "60.000000" : 0,
            "70.000000" : 0,
            "80.000000" : 0,
            "90.000000" : 0,
            "95.000000" : 0,
            "99.000000" : 0,
            "99.500000" : 0,
            "99.900000" : 0,
            "99.950000" : 0,
            "99.990000" : 0,
            "0.00" : 0,
            "0.00" : 0,
            "0.00" : 0
          },
          "bins" : {

          }
        },
        "lat_ns" : {
          "min" : 0,
          "max" : 0,
          "mean" : 0.000000,
          "stddev" : 0.000000
        },
        "bw_min" : 0,
        "bw_max" : 0,
        "bw_agg" : 0.000000,
        "bw_mean" : 0.000000,
        "bw_dev" : 0.000000,
        "bw_samples" : 0,
        "iops_min" : 0,
        "iops_max" : 0,
        "iops_mean" : 0.000000,
        "iops_stddev" : 0.000000,
        "iops_samples" : 0
      },
      "write" : {
        "io_bytes" : 67633152,
        "io_kbytes" : 66048,
        "bw" : 1989,
        "iops" : 7.771084,
        "runtime" : 33200,
        "total_ios" : 258,
        "short_ios" : 0,
        "drop_ios" : 0,
        "slat_ns" : {
          "min" : 11997,
          "max" : 6939878609,
          "mean" : 434243952.337209,
          "stddev" : 974031162.365079
        },
        "clat_ns" : {
          "min" : 190361,
          "max" : 25636693518,
          "mean" : 3550475817.833333,
          "stddev" : 4553597249.421000,
          "percentile" : {
            "1.000000" : 7372800,
            "5.000000" : 141557760,
            "10.000000" : 202375168,
            "20.000000" : 299892736,
            "30.000000" : 362807296,
            "40.000000" : 534773760,
            "50.000000" : 1019215872,
            "60.000000" : 3204448256,
            "70.000000" : 4798283776,
            "80.000000" : 6341787648,
            "90.000000" : 10133438464,
            "95.000000" : 12952010752,
            "99.000000" : 17112760320,
            "99.500000" : 17112760320,
            "99.900000" : 17112760320,
            "99.950000" : 17112760320,
            "99.990000" : 17112760320,
            "0.00" : 0,
            "0.00" : 0,
            "0.00" : 0
          },
          "bins" : {
            "189440" : 1,
            "700416" : 1,
            "7372800" : 1,
            "14876672" : 1,
            "15007744" : 1,
            "24248320" : 1,
            "24510464" : 1,
            "25034752" : 1,
            "26607616" : 1,
            "29229056" : 1,
            "116916224" : 1,
            "137363456" : 1,
            "141557760" : 1,
            "152043520" : 1,
            "154140672" : 1,
            "156237824" : 2,
            "158334976" : 1,
            "164626432" : 1,
            "173015040" : 1,
            "183500800" : 2,
            "185597952" : 1,
            "198180864" : 2,
            "202375168" : 1,
            "204472320" : 1,
            "208666624" : 3,
            "223346688" : 2,
            "229638144" : 1,
            "231735296" : 1,
            "240123904" : 3,
            "242221056" : 1,
            "244318208" : 1,
            "250609664" : 1,
            "252706816" : 2,
            "254803968" : 1,
            "256901120" : 1,
            "258998272" : 1,
            "261095424" : 1,
            "263192576" : 1,
            "274726912" : 1,
            "283115520" : 2,
            "299892736" : 2,
            "304087040" : 1,
            "308281344" : 2,
            "312475648" : 3,
            "316669952" : 1,
            "320864256" : 2,
            "325058560" : 2,
            "329252864" : 1,
            "333447168" : 1,
            "337641472" : 3,
            "341835776" : 2,
            "346030080" : 4,
            "350224384" : 1,
            "354418688" : 1,
            "358612992" : 1,
            "362807296" : 3,
            "367001600" : 1,
            "387973120" : 1,
            "400556032" : 1,
            "404750336" : 3,
            "408944640" : 1,
            "417333248" : 1,
            "425721856" : 1,
            "434110464" : 2,
            "438304768" : 3,
            "450887680" : 1,
            "471859200" : 1,
            "476053504" : 1,
            "480247808" : 1,
            "497025024" : 2,
            "522190848" : 1,
            "526385152" : 1,
            "530579456" : 1,
            "534773760" : 2,
            "541065216" : 2,
            "549453824" : 2,
            "557842432" : 1,
            "574619648" : 2,
            "583008256" : 1,
            "591396864" : 1,
            "599785472" : 1,
            "608174080" : 2,
            "624951296" : 2,
            "650117120" : 2,
            "666894336" : 1,
            "683671552" : 1,
            "775946240" : 1,
            "843055104" : 1,
            "859832320" : 1,
            "1002438656" : 1,
            "1019215872" : 2,
            "1132462080" : 1,
            "1166016512" : 1,
            "1199570944" : 1,
            "1300234240" : 1,
            "1350565888" : 1,
            "1753219072" : 2,
            "1786773504" : 1,
            "2004877312" : 1,
            "2105540608" : 1,
            "2139095040" : 2,
            "2197815296" : 1,
            "2231369728" : 2,
            "2399141888" : 3,
            "2499805184" : 1,
            "2566914048" : 1,
            "2734686208" : 1,
            "2768240640" : 1,
            "2936012800" : 1,
            "3070230528" : 1,
            "3170893824" : 1,
            "3204448256" : 1,
            "3238002688" : 1,
            "3305111552" : 1,
            "3338665984" : 2,
            "3405774848" : 1,
            "3439329280" : 4,
            "3539992576" : 1,
            "3573547008" : 2,
            "3640655872" : 1,
            "3774873600" : 2,
            "3808428032" : 1,
            "4009754624" : 1,
            "4076863488" : 1,
            "4462739456" : 3,
            "4596957184" : 2,
            "4798283776" : 3,
            "4865392640" : 1,
            "4999610368" : 2,
            "5133828096" : 2,
            "5268045824" : 1,
            "5335154688" : 1,
            "5402263552" : 1,
            "5603590144" : 1,
            "5670699008" : 1,
            "5737807872" : 1,
            "5804916736" : 2,
            "5872025600" : 2,
            "5939134464" : 4,
            "6006243328" : 1,
            "6073352192" : 2,
            "6274678784" : 2,
            "6341787648" : 2,
            "6677331968" : 1,
            "6744440832" : 3,
            "6945767424" : 1,
            "7012876288" : 2,
            "7281311744" : 1,