{
  "fio version" : "fio-3.1",
  "timestamp" : 1574274628,
  "timestamp_ms" : 1574274628961,
  "time" : "Wed Nov 20 18:30:28 2019",
  "global options" : {
    "directory" : "data/fio_write/beegfs-randwrite-64-f2cdz",
    "bs" : "65536",
    "fallocate" : "none",
    "runtime" : "30",
    "time_based" : "1",
    "ioengine" : "libaio",
    "iodepth" : "8",
    "direct" : "1",
    "buffered" : "0",
    "invalidate" : "1",
    "ramp_time" : "0",
    "thread" : "0",
    "group_reporting" : "1",
    "filesize" : "32g",
    "size" : "32g",
    "filename_format" : "$jobnum.dat"
  },
  "jobs" : [
    {
      "jobname" : "fio-job",
      "groupid" : 0,
      "error" : 0,
      "eta" : 0,
      "elapsed" : 35,
      "job options" : {
        "rw" : "randwrite"
      },
      "read" : {
        "io_bytes" : 0,
        "io_kbytes" : 0,
        "bw" : 0,
        "iops" : 0.000000,
        "runtime" : 0,
        "total_ios" : 0,
        "short_ios" : 0,
        "drop_ios" : 0,
        "slat_ns" : {
          "min" : 0,
          "max" : 0,
          "mean" : 0.000000,
          "stddev" : 0.000000
        },
        "clat_ns" : {
          "min" : 0,
          "max" : 0,
          "mean" : 0.000000,
          "stddev" : 0.000000,
          "percentile" : {
            "1.000000" : 0,
            "5.000000" : 0,
            "10.000000" : 0,
            "20.000000" : 0,
            "30.000000" : 0,
            "40.000000" : 0,
            "50.000000" : 0,
            "60.000000" : 0,
            "70.000000" : 0,
            "80.000000" : 0,
            "90.000000" : 0,
            "95.000000" : 0,
            "99.000000" : 0,
            "99.500000" : 0,
            "99.900000" : 0,
            "99.950000" : 0,
            "99.990000" : 0,
            "0.00" : 0,
            "0.00" : 0,
            "0.00" : 0
          },
          "bins" : {

          }
        },
        "lat_ns" : {
          "min" : 0,
          "max" : 0,
          "mean" : 0.000000,
          "stddev" : 0.000000
        },
        "bw_min" : 0,
        "bw_max" : 0,
        "bw_agg" : 0.000000,
        "bw_mean" : 0.000000,
        "bw_dev" : 0.000000,
        "bw_samples" : 0,
        "iops_min" : 0,
        "iops_max" : 0,
        "iops_mean" : 0.000000,
        "iops_stddev" : 0.000000,
        "iops_samples" : 0
      },
      "write" : {
        "io_bytes" : 13697024,
        "io_kbytes" : 13376,
        "bw" : 415,
        "iops" : 6.495323,
        "runtime" : 32177,
        "total_ios" : 209,
        "short_ios" : 0,
        "drop_ios" : 0,
        "slat_ns" : {
          "min" : 8695,
          "max" : 6474611992,
          "mean" : 487296001.894737,
          "stddev" : 949849461.925736
        },
        "clat_ns" : {
          "min" : 99354,
          "max" : 16469097190,
          "mean" : 4113298504.009570,
          "stddev" : 3200607445.810967,
          "percentile" : {
            "1.000000" : 675840,
            "5.000000" : 45350912,
            "10.000000" : 541065216,
            "20.000000" : 1669332992,
            "30.000000" : 2231369728,
            "40.000000" : 2734686208,
            "50.000000" : 3271557120,
            "60.000000" : 3841982464,
            "70.000000" : 4932501504,
            "80.000000" : 6744440832,
            "90.000000" : 9462349824,
            "95.000000" : 9865003008,
            "99.000000" : 12952010752,
            "99.500000" : 13086228480,
            "99.900000" : 16441671680,
            "99.950000" : 16441671680,
            "99.990000" : 16441671680,
            "0.00" : 0,
            "0.00" : 0,
            "0.00" : 0
          },
          "bins" : {
            "99840" : 1,
            "181248" : 1,
            "675840" : 1,
            "4046848" : 1,
            "11468800" : 1,
            "15400960" : 1,
            "23986176" : 1,
            "37486592" : 1,
            "38010880" : 1,
            "41156608" : 1,
            "45350912" : 4,
            "57933824" : 2,
            "58458112" : 1,
            "181403648" : 1,
            "185597952" : 1,
            "522190848" : 1,
            "541065216" : 3,
            "574619648" : 3,
            "633339904" : 1,
            "658505728" : 1,
            "683671552" : 1,
            "767557632" : 1,
            "775946240" : 1,
            "1082130432" : 3,
            "1098907648" : 2,
            "1249902592" : 1,
            "1451229184" : 2,
            "1501560832" : 1,
            "1518338048" : 1,
            "1669332992" : 1,
            "1837105152" : 4,
            "1853882368" : 2,
            "1870659584" : 1,
            "1920991232" : 1,
            "1954545664" : 1,
            "1971322880" : 2,
            "2021654528" : 1,
            "2055208960" : 1,
            "2139095040" : 2,
            "2164260864" : 3,
            "2231369728" : 3,
            "2332033024" : 2,
            "2365587456" : 1,
            "2399141888" : 1,
            "2432696320" : 4,
            "2466250752" : 2,
            "2499805184" : 2,
            "2533359616" : 2,
            "2566914048" : 2,
            "2600468480" : 1,
            "2634022912" : 1,
            "2701131776" : 2,
            "2734686208" : 2,
            "2801795072" : 1,
            "2902458368" : 1,
            "2936012800" : 1,
            "3003121664" : 1,
            "3036676096" : 5,
            "3070230528" : 5,
            "3103784960" : 1,
            "3137339392" : 1,
            "3204448256" : 1,
            "3238002688" : 1,
            "3271557120" : 2,
            "3372220416" : 1,
            "3405774848" : 4,
            "3506438144" : 7,
            "3539992576" : 1,
            "3741319168" : 1,
            "3774873600" : 5,
            "3841982464" : 2,
            "3875536896" : 1,
            "3909091328" : 2,
            "4043309056" : 2,
            "4110417920" : 1,
            "4143972352" : 3,
            "4177526784" : 2,
            "4278190080" : 2,
            "4328521728" : 1,
            "4395630592" : 1,
            "4529848320" : 1,
            "4664066048" : 2,
            "4865392640" : 1,
            "4932501504" : 2,
            "4999610368" : 2,
            "5066719232" : 1,
            "5335154688" : 1,
            "5402263552" : 1,
            "5603590144" : 3,
            "5804916736" : 2,
            "5872025600" : 1,
            "5939134464" : 1,
            "6341787648" : 1,
            "6543114240" : 1,
            "6677331968" : 3,
            "6744440832" : 5,
            "7079985152" : 1,
            "7147094016" : 1,
            "7281311744" : 2,
            "7348420608" : 1,
            "7415529472" : 1,
            "7549747200" : 1,
            "7616856064" : 1,
            "7683964928" : 2,
            "7751073792" : 2,
            "7885291520" : 1,
            "9059696640" : 5,
            "9328132096" : 1,
            "9462349824" : 1,
            "9596567552" : 7,
            "9730785280" : 2,
            "9865003008" : 1,
            "10133438464" : 2,
            "10536091648" : 1,
            "10670309376" : 1,
            "12280922112" : 1,
            "12415139840" : 1,
            "12549357568" : 1,
            "12952010752" : 1,
            "13086228480" : 1,
            "16441671680" : 1
          }
        },
        "lat_ns" : {
          "min" : 662849,
          "max" : 16469348773,
          "mean" : 4600596075.397130,
          "stddev" : 3277105785.045991
        },
        "bw_min" : 109,
        "bw_max" : 1923,
        "bw_agg" : 65.636833,
        "bw_mean" : 272.392857,
        "bw_dev" : 266.245019,
        "bw_samples" : 84,
        "iops_min" : 1,
        "iops_max" : 30,
        "iops_mean" : 4.226190,
        "iops_stddev" : 4.174943,
        "iops_samples" : 84
      },
      "trim" : {
        "io_bytes" : 0,
        "io_kbytes" : 0,
        "bw" : 0,
        "iops" : 0.000000,
        "runtime" : 0,
        "total_ios" : 0,
        "short_ios" : 0,
        "drop_ios" : 0,
        "slat_ns" : {
          "min" : 0,