{
  "fio version" : "fio-3.1",
  "timestamp" : 1556096890,
  "timestamp_ms" : 1556096890644,
  "time" : "Wed Apr 24 10:08:10 2019",
  "global options" : {
    "fallocate" : "none",
    "runtime" : "30",
    "directory" : "/mnt/storage-nvme/fio_write/beegfs-write-64-client-39945-12",
    "bs" : "2097152",
    "time_based" : "1",
    "ioengine" : "libaio",
    "iodepth" : "8",
    "direct" : "1",
    "buffered" : "0",
    "thread" : "0",
    "group_reporting" : "1",
    "filesize" : "32g",
    "size" : "32g",
    "filename_format" : "$jobnum.dat"
  },
  "jobs" : [
    {
      "jobname" : "fio-job",
      "groupid" : 0,
      "error" : 0,
      "eta" : 0,
      "elapsed" : 31,
      "job options" : {
        "rw" : "write"
      },
      "read" : {
        "io_bytes" : 0,
        "io_kbytes" : 0,
        "bw" : 0,
        "iops" : 0.000000,
        "runtime" : 0,
        "total_ios" : 0,
        "short_ios" : 0,
        "drop_ios" : 0,
        "slat_ns" : {
          "min" : 0,
          "max" : 0,
          "mean" : 0.000000,
          "stddev" : 0.000000
        },
        "clat_ns" : {
          "min" : 0,
          "max" : 0,
          "mean" : 0.000000,
          "stddev" : 0.000000,
          "percentile" : {
            "1.000000" : 0,
            "5.000000" : 0,
            "10.000000" : 0,
            "20.000000" : 0,
            "30.000000" : 0,
            "40.000000" : 0,
            "50.000000" : 0,
            "60.000000" : 0,
            "70.000000" : 0,
            "80.000000" : 0,
            "90.000000" : 0,
            "95.000000" : 0,
            "99.000000" : 0,
            "99.500000" : 0,
            "99.900000" : 0,
            "99.950000" : 0,
            "99.990000" : 0,
            "0.00" : 0,
            "0.00" : 0,
            "0.00" : 0
          },
          "bins" : {

          }
        },
        "lat_ns" : {
          "min" : 0,
          "max" : 0,
          "mean" : 0.000000,
          "stddev" : 0.000000
        },
        "bw_min" : 0,
        "bw_max" : 0,
        "bw_agg" : 0.000000,
        "bw_mean" : 0.000000,
        "bw_dev" : 0.000000,
        "bw_samples" : 0,
        "iops_min" : 0,
        "iops_max" : 0,
        "iops_mean" : 0.000000,
        "iops_stddev" : 0.000000,
        "iops_samples" : 0
      },
      "write" : {
        "io_bytes" : 1738539008,
        "io_kbytes" : 1697792,
        "bw" : 56186,
        "iops" : 27.434888,
        "runtime" : 30217,
        "total_ios" : 829,
        "short_ios" : 0,
        "drop_ios" : 0,
        "slat_ns" : {
          "min" : 1069180,
          "max" : 1636807782,
          "mean" : 145005007.989144,
          "stddev" : 249302358.374315
        },
        "clat_ns" : {
          "min" : 4136,
          "max" : 3392782022,
          "mean" : 991564334.378770,
          "stddev" : 597583648.484383,
          "percentile" : {
            "1.000000" : 152043520,
            "5.000000" : 231735296,
            "10.000000" : 333447168,
            "20.000000" : 480247808,
            "30.000000" : 599785472,
            "40.000000" : 725614592,
            "50.000000" : 884998144,
            "60.000000" : 1035993088,
            "70.000000" : 1182793728,
            "80.000000" : 1451229184,
            "90.000000" : 1887436800,
            "95.000000" : 2164260864,
            "99.000000" : 2768240640,
            "99.500000" : 2969567232,
            "99.900000" : 3405774848,
            "99.950000" : 3405774848,
            "99.990000" : 3405774848,
            "0.00" : 0,
            "0.00" : 0,
            "0.00" : 0
          },
          "bins" : {
            "4128" : 1,
            "5408" : 1,
            "5664" : 1,
            "9664" : 1,
            "6848512" : 1,
            "51118080" : 1,
            "59506688" : 1,
            "129499136" : 1,
            "152043520" : 1,
            "154140672" : 1,
            "160432128" : 1,
            "164626432" : 1,
            "166723584" : 1,
            "173015040" : 1,
            "175112192" : 1,
            "177209344" : 1,
            "179306496" : 1,
            "181403648" : 2,
            "191889408" : 1,
            "193986560" : 1,
            "198180864" : 2,
            "200278016" : 2,
            "202375168" : 1,
            "204472320" : 1,
            "206569472" : 2,
            "208666624" : 1,
            "210763776" : 1,
            "212860928" : 2,
            "214958080" : 1,
            "219152384" : 2,
            "223346688" : 1,
            "225443840" : 1,
            "227540992" : 2,
            "229638144" : 1,
            "231735296" : 1,
            "235929600" : 1,
            "240123904" : 1,
            "246415360" : 1,
            "248512512" : 1,
            "250609664" : 1,
            "254803968" : 1,
            "256901120" : 1,
            "261095424" : 1,
            "270532608" : 1,
            "274726912" : 2,
            "278921216" : 2,
            "291504128" : 4,
            "295698432" : 3,
            "299892736" : 2,
            "304087040" : 2,
            "308281344" : 3,
            "316669952" : 2,
            "320864256" : 2,
            "325058560" : 3,
            "329252864" : 3,
            "333447168" : 5,
            "337641472" : 3,
            "341835776" : 3,
            "346030080" : 4,
            "350224384" : 2,
            "354418688" : 3,
            "358612992" : 1,
            "362807296" : 2,
            "367001600" : 4,
            "371195904" : 5,
            "375390208" : 1,
            "379584512" : 1,
            "383778816" : 3,
            "392167424" : 1,
            "396361728" : 1,
            "400556032" : 2,
            "404750336" : 3,
            "408944640" : 4,
            "421527552" : 1,
            "425721856" : 2,
            "429916160" : 3,
            "434110464" : 2,
            "438304768" : 2,
            "442499072" : 3,
            "446693376" : 3,
            "450887680" : 1,
            "455081984" : 1,
            "459276288" : 2,
            "463470592" : 2,
            "467664896" : 7,
            "471859200" : 3,
            "476053504" : 6,
            "480247808" : 3,
            "484442112" : 1,
            "488636416" : 6,
            "492830720" : 3,
            "497025024" : 4,
            "501219328" : 3,
            "505413632" : 1,
            "509607936" : 1,
            "513802240" : 3,
            "517996544" : 3,
            "522190848" : 5,
            "526385152" : 6,
            "530579456" : 3,
            "534773760" : 2,
            "541065216" : 5,
            "549453824" : 3,
            "557842432" : 5,
            "566231040" : 6,
            "574619648" : 6,
            "583008256" : 4,
            "591396864" : 6,
            "599785472" : 6,
            "608174080" : 1,
            "616562688" : 4,
            "624951296" : 5,
            "633339904" : 4,
            "641728512" : 10,
            "650117120" : 5,
            "658505728" : 7,
            "666894336" : 3,
            "675282944" : 9,
            "683671552" : 9,
            "692060160" : 6,
            "700448768" : 14,
            "708837376" : 2,
            "717225984" : 1,
            "725614592" : 4,
            "734003200" : 4,
            "742391808" : 9,
            "750780416" : 3,
            "759169024" : 7,
            "767557632" : 5,
            "775946240" : 4,
            "784334848" : 4,
            "792723456" : 6,
            "801112064" : 3,
            "809500672" : 1,
            "817889280" : 5,
            "826277888" : 3,
            "834666496" : 2,
            "843055104" : 3,
            "851443712" : 5,
            "859832320" : 3,
            "868220928" : 5,
            "876609536" : 2,
            "884998144" : 10,
            "893386752" : 7,
            "901775360" : 6,
            "910163968" : 4,
            "918552576" : 7,
            "926941184" : 3,
            "935329792" : 2,
            "943718400" : 6,
            "952107008" : 4,
            "960495616" : 5,