{
  "fio version" : "fio-3.1",
  "timestamp" : 1556020289,
  "timestamp_ms" : 1556020289740,
  "time" : "Tue Apr 23 12:51:29 2019",
  "global options" : {
    "fallocate" : "none",
    "runtime" : "30",
    "directory" : "/data/fio_write/beegfs-randwrite-64-client-26896-0",
    "bs" : "512",
    "time_based" : "1",
    "ioengine" : "libaio",
    "iodepth" : "8",
    "direct" : "1",
    "buffered" : "0",
    "thread" : "0",
    "group_reporting" : "1",
    "filesize" : "32g",
    "size" : "32g",
    "filename_format" : "$jobnum.dat"
  },
  "jobs" : [
    {
      "jobname" : "fio-job",
      "groupid" : 0,
      "error" : 0,
      "eta" : 0,
      "elapsed" : 31,
      "job options" : {
        "rw" : "randwrite"
      },
      "read" : {
        "io_bytes" : 0,
        "io_kbytes" : 0,
        "bw" : 0,
        "iops" : 0.000000,
        "runtime" : 0,
        "total_ios" : 0,
        "short_ios" : 0,
        "drop_ios" : 0,
        "slat_ns" : {
          "min" : 0,
          "max" : 0,
          "mean" : 0.000000,
          "stddev" : 0.000000
        },
        "clat_ns" : {
          "min" : 0,
          "max" : 0,
          "mean" : 0.000000,
          "stddev" : 0.000000,
          "percentile" : {
            "1.000000" : 0,
            "5.000000" : 0,
            "10.000000" : 0,
            "20.000000" : 0,
            "30.000000" : 0,
            "40.000000" : 0,
            "50.000000" : 0,
            "60.000000" : 0,
            "70.000000" : 0,
            "80.000000" : 0,
            "90.000000" : 0,
            "95.000000" : 0,
            "99.000000" : 0,
            "99.500000" : 0,
            "99.900000" : 0,
            "99.950000" : 0,
            "99.990000" : 0,
            "0.00" : 0,
            "0.00" : 0,
            "0.00" : 0
          },
          "bins" : {

          }
        },
        "lat_ns" : {
          "min" : 0,
          "max" : 0,
          "mean" : 0.000000,
          "stddev" : 0.000000
        },
        "bw_min" : 0,
        "bw_max" : 0,
        "bw_agg" : 0.000000,
        "bw_mean" : 0.000000,
        "bw_dev" : 0.000000,
        "bw_samples" : 0,
        "iops_min" : 0,
        "iops_max" : 0,
        "iops_mean" : 0.000000,
        "iops_stddev" : 0.000000,
        "iops_samples" : 0
      },
      "write" : {
        "io_bytes" : 12957184,
        "io_kbytes" : 12653,
        "bw" : 421,
        "iops" : 843.482318,
        "runtime" : 30003,
        "total_ios" : 25307,
        "short_ios" : 0,
        "drop_ios" : 0,
        "slat_ns" : {
          "min" : 20859,
          "max" : 133612619,
          "mean" : 4733688.565338,
          "stddev" : 10286784.257626
        },
        "clat_ns" : {
          "min" : 691550,
          "max" : 271323682,
          "mean" : 33170498.219228,
          "stddev" : 30121971.993172,
          "percentile" : {
            "1.000000" : 5668864,
            "5.000000" : 8028160,
            "10.000000" : 10420224,
            "20.000000" : 13565952,
            "30.000000" : 15663104,
            "40.000000" : 17694720,
            "50.000000" : 20578304,
            "60.000000" : 26345472,
            "70.000000" : 34865152,
            "80.000000" : 49020928,
            "90.000000" : 73924608,
            "95.000000" : 96993280,
            "99.000000" : 145752064,
            "99.500000" : 166723584,
            "99.900000" : 208666624,
            "99.950000" : 233832448,
            "99.990000" : 267386880,
            "0.00" : 0,
            "0.00" : 0,
            "0.00" : 0
          },
          "bins" : {
            "692224" : 1,
            "757760" : 1,
            "831488" : 2,
            "1351680" : 1,
            "1761280" : 1,
            "2113536" : 1,
            "2211840" : 1,
            "2375680" : 2,
            "2473984" : 1,
            "2703360" : 1,
            "2768896" : 1,
            "2801664" : 1,
            "3227648" : 1,
            "3555328" : 1,
            "3719168" : 1,
            "4046848" : 1,
            "4145152" : 1,
            "4227072" : 1,
            "4292608" : 3,
            "4358144" : 2,
            "4423680" : 1,
            "4489216" : 2,
            "4554752" : 3,
            "4685824" : 3,
            "4751360" : 5,
            "4816896" : 4,
            "4882432" : 3,
            "4947968" : 4,
            "5013504" : 6,
            "5079040" : 10,
            "5144576" : 9,
            "5210112" : 12,
            "5275648" : 30,
            "5341184" : 14,
            "5406720" : 17,
            "5472256" : 29,
            "5537792" : 26,
            "5603328" : 28,
            "5668864" : 25,
            "5734400" : 38,
            "5799936" : 22,
            "5865472" : 26,
            "5931008" : 23,
            "5996544" : 33,
            "6062080" : 35,
            "6127616" : 34,
            "6193152" : 29,
            "6258688" : 27,
            "6324224" : 21,
            "6389760" : 31,
            "6455296" : 34,
            "6520832" : 27,
            "6586368" : 30,
            "6651904" : 15,
            "6717440" : 23,
            "6782976" : 31,
            "6848512" : 28,
            "6914048" : 30,
            "6979584" : 20,
            "7045120" : 31,
            "7110656" : 24,
            "7176192" : 19,
            "7241728" : 29,
            "7307264" : 24,
            "7372800" : 33,
            "7438336" : 27,
            "7503872" : 29,
            "7569408" : 20,
            "7634944" : 35,
            "7700480" : 23,
            "7766016" : 30,
            "7831552" : 31,
            "7897088" : 36,
            "7962624" : 40,
            "8028160" : 32,
            "8093696" : 33,
            "8159232" : 35,
            "8224768" : 26,
            "8290304" : 38,
            "8355840" : 25,
            "8454144" : 54,
            "8585216" : 72,
            "8716288" : 62,
            "8847360" : 72,
            "8978432" : 77,
            "9109504" : 72,
            "9240576" : 80,
            "9371648" : 64,
            "9502720" : 75,
            "9633792" : 69,
            "9764864" : 80,
            "9895936" : 65,
            "10027008" : 67,
            "10158080" : 76,
            "10289152" : 74,
            "10420224" : 69,
            "10551296" : 80,
            "10682368" : 93,
            "10813440" : 79,
            "10944512" : 93,
            "11075584" : 102,
            "11206656" : 97,
            "11337728" : 108,
            "11468800" : 121,
            "11599872" : 91,
            "11730944" : 94,
            "11862016" : 94,
            "11993088" : 113,
            "12124160" : 122,
            "12255232" : 96,
            "12386304" : 114,
            "12517376" : 115,
            "12648448" : 121,
            "12779520" : 107,
            "12910592" : 133,
            "13041664" : 102,
            "13172736" : 140,
            "13303808" : 135,
            "13434880" : 117,
            "13565952" : 152,
            "13697024" : 148,
            "13828096" : 127,
            "13959168" : 131,
            "14090240" : 153,
            "14221312" : 160,
            "14352384" : 141,
            "14483456" : 164,
            "14614528" : 161,
            "14745600" : 164,
            "14876672" : 173,
            "15007744" : 171,
            "15138816" : 149,
            "15269888" : 163,
            "15400960" : 172,
            "15532032" : 168,
            "15663104" : 168,
            "15794176" : 172,
            "15925248" : 179,
            "16056320" : 165,
            "16187392" : 161,
            "16318464" : 156,
            "16449536" : 181,
            "16580608" : 148,
            "16711680" : 156,
            "16908288" : 360,
            "17170432" : 316,
            "17432576" : 317,
            "17694720" : 314,
            "17956864" : 345,
            "18219008" : 276,
            "18481152" : 236,
            "18743296" : 222,
            "19005440" : 240,
            "19267584" : 235,
            "19529728" : 211,