{
  "fio version" : "fio-3.1",
  "timestamp" : 1556720679,
  "timestamp_ms" : 1556720679950,
  "time" : "Wed May  1 14:24:39 2019",
  "global options" : {
    "fallocate" : "none",
    "runtime" : "30",
    "directory" : "data/fio_write/beegfs-write-8-6l7nt",
    "bs" : "4194304",
    "time_based" : "1",
    "ioengine" : "libaio",
    "iodepth" : "8",
    "direct" : "1",
    "buffered" : "0",
    "thread" : "0",
    "group_reporting" : "1",
    "filesize" : "32g",
    "size" : "32g",
    "filename_format" : "$jobnum.dat"
  },
  "jobs" : [
    {
      "jobname" : "fio-job",
      "groupid" : 0,
      "error" : 0,
      "eta" : 0,
      "elapsed" : 31,
      "job options" : {
        "rw" : "write"
      },
      "read" : {
        "io_bytes" : 0,
        "io_kbytes" : 0,
        "bw" : 0,
        "iops" : 0.000000,
        "runtime" : 0,
        "total_ios" : 0,
        "short_ios" : 0,
        "drop_ios" : 0,
        "slat_ns" : {
          "min" : 0,
          "max" : 0,
          "mean" : 0.000000,
          "stddev" : 0.000000
        },
        "clat_ns" : {
          "min" : 0,
          "max" : 0,
          "mean" : 0.000000,
          "stddev" : 0.000000,
          "percentile" : {
            "1.000000" : 0,
            "5.000000" : 0,
            "10.000000" : 0,
            "20.000000" : 0,
            "30.000000" : 0,
            "40.000000" : 0,
            "50.000000" : 0,
            "60.000000" : 0,
            "70.000000" : 0,
            "80.000000" : 0,
            "90.000000" : 0,
            "95.000000" : 0,
            "99.000000" : 0,
            "99.500000" : 0,
            "99.900000" : 0,
            "99.950000" : 0,
            "99.990000" : 0,
            "0.00" : 0,
            "0.00" : 0,
            "0.00" : 0
          },
          "bins" : {

          }
        },
        "lat_ns" : {
          "min" : 0,
          "max" : 0,
          "mean" : 0.000000,
          "stddev" : 0.000000
        },
        "bw_min" : 0,
        "bw_max" : 0,
        "bw_agg" : 0.000000,
        "bw_mean" : 0.000000,
        "bw_dev" : 0.000000,
        "bw_samples" : 0,
        "iops_min" : 0,
        "iops_max" : 0,
        "iops_mean" : 0.000000,
        "iops_stddev" : 0.000000,
        "iops_samples" : 0
      },
      "write" : {
        "io_bytes" : 14831058944,
        "io_kbytes" : 14483456,
        "bw" : 482363,
        "iops" : 117.764604,
        "runtime" : 30026,
        "total_ios" : 3536,
        "short_ios" : 0,
        "drop_ios" : 0,
        "slat_ns" : {
          "min" : 29241601,
          "max" : 55864693,
          "mean" : 33942389.844740,
          "stddev" : 3849514.309792
        },
        "clat_ns" : {
          "min" : 6770,
          "max" : 299322487,
          "mean" : 236670405.167421,
          "stddev" : 28662961.435459,
          "percentile" : {
            "1.000000" : 210763776,
            "5.000000" : 212860928,
            "10.000000" : 214958080,
            "20.000000" : 217055232,
            "30.000000" : 217055232,
            "40.000000" : 219152384,
            "50.000000" : 221249536,
            "60.000000" : 238026752,
            "70.000000" : 258998272,
            "80.000000" : 265289728,
            "90.000000" : 270532608,
            "95.000000" : 287309824,
            "99.000000" : 295698432,
            "99.500000" : 295698432,
            "99.900000" : 299892736,
            "99.950000" : 299892736,
            "99.990000" : 299892736,
            "0.00" : 0,
            "0.00" : 0,
            "0.00" : 0
          },
          "bins" : {
            "6752" : 1,
            "6944" : 1,
            "7136" : 1,
            "7200" : 1,
            "30015488" : 1,
            "32112640" : 1,
            "33423360" : 1,
            "34865152" : 1,
            "60030976" : 1,
            "62128128" : 1,
            "63176704" : 1,
            "65273856" : 1,
            "90701824" : 1,
            "91750400" : 1,
            "92798976" : 1,
            "95944704" : 1,
            "122159104" : 2,
            "123207680" : 1,
            "126353408" : 1,
            "152043520" : 2,
            "154140672" : 1,
            "158334976" : 1,
            "183500800" : 2,
            "185597952" : 1,
            "187695104" : 1,
            "210763776" : 54,
            "212860928" : 183,
            "214958080" : 367,
            "217055232" : 614,
            "219152384" : 317,
            "221249536" : 266,
            "223346688" : 146,
            "225443840" : 45,
            "227540992" : 25,
            "229638144" : 9,
            "231735296" : 18,
            "233832448" : 17,
            "235929600" : 17,
            "238026752" : 17,
            "240123904" : 16,
            "242221056" : 19,
            "244318208" : 16,
            "246415360" : 23,
            "248512512" : 29,
            "250609664" : 15,
            "252706816" : 18,
            "254803968" : 64,
            "256901120" : 66,
            "258998272" : 94,
            "261095424" : 134,
            "263192576" : 148,
            "265289728" : 180,
            "267386880" : 168,
            "270532608" : 148,
            "274726912" : 19,
            "278921216" : 31,
            "283115520" : 48,
            "287309824" : 76,
            "291504128" : 59,
            "295698432" : 36,
            "299892736" : 6
          }
        },
        "lat_ns" : {
          "min" : 30072112,
          "max" : 341956891,
          "mean" : 270614863.286199,
          "stddev" : 31754780.120639
        },
        "bw_min" : 57344,
        "bw_max" : 141241,
        "bw_agg" : 24.927441,
        "bw_mean" : 120240.754167,
        "bw_dev" : 14878.252072,
        "bw_samples" : 240,
        "iops_min" : 14,
        "iops_max" : 34,
        "iops_mean" : 29.179167,
        "iops_stddev" : 3.621932,
        "iops_samples" : 240
      },
      "trim" : {
        "io_bytes" : 0,
        "io_kbytes" : 0,
        "bw" : 0,
        "iops" : 0.000000,
        "runtime" : 0,
        "total_ios" : 0,
        "short_ios" : 0,
        "drop_ios" : 0,
        "slat_ns" : {
          "min" : 0,
          "max" : 0,
          "mean" : 0.000000,
          "stddev" : 0.000000
        },
        "clat_ns" : {
          "min" : 0,
          "max" : 0,
          "mean" : 0.000000,
          "stddev" : 0.000000,
          "percentile" : {
            "1.000000" : 0,
            "5.000000" : 0,
            "10.000000" : 0,
            "20.000000" : 0,
            "30.000000" : 0,
            "40.000000" : 0,
            "50.000000" : 0,
            "60.000000" : 0,
            "70.000000" : 0,
            "80.000000" : 0,
            "90.000000" : 0,
            "95.000000" : 0,
            "99.000000" : 0,
            "99.500000" : 0,
            "99.900000" : 0,
            "99.950000" : 0,
            "99.990000" : 0,
            "0.00" : 0,
            "0.00" : 0,
            "0.00" : 0
          },
          "bins" : {

          }
        },
        "lat_ns" : {
          "min" : 0,
          "max" : 0,
          "mean" : 0.000000,
          "stddev" : 0.000000
        },
        "bw_min" : 0,
        "bw_max" : 0,
        "bw_agg" : 0.000000,
        "bw_mean" : 0.000000,
        "bw_dev" : 0.000000,
        "bw_samples" : 0,
        "iops_min" : 0,
        "iops_max" : 0,
        "iops_mean" : 0.000000,
        "iops_stddev" : 0.000000,
        "iops_samples" : 0
      },
      "usr_cpu" : 0.836193,
      "sys_cpu" : 6.231469,
      "ctx" : 1821047,
      "majf" : 0,
      "minf" : 40,
      "iodepth_level" : {
        "1" : 0.113122,
        "2" : 0.226244,
        "4" : 0.452489,
        "8" : 99.208145,
        "16" : 0.000000,
        "32" : 0.000000,
        ">=64" : 0.000000
      },
      "latency_ns" : {
        "2" : 0.000000,
        "4" : 0.000000,
        "10" : 0.000000,
        "20" : 0.000000,
        "50" : 0.000000,
        "100" : 0.000000,
        "250" : 0.000000,
        "500" : 0.000000,