{
  "fio version" : "fio-3.1",
  "timestamp" : 1556099409,
  "timestamp_ms" : 1556099409257,
  "time" : "Wed Apr 24 09:50:09 2019",
  "global options" : {
    "fallocate" : "none",
    "runtime" : "30",
    "directory" : "data/fio_write/beegfs-write-64-9gxgm",
    "bs" : "32768",
    "time_based" : "1",
    "ioengine" : "libaio",
    "iodepth" : "8",
    "direct" : "1",
    "buffered" : "0",
    "thread" : "0",
    "group_reporting" : "1",
    "filesize" : "32g",
    "size" : "32g",
    "filename_format" : "$jobnum.dat"
  },
  "jobs" : [
    {
      "jobname" : "fio-job",
      "groupid" : 0,
      "error" : 0,
      "eta" : 0,
      "elapsed" : 31,
      "job options" : {
        "rw" : "write"
      },
      "read" : {
        "io_bytes" : 0,
        "io_kbytes" : 0,
        "bw" : 0,
        "iops" : 0.000000,
        "runtime" : 0,
        "total_ios" : 0,
        "short_ios" : 0,
        "drop_ios" : 0,
        "slat_ns" : {
          "min" : 0,
          "max" : 0,
          "mean" : 0.000000,
          "stddev" : 0.000000
        },
        "clat_ns" : {
          "min" : 0,
          "max" : 0,
          "mean" : 0.000000,
          "stddev" : 0.000000,
          "percentile" : {
            "1.000000" : 0,
            "5.000000" : 0,
            "10.000000" : 0,
            "20.000000" : 0,
            "30.000000" : 0,
            "40.000000" : 0,
            "50.000000" : 0,
            "60.000000" : 0,
            "70.000000" : 0,
            "80.000000" : 0,
            "90.000000" : 0,
            "95.000000" : 0,
            "99.000000" : 0,
            "99.500000" : 0,
            "99.900000" : 0,
            "99.950000" : 0,
            "99.990000" : 0,
            "0.00" : 0,
            "0.00" : 0,
            "0.00" : 0
          },
          "bins" : {

          }
        },
        "lat_ns" : {
          "min" : 0,
          "max" : 0,
          "mean" : 0.000000,
          "stddev" : 0.000000
        },
        "bw_min" : 0,
        "bw_max" : 0,
        "bw_agg" : 0.000000,
        "bw_mean" : 0.000000,
        "bw_dev" : 0.000000,
        "bw_samples" : 0,
        "iops_min" : 0,
        "iops_max" : 0,
        "iops_mean" : 0.000000,
        "iops_stddev" : 0.000000,
        "iops_samples" : 0
      },
      "write" : {
        "io_bytes" : 2279407616,
        "io_kbytes" : 2225984,
        "bw" : 74194,
        "iops" : 2318.578761,
        "runtime" : 30002,
        "total_ios" : 69562,
        "short_ios" : 0,
        "drop_ios" : 0,
        "slat_ns" : {
          "min" : 231783,
          "max" : 220527545,
          "mean" : 1717604.052831,
          "stddev" : 8592126.567980
        },
        "clat_ns" : {
          "min" : 5497,
          "max" : 228203626,
          "mean" : 12073978.005261,
          "stddev" : 21974060.913074,
          "percentile" : {
            "1.000000" : 2801664,
            "5.000000" : 3522560,
            "10.000000" : 3850240,
            "20.000000" : 4489216,
            "30.000000" : 5144576,
            "40.000000" : 5931008,
            "50.000000" : 6848512,
            "60.000000" : 8093696,
            "70.000000" : 10289152,
            "80.000000" : 13565952,
            "90.000000" : 19529728,
            "95.000000" : 26345472,
            "99.000000" : 158334976,
            "99.500000" : 183500800,
            "99.900000" : 208666624,
            "99.950000" : 210763776,
            "99.990000" : 225443840,
            "0.00" : 0,
            "0.00" : 0,
            "0.00" : 0
          },
          "bins" : {
            "5472" : 1,
            "5536" : 1,
            "6176" : 1,
            "6752" : 1,
            "970752" : 1,
            "1204224" : 1,
            "1286144" : 1,
            "1384448" : 1,
            "1843200" : 1,
            "1941504" : 1,
            "1974272" : 1,
            "2007040" : 2,
            "2023424" : 1,
            "2039808" : 4,
            "2056192" : 2,
            "2072576" : 1,
            "2088960" : 3,
            "2113536" : 2,
            "2146304" : 18,
            "2179072" : 19,
            "2211840" : 25,
            "2244608" : 20,
            "2277376" : 23,
            "2310144" : 22,
            "2342912" : 27,
            "2375680" : 38,
            "2408448" : 26,
            "2441216" : 32,
            "2473984" : 25,
            "2506752" : 31,
            "2539520" : 33,
            "2572288" : 39,
            "2605056" : 39,
            "2637824" : 35,
            "2670592" : 46,
            "2703360" : 46,
            "2736128" : 40,
            "2768896" : 52,
            "2801664" : 63,
            "2834432" : 50,
            "2867200" : 67,
            "2899968" : 65,
            "2932736" : 77,
            "2965504" : 82,
            "2998272" : 89,
            "3031040" : 80,
            "3063808" : 84,
            "3096576" : 89,
            "3129344" : 99,
            "3162112" : 124,
            "3194880" : 119,
            "3227648" : 146,
            "3260416" : 143,
            "3293184" : 144,
            "3325952" : 186,
            "3358720" : 190,
            "3391488" : 181,
            "3424256" : 222,
            "3457024" : 248,
            "3489792" : 223,
            "3522560" : 273,
            "3555328" : 293,
            "3588096" : 318,
            "3620864" : 303,
            "3653632" : 319,
            "3686400" : 333,
            "3719168" : 332,
            "3751936" : 353,
            "3784704" : 360,
            "3817472" : 387,
            "3850240" : 380,
            "3883008" : 350,
            "3915776" : 389,
            "3948544" : 382,
            "3981312" : 396,
            "4014080" : 405,
            "4046848" : 398,
            "4079616" : 380,
            "4112384" : 376,
            "4145152" : 346,
            "4177920" : 351,
            "4227072" : 736,
            "4292608" : 665,
            "4358144" : 735,
            "4423680" : 680,
            "4489216" : 759,
            "4554752" : 701,
            "4620288" : 658,
            "4685824" : 700,
            "4751360" : 665,
            "4816896" : 713,
            "4882432" : 669,
            "4947968" : 719,
            "5013504" : 683,
            "5079040" : 650,
            "5144576" : 639,
            "5210112" : 662,
            "5275648" : 609,
            "5341184" : 594,
            "5406720" : 605,
            "5472256" : 551,
            "5537792" : 613,
            "5603328" : 554,
            "5668864" : 574,
            "5734400" : 602,
            "5799936" : 558,
            "5865472" : 521,
            "5931008" : 559,
            "5996544" : 559,
            "6062080" : 525,
            "6127616" : 524,
            "6193152" : 512,
            "6258688" : 506,
            "6324224" : 484,
            "6389760" : 504,
            "6455296" : 438,
            "6520832" : 502,
            "6586368" : 445,
            "6651904" : 485,
            "6717440" : 450,
            "6782976" : 469,
            "6848512" : 429,
            "6914048" : 404,
            "6979584" : 436,
            "7045120" : 441,
            "7110656" : 413,
            "7176192" : 368,
            "7241728" : 356,
            "7307264" : 366,
            "7372800" : 395,
            "7438336" : 336,
            "7503872" : 336,
            "7569408" : 356,
            "7634944" : 356,
            "7700480" : 380,
            "7766016" : 300,
            "7831552" : 300,
            "7897088" : 316,
            "7962624" : 289,
            "8028160" : 285,
            "8093696" : 267,
            "8159232" : 266,
            "8224768" : 311,
            "8290304" : 278,
            "8355840" : 254,
            "8454144" : 504,
            "8585216" : 471,
            "8716288" : 402,
            "8847360" : 446,
            "8978432" : 408,
            "9109504" : 413,
            "9240576" : 457,
            "9371648" : 402,
            "9502720" : 383,
            "9633792" : 390,
            "9764864" : 343,