{
  "fio version" : "fio-3.1",
  "timestamp" : 1574248105,
  "timestamp_ms" : 1574248105765,
  "time" : "Wed Nov 20 11:08:25 2019",
  "global options" : {
    "directory" : "data/fio_write/beegfs-randwrite-64-hnmvt",
    "bs" : "16384",
    "fallocate" : "none",
    "runtime" : "30",
    "time_based" : "1",
    "ioengine" : "libaio",
    "iodepth" : "8",
    "direct" : "1",
    "buffered" : "0",
    "invalidate" : "1",
    "ramp_time" : "0",
    "thread" : "0",
    "group_reporting" : "1",
    "filesize" : "32g",
    "size" : "32g",
    "filename_format" : "$jobnum.dat"
  },
  "jobs" : [
    {
      "jobname" : "fio-job",
      "groupid" : 0,
      "error" : 0,
      "eta" : 0,
      "elapsed" : 31,
      "job options" : {
        "rw" : "randwrite"
      },
      "read" : {
        "io_bytes" : 0,
        "io_kbytes" : 0,
        "bw" : 0,
        "iops" : 0.000000,
        "runtime" : 0,
        "total_ios" : 0,
        "short_ios" : 0,
        "drop_ios" : 0,
        "slat_ns" : {
          "min" : 0,
          "max" : 0,
          "mean" : 0.000000,
          "stddev" : 0.000000
        },
        "clat_ns" : {
          "min" : 0,
          "max" : 0,
          "mean" : 0.000000,
          "stddev" : 0.000000,
          "percentile" : {
            "1.000000" : 0,
            "5.000000" : 0,
            "10.000000" : 0,
            "20.000000" : 0,
            "30.000000" : 0,
            "40.000000" : 0,
            "50.000000" : 0,
            "60.000000" : 0,
            "70.000000" : 0,
            "80.000000" : 0,
            "90.000000" : 0,
            "95.000000" : 0,
            "99.000000" : 0,
            "99.500000" : 0,
            "99.900000" : 0,
            "99.950000" : 0,
            "99.990000" : 0,
            "0.00" : 0,
            "0.00" : 0,
            "0.00" : 0
          },
          "bins" : {

          }
        },
        "lat_ns" : {
          "min" : 0,
          "max" : 0,
          "mean" : 0.000000,
          "stddev" : 0.000000
        },
        "bw_min" : 0,
        "bw_max" : 0,
        "bw_agg" : 0.000000,
        "bw_mean" : 0.000000,
        "bw_dev" : 0.000000,
        "bw_samples" : 0,
        "iops_min" : 0,
        "iops_max" : 0,
        "iops_mean" : 0.000000,
        "iops_stddev" : 0.000000,
        "iops_samples" : 0
      },
      "write" : {
        "io_bytes" : 2162688,
        "io_kbytes" : 2112,
        "bw" : 69,
        "iops" : 4.329430,
        "runtime" : 30489,
        "total_ios" : 132,
        "short_ios" : 0,
        "drop_ios" : 0,
        "slat_ns" : {
          "min" : 75018,
          "max" : 4307531276,
          "mean" : 923549095.007576,
          "stddev" : 959703751.461173
        },
        "clat_ns" : {
          "min" : 4357,
          "max" : 12771228417,
          "mean" : 6451327138.727273,
          "stddev" : 3595702356.573660,
          "percentile" : {
            "1.000000" : 4768,
            "5.000000" : 429916160,
            "10.000000" : 1417674752,
            "20.000000" : 2298478592,
            "30.000000" : 4865392640,
            "40.000000" : 5603590144,
            "50.000000" : 6476005376,
            "60.000000" : 7415529472,
            "70.000000" : 8791261184,
            "80.000000" : 9865003008,
            "90.000000" : 11475615744,
            "95.000000" : 12146704384,
            "99.000000" : 12683575296,
            "99.500000" : 12817793024,
            "99.900000" : 12817793024,
            "99.950000" : 12817793024,
            "99.990000" : 12817793024,
            "0.00" : 0,
            "0.00" : 0,
            "0.00" : 0
          },
          "bins" : {
            "4384" : 1,
            "4768" : 1,
            "5280" : 1,
            "6880" : 1,
            "263192576" : 1,
            "425721856" : 1,
            "429916160" : 1,
            "467664896" : 1,
            "591396864" : 1,
            "876609536" : 1,
            "1166016512" : 1,
            "1182793728" : 1,
            "1417674752" : 3,
            "1451229184" : 1,
            "1535115264" : 1,
            "1635778560" : 1,
            "1686110208" : 1,
            "1736441856" : 3,
            "1753219072" : 4,
            "2298478592" : 1,
            "2902458368" : 1,
            "2936012800" : 1,
            "3338665984" : 1,
            "3841982464" : 1,
            "3875536896" : 1,
            "3942645760" : 1,
            "4462739456" : 2,
            "4731174912" : 3,
            "4798283776" : 1,
            "4865392640" : 2,
            "4932501504" : 2,
            "4999610368" : 1,
            "5066719232" : 3,
            "5268045824" : 1,
            "5402263552" : 2,
            "5469372416" : 1,
            "5536481280" : 1,
            "5603590144" : 4,
            "5737807872" : 1,
            "5804916736" : 2,
            "5872025600" : 3,
            "5939134464" : 2,
            "6006243328" : 1,
            "6476005376" : 2,
            "6543114240" : 1,
            "6610223104" : 1,
            "6878658560" : 1,
            "6945767424" : 1,
            "7281311744" : 4,
            "7348420608" : 2,
            "7415529472" : 3,
            "7482638336" : 1,
            "7616856064" : 1,
            "8153726976" : 1,
            "8220835840" : 2,
            "8287944704" : 1,
            "8422162432" : 1,
            "8489271296" : 1,
            "8556380160" : 1,
            "8657043456" : 3,
            "8791261184" : 2,
            "8925478912" : 1,
            "9059696640" : 5,
            "9193914368" : 3,
            "9462349824" : 1,
            "9596567552" : 1,
            "9865003008" : 2,
            "9999220736" : 1,
            "10133438464" : 3,
            "10401873920" : 2,
            "10536091648" : 1,
            "10938744832" : 1,
            "11072962560" : 1,
            "11207180288" : 1,
            "11341398016" : 1,
            "11475615744" : 2,
            "11744051200" : 2,
            "12012486656" : 2,
            "12146704384" : 2,
            "12415139840" : 3,
            "12683575296" : 2,
            "12817793024" : 1
          }
        },
        "lat_ns" : {
          "min" : 263592341,
          "max" : 13635674353,
          "mean" : 7374877856.704545,
          "stddev" : 3845448584.621581
        },
        "bw_min" : 4,
        "bw_max" : 96,
        "bw_agg" : 48.427006,
        "bw_mean" : 33.414634,
        "bw_dev" : 13.713066,
        "bw_samples" : 82,
        "iops_min" : 0,
        "iops_max" : 6,
        "iops_mean" : 2.000000,
        "iops_stddev" : 0.968644,
        "iops_samples" : 82
      },
      "trim" : {
        "io_bytes" : 0,
        "io_kbytes" : 0,
        "bw" : 0,
        "iops" : 0.000000,
        "runtime" : 0,
        "total_ios" : 0,
        "short_ios" : 0,
        "drop_ios" : 0,
        "slat_ns" : {
          "min" : 0,
          "max" : 0,
          "mean" : 0.000000,
          "stddev" : 0.000000
        },
        "clat_ns" : {
          "min" : 0,
          "max" : 0,
          "mean" : 0.000000,
          "stddev" : 0.000000,
          "percentile" : {
            "1.000000" : 0,
            "5.000000" : 0,
            "10.000000" : 0,
            "20.000000" : 0,
            "30.000000" : 0,
            "40.000000" : 0,
            "50.000000" : 0,
            "60.000000" : 0,
            "70.000000" : 0,
            "80.000000" : 0,
            "90.000000" : 0,
            "95.000000" : 0,
            "99.000000" : 0,
            "99.500000" : 0,
            "99.900000" : 0,
            "99.950000" : 0,
            "99.990000" : 0,
            "0.00" : 0,
            "0.00" : 0,
            "0.00" : 0
          },
          "bins" : {

          }
        },
        "lat_ns" : {
          "min" : 0,
          "max" : 0,
          "mean" : 0.000000,
          "stddev" : 0.000000
        },
        "bw_min" : 0,
        "bw_max" : 0,
        "bw_agg" : 0.000000,
        "bw_mean" : 0.000000,
        "bw_dev" : 0.000000,
        "bw_samples" : 0,