{
  "fio version" : "fio-3.1",
  "timestamp" : 1556020487,
  "timestamp_ms" : 1556020487351,
  "time" : "Tue Apr 23 12:54:47 2019",
  "global options" : {
    "fallocate" : "none",
    "runtime" : "30",
    "directory" : "/data/fio_write/beegfs-randwrite-64-client-26896-14",
    "bs" : "32768",
    "time_based" : "1",
    "ioengine" : "libaio",
    "iodepth" : "8",
    "direct" : "1",
    "buffered" : "0",
    "thread" : "0",
    "group_reporting" : "1",
    "filesize" : "32g",
    "size" : "32g",
    "filename_format" : "$jobnum.dat"
  },
  "jobs" : [
    {
      "jobname" : "fio-job",
      "groupid" : 0,
      "error" : 0,
      "eta" : 0,
      "elapsed" : 31,
      "job options" : {
        "rw" : "randwrite"
      },
      "read" : {
        "io_bytes" : 0,
        "io_kbytes" : 0,
        "bw" : 0,
        "iops" : 0.000000,
        "runtime" : 0,
        "total_ios" : 0,
        "short_ios" : 0,
        "drop_ios" : 0,
        "slat_ns" : {
          "min" : 0,
          "max" : 0,
          "mean" : 0.000000,
          "stddev" : 0.000000
        },
        "clat_ns" : {
          "min" : 0,
          "max" : 0,
          "mean" : 0.000000,
          "stddev" : 0.000000,
          "percentile" : {
            "1.000000" : 0,
            "5.000000" : 0,
            "10.000000" : 0,
            "20.000000" : 0,
            "30.000000" : 0,
            "40.000000" : 0,
            "50.000000" : 0,
            "60.000000" : 0,
            "70.000000" : 0,
            "80.000000" : 0,
            "90.000000" : 0,
            "95.000000" : 0,
            "99.000000" : 0,
            "99.500000" : 0,
            "99.900000" : 0,
            "99.950000" : 0,
            "99.990000" : 0,
            "0.00" : 0,
            "0.00" : 0,
            "0.00" : 0
          },
          "bins" : {

          }
        },
        "lat_ns" : {
          "min" : 0,
          "max" : 0,
          "mean" : 0.000000,
          "stddev" : 0.000000
        },
        "bw_min" : 0,
        "bw_max" : 0,
        "bw_agg" : 0.000000,
        "bw_mean" : 0.000000,
        "bw_dev" : 0.000000,
        "bw_samples" : 0,
        "iops_min" : 0,
        "iops_max" : 0,
        "iops_mean" : 0.000000,
        "iops_stddev" : 0.000000,
        "iops_samples" : 0
      },
      "write" : {
        "io_bytes" : 291733504,
        "io_kbytes" : 284896,
        "bw" : 9486,
        "iops" : 296.460324,
        "runtime" : 30031,
        "total_ios" : 8903,
        "short_ios" : 0,
        "drop_ios" : 0,
        "slat_ns" : {
          "min" : 9187,
          "max" : 335518260,
          "mean" : 12266090.863978,
          "stddev" : 46016293.543696
        },
        "clat_ns" : {
          "min" : 69929,
          "max" : 469952143,
          "mean" : 94837213.010221,
          "stddev" : 99236917.275610,
          "percentile" : {
            "1.000000" : 3031040,
            "5.000000" : 4423680,
            "10.000000" : 5668864,
            "20.000000" : 8093696,
            "30.000000" : 10551296,
            "40.000000" : 13041664,
            "50.000000" : 16580608,
            "60.000000" : 162529280,
            "70.000000" : 193986560,
            "80.000000" : 204472320,
            "90.000000" : 214958080,
            "95.000000" : 231735296,
            "99.000000" : 308281344,
            "99.500000" : 333447168,
            "99.900000" : 417333248,
            "99.950000" : 455081984,
            "99.990000" : 471859200,
            "0.00" : 0,
            "0.00" : 0,
            "0.00" : 0
          },
          "bins" : {
            "70144" : 1,
            "92672" : 1,
            "95744" : 1,
            "98816" : 2,
            "99840" : 1,
            "107008" : 1,
            "121344" : 1,
            "122368" : 1,
            "144384" : 1,
            "148480" : 1,
            "342016" : 1,
            "741376" : 1,
            "1433600" : 1,
            "2007040" : 1,
            "2113536" : 1,
            "2146304" : 1,
            "2211840" : 1,
            "2244608" : 1,
            "2277376" : 2,
            "2342912" : 1,
            "2408448" : 4,
            "2441216" : 4,
            "2473984" : 2,
            "2506752" : 4,
            "2539520" : 5,
            "2572288" : 1,
            "2605056" : 2,
            "2637824" : 3,
            "2670592" : 5,
            "2703360" : 1,
            "2736128" : 3,
            "2801664" : 5,
            "2834432" : 2,
            "2867200" : 1,
            "2899968" : 1,
            "2932736" : 8,
            "2965504" : 7,
            "2998272" : 4,
            "3031040" : 6,
            "3063808" : 5,
            "3096576" : 8,
            "3129344" : 6,
            "3162112" : 10,
            "3194880" : 8,
            "3227648" : 7,
            "3260416" : 8,
            "3293184" : 6,
            "3325952" : 6,
            "3358720" : 7,
            "3391488" : 10,
            "3424256" : 7,
            "3457024" : 5,
            "3489792" : 8,
            "3522560" : 6,
            "3555328" : 8,
            "3588096" : 8,
            "3620864" : 13,
            "3653632" : 9,
            "3686400" : 6,
            "3719168" : 4,
            "3751936" : 7,
            "3784704" : 6,
            "3817472" : 6,
            "3850240" : 8,
            "3883008" : 8,
            "3915776" : 10,
            "3948544" : 10,
            "3981312" : 10,
            "4014080" : 7,
            "4046848" : 12,
            "4079616" : 5,
            "4112384" : 16,
            "4145152" : 13,
            "4177920" : 8,
            "4227072" : 9,
            "4292608" : 30,
            "4358144" : 19,
            "4423680" : 21,
            "4489216" : 13,
            "4554752" : 23,
            "4620288" : 14,
            "4685824" : 28,
            "4751360" : 25,
            "4816896" : 18,
            "4882432" : 21,
            "4947968" : 23,
            "5013504" : 26,
            "5079040" : 22,
            "5144576" : 27,
            "5210112" : 30,
            "5275648" : 32,
            "5341184" : 28,
            "5406720" : 16,
            "5472256" : 21,
            "5537792" : 29,
            "5603328" : 26,
            "5668864" : 25,
            "5734400" : 35,
            "5799936" : 29,
            "5865472" : 25,
            "5931008" : 24,
            "5996544" : 25,
            "6062080" : 26,
            "6127616" : 30,
            "6193152" : 19,
            "6258688" : 25,
            "6324224" : 27,
            "6389760" : 21,
            "6455296" : 31,
            "6520832" : 25,
            "6586368" : 21,
            "6651904" : 31,
            "6717440" : 38,
            "6782976" : 23,
            "6848512" : 29,
            "6914048" : 19,
            "6979584" : 24,
            "7045120" : 28,
            "7110656" : 20,
            "7176192" : 16,
            "7241728" : 29,
            "7307264" : 22,
            "7372800" : 31,
            "7438336" : 17,
            "7503872" : 12,
            "7569408" : 24,
            "7634944" : 24,
            "7700480" : 28,
            "7766016" : 34,
            "7831552" : 17,
            "7897088" : 14,
            "7962624" : 16,
            "8028160" : 21,
            "8093696" : 13,
            "8159232" : 22,
            "8224768" : 22,
            "8290304" : 17,
            "8355840" : 30,
            "8454144" : 43,
            "8585216" : 34,
            "8716288" : 49,
            "8847360" : 54,
            "8978432" : 62,
            "9109504" : 45,
            "9240576" : 54,
            "9371648" : 48,
            "9502720" : 61,
            "9633792" : 56,
            "9764864" : 40,
            "9895936" : 52,
            "10027008" : 55,
            "10158080" : 45,
            "10289152" : 46,
            "10420224" : 45,
            "10551296" : 51,
            "10682368" : 39,
            "10813440" : 55,
            "10944512" : 58,
            "11075584" : 43,
            "11206656" : 57,