{
  "fio version" : "fio-3.1",
  "timestamp" : 1555531296,
  "timestamp_ms" : 1555531296509,
  "time" : "Wed Apr 17 20:01:36 2019",
  "global options" : {
    "fallocate" : "none",
    "runtime" : "30",
    "directory" : "/data/fio_write/beegfs-write-64-dnqvk",
    "bs" : "8388608",
    "time_based" : "1",
    "ioengine" : "libaio",
    "iodepth" : "8",
    "direct" : "1",
    "buffered" : "0",
    "thread" : "0",
    "group_reporting" : "1",
    "filesize" : "32g",
    "size" : "32g",
    "filename_format" : "$jobnum.dat"
  },
  "jobs" : [
    {
      "jobname" : "fio-job",
      "groupid" : 0,
      "error" : 0,
      "eta" : 0,
      "elapsed" : 31,
      "job options" : {
        "rw" : "write"
      },
      "read" : {
        "io_bytes" : 0,
        "io_kbytes" : 0,
        "bw" : 0,
        "iops" : 0.000000,
        "runtime" : 0,
        "total_ios" : 0,
        "short_ios" : 0,
        "drop_ios" : 0,
        "slat_ns" : {
          "min" : 0,
          "max" : 0,
          "mean" : 0.000000,
          "stddev" : 0.000000
        },
        "clat_ns" : {
          "min" : 0,
          "max" : 0,
          "mean" : 0.000000,
          "stddev" : 0.000000,
          "percentile" : {
            "1.000000" : 0,
            "5.000000" : 0,
            "10.000000" : 0,
            "20.000000" : 0,
            "30.000000" : 0,
            "40.000000" : 0,
            "50.000000" : 0,
            "60.000000" : 0,
            "70.000000" : 0,
            "80.000000" : 0,
            "90.000000" : 0,
            "95.000000" : 0,
            "99.000000" : 0,
            "99.500000" : 0,
            "99.900000" : 0,
            "99.950000" : 0,
            "99.990000" : 0,
            "0.00" : 0,
            "0.00" : 0,
            "0.00" : 0
          },
          "bins" : {

          }
        },
        "lat_ns" : {
          "min" : 0,
          "max" : 0,
          "mean" : 0.000000,
          "stddev" : 0.000000
        },
        "bw_min" : 0,
        "bw_max" : 0,
        "bw_agg" : 0.000000,
        "bw_mean" : 0.000000,
        "bw_dev" : 0.000000,
        "bw_samples" : 0,
        "iops_min" : 0,
        "iops_max" : 0,
        "iops_mean" : 0.000000,
        "iops_stddev" : 0.000000,
        "iops_samples" : 0
      },
      "write" : {
        "io_bytes" : 1912602624,
        "io_kbytes" : 1867776,
        "bw" : 61703,
        "iops" : 7.532210,
        "runtime" : 30270,
        "total_ios" : 228,
        "short_ios" : 0,
        "drop_ios" : 0,
        "slat_ns" : {
          "min" : 51183123,
          "max" : 2475471143,
          "mean" : 527242409.798246,
          "stddev" : 401512214.092918
        },
        "clat_ns" : {
          "min" : 4255,
          "max" : 5884703764,
          "mean" : 3408840438.934210,
          "stddev" : 1088512588.539779,
          "percentile" : {
            "1.000000" : 6240,
            "5.000000" : 1434451968,
            "10.000000" : 2231369728,
            "20.000000" : 2634022912,
            "30.000000" : 2969567232,
            "40.000000" : 3137339392,
            "50.000000" : 3372220416,
            "60.000000" : 3707764736,
            "70.000000" : 4110417920,
            "80.000000" : 4328521728,
            "90.000000" : 4731174912,
            "95.000000" : 4932501504,
            "99.000000" : 5469372416,
            "99.500000" : 5536481280,
            "99.900000" : 5872025600,
            "99.950000" : 5872025600,
            "99.990000" : 5872025600,
            "0.00" : 0,
            "0.00" : 0,
            "0.00" : 0
          },
          "bins" : {
            "4256" : 1,
            "4384" : 1,
            "6240" : 1,
            "6560" : 1,
            "530579456" : 1,
            "541065216" : 1,
            "666894336" : 1,
            "884998144" : 1,
            "910163968" : 1,
            "1082130432" : 1,
            "1132462080" : 1,
            "1434451968" : 1,
            "1468006400" : 1,
            "1501560832" : 1,
            "1602224128" : 1,
            "1887436800" : 1,
            "2004877312" : 1,
            "2021654528" : 1,
            "2055208960" : 1,
            "2071986176" : 1,
            "2088763392" : 1,
            "2164260864" : 1,
            "2231369728" : 1,
            "2264924160" : 1,
            "2298478592" : 3,
            "2332033024" : 3,
            "2466250752" : 2,
            "2499805184" : 3,
            "2533359616" : 3,
            "2566914048" : 4,
            "2600468480" : 3,
            "2634022912" : 1,
            "2667577344" : 1,
            "2701131776" : 1,
            "2734686208" : 2,
            "2768240640" : 4,
            "2801795072" : 2,
            "2835349504" : 2,
            "2868903936" : 2,
            "2902458368" : 2,
            "2936012800" : 4,
            "2969567232" : 5,
            "3003121664" : 4,
            "3036676096" : 4,
            "3070230528" : 3,
            "3103784960" : 5,
            "3137339392" : 5,
            "3170893824" : 6,
            "3204448256" : 3,
            "3238002688" : 2,
            "3271557120" : 2,
            "3305111552" : 4,
            "3338665984" : 2,
            "3372220416" : 4,
            "3405774848" : 3,
            "3439329280" : 4,
            "3472883712" : 1,
            "3506438144" : 1,
            "3539992576" : 4,
            "3573547008" : 1,
            "3607101440" : 4,
            "3674210304" : 2,
            "3707764736" : 2,
            "3741319168" : 2,
            "3774873600" : 1,
            "3808428032" : 3,
            "3841982464" : 4,
            "3875536896" : 2,
            "3909091328" : 1,
            "3942645760" : 3,
            "3976200192" : 1,
            "4009754624" : 4,
            "4076863488" : 1,
            "4110417920" : 2,
            "4143972352" : 4,
            "4177526784" : 3,
            "4211081216" : 3,
            "4244635648" : 1,
            "4278190080" : 2,
            "4328521728" : 11,
            "4395630592" : 4,
            "4462739456" : 5,
            "4529848320" : 2,
            "4596957184" : 1,
            "4664066048" : 4,
            "4731174912" : 7,
            "4798283776" : 1,
            "4865392640" : 7,
            "4932501504" : 3,
            "5066719232" : 1,
            "5133828096" : 1,
            "5200936960" : 2,
            "5268045824" : 1,
            "5469372416" : 2,
            "5536481280" : 1,
            "5872025600" : 1
          }
        },
        "lat_ns" : {
          "min" : 532137172,
          "max" : 7203632182,
          "mean" : 3936084962.587719,
          "stddev" : 1107861992.151996
        },
        "bw_min" : 16351,
        "bw_max" : 49648,
        "bw_agg" : 37.311800,
        "bw_mean" : 23022.500000,
        "bw_dev" : 9417.663120,
        "bw_samples" : 140,
        "iops_min" : 1,
        "iops_max" : 6,
        "iops_mean" : 2.771429,
        "iops_stddev" : 1.140130,
        "iops_samples" : 140
      },
      "trim" : {
        "io_bytes" : 0,
        "io_kbytes" : 0,
        "bw" : 0,
        "iops" : 0.000000,
        "runtime" : 0,
        "total_ios" : 0,
        "short_ios" : 0,
        "drop_ios" : 0,
        "slat_ns" : {
          "min" : 0,
          "max" : 0,
          "mean" : 0.000000,
          "stddev" : 0.000000
        },
        "clat_ns" : {
          "min" : 0,
          "max" : 0,
          "mean" : 0.000000,
          "stddev" : 0.000000,
          "percentile" : {
            "1.000000" : 0,
            "5.000000" : 0,
            "10.000000" : 0,
            "20.000000" : 0,
            "30.000000" : 0,
            "40.000000" : 0,
            "50.000000" : 0,
            "60.000000" : 0,
            "70.000000" : 0,
            "80.000000" : 0,
            "90.000000" : 0,
            "95.000000" : 0,
            "99.000000" : 0,
            "99.500000" : 0,
            "99.900000" : 0,
            "99.950000" : 0,
            "99.990000" : 0,
            "0.00" : 0,
            "0.00" : 0,