{
  "fio version" : "fio-3.1",
  "timestamp" : 1556099761,
  "timestamp_ms" : 1556099761099,
  "time" : "Wed Apr 24 09:56:01 2019",
  "global options" : {
    "fallocate" : "none",
    "runtime" : "30",
    "directory" : "data/fio_write/beegfs-write-64-b7ks9",
    "bs" : "16777216",
    "time_based" : "1",
    "ioengine" : "libaio",
    "iodepth" : "8",
    "direct" : "1",
    "buffered" : "0",
    "thread" : "0",
    "group_reporting" : "1",
    "filesize" : "32g",
    "size" : "32g",
    "filename_format" : "$jobnum.dat"
  },
  "jobs" : [
    {
      "jobname" : "fio-job",
      "groupid" : 0,
      "error" : 0,
      "eta" : 0,
      "elapsed" : 31,
      "job options" : {
        "rw" : "write"
      },
      "read" : {
        "io_bytes" : 0,
        "io_kbytes" : 0,
        "bw" : 0,
        "iops" : 0.000000,
        "runtime" : 0,
        "total_ios" : 0,
        "short_ios" : 0,
        "drop_ios" : 0,
        "slat_ns" : {
          "min" : 0,
          "max" : 0,
          "mean" : 0.000000,
          "stddev" : 0.000000
        },
        "clat_ns" : {
          "min" : 0,
          "max" : 0,
          "mean" : 0.000000,
          "stddev" : 0.000000,
          "percentile" : {
            "1.000000" : 0,
            "5.000000" : 0,
            "10.000000" : 0,
            "20.000000" : 0,
            "30.000000" : 0,
            "40.000000" : 0,
            "50.000000" : 0,
            "60.000000" : 0,
            "70.000000" : 0,
            "80.000000" : 0,
            "90.000000" : 0,
            "95.000000" : 0,
            "99.000000" : 0,
            "99.500000" : 0,
            "99.900000" : 0,
            "99.950000" : 0,
            "99.990000" : 0,
            "0.00" : 0,
            "0.00" : 0,
            "0.00" : 0
          },
          "bins" : {

          }
        },
        "lat_ns" : {
          "min" : 0,
          "max" : 0,
          "mean" : 0.000000,
          "stddev" : 0.000000
        },
        "bw_min" : 0,
        "bw_max" : 0,
        "bw_agg" : 0.000000,
        "bw_mean" : 0.000000,
        "bw_dev" : 0.000000,
        "bw_samples" : 0,
        "iops_min" : 0,
        "iops_max" : 0,
        "iops_mean" : 0.000000,
        "iops_stddev" : 0.000000,
        "iops_samples" : 0
      },
      "write" : {
        "io_bytes" : 2332033024,
        "io_kbytes" : 2277376,
        "bw" : 75290,
        "iops" : 4.595345,
        "runtime" : 30248,
        "total_ios" : 139,
        "short_ios" : 0,
        "drop_ios" : 0,
        "slat_ns" : {
          "min" : 346536138,
          "max" : 1388159268,
          "mean" : 868436635.165468,
          "stddev" : 188166638.923062
        },
        "clat_ns" : {
          "min" : 13321,
          "max" : 7321991205,
          "mean" : 5484776652.000001,
          "stddev" : 1969946801.919578,
          "percentile" : {
            "1.000000" : 13888,
            "5.000000" : 367001600,
            "10.000000" : 1853882368,
            "20.000000" : 4664066048,
            "30.000000" : 5603590144,
            "40.000000" : 6140461056,
            "50.000000" : 6341787648,
            "60.000000" : 6476005376,
            "70.000000" : 6610223104,
            "80.000000" : 6744440832,
            "90.000000" : 6878658560,
            "95.000000" : 7012876288,
            "99.000000" : 7348420608,
            "99.500000" : 7348420608,
            "99.900000" : 7348420608,
            "99.950000" : 7348420608,
            "99.990000" : 7348420608,
            "0.00" : 0,
            "0.00" : 0,
            "0.00" : 0
          },
          "bins" : {
            "13376" : 1,
            "13888" : 1,
            "14272" : 1,
            "14784" : 1,
            "346030080" : 1,
            "358612992" : 1,
            "367001600" : 1,
            "371195904" : 1,
            "801112064" : 1,
            "910163968" : 1,
            "1098907648" : 1,
            "1182793728" : 1,
            "1417674752" : 1,
            "1853882368" : 1,
            "1954545664" : 1,
            "2021654528" : 1,
            "2264924160" : 1,
            "2600468480" : 1,
            "2734686208" : 1,
            "2801795072" : 1,
            "3271557120" : 1,
            "3506438144" : 1,
            "3573547008" : 1,
            "3808428032" : 1,
            "3976200192" : 1,
            "4110417920" : 1,
            "4395630592" : 1,
            "4664066048" : 1,
            "4731174912" : 1,
            "4798283776" : 1,
            "5200936960" : 3,
            "5335154688" : 3,
            "5402263552" : 1,
            "5469372416" : 1,
            "5536481280" : 3,
            "5603590144" : 2,
            "5737807872" : 2,
            "5804916736" : 1,
            "5872025600" : 1,
            "5939134464" : 1,
            "6006243328" : 4,
            "6073352192" : 3,
            "6140461056" : 4,
            "6207569920" : 5,
            "6274678784" : 4,
            "6341787648" : 4,
            "6408896512" : 5,
            "6476005376" : 7,
            "6543114240" : 6,
            "6610223104" : 12,
            "6677331968" : 5,
            "6744440832" : 8,
            "6811549696" : 7,
            "6878658560" : 6,
            "6945767424" : 2,
            "7012876288" : 3,
            "7079985152" : 1,
            "7147094016" : 2,
            "7281311744" : 1,
            "7348420608" : 2
          }
        },
        "lat_ns" : {
          "min" : 346554526,
          "max" : 8338081956,
          "mean" : 6353217554.928058,
          "stddev" : 2058904777.777312
        },
        "bw_min" : 32572,
        "bw_max" : 33300,
        "bw_agg" : 43.796796,
        "bw_mean" : 32974.607477,
        "bw_dev" : 205.100332,
        "bw_samples" : 107,
        "iops_min" : 1,
        "iops_max" : 2,
        "iops_mean" : 1.981308,
        "iops_stddev" : 0.136071,
        "iops_samples" : 107
      },
      "trim" : {
        "io_bytes" : 0,
        "io_kbytes" : 0,
        "bw" : 0,
        "iops" : 0.000000,
        "runtime" : 0,
        "total_ios" : 0,
        "short_ios" : 0,
        "drop_ios" : 0,
        "slat_ns" : {
          "min" : 0,
          "max" : 0,
          "mean" : 0.000000,
          "stddev" : 0.000000
        },
        "clat_ns" : {
          "min" : 0,
          "max" : 0,
          "mean" : 0.000000,
          "stddev" : 0.000000,
          "percentile" : {
            "1.000000" : 0,
            "5.000000" : 0,
            "10.000000" : 0,
            "20.000000" : 0,
            "30.000000" : 0,
            "40.000000" : 0,
            "50.000000" : 0,
            "60.000000" : 0,
            "70.000000" : 0,
            "80.000000" : 0,
            "90.000000" : 0,
            "95.000000" : 0,
            "99.000000" : 0,
            "99.500000" : 0,
            "99.900000" : 0,
            "99.950000" : 0,
            "99.990000" : 0,
            "0.00" : 0,
            "0.00" : 0,
            "0.00" : 0
          },
          "bins" : {

          }
        },
        "lat_ns" : {
          "min" : 0,
          "max" : 0,
          "mean" : 0.000000,
          "stddev" : 0.000000
        },
        "bw_min" : 0,
        "bw_max" : 0,
        "bw_agg" : 0.000000,
        "bw_mean" : 0.000000,
        "bw_dev" : 0.000000,
        "bw_samples" : 0,
        "iops_min" : 0,
        "iops_max" : 0,
        "iops_mean" : 0.000000,
        "iops_stddev" : 0.000000,
        "iops_samples" : 0
      },
      "usr_cpu" : 0.200353,
      "sys_cpu" : 1.690579,
      "ctx" : 286432,
      "majf" : 0,
      "minf" : 41,
      "iodepth_level" : {
        "1" : 2.877698,
        "2" : 5.755396,
        "4" : 11.510791,
        "8" : 79.856115,
        "16" : 0.000000,
        "32" : 0.000000,
        ">=64" : 0.000000
      },
      "latency_ns" : {
        "2" : 0.000000,
        "4" : 0.000000,
        "10" : 0.000000,
        "20" : 0.000000,
        "50" : 0.000000,
        "100" : 0.000000,
        "250" : 0.000000,
        "500" : 0.000000,