{
  "fio version" : "fio-3.1",
  "timestamp" : 1555517389,
  "timestamp_ms" : 1555517389524,
  "time" : "Wed Apr 17 16:09:49 2019",
  "global options" : {
    "fallocate" : "none",
    "runtime" : "30",
    "directory" : "/data/fio_write/beegfs-write-64-lbsk2",
    "bs" : "2048",
    "time_based" : "1",
    "ioengine" : "libaio",
    "iodepth" : "8",
    "direct" : "1",
    "buffered" : "0",
    "thread" : "0",
    "group_reporting" : "1",
    "filesize" : "32g",
    "size" : "32g",
    "filename_format" : "$jobnum.dat"
  },
  "jobs" : [
    {
      "jobname" : "fio-job",
      "groupid" : 0,
      "error" : 0,
      "eta" : 0,
      "elapsed" : 31,
      "job options" : {
        "rw" : "write"
      },
      "read" : {
        "io_bytes" : 0,
        "io_kbytes" : 0,
        "bw" : 0,
        "iops" : 0.000000,
        "runtime" : 0,
        "total_ios" : 0,
        "short_ios" : 0,
        "drop_ios" : 0,
        "slat_ns" : {
          "min" : 0,
          "max" : 0,
          "mean" : 0.000000,
          "stddev" : 0.000000
        },
        "clat_ns" : {
          "min" : 0,
          "max" : 0,
          "mean" : 0.000000,
          "stddev" : 0.000000,
          "percentile" : {
            "1.000000" : 0,
            "5.000000" : 0,
            "10.000000" : 0,
            "20.000000" : 0,
            "30.000000" : 0,
            "40.000000" : 0,
            "50.000000" : 0,
            "60.000000" : 0,
            "70.000000" : 0,
            "80.000000" : 0,
            "90.000000" : 0,
            "95.000000" : 0,
            "99.000000" : 0,
            "99.500000" : 0,
            "99.900000" : 0,
            "99.950000" : 0,
            "99.990000" : 0,
            "0.00" : 0,
            "0.00" : 0,
            "0.00" : 0
          },
          "bins" : {

          }
        },
        "lat_ns" : {
          "min" : 0,
          "max" : 0,
          "mean" : 0.000000,
          "stddev" : 0.000000
        },
        "bw_min" : 0,
        "bw_max" : 0,
        "bw_agg" : 0.000000,
        "bw_mean" : 0.000000,
        "bw_dev" : 0.000000,
        "bw_samples" : 0,
        "iops_min" : 0,
        "iops_max" : 0,
        "iops_mean" : 0.000000,
        "iops_stddev" : 0.000000,
        "iops_samples" : 0
      },
      "write" : {
        "io_bytes" : 1846784000,
        "io_kbytes" : 1803500,
        "bw" : 60114,
        "iops" : 30057.331422,
        "runtime" : 30001,
        "total_ios" : 901750,
        "short_ios" : 0,
        "drop_ios" : 0,
        "slat_ns" : {
          "min" : 27260,
          "max" : 9035157,
          "mean" : 127698.189158,
          "stddev" : 127539.617730
        },
        "clat_ns" : {
          "min" : 4774,
          "max" : 12275260,
          "mean" : 932960.015864,
          "stddev" : 457106.360060,
          "percentile" : {
            "1.000000" : 522240,
            "5.000000" : 585728,
            "10.000000" : 626688,
            "20.000000" : 692224,
            "30.000000" : 733184,
            "40.000000" : 765952,
            "50.000000" : 798720,
            "60.000000" : 839680,
            "70.000000" : 913408,
            "80.000000" : 1073152,
            "90.000000" : 1417216,
            "95.000000" : 1662976,
            "99.000000" : 2736128,
            "99.500000" : 3457024,
            "99.900000" : 5472256,
            "99.950000" : 6193152,
            "99.990000" : 7962624,
            "0.00" : 0,
            "0.00" : 0,
            "0.00" : 0
          },
          "bins" : {
            "4768" : 1,
            "4896" : 1,
            "4960" : 1,
            "5088" : 1,
            "87552" : 1,
            "102912" : 1,
            "116224" : 1,
            "142336" : 1,
            "197632" : 1,
            "220160" : 1,
            "224256" : 2,
            "309248" : 1,
            "313344" : 2,
            "317440" : 1,
            "358400" : 2,
            "366592" : 2,
            "374784" : 2,
            "378880" : 4,
            "382976" : 3,
            "387072" : 21,
            "391168" : 3,
            "395264" : 12,
            "399360" : 10,
            "403456" : 11,
            "407552" : 10,
            "411648" : 10,
            "415744" : 14,
            "419840" : 14,
            "423936" : 25,
            "428032" : 27,
            "432128" : 23,
            "436224" : 29,
            "440320" : 45,
            "444416" : 53,
            "448512" : 64,
            "452608" : 102,
            "456704" : 105,
            "460800" : 135,
            "464896" : 184,
            "468992" : 203,
            "473088" : 227,
            "477184" : 244,
            "481280" : 322,
            "485376" : 373,
            "489472" : 488,
            "493568" : 548,
            "497664" : 656,
            "501760" : 675,
            "505856" : 781,
            "509952" : 903,
            "514048" : 928,
            "518144" : 1028,
            "522240" : 1121,
            "528384" : 2805,
            "536576" : 3287,
            "544768" : 3903,
            "552960" : 4685,
            "561152" : 5104,
            "569344" : 5906,
            "577536" : 6339,
            "585728" : 6920,
            "593920" : 7497,
            "602112" : 8119,
            "610304" : 8888,
            "618496" : 9628,
            "626688" : 10134,
            "634880" : 10612,
            "643072" : 10972,
            "651264" : 11879,
            "659456" : 12177,
            "667648" : 13049,
            "675840" : 13657,
            "684032" : 14336,
            "692224" : 15167,
            "700416" : 15933,
            "708608" : 17079,
            "716800" : 18100,
            "724992" : 18903,
            "733184" : 20264,
            "741376" : 21348,
            "749568" : 22072,
            "757760" : 22823,
            "765952" : 23405,
            "774144" : 23074,
            "782336" : 22647,
            "790528" : 22141,
            "798720" : 21041,
            "806912" : 19570,
            "815104" : 18171,
            "823296" : 16872,
            "831488" : 15726,
            "839680" : 14436,
            "847872" : 13419,
            "856064" : 12271,
            "864256" : 11170,
            "872448" : 10455,
            "880640" : 9728,
            "888832" : 8886,
            "897024" : 8197,
            "905216" : 7591,
            "913408" : 7029,
            "921600" : 6628,
            "929792" : 6271,
            "937984" : 5670,
            "946176" : 5347,
            "954368" : 5056,
            "962560" : 4691,
            "970752" : 4572,
            "978944" : 4366,
            "987136" : 4272,
            "995328" : 4164,
            "1003520" : 3928,
            "1011712" : 3753,
            "1019904" : 3690,
            "1028096" : 3547,
            "1036288" : 3370,
            "1044480" : 3276,
            "1056768" : 6216,
            "1073152" : 5920,
            "1089536" : 5594,
            "1105920" : 5582,
            "1122304" : 5385,
            "1138688" : 5186,
            "1155072" : 4992,
            "1171456" : 5021,
            "1187840" : 4837,
            "1204224" : 4640,
            "1220608" : 4551,
            "1236992" : 4450,
            "1253376" : 4270,
            "1269760" : 4017,
            "1286144" : 4018,
            "1302528" : 4010,
            "1318912" : 3808,
            "1335296" : 3907,
            "1351680" : 3601,
            "1368064" : 3494,
            "1384448" : 3511,
            "1400832" : 3377,
            "1417216" : 3450,
            "1433600" : 3537,
            "1449984" : 3464,
            "1466368" : 3548,
            "1482752" : 3470,
            "1499136" : 3514,
            "1515520" : 3462,
            "1531904" : 3390,
            "1548288" : 3288,
            "1564672" : 3001,
            "1581056" : 2807,
            "1597440" : 2490,
            "1613824" : 2406,
            "1630208" : 2241,
            "1646592" : 2173,
            "1662976" : 1905,