{
  "fio version" : "fio-3.1",
  "timestamp" : 1555517390,
  "timestamp_ms" : 1555517390008,
  "time" : "Wed Apr 17 16:09:50 2019",
  "global options" : {
    "fallocate" : "none",
    "runtime" : "30",
    "directory" : "/data/fio_write/beegfs-write-64-xbc8c",
    "bs" : "2048",
    "time_based" : "1",
    "ioengine" : "libaio",
    "iodepth" : "8",
    "direct" : "1",
    "buffered" : "0",
    "thread" : "0",
    "group_reporting" : "1",
    "filesize" : "32g",
    "size" : "32g",
    "filename_format" : "$jobnum.dat"
  },
  "jobs" : [
    {
      "jobname" : "fio-job",
      "groupid" : 0,
      "error" : 0,
      "eta" : 0,
      "elapsed" : 31,
      "job options" : {
        "rw" : "write"
      },
      "read" : {
        "io_bytes" : 0,
        "io_kbytes" : 0,
        "bw" : 0,
        "iops" : 0.000000,
        "runtime" : 0,
        "total_ios" : 0,
        "short_ios" : 0,
        "drop_ios" : 0,
        "slat_ns" : {
          "min" : 0,
          "max" : 0,
          "mean" : 0.000000,
          "stddev" : 0.000000
        },
        "clat_ns" : {
          "min" : 0,
          "max" : 0,
          "mean" : 0.000000,
          "stddev" : 0.000000,
          "percentile" : {
            "1.000000" : 0,
            "5.000000" : 0,
            "10.000000" : 0,
            "20.000000" : 0,
            "30.000000" : 0,
            "40.000000" : 0,
            "50.000000" : 0,
            "60.000000" : 0,
            "70.000000" : 0,
            "80.000000" : 0,
            "90.000000" : 0,
            "95.000000" : 0,
            "99.000000" : 0,
            "99.500000" : 0,
            "99.900000" : 0,
            "99.950000" : 0,
            "99.990000" : 0,
            "0.00" : 0,
            "0.00" : 0,
            "0.00" : 0
          },
          "bins" : {

          }
        },
        "lat_ns" : {
          "min" : 0,
          "max" : 0,
          "mean" : 0.000000,
          "stddev" : 0.000000
        },
        "bw_min" : 0,
        "bw_max" : 0,
        "bw_agg" : 0.000000,
        "bw_mean" : 0.000000,
        "bw_dev" : 0.000000,
        "bw_samples" : 0,
        "iops_min" : 0,
        "iops_max" : 0,
        "iops_mean" : 0.000000,
        "iops_stddev" : 0.000000,
        "iops_samples" : 0
      },
      "write" : {
        "io_bytes" : 1054115840,
        "io_kbytes" : 1029410,
        "bw" : 34312,
        "iops" : 17156.261458,
        "runtime" : 30001,
        "total_ios" : 514705,
        "short_ios" : 0,
        "drop_ios" : 0,
        "slat_ns" : {
          "min" : 30627,
          "max" : 15744028,
          "mean" : 227059.277664,
          "stddev" : 249837.069966
        },
        "clat_ns" : {
          "min" : 3587,
          "max" : 20227178,
          "mean" : 1632093.043765,
          "stddev" : 913941.929726,
          "percentile" : {
            "1.000000" : 618496,
            "5.000000" : 716800,
            "10.000000" : 782336,
            "20.000000" : 864256,
            "30.000000" : 1003520,
            "40.000000" : 1253376,
            "50.000000" : 1515520,
            "60.000000" : 1662976,
            "70.000000" : 1843200,
            "80.000000" : 2146304,
            "90.000000" : 2736128,
            "95.000000" : 3325952,
            "99.000000" : 4816896,
            "99.500000" : 5603328,
            "99.900000" : 7766016,
            "99.950000" : 8716288,
            "99.990000" : 11468800,
            "0.00" : 0,
            "0.00" : 0,
            "0.00" : 0
          },
          "bins" : {
            "3600" : 1,
            "4048" : 1,
            "4128" : 1,
            "4384" : 1,
            "62720" : 1,
            "116224" : 1,
            "148480" : 1,
            "189440" : 1,
            "228352" : 1,
            "246784" : 1,
            "301056" : 1,
            "325632" : 1,
            "329728" : 1,
            "337920" : 1,
            "399360" : 1,
            "415744" : 1,
            "423936" : 1,
            "436224" : 2,
            "452608" : 2,
            "456704" : 2,
            "460800" : 4,
            "464896" : 3,
            "468992" : 4,
            "473088" : 9,
            "477184" : 7,
            "481280" : 16,
            "485376" : 15,
            "489472" : 21,
            "493568" : 12,
            "497664" : 17,
            "501760" : 22,
            "505856" : 34,
            "509952" : 35,
            "514048" : 38,
            "518144" : 47,
            "522240" : 40,
            "528384" : 139,
            "536576" : 194,
            "544768" : 247,
            "552960" : 257,
            "561152" : 346,
            "569344" : 395,
            "577536" : 478,
            "585728" : 531,
            "593920" : 618,
            "602112" : 684,
            "610304" : 753,
            "618496" : 899,
            "626688" : 996,
            "634880" : 1152,
            "643072" : 1197,
            "651264" : 1341,
            "659456" : 1401,
            "667648" : 1604,
            "675840" : 1700,
            "684032" : 1807,
            "692224" : 2050,
            "700416" : 2130,
            "708608" : 2338,
            "716800" : 2474,
            "724992" : 2724,
            "733184" : 2838,
            "741376" : 3181,
            "749568" : 3458,
            "757760" : 3700,
            "765952" : 4132,
            "774144" : 4439,
            "782336" : 4584,
            "790528" : 4824,
            "798720" : 5015,
            "806912" : 5239,
            "815104" : 5199,
            "823296" : 4986,
            "831488" : 5227,
            "839680" : 5017,
            "847872" : 4814,
            "856064" : 4663,
            "864256" : 4432,
            "872448" : 4276,
            "880640" : 4121,
            "888832" : 3780,
            "897024" : 3747,
            "905216" : 3569,
            "913408" : 3327,
            "921600" : 3258,
            "929792" : 3096,
            "937984" : 2831,
            "946176" : 2888,
            "954368" : 2671,
            "962560" : 2610,
            "970752" : 2577,
            "978944" : 2483,
            "987136" : 2329,
            "995328" : 2270,
            "1003520" : 2205,
            "1011712" : 2229,
            "1019904" : 2011,
            "1028096" : 2069,
            "1036288" : 2027,
            "1044480" : 1904,
            "1056768" : 3648,
            "1073152" : 3483,
            "1089536" : 3422,
            "1105920" : 3379,
            "1122304" : 3311,
            "1138688" : 3198,
            "1155072" : 3179,
            "1171456" : 3120,
            "1187840" : 3068,
            "1204224" : 3167,
            "1220608" : 3076,
            "1236992" : 3000,
            "1253376" : 3054,
            "1269760" : 3142,
            "1286144" : 2934,
            "1302528" : 3040,
            "1318912" : 2865,
            "1335296" : 2964,
            "1351680" : 2990,
            "1368064" : 2984,
            "1384448" : 2975,
            "1400832" : 2975,
            "1417216" : 3126,
            "1433600" : 3102,
            "1449984" : 3140,
            "1466368" : 3176,
            "1482752" : 3406,
            "1499136" : 3700,
            "1515520" : 3933,
            "1531904" : 4353,
            "1548288" : 4713,
            "1564672" : 5271,
            "1581056" : 5565,
            "1597440" : 5811,
            "1613824" : 6149,
            "1630208" : 6069,
            "1646592" : 5955,
            "1662976" : 5816,
            "1679360" : 5618,
            "1695744" : 5540,
            "1712128" : 5271,
            "1728512" : 5099,
            "1744896" : 5024,
            "1761280" : 4892,
            "1777664" : 4696,
            "1794048" : 4556,
            "1810432" : 4283,
            "1826816" : 4119,
            "1843200" : 3995,
            "1859584" : 3809,
            "1875968" : 3601,
            "1892352" : 3589,
            "1908736" : 3373,
            "1925120" : 3150,
            "1941504" : 3008,
            "1957888" : 2910,