{
  "fio version" : "fio-3.1",
  "timestamp" : 1574273591,
  "timestamp_ms" : 1574273591231,
  "time" : "Wed Nov 20 18:13:11 2019",
  "global options" : {
    "directory" : "data/fio_write/beegfs-write-64-gjwzm",
    "bs" : "1024",
    "fallocate" : "none",
    "runtime" : "30",
    "time_based" : "1",
    "ioengine" : "libaio",
    "iodepth" : "8",
    "direct" : "1",
    "buffered" : "0",
    "invalidate" : "1",
    "ramp_time" : "0",
    "thread" : "0",
    "group_reporting" : "1",
    "filesize" : "32g",
    "size" : "32g",
    "filename_format" : "$jobnum.dat"
  },
  "jobs" : [
    {
      "jobname" : "fio-job",
      "groupid" : 0,
      "error" : 0,
      "eta" : 0,
      "elapsed" : 31,
      "job options" : {
        "rw" : "write"
      },
      "read" : {
        "io_bytes" : 0,
        "io_kbytes" : 0,
        "bw" : 0,
        "iops" : 0.000000,
        "runtime" : 0,
        "total_ios" : 0,
        "short_ios" : 0,
        "drop_ios" : 0,
        "slat_ns" : {
          "min" : 0,
          "max" : 0,
          "mean" : 0.000000,
          "stddev" : 0.000000
        },
        "clat_ns" : {
          "min" : 0,
          "max" : 0,
          "mean" : 0.000000,
          "stddev" : 0.000000,
          "percentile" : {
            "1.000000" : 0,
            "5.000000" : 0,
            "10.000000" : 0,
            "20.000000" : 0,
            "30.000000" : 0,
            "40.000000" : 0,
            "50.000000" : 0,
            "60.000000" : 0,
            "70.000000" : 0,
            "80.000000" : 0,
            "90.000000" : 0,
            "95.000000" : 0,
            "99.000000" : 0,
            "99.500000" : 0,
            "99.900000" : 0,
            "99.950000" : 0,
            "99.990000" : 0,
            "0.00" : 0,
            "0.00" : 0,
            "0.00" : 0
          },
          "bins" : {

          }
        },
        "lat_ns" : {
          "min" : 0,
          "max" : 0,
          "mean" : 0.000000,
          "stddev" : 0.000000
        },
        "bw_min" : 0,
        "bw_max" : 0,
        "bw_agg" : 0.000000,
        "bw_mean" : 0.000000,
        "bw_dev" : 0.000000,
        "bw_samples" : 0,
        "iops_min" : 0,
        "iops_max" : 0,
        "iops_mean" : 0.000000,
        "iops_stddev" : 0.000000,
        "iops_samples" : 0
      },
      "write" : {
        "io_bytes" : 605361152,
        "io_kbytes" : 591173,
        "bw" : 19705,
        "iops" : 19705.109830,
        "runtime" : 30001,
        "total_ios" : 591173,
        "short_ios" : 0,
        "drop_ios" : 0,
        "slat_ns" : {
          "min" : 24054,
          "max" : 16819232,
          "mean" : 197470.310782,
          "stddev" : 138464.876070
        },
        "clat_ns" : {
          "min" : 4266,
          "max" : 34297630,
          "mean" : 1423295.750364,
          "stddev" : 445344.071128,
          "percentile" : {
            "1.000000" : 741376,
            "5.000000" : 913408,
            "10.000000" : 1003520,
            "20.000000" : 1122304,
            "30.000000" : 1220608,
            "40.000000" : 1302528,
            "50.000000" : 1368064,
            "60.000000" : 1466368,
            "70.000000" : 1564672,
            "80.000000" : 1695744,
            "90.000000" : 1875968,
            "95.000000" : 2056192,
            "99.000000" : 2506752,
            "99.500000" : 2703360,
            "99.900000" : 3620864,
            "99.950000" : 4751360,
            "99.990000" : 17170432,
            "0.00" : 0,
            "0.00" : 0,
            "0.00" : 0
          },
          "bins" : {
            "4256" : 1,
            "4704" : 1,
            "12096" : 1,
            "78336" : 1,
            "276480" : 1,
            "358400" : 3,
            "362496" : 1,
            "370688" : 3,
            "378880" : 3,
            "387072" : 1,
            "391168" : 4,
            "399360" : 2,
            "407552" : 2,
            "411648" : 2,
            "415744" : 1,
            "419840" : 1,
            "423936" : 2,
            "428032" : 4,
            "432128" : 3,
            "436224" : 11,
            "440320" : 7,
            "444416" : 6,
            "448512" : 4,
            "452608" : 7,
            "456704" : 11,
            "460800" : 11,
            "464896" : 14,
            "468992" : 21,
            "473088" : 12,
            "477184" : 16,
            "481280" : 12,
            "485376" : 21,
            "489472" : 19,
            "493568" : 15,
            "497664" : 23,
            "501760" : 22,
            "505856" : 29,
            "509952" : 22,
            "514048" : 29,
            "518144" : 27,
            "522240" : 34,
            "528384" : 59,
            "536576" : 80,
            "544768" : 77,
            "552960" : 65,
            "561152" : 77,
            "569344" : 101,
            "577536" : 92,
            "585728" : 98,
            "593920" : 136,
            "602112" : 136,
            "610304" : 141,
            "618496" : 143,
            "626688" : 183,
            "634880" : 178,
            "643072" : 207,
            "651264" : 216,
            "659456" : 216,
            "667648" : 242,
            "675840" : 239,
            "684032" : 285,
            "692224" : 305,
            "700416" : 329,
            "708608" : 328,
            "716800" : 351,
            "724992" : 397,
            "733184" : 462,
            "741376" : 501,
            "749568" : 502,
            "757760" : 568,
            "765952" : 634,
            "774144" : 630,
            "782336" : 707,
            "790528" : 746,
            "798720" : 765,
            "806912" : 886,
            "815104" : 952,
            "823296" : 1047,
            "831488" : 1162,
            "839680" : 1194,
            "847872" : 1256,
            "856064" : 1365,
            "864256" : 1453,
            "872448" : 1516,
            "880640" : 1593,
            "888832" : 1672,
            "897024" : 1884,
            "905216" : 1834,
            "913408" : 1885,
            "921600" : 2038,
            "929792" : 2186,
            "937984" : 2376,
            "946176" : 2416,
            "954368" : 2401,
            "962560" : 2606,
            "970752" : 2760,
            "978944" : 2942,
            "987136" : 3092,
            "995328" : 3222,
            "1003520" : 3407,
            "1011712" : 3341,
            "1019904" : 3423,
            "1028096" : 3455,
            "1036288" : 3710,
            "1044480" : 3721,
            "1056768" : 7861,
            "1073152" : 8433,
            "1089536" : 8869,
            "1105920" : 9443,
            "1122304" : 9561,
            "1138688" : 10315,
            "1155072" : 10676,
            "1171456" : 10940,
            "1187840" : 11198,
            "1204224" : 11329,
            "1220608" : 11686,
            "1236992" : 11814,
            "1253376" : 11948,
            "1269760" : 12125,
            "1286144" : 12173,
            "1302528" : 12189,
            "1318912" : 12132,
            "1335296" : 11999,
            "1351680" : 11912,
            "1368064" : 11697,
            "1384448" : 11707,
            "1400832" : 11609,
            "1417216" : 11360,
            "1433600" : 11005,
            "1449984" : 10728,
            "1466368" : 10520,
            "1482752" : 10176,
            "1499136" : 10040,
            "1515520" : 9720,
            "1531904" : 9646,
            "1548288" : 8927,
            "1564672" : 8674,
            "1581056" : 8350,
            "1597440" : 8172,
            "1613824" : 7845,
            "1630208" : 7665,
            "1646592" : 7330,
            "1662976" : 6909,
            "1679360" : 6637,
            "1695744" : 6278,
            "1712128" : 6193,
            "1728512" : 5963,
            "1744896" : 5558,
            "1761280" : 5131,
            "1777664" : 5028,
            "1794048" : 4908,
            "1810432" : 4548,
            "1826816" : 4473,
            "1843200" : 4080,
            "1859584" : 3869,