{
  "fio version" : "fio-3.1",
  "timestamp" : 1574273527,
  "timestamp_ms" : 1574273527987,
  "time" : "Wed Nov 20 18:12:07 2019",
  "global options" : {
    "directory" : "data/fio_write/beegfs-write-64-gjwzm",
    "bs" : "256",
    "fallocate" : "none",
    "runtime" : "30",
    "time_based" : "1",
    "ioengine" : "libaio",
    "iodepth" : "8",
    "direct" : "1",
    "buffered" : "0",
    "invalidate" : "1",
    "ramp_time" : "0",
    "thread" : "0",
    "group_reporting" : "1",
    "filesize" : "32g",
    "size" : "32g",
    "filename_format" : "$jobnum.dat"
  },
  "jobs" : [
    {
      "jobname" : "fio-job",
      "groupid" : 0,
      "error" : 0,
      "eta" : 0,
      "elapsed" : 31,
      "job options" : {
        "rw" : "write"
      },
      "read" : {
        "io_bytes" : 0,
        "io_kbytes" : 0,
        "bw" : 0,
        "iops" : 0.000000,
        "runtime" : 0,
        "total_ios" : 0,
        "short_ios" : 0,
        "drop_ios" : 0,
        "slat_ns" : {
          "min" : 0,
          "max" : 0,
          "mean" : 0.000000,
          "stddev" : 0.000000
        },
        "clat_ns" : {
          "min" : 0,
          "max" : 0,
          "mean" : 0.000000,
          "stddev" : 0.000000,
          "percentile" : {
            "1.000000" : 0,
            "5.000000" : 0,
            "10.000000" : 0,
            "20.000000" : 0,
            "30.000000" : 0,
            "40.000000" : 0,
            "50.000000" : 0,
            "60.000000" : 0,
            "70.000000" : 0,
            "80.000000" : 0,
            "90.000000" : 0,
            "95.000000" : 0,
            "99.000000" : 0,
            "99.500000" : 0,
            "99.900000" : 0,
            "99.950000" : 0,
            "99.990000" : 0,
            "0.00" : 0,
            "0.00" : 0,
            "0.00" : 0
          },
          "bins" : {

          }
        },
        "lat_ns" : {
          "min" : 0,
          "max" : 0,
          "mean" : 0.000000,
          "stddev" : 0.000000
        },
        "bw_min" : 0,
        "bw_max" : 0,
        "bw_agg" : 0.000000,
        "bw_mean" : 0.000000,
        "bw_dev" : 0.000000,
        "bw_samples" : 0,
        "iops_min" : 0,
        "iops_max" : 0,
        "iops_mean" : 0.000000,
        "iops_stddev" : 0.000000,
        "iops_samples" : 0
      },
      "write" : {
        "io_bytes" : 156065280,
        "io_kbytes" : 152407,
        "bw" : 5080,
        "iops" : 20320.322656,
        "runtime" : 30001,
        "total_ios" : 609630,
        "short_ios" : 0,
        "drop_ios" : 0,
        "slat_ns" : {
          "min" : 27938,
          "max" : 11087460,
          "mean" : 191427.407962,
          "stddev" : 115125.901348
        },
        "clat_ns" : {
          "min" : 2508,
          "max" : 12757547,
          "mean" : 1380245.399418,
          "stddev" : 351631.553463,
          "percentile" : {
            "1.000000" : 749568,
            "5.000000" : 905216,
            "10.000000" : 987136,
            "20.000000" : 1105920,
            "30.000000" : 1187840,
            "40.000000" : 1269760,
            "50.000000" : 1335296,
            "60.000000" : 1417216,
            "70.000000" : 1515520,
            "80.000000" : 1630208,
            "90.000000" : 1810432,
            "95.000000" : 1974272,
            "99.000000" : 2342912,
            "99.500000" : 2506752,
            "99.900000" : 3031040,
            "99.950000" : 3686400,
            "99.990000" : 7307264,
            "0.00" : 0,
            "0.00" : 0,
            "0.00" : 0
          },
          "bins" : {
            "2512" : 1,
            "3824" : 1,
            "3856" : 1,
            "4048" : 1,
            "60160" : 1,
            "110080" : 1,
            "121344" : 1,
            "138240" : 1,
            "160768" : 1,
            "220160" : 3,
            "234496" : 1,
            "288768" : 1,
            "321536" : 1,
            "329728" : 1,
            "362496" : 1,
            "403456" : 2,
            "407552" : 2,
            "411648" : 1,
            "415744" : 2,
            "419840" : 3,
            "423936" : 1,
            "428032" : 1,
            "432128" : 1,
            "436224" : 2,
            "440320" : 2,
            "444416" : 4,
            "448512" : 4,
            "452608" : 1,
            "456704" : 5,
            "460800" : 3,
            "464896" : 3,
            "468992" : 3,
            "473088" : 7,
            "477184" : 1,
            "481280" : 6,
            "485376" : 7,
            "489472" : 4,
            "493568" : 2,
            "497664" : 5,
            "501760" : 4,
            "505856" : 13,
            "509952" : 8,
            "514048" : 7,
            "518144" : 14,
            "522240" : 10,
            "528384" : 28,
            "536576" : 17,
            "544768" : 32,
            "552960" : 39,
            "561152" : 52,
            "569344" : 47,
            "577536" : 60,
            "585728" : 60,
            "593920" : 79,
            "602112" : 101,
            "610304" : 121,
            "618496" : 114,
            "626688" : 117,
            "634880" : 155,
            "643072" : 149,
            "651264" : 187,
            "659456" : 226,
            "667648" : 248,
            "675840" : 249,
            "684032" : 291,
            "692224" : 307,
            "700416" : 363,
            "708608" : 378,
            "716800" : 456,
            "724992" : 484,
            "733184" : 539,
            "741376" : 543,
            "749568" : 646,
            "757760" : 665,
            "765952" : 719,
            "774144" : 757,
            "782336" : 817,
            "790528" : 926,
            "798720" : 1004,
            "806912" : 1079,
            "815104" : 1157,
            "823296" : 1223,
            "831488" : 1284,
            "839680" : 1383,
            "847872" : 1544,
            "856064" : 1600,
            "864256" : 1702,
            "872448" : 1863,
            "880640" : 1910,
            "888832" : 2004,
            "897024" : 2125,
            "905216" : 2253,
            "913408" : 2271,
            "921600" : 2528,
            "929792" : 2549,
            "937984" : 2753,
            "946176" : 2734,
            "954368" : 3051,
            "962560" : 3076,
            "970752" : 3284,
            "978944" : 3388,
            "987136" : 3562,
            "995328" : 3747,
            "1003520" : 3918,
            "1011712" : 4163,
            "1019904" : 4017,
            "1028096" : 4230,
            "1036288" : 4156,
            "1044480" : 4371,
            "1056768" : 9199,
            "1073152" : 9592,
            "1089536" : 10379,
            "1105920" : 10849,
            "1122304" : 10876,
            "1138688" : 11446,
            "1155072" : 11920,
            "1171456" : 12301,
            "1187840" : 12557,
            "1204224" : 12627,
            "1220608" : 12861,
            "1236992" : 12972,
            "1253376" : 12923,
            "1269760" : 13278,
            "1286144" : 13264,
            "1302528" : 13418,
            "1318912" : 13156,
            "1335296" : 12857,
            "1351680" : 12881,
            "1368064" : 12536,
            "1384448" : 12343,
            "1400832" : 12007,
            "1417216" : 11826,
            "1433600" : 11599,
            "1449984" : 11324,
            "1466368" : 10871,
            "1482752" : 10445,
            "1499136" : 10167,
            "1515520" : 10118,
            "1531904" : 9435,
            "1548288" : 9095,
            "1564672" : 8664,
            "1581056" : 8173,
            "1597440" : 7970,
            "1613824" : 7587,
            "1630208" : 7234,
            "1646592" : 6858,
            "1662976" : 6488,
            "1679360" : 6203,
            "1695744" : 5856,
            "1712128" : 5652,
            "1728512" : 5345,
            "1744896" : 4953,
            "1761280" : 4715,
            "1777664" : 4533,
            "1794048" : 4371,
            "1810432" : 4080,