{
  "fio version" : "fio-3.1",
  "timestamp" : 1555531813,
  "timestamp_ms" : 1555531813948,
  "time" : "Wed Apr 17 20:10:13 2019",
  "global options" : {
    "fallocate" : "none",
    "runtime" : "30",
    "directory" : "/data/fio_write/beegfs-randwrite-64-5h4vq",
    "bs" : "2097152",
    "time_based" : "1",
    "ioengine" : "libaio",
    "iodepth" : "8",
    "direct" : "1",
    "buffered" : "0",
    "thread" : "0",
    "group_reporting" : "1",
    "filesize" : "32g",
    "size" : "32g",
    "filename_format" : "$jobnum.dat"
  },
  "jobs" : [
    {
      "jobname" : "fio-job",
      "groupid" : 0,
      "error" : 0,
      "eta" : 0,
      "elapsed" : 31,
      "job options" : {
        "rw" : "randwrite"
      },
      "read" : {
        "io_bytes" : 0,
        "io_kbytes" : 0,
        "bw" : 0,
        "iops" : 0.000000,
        "runtime" : 0,
        "total_ios" : 0,
        "short_ios" : 0,
        "drop_ios" : 0,
        "slat_ns" : {
          "min" : 0,
          "max" : 0,
          "mean" : 0.000000,
          "stddev" : 0.000000
        },
        "clat_ns" : {
          "min" : 0,
          "max" : 0,
          "mean" : 0.000000,
          "stddev" : 0.000000,
          "percentile" : {
            "1.000000" : 0,
            "5.000000" : 0,
            "10.000000" : 0,
            "20.000000" : 0,
            "30.000000" : 0,
            "40.000000" : 0,
            "50.000000" : 0,
            "60.000000" : 0,
            "70.000000" : 0,
            "80.000000" : 0,
            "90.000000" : 0,
            "95.000000" : 0,
            "99.000000" : 0,
            "99.500000" : 0,
            "99.900000" : 0,
            "99.950000" : 0,
            "99.990000" : 0,
            "0.00" : 0,
            "0.00" : 0,
            "0.00" : 0
          },
          "bins" : {

          }
        },
        "lat_ns" : {
          "min" : 0,
          "max" : 0,
          "mean" : 0.000000,
          "stddev" : 0.000000
        },
        "bw_min" : 0,
        "bw_max" : 0,
        "bw_agg" : 0.000000,
        "bw_mean" : 0.000000,
        "bw_dev" : 0.000000,
        "bw_samples" : 0,
        "iops_min" : 0,
        "iops_max" : 0,
        "iops_mean" : 0.000000,
        "iops_stddev" : 0.000000,
        "iops_samples" : 0
      },
      "write" : {
        "io_bytes" : 1505755136,
        "io_kbytes" : 1470464,
        "bw" : 48480,
        "iops" : 23.672151,
        "runtime" : 30331,
        "total_ios" : 718,
        "short_ios" : 0,
        "drop_ios" : 0,
        "slat_ns" : {
          "min" : 921796,
          "max" : 2426548453,
          "mean" : 168416685.759053,
          "stddev" : 302393901.305539
        },
        "clat_ns" : {
          "min" : 5218,
          "max" : 3976704464,
          "mean" : 1168554432.438719,
          "stddev" : 746288108.065898,
          "percentile" : {
            "1.000000" : 82313216,
            "5.000000" : 263192576,
            "10.000000" : 346030080,
            "20.000000" : 501219328,
            "30.000000" : 683671552,
            "40.000000" : 834666496,
            "50.000000" : 1052770304,
            "60.000000" : 1249902592,
            "70.000000" : 1434451968,
            "80.000000" : 1786773504,
            "90.000000" : 2197815296,
            "95.000000" : 2466250752,
            "99.000000" : 3539992576,
            "99.500000" : 3741319168,
            "99.900000" : 3976200192,
            "99.950000" : 3976200192,
            "99.990000" : 3976200192,
            "0.00" : 0,
            "0.00" : 0,
            "0.00" : 0
          },
          "bins" : {
            "5216" : 1,
            "5472" : 1,
            "6176" : 1,
            "6432" : 1,
            "54788096" : 1,
            "73924608" : 1,
            "74973184" : 1,
            "82313216" : 1,
            "84410368" : 1,
            "89653248" : 1,
            "115867648" : 1,
            "126353408" : 1,
            "135266304" : 2,
            "149946368" : 1,
            "168820736" : 1,
            "179306496" : 1,
            "183500800" : 1,
            "189792256" : 2,
            "204472320" : 1,
            "206569472" : 1,
            "219152384" : 1,
            "225443840" : 2,
            "227540992" : 1,
            "229638144" : 1,
            "233832448" : 1,
            "235929600" : 1,
            "240123904" : 1,
            "244318208" : 1,
            "246415360" : 2,
            "248512512" : 1,
            "258998272" : 1,
            "263192576" : 1,
            "265289728" : 4,
            "267386880" : 1,
            "270532608" : 2,
            "274726912" : 4,
            "278921216" : 2,
            "283115520" : 2,
            "287309824" : 2,
            "299892736" : 1,
            "304087040" : 3,
            "312475648" : 1,
            "316669952" : 1,
            "325058560" : 4,
            "329252864" : 1,
            "333447168" : 2,
            "337641472" : 1,
            "341835776" : 3,
            "346030080" : 2,
            "350224384" : 1,
            "354418688" : 3,
            "358612992" : 2,
            "362807296" : 2,
            "367001600" : 4,
            "371195904" : 4,
            "379584512" : 1,
            "396361728" : 1,
            "400556032" : 1,
            "404750336" : 1,
            "408944640" : 1,
            "413138944" : 3,
            "421527552" : 2,
            "425721856" : 1,
            "429916160" : 4,
            "434110464" : 2,
            "438304768" : 4,
            "442499072" : 2,
            "446693376" : 3,
            "450887680" : 3,
            "455081984" : 3,
            "467664896" : 4,
            "471859200" : 2,
            "476053504" : 6,
            "484442112" : 3,
            "488636416" : 3,
            "492830720" : 2,
            "497025024" : 3,
            "501219328" : 2,
            "505413632" : 1,
            "509607936" : 2,
            "513802240" : 5,
            "517996544" : 3,
            "522190848" : 4,
            "526385152" : 2,
            "530579456" : 3,
            "534773760" : 1,
            "541065216" : 4,
            "549453824" : 7,
            "557842432" : 3,
            "566231040" : 3,
            "574619648" : 2,
            "583008256" : 2,
            "591396864" : 2,
            "599785472" : 3,
            "608174080" : 1,
            "616562688" : 4,
            "633339904" : 3,
            "641728512" : 4,
            "650117120" : 3,
            "658505728" : 2,
            "666894336" : 2,
            "675282944" : 4,
            "683671552" : 5,
            "692060160" : 4,
            "700448768" : 4,
            "708837376" : 2,
            "717225984" : 2,
            "725614592" : 3,
            "734003200" : 4,
            "742391808" : 5,
            "750780416" : 9,
            "759169024" : 5,
            "767557632" : 8,
            "775946240" : 1,
            "784334848" : 2,
            "792723456" : 2,
            "801112064" : 6,
            "809500672" : 2,
            "817889280" : 3,
            "826277888" : 5,
            "834666496" : 5,
            "843055104" : 5,
            "851443712" : 8,
            "859832320" : 1,
            "868220928" : 5,
            "876609536" : 4,
            "884998144" : 2,
            "893386752" : 2,
            "901775360" : 5,
            "918552576" : 1,
            "926941184" : 2,
            "935329792" : 1,
            "952107008" : 7,
            "960495616" : 1,
            "968884224" : 1,
            "977272832" : 4,
            "985661440" : 1,
            "1010827264" : 5,
            "1019215872" : 3,
            "1027604480" : 1,
            "1035993088" : 4,
            "1044381696" : 2,
            "1052770304" : 2,
            "1061158912" : 3,
            "1069547520" : 6,
            "1082130432" : 4,
            "1098907648" : 5,
            "1115684864" : 10,
            "1132462080" : 3,
            "1149239296" : 8,
            "1166016512" : 8,
            "1182793728" : 2,