{
  "fio version" : "fio-3.1",
  "timestamp" : 1574273979,
  "timestamp_ms" : 1574273979665,
  "time" : "Wed Nov 20 18:19:39 2019",
  "global options" : {
    "directory" : "data/fio_write/beegfs-write-64-szggh",
    "bs" : "2097152",
    "fallocate" : "none",
    "runtime" : "30",
    "time_based" : "1",
    "ioengine" : "libaio",
    "iodepth" : "8",
    "direct" : "1",
    "buffered" : "0",
    "invalidate" : "1",
    "ramp_time" : "0",
    "thread" : "0",
    "group_reporting" : "1",
    "filesize" : "32g",
    "size" : "32g",
    "filename_format" : "$jobnum.dat"
  },
  "jobs" : [
    {
      "jobname" : "fio-job",
      "groupid" : 0,
      "error" : 0,
      "eta" : 0,
      "elapsed" : 31,
      "job options" : {
        "rw" : "write"
      },
      "read" : {
        "io_bytes" : 0,
        "io_kbytes" : 0,
        "bw" : 0,
        "iops" : 0.000000,
        "runtime" : 0,
        "total_ios" : 0,
        "short_ios" : 0,
        "drop_ios" : 0,
        "slat_ns" : {
          "min" : 0,
          "max" : 0,
          "mean" : 0.000000,
          "stddev" : 0.000000
        },
        "clat_ns" : {
          "min" : 0,
          "max" : 0,
          "mean" : 0.000000,
          "stddev" : 0.000000,
          "percentile" : {
            "1.000000" : 0,
            "5.000000" : 0,
            "10.000000" : 0,
            "20.000000" : 0,
            "30.000000" : 0,
            "40.000000" : 0,
            "50.000000" : 0,
            "60.000000" : 0,
            "70.000000" : 0,
            "80.000000" : 0,
            "90.000000" : 0,
            "95.000000" : 0,
            "99.000000" : 0,
            "99.500000" : 0,
            "99.900000" : 0,
            "99.950000" : 0,
            "99.990000" : 0,
            "0.00" : 0,
            "0.00" : 0,
            "0.00" : 0
          },
          "bins" : {

          }
        },
        "lat_ns" : {
          "min" : 0,
          "max" : 0,
          "mean" : 0.000000,
          "stddev" : 0.000000
        },
        "bw_min" : 0,
        "bw_max" : 0,
        "bw_agg" : 0.000000,
        "bw_mean" : 0.000000,
        "bw_dev" : 0.000000,
        "bw_samples" : 0,
        "iops_min" : 0,
        "iops_max" : 0,
        "iops_mean" : 0.000000,
        "iops_stddev" : 0.000000,
        "iops_samples" : 0
      },
      "write" : {
        "io_bytes" : 3284140032,
        "io_kbytes" : 3207168,
        "bw" : 106741,
        "iops" : 52.120083,
        "runtime" : 30046,
        "total_ios" : 1566,
        "short_ios" : 0,
        "drop_ios" : 0,
        "slat_ns" : {
          "min" : 3696865,
          "max" : 652660479,
          "mean" : 76639354.545977,
          "stddev" : 75106036.963477
        },
        "clat_ns" : {
          "min" : 6449,
          "max" : 1446639717,
          "mean" : 532091389.166667,
          "stddev" : 191540371.095009,
          "percentile" : {
            "1.000000" : 82313216,
            "5.000000" : 291504128,
            "10.000000" : 329252864,
            "20.000000" : 379584512,
            "30.000000" : 417333248,
            "40.000000" : 463470592,
            "50.000000" : 505413632,
            "60.000000" : 557842432,
            "70.000000" : 608174080,
            "80.000000" : 675282944,
            "90.000000" : 767557632,
            "95.000000" : 876609536,
            "99.000000" : 1098907648,
            "99.500000" : 1249902592,
            "99.900000" : 1451229184,
            "99.950000" : 1451229184,
            "99.990000" : 1451229184,
            "0.00" : 0,
            "0.00" : 0,
            "0.00" : 0
          },
          "bins" : {
            "6432" : 1,
            "6624" : 1,
            "11840" : 1,
            "16064" : 1,
            "14090240" : 1,
            "14614528" : 1,
            "14745600" : 1,
            "29491200" : 1,
            "39059456" : 1,
            "42729472" : 1,
            "43778048" : 1,
            "49020928" : 1,
            "49545216" : 1,
            "63700992" : 1,
            "77070336" : 1,
            "82313216" : 1,
            "96993280" : 1,
            "102236160" : 1,
            "105381888" : 1,
            "112721920" : 1,
            "120061952" : 1,
            "129499136" : 1,
            "135266304" : 2,
            "147849216" : 1,
            "158334976" : 1,
            "179306496" : 1,
            "189792256" : 1,
            "204472320" : 1,
            "206569472" : 2,
            "212860928" : 1,
            "219152384" : 1,
            "221249536" : 1,
            "223346688" : 1,
            "227540992" : 1,
            "229638144" : 1,
            "233832448" : 1,
            "235929600" : 3,
            "242221056" : 5,
            "244318208" : 3,
            "254803968" : 1,
            "256901120" : 1,
            "261095424" : 1,
            "263192576" : 3,
            "267386880" : 1,
            "270532608" : 7,
            "278921216" : 1,
            "283115520" : 8,
            "287309824" : 3,
            "291504128" : 7,
            "295698432" : 8,
            "299892736" : 5,
            "304087040" : 5,
            "308281344" : 6,
            "312475648" : 12,
            "316669952" : 10,
            "320864256" : 15,
            "325058560" : 10,
            "329252864" : 5,
            "333447168" : 11,
            "337641472" : 8,
            "341835776" : 12,
            "346030080" : 15,
            "350224384" : 14,
            "354418688" : 16,
            "358612992" : 12,
            "362807296" : 11,
            "367001600" : 25,
            "371195904" : 15,
            "375390208" : 13,
            "379584512" : 17,
            "383778816" : 22,
            "387973120" : 10,
            "392167424" : 21,
            "396361728" : 19,
            "400556032" : 16,
            "404750336" : 11,
            "408944640" : 14,
            "413138944" : 17,
            "417333248" : 15,
            "421527552" : 20,
            "425721856" : 9,
            "429916160" : 15,
            "434110464" : 16,
            "438304768" : 18,
            "442499072" : 19,
            "446693376" : 14,
            "450887680" : 18,
            "455081984" : 10,
            "459276288" : 15,
            "463470592" : 15,
            "467664896" : 9,
            "471859200" : 15,
            "476053504" : 12,
            "480247808" : 17,
            "484442112" : 18,
            "488636416" : 14,
            "492830720" : 18,
            "497025024" : 10,
            "501219328" : 18,
            "505413632" : 12,
            "509607936" : 11,
            "513802240" : 16,
            "517996544" : 23,
            "522190848" : 15,
            "526385152" : 15,
            "530579456" : 13,
            "534773760" : 8,
            "541065216" : 25,
            "549453824" : 27,
            "557842432" : 27,
            "566231040" : 27,
            "574619648" : 31,
            "583008256" : 20,
            "591396864" : 22,
            "599785472" : 14,
            "608174080" : 22,
            "616562688" : 24,
            "624951296" : 24,
            "633339904" : 10,
            "641728512" : 13,
            "650117120" : 20,
            "658505728" : 29,
            "666894336" : 25,
            "675282944" : 21,
            "683671552" : 20,
            "692060160" : 12,
            "700448768" : 16,
            "708837376" : 10,
            "717225984" : 7,
            "725614592" : 16,
            "734003200" : 20,
            "742391808" : 11,
            "750780416" : 7,
            "759169024" : 15,
            "767557632" : 11,
            "775946240" : 11,
            "784334848" : 12,
            "792723456" : 5,
            "801112064" : 8,
            "809500672" : 4,
            "817889280" : 5,
            "826277888" : 7,
            "834666496" : 2,
            "843055104" : 6,
            "851443712" : 6,
            "859832320" : 3,
            "868220928" : 7,
            "876609536" : 2,
            "884998144" : 3,