{
  "fio version" : "fio-3.1",
  "timestamp" : 1574248282,
  "timestamp_ms" : 1574248282351,
  "time" : "Wed Nov 20 11:11:22 2019",
  "global options" : {
    "directory" : "data/fio_write/beegfs-randwrite-64-khz77",
    "bs" : "524288",
    "fallocate" : "none",
    "runtime" : "30",
    "time_based" : "1",
    "ioengine" : "libaio",
    "iodepth" : "8",
    "direct" : "1",
    "buffered" : "0",
    "invalidate" : "1",
    "ramp_time" : "0",
    "thread" : "0",
    "group_reporting" : "1",
    "filesize" : "32g",
    "size" : "32g",
    "filename_format" : "$jobnum.dat"
  },
  "jobs" : [
    {
      "jobname" : "fio-job",
      "groupid" : 0,
      "error" : 0,
      "eta" : 0,
      "elapsed" : 33,
      "job options" : {
        "rw" : "randwrite"
      },
      "read" : {
        "io_bytes" : 0,
        "io_kbytes" : 0,
        "bw" : 0,
        "iops" : 0.000000,
        "runtime" : 0,
        "total_ios" : 0,
        "short_ios" : 0,
        "drop_ios" : 0,
        "slat_ns" : {
          "min" : 0,
          "max" : 0,
          "mean" : 0.000000,
          "stddev" : 0.000000
        },
        "clat_ns" : {
          "min" : 0,
          "max" : 0,
          "mean" : 0.000000,
          "stddev" : 0.000000,
          "percentile" : {
            "1.000000" : 0,
            "5.000000" : 0,
            "10.000000" : 0,
            "20.000000" : 0,
            "30.000000" : 0,
            "40.000000" : 0,
            "50.000000" : 0,
            "60.000000" : 0,
            "70.000000" : 0,
            "80.000000" : 0,
            "90.000000" : 0,
            "95.000000" : 0,
            "99.000000" : 0,
            "99.500000" : 0,
            "99.900000" : 0,
            "99.950000" : 0,
            "99.990000" : 0,
            "0.00" : 0,
            "0.00" : 0,
            "0.00" : 0
          },
          "bins" : {

          }
        },
        "lat_ns" : {
          "min" : 0,
          "max" : 0,
          "mean" : 0.000000,
          "stddev" : 0.000000
        },
        "bw_min" : 0,
        "bw_max" : 0,
        "bw_agg" : 0.000000,
        "bw_mean" : 0.000000,
        "bw_dev" : 0.000000,
        "bw_samples" : 0,
        "iops_min" : 0,
        "iops_max" : 0,
        "iops_mean" : 0.000000,
        "iops_stddev" : 0.000000,
        "iops_samples" : 0
      },
      "write" : {
        "io_bytes" : 83361792,
        "io_kbytes" : 81408,
        "bw" : 2506,
        "iops" : 4.895320,
        "runtime" : 32480,
        "total_ios" : 159,
        "short_ios" : 0,
        "drop_ios" : 0,
        "slat_ns" : {
          "min" : 944808,
          "max" : 3898812291,
          "mean" : 816465605.106918,
          "stddev" : 940404456.114402
        },
        "clat_ns" : {
          "min" : 4422,
          "max" : 9935777050,
          "mean" : 5615361843.000000,
          "stddev" : 2407826305.539760,
          "percentile" : {
            "1.000000" : 5216,
            "5.000000" : 1199570944,
            "10.000000" : 2365587456,
            "20.000000" : 3439329280,
            "30.000000" : 3976200192,
            "40.000000" : 5536481280,
            "50.000000" : 6006243328,
            "60.000000" : 6610223104,
            "70.000000" : 7147094016,
            "80.000000" : 7549747200,
            "90.000000" : 8657043456,
            "95.000000" : 9328132096,
            "99.000000" : 9999220736,
            "99.500000" : 9999220736,
            "99.900000" : 9999220736,
            "99.950000" : 9999220736,
            "99.990000" : 9999220736,
            "0.00" : 0,
            "0.00" : 0,
            "0.00" : 0
          },
          "bins" : {
            "4448" : 1,
            "5216" : 1,
            "9536" : 1,
            "643072" : 1,
            "960495616" : 1,
            "1115684864" : 1,
            "1182793728" : 1,
            "1199570944" : 3,
            "1568669696" : 1,
            "1887436800" : 1,
            "2197815296" : 3,
            "2365587456" : 1,
            "2399141888" : 2,
            "2432696320" : 2,
            "2466250752" : 1,
            "2566914048" : 1,
            "2667577344" : 1,
            "2801795072" : 2,
            "2835349504" : 2,
            "2969567232" : 1,
            "3405774848" : 3,
            "3439329280" : 2,
            "3472883712" : 1,
            "3539992576" : 1,
            "3607101440" : 3,
            "3640655872" : 1,
            "3741319168" : 1,
            "3808428032" : 1,
            "3875536896" : 1,
            "3909091328" : 5,
            "3976200192" : 1,
            "4009754624" : 1,
            "4043309056" : 4,
            "4395630592" : 1,
            "4664066048" : 1,
            "4731174912" : 2,
            "5200936960" : 1,
            "5268045824" : 1,
            "5335154688" : 1,
            "5402263552" : 1,
            "5469372416" : 2,
            "5536481280" : 1,
            "5603590144" : 1,
            "5670699008" : 3,
            "5737807872" : 4,
            "5804916736" : 2,
            "5872025600" : 1,
            "5939134464" : 2,
            "6006243328" : 4,
            "6073352192" : 5,
            "6207569920" : 3,
            "6274678784" : 2,
            "6341787648" : 2,
            "6476005376" : 1,
            "6543114240" : 1,
            "6610223104" : 1,
            "6677331968" : 1,
            "6744440832" : 2,
            "6811549696" : 2,
            "6945767424" : 1,
            "7012876288" : 3,
            "7079985152" : 1,
            "7147094016" : 6,
            "7214202880" : 3,
            "7281311744" : 6,
            "7348420608" : 4,
            "7482638336" : 2,
            "7549747200" : 1,
            "7616856064" : 1,
            "7818182656" : 1,
            "7885291520" : 1,
            "8153726976" : 2,
            "8220835840" : 1,
            "8287944704" : 3,
            "8355053568" : 2,
            "8422162432" : 3,
            "8556380160" : 1,
            "8657043456" : 4,
            "8791261184" : 2,
            "9059696640" : 2,
            "9328132096" : 1,
            "9462349824" : 4,
            "9596567552" : 1,
            "9999220736" : 2
          }
        },
        "lat_ns" : {
          "min" : 1120363624,
          "max" : 11011684558,
          "mean" : 6431828864.132074,
          "stddev" : 2442075149.952546
        },
        "bw_min" : 68,
        "bw_max" : 2056,
        "bw_agg" : 14.434247,
        "bw_mean" : 361.722222,
        "bw_dev" : 456.775583,
        "bw_samples" : 90,
        "iops_min" : 0,
        "iops_max" : 4,
        "iops_mean" : 0.377778,
        "iops_stddev" : 0.954914,
        "iops_samples" : 90
      },
      "trim" : {
        "io_bytes" : 0,
        "io_kbytes" : 0,
        "bw" : 0,
        "iops" : 0.000000,
        "runtime" : 0,
        "total_ios" : 0,
        "short_ios" : 0,
        "drop_ios" : 0,
        "slat_ns" : {
          "min" : 0,
          "max" : 0,
          "mean" : 0.000000,
          "stddev" : 0.000000
        },
        "clat_ns" : {
          "min" : 0,
          "max" : 0,
          "mean" : 0.000000,
          "stddev" : 0.000000,
          "percentile" : {
            "1.000000" : 0,
            "5.000000" : 0,
            "10.000000" : 0,
            "20.000000" : 0,
            "30.000000" : 0,
            "40.000000" : 0,
            "50.000000" : 0,
            "60.000000" : 0,
            "70.000000" : 0,
            "80.000000" : 0,
            "90.000000" : 0,
            "95.000000" : 0,
            "99.000000" : 0,
            "99.500000" : 0,
            "99.900000" : 0,
            "99.950000" : 0,
            "99.990000" : 0,
            "0.00" : 0,
            "0.00" : 0,
            "0.00" : 0
          },
          "bins" : {

          }
        },
        "lat_ns" : {
          "min" : 0,
          "max" : 0,
          "mean" : 0.000000,
          "stddev" : 0.000000
        },
        "bw_min" : 0,
        "bw_max" : 0,
        "bw_agg" : 0.000000,
        "bw_mean" : 0.000000,