{
  "fio version" : "fio-3.1",
  "timestamp" : 1555531328,
  "timestamp_ms" : 1555531328181,
  "time" : "Wed Apr 17 20:02:08 2019",
  "global options" : {
    "fallocate" : "none",
    "runtime" : "30",
    "directory" : "/data/fio_write/beegfs-write-64-ks29d",
    "bs" : "16777216",
    "time_based" : "1",
    "ioengine" : "libaio",
    "iodepth" : "8",
    "direct" : "1",
    "buffered" : "0",
    "thread" : "0",
    "group_reporting" : "1",
    "filesize" : "32g",
    "size" : "32g",
    "filename_format" : "$jobnum.dat"
  },
  "jobs" : [
    {
      "jobname" : "fio-job",
      "groupid" : 0,
      "error" : 0,
      "eta" : 0,
      "elapsed" : 31,
      "job options" : {
        "rw" : "write"
      },
      "read" : {
        "io_bytes" : 0,
        "io_kbytes" : 0,
        "bw" : 0,
        "iops" : 0.000000,
        "runtime" : 0,
        "total_ios" : 0,
        "short_ios" : 0,
        "drop_ios" : 0,
        "slat_ns" : {
          "min" : 0,
          "max" : 0,
          "mean" : 0.000000,
          "stddev" : 0.000000
        },
        "clat_ns" : {
          "min" : 0,
          "max" : 0,
          "mean" : 0.000000,
          "stddev" : 0.000000,
          "percentile" : {
            "1.000000" : 0,
            "5.000000" : 0,
            "10.000000" : 0,
            "20.000000" : 0,
            "30.000000" : 0,
            "40.000000" : 0,
            "50.000000" : 0,
            "60.000000" : 0,
            "70.000000" : 0,
            "80.000000" : 0,
            "90.000000" : 0,
            "95.000000" : 0,
            "99.000000" : 0,
            "99.500000" : 0,
            "99.900000" : 0,
            "99.950000" : 0,
            "99.990000" : 0,
            "0.00" : 0,
            "0.00" : 0,
            "0.00" : 0
          },
          "bins" : {

          }
        },
        "lat_ns" : {
          "min" : 0,
          "max" : 0,
          "mean" : 0.000000,
          "stddev" : 0.000000
        },
        "bw_min" : 0,
        "bw_max" : 0,
        "bw_agg" : 0.000000,
        "bw_mean" : 0.000000,
        "bw_dev" : 0.000000,
        "bw_samples" : 0,
        "iops_min" : 0,
        "iops_max" : 0,
        "iops_mean" : 0.000000,
        "iops_stddev" : 0.000000,
        "iops_samples" : 0
      },
      "write" : {
        "io_bytes" : 2365587456,
        "io_kbytes" : 2310144,
        "bw" : 75939,
        "iops" : 4.634956,
        "runtime" : 30421,
        "total_ios" : 141,
        "short_ios" : 0,
        "drop_ios" : 0,
        "slat_ns" : {
          "min" : 197113354,
          "max" : 2155385052,
          "mean" : 858894728.411348,
          "stddev" : 408829705.973238
        },
        "clat_ns" : {
          "min" : 7390,
          "max" : 9115338442,
          "mean" : 5380954625.446809,
          "stddev" : 1871663629.688463,
          "percentile" : {
            "1.000000" : 8096,
            "5.000000" : 935329792,
            "10.000000" : 2499805184,
            "20.000000" : 4462739456,
            "30.000000" : 5200936960,
            "40.000000" : 5603590144,
            "50.000000" : 5872025600,
            "60.000000" : 6073352192,
            "70.000000" : 6207569920,
            "80.000000" : 6610223104,
            "90.000000" : 6945767424,
            "95.000000" : 7683964928,
            "99.000000" : 8925478912,
            "99.500000" : 9059696640,
            "99.900000" : 9059696640,
            "99.950000" : 9059696640,
            "99.990000" : 9059696640,
            "0.00" : 0,
            "0.00" : 0,
            "0.00" : 0
          },
          "bins" : {
            "7392" : 1,
            "8096" : 1,
            "9152" : 1,
            "10688" : 1,
            "484442112" : 1,
            "901775360" : 1,
            "926941184" : 1,
            "935329792" : 1,
            "1132462080" : 1,
            "1551892480" : 1,
            "1769996288" : 1,
            "1853882368" : 1,
            "1954545664" : 1,
            "2055208960" : 1,
            "2499805184" : 2,
            "2667577344" : 1,
            "3036676096" : 1,
            "3372220416" : 1,
            "3472883712" : 1,
            "3607101440" : 1,
            "3808428032" : 1,
            "3841982464" : 1,
            "3942645760" : 1,
            "4244635648" : 1,
            "4395630592" : 2,
            "4462739456" : 2,
            "4664066048" : 3,
            "4731174912" : 1,
            "4798283776" : 1,
            "4865392640" : 1,
            "4932501504" : 1,
            "4999610368" : 3,
            "5066719232" : 1,
            "5133828096" : 1,
            "5200936960" : 2,
            "5268045824" : 1,
            "5335154688" : 1,
            "5402263552" : 3,
            "5469372416" : 5,
            "5536481280" : 2,
            "5603590144" : 2,
            "5670699008" : 4,
            "5737807872" : 6,
            "5804916736" : 3,
            "5872025600" : 4,
            "5939134464" : 4,
            "6006243328" : 2,
            "6073352192" : 7,
            "6140461056" : 5,
            "6207569920" : 8,
            "6274678784" : 4,
            "6341787648" : 3,
            "6408896512" : 3,
            "6476005376" : 2,
            "6610223104" : 2,
            "6677331968" : 6,
            "6744440832" : 3,
            "6811549696" : 1,
            "6945767424" : 3,
            "7012876288" : 1,
            "7079985152" : 2,
            "7214202880" : 1,
            "7415529472" : 1,
            "7549747200" : 1,
            "7683964928" : 1,
            "7952400384" : 1,
            "8422162432" : 1,
            "8556380160" : 3,
            "8925478912" : 1,
            "9059696640" : 1
          }
        },
        "lat_ns" : {
          "min" : 483853029,
          "max" : 9888185794,
          "mean" : 6239852164.815603,
          "stddev" : 1908211370.797626
        },
        "bw_min" : 32702,
        "bw_max" : 65536,
        "bw_agg" : 44.173404,
        "bw_mean" : 33544.841121,
        "bw_dev" : 4441.900087,
        "bw_samples" : 107,
        "iops_min" : 1,
        "iops_max" : 4,
        "iops_mean" : 2.028037,
        "iops_stddev" : 0.290021,
        "iops_samples" : 107
      },
      "trim" : {
        "io_bytes" : 0,
        "io_kbytes" : 0,
        "bw" : 0,
        "iops" : 0.000000,
        "runtime" : 0,
        "total_ios" : 0,
        "short_ios" : 0,
        "drop_ios" : 0,
        "slat_ns" : {
          "min" : 0,
          "max" : 0,
          "mean" : 0.000000,
          "stddev" : 0.000000
        },
        "clat_ns" : {
          "min" : 0,
          "max" : 0,
          "mean" : 0.000000,
          "stddev" : 0.000000,
          "percentile" : {
            "1.000000" : 0,
            "5.000000" : 0,
            "10.000000" : 0,
            "20.000000" : 0,
            "30.000000" : 0,
            "40.000000" : 0,
            "50.000000" : 0,
            "60.000000" : 0,
            "70.000000" : 0,
            "80.000000" : 0,
            "90.000000" : 0,
            "95.000000" : 0,
            "99.000000" : 0,
            "99.500000" : 0,
            "99.900000" : 0,
            "99.950000" : 0,
            "99.990000" : 0,
            "0.00" : 0,
            "0.00" : 0,
            "0.00" : 0
          },
          "bins" : {

          }
        },
        "lat_ns" : {
          "min" : 0,
          "max" : 0,
          "mean" : 0.000000,
          "stddev" : 0.000000
        },
        "bw_min" : 0,
        "bw_max" : 0,
        "bw_agg" : 0.000000,
        "bw_mean" : 0.000000,
        "bw_dev" : 0.000000,
        "bw_samples" : 0,
        "iops_min" : 0,
        "iops_max" : 0,
        "iops_mean" : 0.000000,
        "iops_stddev" : 0.000000,
        "iops_samples" : 0
      },
      "usr_cpu" : 0.165702,
      "sys_cpu" : 2.616610,
      "ctx" : 77484,
      "majf" : 0,
      "minf" : 456,
      "iodepth_level" : {
        "1" : 2.836879,
        "2" : 5.673759,
        "4" : 11.347518,
        "8" : 80.141844,