{
  "fio version" : "fio-3.1",
  "timestamp" : 1555517827,
  "timestamp_ms" : 1555517827158,
  "time" : "Wed Apr 17 16:17:07 2019",
  "global options" : {
    "fallocate" : "none",
    "runtime" : "30",
    "directory" : "/data/fio_write/beegfs-write-64-hn6wq",
    "bs" : "8388608",
    "time_based" : "1",
    "ioengine" : "libaio",
    "iodepth" : "8",
    "direct" : "1",
    "buffered" : "0",
    "thread" : "0",
    "group_reporting" : "1",
    "filesize" : "32g",
    "size" : "32g",
    "filename_format" : "$jobnum.dat"
  },
  "jobs" : [
    {
      "jobname" : "fio-job",
      "groupid" : 0,
      "error" : 0,
      "eta" : 0,
      "elapsed" : 31,
      "job options" : {
        "rw" : "write"
      },
      "read" : {
        "io_bytes" : 0,
        "io_kbytes" : 0,
        "bw" : 0,
        "iops" : 0.000000,
        "runtime" : 0,
        "total_ios" : 0,
        "short_ios" : 0,
        "drop_ios" : 0,
        "slat_ns" : {
          "min" : 0,
          "max" : 0,
          "mean" : 0.000000,
          "stddev" : 0.000000
        },
        "clat_ns" : {
          "min" : 0,
          "max" : 0,
          "mean" : 0.000000,
          "stddev" : 0.000000,
          "percentile" : {
            "1.000000" : 0,
            "5.000000" : 0,
            "10.000000" : 0,
            "20.000000" : 0,
            "30.000000" : 0,
            "40.000000" : 0,
            "50.000000" : 0,
            "60.000000" : 0,
            "70.000000" : 0,
            "80.000000" : 0,
            "90.000000" : 0,
            "95.000000" : 0,
            "99.000000" : 0,
            "99.500000" : 0,
            "99.900000" : 0,
            "99.950000" : 0,
            "99.990000" : 0,
            "0.00" : 0,
            "0.00" : 0,
            "0.00" : 0
          },
          "bins" : {

          }
        },
        "lat_ns" : {
          "min" : 0,
          "max" : 0,
          "mean" : 0.000000,
          "stddev" : 0.000000
        },
        "bw_min" : 0,
        "bw_max" : 0,
        "bw_agg" : 0.000000,
        "bw_mean" : 0.000000,
        "bw_dev" : 0.000000,
        "bw_samples" : 0,
        "iops_min" : 0,
        "iops_max" : 0,
        "iops_mean" : 0.000000,
        "iops_stddev" : 0.000000,
        "iops_samples" : 0
      },
      "write" : {
        "io_bytes" : 2592079872,
        "io_kbytes" : 2531328,
        "bw" : 83943,
        "iops" : 10.247057,
        "runtime" : 30155,
        "total_ios" : 309,
        "short_ios" : 0,
        "drop_ios" : 0,
        "slat_ns" : {
          "min" : 189618529,
          "max" : 853884707,
          "mean" : 389419432.919094,
          "stddev" : 72867537.099460
        },
        "clat_ns" : {
          "min" : 10386,
          "max" : 3277907980,
          "mean" : 2605083508.776699,
          "stddev" : 554431640.519374,
          "percentile" : {
            "1.000000" : 22656,
            "5.000000" : 1069547520,
            "10.000000" : 2533359616,
            "20.000000" : 2600468480,
            "30.000000" : 2667577344,
            "40.000000" : 2667577344,
            "50.000000" : 2734686208,
            "60.000000" : 2768240640,
            "70.000000" : 2801795072,
            "80.000000" : 2835349504,
            "90.000000" : 2936012800,
            "95.000000" : 3036676096,
            "99.000000" : 3137339392,
            "99.500000" : 3204448256,
            "99.900000" : 3271557120,
            "99.950000" : 3271557120,
            "99.990000" : 3271557120,
            "0.00" : 0,
            "0.00" : 0,
            "0.00" : 0
          },
          "bins" : {
            "10432" : 1,
            "16320" : 1,
            "16512" : 1,
            "22656" : 1,
            "248512512" : 1,
            "291504128" : 1,
            "371195904" : 1,
            "396361728" : 1,
            "513802240" : 1,
            "574619648" : 1,
            "650117120" : 1,
            "734003200" : 1,
            "775946240" : 1,
            "843055104" : 1,
            "977272832" : 1,
            "1069547520" : 1,
            "1317011456" : 1,
            "1333788672" : 1,
            "1535115264" : 1,
            "1602224128" : 1,
            "1719664640" : 1,
            "1904214016" : 2,
            "2139095040" : 1,
            "2231369728" : 1,
            "2264924160" : 2,
            "2499805184" : 2,
            "2533359616" : 3,
            "2566914048" : 9,
            "2600468480" : 23,
            "2634022912" : 26,
            "2667577344" : 36,
            "2701131776" : 26,
            "2734686208" : 32,
            "2768240640" : 30,
            "2801795072" : 19,
            "2835349504" : 20,
            "2868903936" : 13,
            "2902458368" : 10,
            "2936012800" : 7,
            "2969567232" : 6,
            "3003121664" : 3,
            "3036676096" : 4,
            "3070230528" : 5,
            "3103784960" : 2,
            "3137339392" : 3,
            "3204448256" : 2,
            "3271557120" : 1
          }
        },
        "lat_ns" : {
          "min" : 248428376,
          "max" : 3686500603,
          "mean" : 2994507569.640776,
          "stddev" : 564371569.532778
        },
        "bw_min" : 16253,
        "bw_max" : 33368,
        "bw_agg" : 25.081426,
        "bw_mean" : 21054.101382,
        "bw_dev" : 7385.931050,
        "bw_samples" : 217,
        "iops_min" : 1,
        "iops_max" : 4,
        "iops_mean" : 2.428571,
        "iops_stddev" : 0.920806,
        "iops_samples" : 217
      },
      "trim" : {
        "io_bytes" : 0,
        "io_kbytes" : 0,
        "bw" : 0,
        "iops" : 0.000000,
        "runtime" : 0,
        "total_ios" : 0,
        "short_ios" : 0,
        "drop_ios" : 0,
        "slat_ns" : {
          "min" : 0,
          "max" : 0,
          "mean" : 0.000000,
          "stddev" : 0.000000
        },
        "clat_ns" : {
          "min" : 0,
          "max" : 0,
          "mean" : 0.000000,
          "stddev" : 0.000000,
          "percentile" : {
            "1.000000" : 0,
            "5.000000" : 0,
            "10.000000" : 0,
            "20.000000" : 0,
            "30.000000" : 0,
            "40.000000" : 0,
            "50.000000" : 0,
            "60.000000" : 0,
            "70.000000" : 0,
            "80.000000" : 0,
            "90.000000" : 0,
            "95.000000" : 0,
            "99.000000" : 0,
            "99.500000" : 0,
            "99.900000" : 0,
            "99.950000" : 0,
            "99.990000" : 0,
            "0.00" : 0,
            "0.00" : 0,
            "0.00" : 0
          },
          "bins" : {

          }
        },
        "lat_ns" : {
          "min" : 0,
          "max" : 0,
          "mean" : 0.000000,
          "stddev" : 0.000000
        },
        "bw_min" : 0,
        "bw_max" : 0,
        "bw_agg" : 0.000000,
        "bw_mean" : 0.000000,
        "bw_dev" : 0.000000,
        "bw_samples" : 0,
        "iops_min" : 0,
        "iops_max" : 0,
        "iops_mean" : 0.000000,
        "iops_stddev" : 0.000000,
        "iops_samples" : 0
      },
      "usr_cpu" : 0.211808,
      "sys_cpu" : 1.966077,
      "ctx" : 318419,
      "majf" : 0,
      "minf" : 41,
      "iodepth_level" : {
        "1" : 1.294498,
        "2" : 2.588997,
        "4" : 5.177994,
        "8" : 90.938511,
        "16" : 0.000000,
        "32" : 0.000000,
        ">=64" : 0.000000
      },
      "latency_ns" : {
        "2" : 0.000000,
        "4" : 0.000000,
        "10" : 0.000000,
        "20" : 0.000000,
        "50" : 0.000000,
        "100" : 0.000000,
        "250" : 0.000000,
        "500" : 0.000000,
        "750" : 0.000000,
        "1000" : 0.000000
      },
      "latency_us" : {
        "2" : 0.000000,
        "4" : 0.000000,
        "10" : 0.000000,
        "20" : 0.970874,
        "50" : 0.323625,
        "100" : 0.000000,
        "250" : 0.000000,
        "500" : 0.000000,
        "750" : 0.000000,
        "1000" : 0.000000
      },
      "latency_ms" : {
        "2" : 0.000000,