{
  "fio version" : "fio-3.1",
  "timestamp" : 1556020289,
  "timestamp_ms" : 1556020289710,
  "time" : "Tue Apr 23 12:51:29 2019",
  "global options" : {
    "fallocate" : "none",
    "runtime" : "30",
    "directory" : "/data/fio_write/beegfs-randwrite-64-client-26896-9",
    "bs" : "512",
    "time_based" : "1",
    "ioengine" : "libaio",
    "iodepth" : "8",
    "direct" : "1",
    "buffered" : "0",
    "thread" : "0",
    "group_reporting" : "1",
    "filesize" : "32g",
    "size" : "32g",
    "filename_format" : "$jobnum.dat"
  },
  "jobs" : [
    {
      "jobname" : "fio-job",
      "groupid" : 0,
      "error" : 0,
      "eta" : 0,
      "elapsed" : 31,
      "job options" : {
        "rw" : "randwrite"
      },
      "read" : {
        "io_bytes" : 0,
        "io_kbytes" : 0,
        "bw" : 0,
        "iops" : 0.000000,
        "runtime" : 0,
        "total_ios" : 0,
        "short_ios" : 0,
        "drop_ios" : 0,
        "slat_ns" : {
          "min" : 0,
          "max" : 0,
          "mean" : 0.000000,
          "stddev" : 0.000000
        },
        "clat_ns" : {
          "min" : 0,
          "max" : 0,
          "mean" : 0.000000,
          "stddev" : 0.000000,
          "percentile" : {
            "1.000000" : 0,
            "5.000000" : 0,
            "10.000000" : 0,
            "20.000000" : 0,
            "30.000000" : 0,
            "40.000000" : 0,
            "50.000000" : 0,
            "60.000000" : 0,
            "70.000000" : 0,
            "80.000000" : 0,
            "90.000000" : 0,
            "95.000000" : 0,
            "99.000000" : 0,
            "99.500000" : 0,
            "99.900000" : 0,
            "99.950000" : 0,
            "99.990000" : 0,
            "0.00" : 0,
            "0.00" : 0,
            "0.00" : 0
          },
          "bins" : {

          }
        },
        "lat_ns" : {
          "min" : 0,
          "max" : 0,
          "mean" : 0.000000,
          "stddev" : 0.000000
        },
        "bw_min" : 0,
        "bw_max" : 0,
        "bw_agg" : 0.000000,
        "bw_mean" : 0.000000,
        "bw_dev" : 0.000000,
        "bw_samples" : 0,
        "iops_min" : 0,
        "iops_max" : 0,
        "iops_mean" : 0.000000,
        "iops_stddev" : 0.000000,
        "iops_samples" : 0
      },
      "write" : {
        "io_bytes" : 13819904,
        "io_kbytes" : 13496,
        "bw" : 449,
        "iops" : 899.613385,
        "runtime" : 30004,
        "total_ios" : 26992,
        "short_ios" : 0,
        "drop_ios" : 0,
        "slat_ns" : {
          "min" : 15334,
          "max" : 135359577,
          "mean" : 4439899.202171,
          "stddev" : 8470171.691742
        },
        "clat_ns" : {
          "min" : 285986,
          "max" : 194011668,
          "mean" : 31113361.787641,
          "stddev" : 24181449.876051,
          "percentile" : {
            "1.000000" : 5603328,
            "5.000000" : 7962624,
            "10.000000" : 10027008,
            "20.000000" : 13303808,
            "30.000000" : 15794176,
            "40.000000" : 17956864,
            "50.000000" : 21626880,
            "60.000000" : 28180480,
            "70.000000" : 35913728,
            "80.000000" : 47448064,
            "90.000000" : 65798144,
            "95.000000" : 80216064,
            "99.000000" : 113770496,
            "99.500000" : 128450560,
            "99.900000" : 158334976,
            "99.950000" : 164626432,
            "99.990000" : 181403648,
            "0.00" : 0,
            "0.00" : 0,
            "0.00" : 0
          },
          "bins" : {
            "284672" : 1,
            "460800" : 1,
            "514048" : 1,
            "1679360" : 1,
            "1712128" : 1,
            "2113536" : 1,
            "2310144" : 1,
            "2539520" : 1,
            "2768896" : 1,
            "2932736" : 1,
            "2965504" : 1,
            "2998272" : 1,
            "3031040" : 1,
            "3129344" : 1,
            "3489792" : 1,
            "3522560" : 1,
            "3620864" : 1,
            "3653632" : 1,
            "3686400" : 1,
            "3719168" : 1,
            "3751936" : 1,
            "3817472" : 2,
            "3915776" : 3,
            "3981312" : 2,
            "4014080" : 4,
            "4046848" : 3,
            "4079616" : 2,
            "4112384" : 1,
            "4145152" : 1,
            "4177920" : 2,
            "4227072" : 7,
            "4292608" : 5,
            "4358144" : 8,
            "4423680" : 3,
            "4489216" : 6,
            "4554752" : 3,
            "4620288" : 2,
            "4685824" : 2,
            "4751360" : 8,
            "4816896" : 11,
            "4882432" : 8,
            "4947968" : 10,
            "5013504" : 18,
            "5079040" : 11,
            "5144576" : 16,
            "5210112" : 17,
            "5275648" : 13,
            "5341184" : 12,
            "5406720" : 12,
            "5472256" : 19,
            "5537792" : 24,
            "5603328" : 27,
            "5668864" : 23,
            "5734400" : 29,
            "5799936" : 35,
            "5865472" : 17,
            "5931008" : 35,
            "5996544" : 27,
            "6062080" : 26,
            "6127616" : 32,
            "6193152" : 25,
            "6258688" : 18,
            "6324224" : 18,
            "6389760" : 28,
            "6455296" : 31,
            "6520832" : 26,
            "6586368" : 25,
            "6651904" : 24,
            "6717440" : 29,
            "6782976" : 32,
            "6848512" : 31,
            "6914048" : 29,
            "6979584" : 38,
            "7045120" : 29,
            "7110656" : 32,
            "7176192" : 36,
            "7241728" : 37,
            "7307264" : 39,
            "7372800" : 32,
            "7438336" : 29,
            "7503872" : 44,
            "7569408" : 35,
            "7634944" : 34,
            "7700480" : 35,
            "7766016" : 42,
            "7831552" : 26,
            "7897088" : 35,
            "7962624" : 34,
            "8028160" : 39,
            "8093696" : 39,
            "8159232" : 34,
            "8224768" : 33,
            "8290304" : 42,
            "8355840" : 36,
            "8454144" : 75,
            "8585216" : 102,
            "8716288" : 81,
            "8847360" : 95,
            "8978432" : 81,
            "9109504" : 99,
            "9240576" : 80,
            "9371648" : 89,
            "9502720" : 92,
            "9633792" : 103,
            "9764864" : 106,
            "9895936" : 93,
            "10027008" : 92,
            "10158080" : 88,
            "10289152" : 77,
            "10420224" : 110,
            "10551296" : 78,
            "10682368" : 96,
            "10813440" : 100,
            "10944512" : 116,
            "11075584" : 107,
            "11206656" : 108,
            "11337728" : 93,
            "11468800" : 83,
            "11599872" : 91,
            "11730944" : 122,
            "11862016" : 113,
            "11993088" : 101,
            "12124160" : 123,
            "12255232" : 107,
            "12386304" : 108,
            "12517376" : 116,
            "12648448" : 127,
            "12779520" : 133,
            "12910592" : 138,
            "13041664" : 106,
            "13172736" : 126,
            "13303808" : 133,
            "13434880" : 132,
            "13565952" : 126,
            "13697024" : 132,
            "13828096" : 120,
            "13959168" : 141,
            "14090240" : 147,
            "14221312" : 134,
            "14352384" : 116,
            "14483456" : 130,
            "14614528" : 162,
            "14745600" : 146,
            "14876672" : 144,
            "15007744" : 142,
            "15138816" : 147,
            "15269888" : 194,
            "15400960" : 168,
            "15532032" : 156,
            "15663104" : 157,
            "15794176" : 172,
            "15925248" : 166,
            "16056320" : 183,
            "16187392" : 159,
            "16318464" : 196,
            "16449536" : 189,