{
  "fio version" : "fio-3.1",
  "timestamp" : 1555531482,
  "timestamp_ms" : 1555531482254,
  "time" : "Wed Apr 17 20:04:42 2019",
  "global options" : {
    "fallocate" : "none",
    "runtime" : "30",
    "directory" : "/data/fio_write/beegfs-randwrite-64-zjspd",
    "bs" : "2048",
    "time_based" : "1",
    "ioengine" : "libaio",
    "iodepth" : "8",
    "direct" : "1",
    "buffered" : "0",
    "thread" : "0",
    "group_reporting" : "1",
    "filesize" : "32g",
    "size" : "32g",
    "filename_format" : "$jobnum.dat"
  },
  "jobs" : [
    {
      "jobname" : "fio-job",
      "groupid" : 0,
      "error" : 0,
      "eta" : 0,
      "elapsed" : 31,
      "job options" : {
        "rw" : "randwrite"
      },
      "read" : {
        "io_bytes" : 0,
        "io_kbytes" : 0,
        "bw" : 0,
        "iops" : 0.000000,
        "runtime" : 0,
        "total_ios" : 0,
        "short_ios" : 0,
        "drop_ios" : 0,
        "slat_ns" : {
          "min" : 0,
          "max" : 0,
          "mean" : 0.000000,
          "stddev" : 0.000000
        },
        "clat_ns" : {
          "min" : 0,
          "max" : 0,
          "mean" : 0.000000,
          "stddev" : 0.000000,
          "percentile" : {
            "1.000000" : 0,
            "5.000000" : 0,
            "10.000000" : 0,
            "20.000000" : 0,
            "30.000000" : 0,
            "40.000000" : 0,
            "50.000000" : 0,
            "60.000000" : 0,
            "70.000000" : 0,
            "80.000000" : 0,
            "90.000000" : 0,
            "95.000000" : 0,
            "99.000000" : 0,
            "99.500000" : 0,
            "99.900000" : 0,
            "99.950000" : 0,
            "99.990000" : 0,
            "0.00" : 0,
            "0.00" : 0,
            "0.00" : 0
          },
          "bins" : {

          }
        },
        "lat_ns" : {
          "min" : 0,
          "max" : 0,
          "mean" : 0.000000,
          "stddev" : 0.000000
        },
        "bw_min" : 0,
        "bw_max" : 0,
        "bw_agg" : 0.000000,
        "bw_mean" : 0.000000,
        "bw_dev" : 0.000000,
        "bw_samples" : 0,
        "iops_min" : 0,
        "iops_max" : 0,
        "iops_mean" : 0.000000,
        "iops_stddev" : 0.000000,
        "iops_samples" : 0
      },
      "write" : {
        "io_bytes" : 103540736,
        "io_kbytes" : 101114,
        "bw" : 3370,
        "iops" : 1685.120992,
        "runtime" : 30002,
        "total_ios" : 50557,
        "short_ios" : 0,
        "drop_ios" : 0,
        "slat_ns" : {
          "min" : 91741,
          "max" : 162806031,
          "mean" : 2365690.674130,
          "stddev" : 5882471.375703
        },
        "clat_ns" : {
          "min" : 2220,
          "max" : 192248089,
          "mean" : 16555395.773088,
          "stddev" : 15634316.168069,
          "percentile" : {
            "1.000000" : 1548288,
            "5.000000" : 2572288,
            "10.000000" : 3457024,
            "20.000000" : 5013504,
            "30.000000" : 6717440,
            "40.000000" : 8847360,
            "50.000000" : 11337728,
            "60.000000" : 14614528,
            "70.000000" : 19005440,
            "80.000000" : 25559040,
            "90.000000" : 36962304,
            "95.000000" : 47448064,
            "99.000000" : 73924608,
            "99.500000" : 86507520,
            "99.900000" : 112721920,
            "99.950000" : 131596288,
            "99.990000" : 177209344,
            "0.00" : 0,
            "0.00" : 0,
            "0.00" : 0
          },
          "bins" : {
            "2224" : 1,
            "2704" : 1,
            "3248" : 1,
            "12992" : 1,
            "1204224" : 1,
            "1220608" : 2,
            "1236992" : 5,
            "1253376" : 8,
            "1269760" : 12,
            "1286144" : 23,
            "1302528" : 25,
            "1318912" : 27,
            "1335296" : 21,
            "1351680" : 28,
            "1368064" : 27,
            "1384448" : 27,
            "1400832" : 37,
            "1417216" : 37,
            "1433600" : 31,
            "1449984" : 24,
            "1466368" : 27,
            "1482752" : 28,
            "1499136" : 31,
            "1515520" : 28,
            "1531904" : 31,
            "1548288" : 23,
            "1564672" : 27,
            "1581056" : 32,
            "1597440" : 23,
            "1613824" : 26,
            "1630208" : 31,
            "1646592" : 30,
            "1662976" : 27,
            "1679360" : 33,
            "1695744" : 25,
            "1712128" : 25,
            "1728512" : 26,
            "1744896" : 29,
            "1761280" : 21,
            "1777664" : 29,
            "1794048" : 29,
            "1810432" : 29,
            "1826816" : 25,
            "1843200" : 27,
            "1859584" : 27,
            "1875968" : 27,
            "1892352" : 41,
            "1908736" : 35,
            "1925120" : 33,
            "1941504" : 27,
            "1957888" : 21,
            "1974272" : 30,
            "1990656" : 28,
            "2007040" : 36,
            "2023424" : 24,
            "2039808" : 35,
            "2056192" : 31,
            "2072576" : 26,
            "2088960" : 27,
            "2113536" : 46,
            "2146304" : 55,
            "2179072" : 63,
            "2211840" : 57,
            "2244608" : 72,
            "2277376" : 69,
            "2310144" : 80,
            "2342912" : 70,
            "2375680" : 69,
            "2408448" : 82,
            "2441216" : 77,
            "2473984" : 93,
            "2506752" : 82,
            "2539520" : 83,
            "2572288" : 81,
            "2605056" : 109,
            "2637824" : 75,
            "2670592" : 94,
            "2703360" : 85,
            "2736128" : 80,
            "2768896" : 89,
            "2801664" : 82,
            "2834432" : 89,
            "2867200" : 78,
            "2899968" : 87,
            "2932736" : 102,
            "2965504" : 89,
            "2998272" : 94,
            "3031040" : 79,
            "3063808" : 96,
            "3096576" : 119,
            "3129344" : 99,
            "3162112" : 105,
            "3194880" : 101,
            "3227648" : 98,
            "3260416" : 109,
            "3293184" : 104,
            "3325952" : 111,
            "3358720" : 94,
            "3391488" : 76,
            "3424256" : 104,
            "3457024" : 90,
            "3489792" : 91,
            "3522560" : 104,
            "3555328" : 107,
            "3588096" : 114,
            "3620864" : 82,
            "3653632" : 118,
            "3686400" : 102,
            "3719168" : 97,
            "3751936" : 112,
            "3784704" : 113,
            "3817472" : 98,
            "3850240" : 89,
            "3883008" : 87,
            "3915776" : 94,
            "3948544" : 116,
            "3981312" : 111,
            "4014080" : 98,
            "4046848" : 118,
            "4079616" : 94,
            "4112384" : 88,
            "4145152" : 112,
            "4177920" : 93,
            "4227072" : 244,
            "4292608" : 217,
            "4358144" : 222,
            "4423680" : 234,
            "4489216" : 201,
            "4554752" : 221,
            "4620288" : 230,
            "4685824" : 221,
            "4751360" : 216,
            "4816896" : 226,
            "4882432" : 212,
            "4947968" : 193,
            "5013504" : 198,
            "5079040" : 183,
            "5144576" : 204,
            "5210112" : 218,
            "5275648" : 216,
            "5341184" : 243,
            "5406720" : 235,
            "5472256" : 187,
            "5537792" : 194,
            "5603328" : 190,
            "5668864" : 224,
            "5734400" : 199,
            "5799936" : 196,
            "5865472" : 181,
            "5931008" : 202,
            "5996544" : 208,
            "6062080" : 178,
            "6127616" : 203,
            "6193152" : 198,
            "6258688" : 204,
            "6324224" : 179,
            "6389760" : 205,