{
  "fio version" : "fio-3.1",
  "timestamp" : 1556787641,
  "timestamp_ms" : 1556787641670,
  "time" : "Thu May  2 10:00:41 2019",
  "global options" : {
    "fallocate" : "none",
    "runtime" : "30",
    "directory" : "/mnt/storage-nvme/fio_write/beegfs-randwrite-8-client-102249-5",
    "bs" : "4194304",
    "time_based" : "1",
    "ioengine" : "libaio",
    "iodepth" : "8",
    "direct" : "1",
    "buffered" : "0",
    "thread" : "0",
    "group_reporting" : "1",
    "filesize" : "32g",
    "size" : "32g",
    "filename_format" : "$jobnum.dat"
  },
  "jobs" : [
    {
      "jobname" : "fio-job",
      "groupid" : 0,
      "error" : 0,
      "eta" : 0,
      "elapsed" : 31,
      "job options" : {
        "rw" : "randwrite"
      },
      "read" : {
        "io_bytes" : 0,
        "io_kbytes" : 0,
        "bw" : 0,
        "iops" : 0.000000,
        "runtime" : 0,
        "total_ios" : 0,
        "short_ios" : 0,
        "drop_ios" : 0,
        "slat_ns" : {
          "min" : 0,
          "max" : 0,
          "mean" : 0.000000,
          "stddev" : 0.000000
        },
        "clat_ns" : {
          "min" : 0,
          "max" : 0,
          "mean" : 0.000000,
          "stddev" : 0.000000,
          "percentile" : {
            "1.000000" : 0,
            "5.000000" : 0,
            "10.000000" : 0,
            "20.000000" : 0,
            "30.000000" : 0,
            "40.000000" : 0,
            "50.000000" : 0,
            "60.000000" : 0,
            "70.000000" : 0,
            "80.000000" : 0,
            "90.000000" : 0,
            "95.000000" : 0,
            "99.000000" : 0,
            "99.500000" : 0,
            "99.900000" : 0,
            "99.950000" : 0,
            "99.990000" : 0,
            "0.00" : 0,
            "0.00" : 0,
            "0.00" : 0
          },
          "bins" : {

          }
        },
        "lat_ns" : {
          "min" : 0,
          "max" : 0,
          "mean" : 0.000000,
          "stddev" : 0.000000
        },
        "bw_min" : 0,
        "bw_max" : 0,
        "bw_agg" : 0.000000,
        "bw_mean" : 0.000000,
        "bw_dev" : 0.000000,
        "bw_samples" : 0,
        "iops_min" : 0,
        "iops_max" : 0,
        "iops_mean" : 0.000000,
        "iops_stddev" : 0.000000,
        "iops_samples" : 0
      },
      "write" : {
        "io_bytes" : 12159287296,
        "io_kbytes" : 11874304,
        "bw" : 395243,
        "iops" : 96.495024,
        "runtime" : 30043,
        "total_ios" : 2899,
        "short_ios" : 0,
        "drop_ios" : 0,
        "slat_ns" : {
          "min" : 4243391,
          "max" : 401002911,
          "mean" : 41416524.705761,
          "stddev" : 18517176.188813
        },
        "clat_ns" : {
          "min" : 2846,
          "max" : 805014737,
          "mean" : 289494769.113832,
          "stddev" : 60980013.857145,
          "percentile" : {
            "1.000000" : 154140672,
            "5.000000" : 219152384,
            "10.000000" : 233832448,
            "20.000000" : 250609664,
            "30.000000" : 261095424,
            "40.000000" : 274726912,
            "50.000000" : 283115520,
            "60.000000" : 295698432,
            "70.000000" : 308281344,
            "80.000000" : 325058560,
            "90.000000" : 346030080,
            "95.000000" : 371195904,
            "99.000000" : 467664896,
            "99.500000" : 683671552,
            "99.900000" : 750780416,
            "99.950000" : 759169024,
            "99.990000" : 801112064,
            "0.00" : 0,
            "0.00" : 0,
            "0.00" : 0
          },
          "bins" : {
            "2832" : 1,
            "3856" : 1,
            "5024" : 1,
            "5408" : 1,
            "29491200" : 1,
            "30015488" : 1,
            "54263808" : 1,
            "55836672" : 1,
            "59506688" : 2,
            "83361792" : 1,
            "90701824" : 1,
            "91750400" : 1,
            "92798976" : 1,
            "101187584" : 1,
            "125304832" : 3,
            "128450560" : 3,
            "132644864" : 1,
            "135266304" : 1,
            "137363456" : 1,
            "141557760" : 1,
            "145752064" : 2,
            "149946368" : 1,
            "154140672" : 1,
            "158334976" : 3,
            "162529280" : 2,
            "173015040" : 2,
            "181403648" : 1,
            "183500800" : 2,
            "185597952" : 2,
            "193986560" : 1,
            "196083712" : 2,
            "198180864" : 3,
            "200278016" : 2,
            "204472320" : 3,
            "206569472" : 3,
            "208666624" : 4,
            "210763776" : 13,
            "212860928" : 17,
            "214958080" : 20,
            "217055232" : 27,
            "219152384" : 22,
            "221249536" : 21,
            "223346688" : 12,
            "225443840" : 25,
            "227540992" : 28,
            "229638144" : 18,
            "231735296" : 22,
            "233832448" : 18,
            "235929600" : 28,
            "238026752" : 24,
            "240123904" : 38,
            "242221056" : 38,
            "244318208" : 45,
            "246415360" : 43,
            "248512512" : 53,
            "250609664" : 39,
            "252706816" : 46,
            "254803968" : 53,
            "256901120" : 56,
            "258998272" : 65,
            "261095424" : 49,
            "263192576" : 40,
            "265289728" : 45,
            "267386880" : 47,
            "270532608" : 115,
            "274726912" : 114,
            "278921216" : 136,
            "283115520" : 97,
            "287309824" : 108,
            "291504128" : 92,
            "295698432" : 106,
            "299892736" : 101,
            "304087040" : 101,
            "308281344" : 107,
            "312475648" : 93,
            "316669952" : 76,
            "320864256" : 42,
            "325058560" : 74,
            "329252864" : 66,
            "333447168" : 56,
            "337641472" : 42,
            "341835776" : 43,
            "346030080" : 37,
            "350224384" : 33,
            "354418688" : 36,
            "358612992" : 21,
            "362807296" : 27,
            "367001600" : 17,
            "371195904" : 21,
            "375390208" : 10,
            "379584512" : 19,
            "383778816" : 10,
            "387973120" : 9,
            "392167424" : 10,
            "396361728" : 10,
            "400556032" : 1,
            "404750336" : 8,
            "408944640" : 7,
            "413138944" : 4,
            "417333248" : 5,
            "425721856" : 3,
            "429916160" : 1,
            "434110464" : 1,
            "467664896" : 1,
            "497025024" : 1,
            "566231040" : 1,
            "574619648" : 1,
            "591396864" : 1,
            "633339904" : 1,
            "641728512" : 1,
            "658505728" : 2,
            "675282944" : 1,
            "683671552" : 5,
            "692060160" : 3,
            "700448768" : 3,
            "708837376" : 1,
            "717225984" : 2,
            "725614592" : 1,
            "742391808" : 1,
            "750780416" : 1,
            "759169024" : 1,
            "801112064" : 1
          }
        },
        "lat_ns" : {
          "min" : 29372770,
          "max" : 833037561,
          "mean" : 330912553.868920,
          "stddev" : 65502516.092047
        },
        "bw_min" : 32768,
        "bw_max" : 131072,
        "bw_agg" : 24.758431,
        "bw_mean" : 97855.966667,
        "bw_dev" : 13620.271254,
        "bw_samples" : 240,
        "iops_min" : 8,
        "iops_max" : 32,
        "iops_mean" : 23.850000,
        "iops_stddev" : 3.349015,
        "iops_samples" : 240
      },
      "trim" : {
        "io_bytes" : 0,
        "io_kbytes" : 0,
        "bw" : 0,
        "iops" : 0.000000,
        "runtime" : 0,
        "total_ios" : 0,
        "short_ios" : 0,
        "drop_ios" : 0,
        "slat_ns" : {
          "min" : 0,
          "max" : 0,