{
  "fio version" : "fio-3.1",
  "timestamp" : 1555531233,
  "timestamp_ms" : 1555531233587,
  "time" : "Wed Apr 17 20:00:33 2019",
  "global options" : {
    "fallocate" : "none",
    "runtime" : "30",
    "directory" : "/data/fio_write/beegfs-write-64-65l6f",
    "bs" : "2097152",
    "time_based" : "1",
    "ioengine" : "libaio",
    "iodepth" : "8",
    "direct" : "1",
    "buffered" : "0",
    "thread" : "0",
    "group_reporting" : "1",
    "filesize" : "32g",
    "size" : "32g",
    "filename_format" : "$jobnum.dat"
  },
  "jobs" : [
    {
      "jobname" : "fio-job",
      "groupid" : 0,
      "error" : 0,
      "eta" : 0,
      "elapsed" : 31,
      "job options" : {
        "rw" : "write"
      },
      "read" : {
        "io_bytes" : 0,
        "io_kbytes" : 0,
        "bw" : 0,
        "iops" : 0.000000,
        "runtime" : 0,
        "total_ios" : 0,
        "short_ios" : 0,
        "drop_ios" : 0,
        "slat_ns" : {
          "min" : 0,
          "max" : 0,
          "mean" : 0.000000,
          "stddev" : 0.000000
        },
        "clat_ns" : {
          "min" : 0,
          "max" : 0,
          "mean" : 0.000000,
          "stddev" : 0.000000,
          "percentile" : {
            "1.000000" : 0,
            "5.000000" : 0,
            "10.000000" : 0,
            "20.000000" : 0,
            "30.000000" : 0,
            "40.000000" : 0,
            "50.000000" : 0,
            "60.000000" : 0,
            "70.000000" : 0,
            "80.000000" : 0,
            "90.000000" : 0,
            "95.000000" : 0,
            "99.000000" : 0,
            "99.500000" : 0,
            "99.900000" : 0,
            "99.950000" : 0,
            "99.990000" : 0,
            "0.00" : 0,
            "0.00" : 0,
            "0.00" : 0
          },
          "bins" : {

          }
        },
        "lat_ns" : {
          "min" : 0,
          "max" : 0,
          "mean" : 0.000000,
          "stddev" : 0.000000
        },
        "bw_min" : 0,
        "bw_max" : 0,
        "bw_agg" : 0.000000,
        "bw_mean" : 0.000000,
        "bw_dev" : 0.000000,
        "bw_samples" : 0,
        "iops_min" : 0,
        "iops_max" : 0,
        "iops_mean" : 0.000000,
        "iops_stddev" : 0.000000,
        "iops_samples" : 0
      },
      "write" : {
        "io_bytes" : 1876951040,
        "io_kbytes" : 1832960,
        "bw" : 60499,
        "iops" : 29.540879,
        "runtime" : 30297,
        "total_ios" : 895,
        "short_ios" : 0,
        "drop_ios" : 0,
        "slat_ns" : {
          "min" : 1113884,
          "max" : 1676016163,
          "mean" : 134815521.667039,
          "stddev" : 234604787.080850
        },
        "clat_ns" : {
          "min" : 4894,
          "max" : 3136684112,
          "mean" : 941753253.551955,
          "stddev" : 542747023.369240,
          "percentile" : {
            "1.000000" : 108527616,
            "5.000000" : 191889408,
            "10.000000" : 320864256,
            "20.000000" : 463470592,
            "30.000000" : 616562688,
            "40.000000" : 734003200,
            "50.000000" : 843055104,
            "60.000000" : 994050048,
            "70.000000" : 1166016512,
            "80.000000" : 1384120320,
            "90.000000" : 1669332992,
            "95.000000" : 1937768448,
            "99.000000" : 2634022912,
            "99.500000" : 2835349504,
            "99.900000" : 3137339392,
            "99.950000" : 3137339392,
            "99.990000" : 3137339392,
            "0.00" : 0,
            "0.00" : 0,
            "0.00" : 0
          },
          "bins" : {
            "4896" : 2,
            "6816" : 1,
            "7776" : 1,
            "83361792" : 1,
            "87556096" : 1,
            "92798976" : 1,
            "100139008" : 1,
            "108527616" : 1,
            "109576192" : 1,
            "110624768" : 1,
            "112721920" : 1,
            "122159104" : 2,
            "123207680" : 1,
            "124256256" : 1,
            "131596288" : 1,
            "137363456" : 1,
            "139460608" : 1,
            "143654912" : 2,
            "145752064" : 2,
            "147849216" : 2,
            "149946368" : 2,
            "152043520" : 2,
            "154140672" : 1,
            "158334976" : 1,
            "162529280" : 1,
            "164626432" : 3,
            "166723584" : 1,
            "173015040" : 1,
            "175112192" : 1,
            "181403648" : 1,
            "183500800" : 3,
            "187695104" : 2,
            "191889408" : 1,
            "193986560" : 1,
            "196083712" : 3,
            "202375168" : 1,
            "204472320" : 1,
            "210763776" : 1,
            "212860928" : 1,
            "217055232" : 1,
            "219152384" : 1,
            "221249536" : 1,
            "223346688" : 3,
            "227540992" : 1,
            "229638144" : 2,
            "231735296" : 1,
            "235929600" : 1,
            "238026752" : 1,
            "242221056" : 2,
            "252706816" : 1,
            "254803968" : 2,
            "258998272" : 2,
            "267386880" : 1,
            "287309824" : 3,
            "291504128" : 1,
            "295698432" : 1,
            "299892736" : 1,
            "304087040" : 3,
            "308281344" : 3,
            "312475648" : 1,
            "316669952" : 2,
            "320864256" : 3,
            "329252864" : 2,
            "333447168" : 3,
            "337641472" : 1,
            "341835776" : 4,
            "350224384" : 2,
            "358612992" : 3,
            "362807296" : 2,
            "367001600" : 1,
            "371195904" : 1,
            "375390208" : 1,
            "379584512" : 3,
            "383778816" : 2,
            "387973120" : 4,
            "392167424" : 2,
            "396361728" : 2,
            "400556032" : 2,
            "404750336" : 3,
            "408944640" : 2,
            "413138944" : 9,
            "421527552" : 7,
            "425721856" : 4,
            "429916160" : 3,
            "434110464" : 7,
            "438304768" : 3,
            "442499072" : 3,
            "446693376" : 4,
            "450887680" : 1,
            "455081984" : 5,
            "459276288" : 1,
            "463470592" : 1,
            "467664896" : 5,
            "471859200" : 3,
            "476053504" : 4,
            "484442112" : 3,
            "488636416" : 5,
            "492830720" : 4,
            "497025024" : 1,
            "501219328" : 4,
            "505413632" : 1,
            "509607936" : 1,
            "513802240" : 3,
            "517996544" : 2,
            "522190848" : 1,
            "526385152" : 3,
            "530579456" : 2,
            "534773760" : 2,
            "541065216" : 9,
            "549453824" : 1,
            "557842432" : 4,
            "566231040" : 3,
            "574619648" : 7,
            "583008256" : 5,
            "591396864" : 3,
            "599785472" : 5,
            "608174080" : 6,
            "616562688" : 7,
            "624951296" : 8,
            "633339904" : 5,
            "641728512" : 7,
            "650117120" : 12,
            "658505728" : 8,
            "666894336" : 8,
            "675282944" : 4,
            "683671552" : 4,
            "692060160" : 7,
            "700448768" : 7,
            "708837376" : 3,
            "717225984" : 1,
            "725614592" : 5,
            "734003200" : 6,
            "742391808" : 5,
            "750780416" : 11,
            "759169024" : 11,
            "767557632" : 6,
            "775946240" : 8,
            "784334848" : 7,
            "792723456" : 5,
            "801112064" : 5,
            "809500672" : 6,
            "817889280" : 3,
            "826277888" : 7,
            "834666496" : 10,
            "843055104" : 11,
            "851443712" : 5,
            "859832320" : 3,
            "868220928" : 10,
            "876609536" : 7,
            "884998144" : 8,
            "893386752" : 1,
            "901775360" : 8,