{
  "fio version" : "fio-3.1",
  "timestamp" : 1555517325,
  "timestamp_ms" : 1555517325451,
  "time" : "Wed Apr 17 16:08:45 2019",
  "global options" : {
    "fallocate" : "none",
    "runtime" : "30",
    "directory" : "/data/fio_write/beegfs-write-64-lvmsd",
    "bs" : "512",
    "time_based" : "1",
    "ioengine" : "libaio",
    "iodepth" : "8",
    "direct" : "1",
    "buffered" : "0",
    "thread" : "0",
    "group_reporting" : "1",
    "filesize" : "32g",
    "size" : "32g",
    "filename_format" : "$jobnum.dat"
  },
  "jobs" : [
    {
      "jobname" : "fio-job",
      "groupid" : 0,
      "error" : 0,
      "eta" : 0,
      "elapsed" : 31,
      "job options" : {
        "rw" : "write"
      },
      "read" : {
        "io_bytes" : 0,
        "io_kbytes" : 0,
        "bw" : 0,
        "iops" : 0.000000,
        "runtime" : 0,
        "total_ios" : 0,
        "short_ios" : 0,
        "drop_ios" : 0,
        "slat_ns" : {
          "min" : 0,
          "max" : 0,
          "mean" : 0.000000,
          "stddev" : 0.000000
        },
        "clat_ns" : {
          "min" : 0,
          "max" : 0,
          "mean" : 0.000000,
          "stddev" : 0.000000,
          "percentile" : {
            "1.000000" : 0,
            "5.000000" : 0,
            "10.000000" : 0,
            "20.000000" : 0,
            "30.000000" : 0,
            "40.000000" : 0,
            "50.000000" : 0,
            "60.000000" : 0,
            "70.000000" : 0,
            "80.000000" : 0,
            "90.000000" : 0,
            "95.000000" : 0,
            "99.000000" : 0,
            "99.500000" : 0,
            "99.900000" : 0,
            "99.950000" : 0,
            "99.990000" : 0,
            "0.00" : 0,
            "0.00" : 0,
            "0.00" : 0
          },
          "bins" : {

          }
        },
        "lat_ns" : {
          "min" : 0,
          "max" : 0,
          "mean" : 0.000000,
          "stddev" : 0.000000
        },
        "bw_min" : 0,
        "bw_max" : 0,
        "bw_agg" : 0.000000,
        "bw_mean" : 0.000000,
        "bw_dev" : 0.000000,
        "bw_samples" : 0,
        "iops_min" : 0,
        "iops_max" : 0,
        "iops_mean" : 0.000000,
        "iops_stddev" : 0.000000,
        "iops_samples" : 0
      },
      "write" : {
        "io_bytes" : 291017728,
        "io_kbytes" : 284197,
        "bw" : 9472,
        "iops" : 18945.835139,
        "runtime" : 30001,
        "total_ios" : 568394,
        "short_ios" : 0,
        "drop_ios" : 0,
        "slat_ns" : {
          "min" : 28582,
          "max" : 46266757,
          "mean" : 205319.054265,
          "stddev" : 249664.494338
        },
        "clat_ns" : {
          "min" : 4089,
          "max" : 47831210,
          "mean" : 1479193.229022,
          "stddev" : 888404.276937,
          "percentile" : {
            "1.000000" : 593920,
            "5.000000" : 684032,
            "10.000000" : 741376,
            "20.000000" : 815104,
            "30.000000" : 897024,
            "40.000000" : 1056768,
            "50.000000" : 1318912,
            "60.000000" : 1548288,
            "70.000000" : 1695744,
            "80.000000" : 1925120,
            "90.000000" : 2441216,
            "95.000000" : 3031040,
            "99.000000" : 4489216,
            "99.500000" : 5144576,
            "99.900000" : 7110656,
            "99.950000" : 8159232,
            "99.990000" : 10813440,
            "0.00" : 0,
            "0.00" : 0,
            "0.00" : 0
          },
          "bins" : {
            "4080" : 1,
            "4128" : 1,
            "4704" : 2,
            "63744" : 1,
            "77312" : 1,
            "115200" : 1,
            "162816" : 1,
            "201728" : 1,
            "236544" : 2,
            "244736" : 1,
            "296960" : 1,
            "301056" : 1,
            "325632" : 1,
            "346112" : 1,
            "387072" : 1,
            "399360" : 1,
            "411648" : 1,
            "440320" : 5,
            "444416" : 3,
            "448512" : 6,
            "452608" : 1,
            "456704" : 10,
            "460800" : 8,
            "464896" : 13,
            "468992" : 15,
            "473088" : 17,
            "477184" : 19,
            "481280" : 35,
            "485376" : 31,
            "489472" : 32,
            "493568" : 43,
            "497664" : 55,
            "501760" : 65,
            "505856" : 73,
            "509952" : 82,
            "514048" : 92,
            "518144" : 110,
            "522240" : 115,
            "528384" : 254,
            "536576" : 339,
            "544768" : 443,
            "552960" : 526,
            "561152" : 665,
            "569344" : 744,
            "577536" : 842,
            "585728" : 898,
            "593920" : 1142,
            "602112" : 1285,
            "610304" : 1532,
            "618496" : 1651,
            "626688" : 1715,
            "634880" : 1887,
            "643072" : 2105,
            "651264" : 2255,
            "659456" : 2458,
            "667648" : 2674,
            "675840" : 2821,
            "684032" : 2986,
            "692224" : 3308,
            "700416" : 3386,
            "708608" : 3718,
            "716800" : 3784,
            "724992" : 4299,
            "733184" : 4550,
            "741376" : 5026,
            "749568" : 5409,
            "757760" : 6059,
            "765952" : 6274,
            "774144" : 6608,
            "782336" : 6872,
            "790528" : 7055,
            "798720" : 6906,
            "806912" : 7037,
            "815104" : 6862,
            "823296" : 6609,
            "831488" : 6254,
            "839680" : 6292,
            "847872" : 5781,
            "856064" : 5577,
            "864256" : 5324,
            "872448" : 4985,
            "880640" : 4823,
            "888832" : 4591,
            "897024" : 4418,
            "905216" : 4212,
            "913408" : 3893,
            "921600" : 3748,
            "929792" : 3607,
            "937984" : 3476,
            "946176" : 3225,
            "954368" : 3255,
            "962560" : 3054,
            "970752" : 2922,
            "978944" : 2797,
            "987136" : 2666,
            "995328" : 2569,
            "1003520" : 2563,
            "1011712" : 2394,
            "1019904" : 2343,
            "1028096" : 2265,
            "1036288" : 2290,
            "1044480" : 2263,
            "1056768" : 4147,
            "1073152" : 4009,
            "1089536" : 4012,
            "1105920" : 3919,
            "1122304" : 3772,
            "1138688" : 3695,
            "1155072" : 3638,
            "1171456" : 3562,
            "1187840" : 3442,
            "1204224" : 3399,
            "1220608" : 3522,
            "1236992" : 3492,
            "1253376" : 3457,
            "1269760" : 3431,
            "1286144" : 3416,
            "1302528" : 3340,
            "1318912" : 3402,
            "1335296" : 3389,
            "1351680" : 3427,
            "1368064" : 3471,
            "1384448" : 3516,
            "1400832" : 3582,
            "1417216" : 3700,
            "1433600" : 3731,
            "1449984" : 3872,
            "1466368" : 4149,
            "1482752" : 4419,
            "1499136" : 4684,
            "1515520" : 5153,
            "1531904" : 5449,
            "1548288" : 6234,
            "1564672" : 6472,
            "1581056" : 6375,
            "1597440" : 6603,
            "1613824" : 6397,
            "1630208" : 6414,
            "1646592" : 6336,
            "1662976" : 6113,
            "1679360" : 5764,
            "1695744" : 5434,
            "1712128" : 5146,
            "1728512" : 4886,
            "1744896" : 4795,
            "1761280" : 4579,
            "1777664" : 4403,
            "1794048" : 4126,
            "1810432" : 4091,
            "1826816" : 3773,
            "1843200" : 3532,
            "1859584" : 3531,
            "1875968" : 3376,
            "1892352" : 3220,
            "1908736" : 2963,
            "1925120" : 2736,