{
  "fio version" : "fio-3.1",
  "timestamp" : 1574247895,
  "timestamp_ms" : 1574247895465,
  "time" : "Wed Nov 20 11:04:55 2019",
  "global options" : {
    "directory" : "data/fio_write/beegfs-randwrite-64-msjr5",
    "bs" : "256",
    "fallocate" : "none",
    "runtime" : "30",
    "time_based" : "1",
    "ioengine" : "libaio",
    "iodepth" : "8",
    "direct" : "1",
    "buffered" : "0",
    "invalidate" : "1",
    "ramp_time" : "0",
    "thread" : "0",
    "group_reporting" : "1",
    "filesize" : "32g",
    "size" : "32g",
    "filename_format" : "$jobnum.dat"
  },
  "jobs" : [
    {
      "jobname" : "fio-job",
      "groupid" : 0,
      "error" : 0,
      "eta" : 0,
      "elapsed" : 31,
      "job options" : {
        "rw" : "randwrite"
      },
      "read" : {
        "io_bytes" : 0,
        "io_kbytes" : 0,
        "bw" : 0,
        "iops" : 0.000000,
        "runtime" : 0,
        "total_ios" : 0,
        "short_ios" : 0,
        "drop_ios" : 0,
        "slat_ns" : {
          "min" : 0,
          "max" : 0,
          "mean" : 0.000000,
          "stddev" : 0.000000
        },
        "clat_ns" : {
          "min" : 0,
          "max" : 0,
          "mean" : 0.000000,
          "stddev" : 0.000000,
          "percentile" : {
            "1.000000" : 0,
            "5.000000" : 0,
            "10.000000" : 0,
            "20.000000" : 0,
            "30.000000" : 0,
            "40.000000" : 0,
            "50.000000" : 0,
            "60.000000" : 0,
            "70.000000" : 0,
            "80.000000" : 0,
            "90.000000" : 0,
            "95.000000" : 0,
            "99.000000" : 0,
            "99.500000" : 0,
            "99.900000" : 0,
            "99.950000" : 0,
            "99.990000" : 0,
            "0.00" : 0,
            "0.00" : 0,
            "0.00" : 0
          },
          "bins" : {

          }
        },
        "lat_ns" : {
          "min" : 0,
          "max" : 0,
          "mean" : 0.000000,
          "stddev" : 0.000000
        },
        "bw_min" : 0,
        "bw_max" : 0,
        "bw_agg" : 0.000000,
        "bw_mean" : 0.000000,
        "bw_dev" : 0.000000,
        "bw_samples" : 0,
        "iops_min" : 0,
        "iops_max" : 0,
        "iops_mean" : 0.000000,
        "iops_stddev" : 0.000000,
        "iops_samples" : 0
      },
      "write" : {
        "io_bytes" : 35072,
        "io_kbytes" : 34,
        "bw" : 1,
        "iops" : 4.497111,
        "runtime" : 30464,
        "total_ios" : 137,
        "short_ios" : 0,
        "drop_ios" : 0,
        "slat_ns" : {
          "min" : 139956,
          "max" : 3657388435,
          "mean" : 887122634.131387,
          "stddev" : 820186032.290482
        },
        "clat_ns" : {
          "min" : 5714,
          "max" : 12827777946,
          "mean" : 6170410524.737226,
          "stddev" : 3102191253.628670,
          "percentile" : {
            "1.000000" : 6816,
            "5.000000" : 574619648,
            "10.000000" : 1216348160,
            "20.000000" : 3204448256,
            "30.000000" : 5200936960,
            "40.000000" : 5804916736,
            "50.000000" : 6543114240,
            "60.000000" : 6945767424,
            "70.000000" : 7482638336,
            "80.000000" : 8657043456,
            "90.000000" : 10133438464,
            "95.000000" : 11475615744,
            "99.000000" : 12146704384,
            "99.500000" : 12817793024,
            "99.900000" : 12817793024,
            "99.950000" : 12817793024,
            "99.990000" : 12817793024,
            "0.00" : 0,
            "0.00" : 0,
            "0.00" : 0
          },
          "bins" : {
            "5728" : 1,
            "6816" : 1,
            "7328" : 1,
            "7392" : 1,
            "425721856" : 1,
            "429916160" : 1,
            "574619648" : 1,
            "725614592" : 1,
            "734003200" : 1,
            "775946240" : 2,
            "1019215872" : 1,
            "1027604480" : 1,
            "1216348160" : 1,
            "1300234240" : 1,
            "1333788672" : 1,
            "1384120320" : 1,
            "1518338048" : 1,
            "1635778560" : 1,
            "1954545664" : 1,
            "2021654528" : 1,
            "2055208960" : 1,
            "2298478592" : 1,
            "2432696320" : 2,
            "2835349504" : 1,
            "3103784960" : 1,
            "3204448256" : 1,
            "3305111552" : 1,
            "4143972352" : 1,
            "4328521728" : 1,
            "4395630592" : 1,
            "4596957184" : 2,
            "4664066048" : 1,
            "4731174912" : 1,
            "4865392640" : 1,
            "4999610368" : 2,
            "5200936960" : 3,
            "5402263552" : 5,
            "5469372416" : 2,
            "5536481280" : 1,
            "5603590144" : 2,
            "5670699008" : 1,
            "5737807872" : 1,
            "5804916736" : 2,
            "5872025600" : 1,
            "5939134464" : 1,
            "6006243328" : 1,
            "6073352192" : 1,
            "6140461056" : 1,
            "6207569920" : 1,
            "6274678784" : 1,
            "6408896512" : 2,
            "6476005376" : 3,
            "6543114240" : 2,
            "6610223104" : 3,
            "6677331968" : 1,
            "6744440832" : 3,
            "6811549696" : 2,
            "6878658560" : 3,
            "6945767424" : 2,
            "7079985152" : 2,
            "7147094016" : 1,
            "7214202880" : 1,
            "7281311744" : 2,
            "7348420608" : 1,
            "7415529472" : 2,
            "7482638336" : 3,
            "7549747200" : 1,
            "7683964928" : 1,
            "7818182656" : 1,
            "7885291520" : 1,
            "7952400384" : 1,
            "8086618112" : 1,
            "8153726976" : 1,
            "8355053568" : 1,
            "8422162432" : 1,
            "8489271296" : 2,
            "8556380160" : 1,
            "8657043456" : 2,
            "8791261184" : 1,
            "8925478912" : 1,
            "9059696640" : 3,
            "9328132096" : 1,
            "9462349824" : 2,
            "9596567552" : 2,
            "9999220736" : 2,
            "10133438464" : 2,
            "10267656192" : 1,
            "10401873920" : 1,
            "10670309376" : 2,
            "10804527104" : 1,
            "11072962560" : 1,
            "11475615744" : 2,
            "11609833472" : 1,
            "11744051200" : 1,
            "11878268928" : 1,
            "12146704384" : 1,
            "12817793024" : 1
          }
        },
        "lat_ns" : {
          "min" : 432158709,
          "max" : 13506622451,
          "mean" : 7057534526.613138,
          "stddev" : 3360684518.125045
        },
        "bw_min" : 0,
        "bw_max" : 1,
        "bw_agg" : 8.247423,
        "bw_mean" : 0.082474,
        "bw_dev" : 0.276515,
        "bw_samples" : 97,
        "iops_min" : 1,
        "iops_max" : 4,
        "iops_mean" : 2.113402,
        "iops_stddev" : 0.610264,
        "iops_samples" : 97
      },
      "trim" : {
        "io_bytes" : 0,
        "io_kbytes" : 0,
        "bw" : 0,
        "iops" : 0.000000,
        "runtime" : 0,
        "total_ios" : 0,
        "short_ios" : 0,
        "drop_ios" : 0,
        "slat_ns" : {
          "min" : 0,
          "max" : 0,
          "mean" : 0.000000,
          "stddev" : 0.000000
        },
        "clat_ns" : {
          "min" : 0,
          "max" : 0,
          "mean" : 0.000000,
          "stddev" : 0.000000,
          "percentile" : {
            "1.000000" : 0,
            "5.000000" : 0,
            "10.000000" : 0,
            "20.000000" : 0,
            "30.000000" : 0,
            "40.000000" : 0,
            "50.000000" : 0,
            "60.000000" : 0,
            "70.000000" : 0,
            "80.000000" : 0,
            "90.000000" : 0,
            "95.000000" : 0,
            "99.000000" : 0,
            "99.500000" : 0,
            "99.900000" : 0,
            "99.950000" : 0,