{
  "fio version" : "fio-3.1",
  "timestamp" : 1556099190,
  "timestamp_ms" : 1556099190603,
  "time" : "Wed Apr 24 09:46:30 2019",
  "global options" : {
    "fallocate" : "none",
    "runtime" : "30",
    "directory" : "data/fio_write/beegfs-write-64-5lg82",
    "bs" : "512",
    "time_based" : "1",
    "ioengine" : "libaio",
    "iodepth" : "8",
    "direct" : "1",
    "buffered" : "0",
    "thread" : "0",
    "group_reporting" : "1",
    "filesize" : "32g",
    "size" : "32g",
    "filename_format" : "$jobnum.dat"
  },
  "jobs" : [
    {
      "jobname" : "fio-job",
      "groupid" : 0,
      "error" : 0,
      "eta" : 0,
      "elapsed" : 31,
      "job options" : {
        "rw" : "write"
      },
      "read" : {
        "io_bytes" : 0,
        "io_kbytes" : 0,
        "bw" : 0,
        "iops" : 0.000000,
        "runtime" : 0,
        "total_ios" : 0,
        "short_ios" : 0,
        "drop_ios" : 0,
        "slat_ns" : {
          "min" : 0,
          "max" : 0,
          "mean" : 0.000000,
          "stddev" : 0.000000
        },
        "clat_ns" : {
          "min" : 0,
          "max" : 0,
          "mean" : 0.000000,
          "stddev" : 0.000000,
          "percentile" : {
            "1.000000" : 0,
            "5.000000" : 0,
            "10.000000" : 0,
            "20.000000" : 0,
            "30.000000" : 0,
            "40.000000" : 0,
            "50.000000" : 0,
            "60.000000" : 0,
            "70.000000" : 0,
            "80.000000" : 0,
            "90.000000" : 0,
            "95.000000" : 0,
            "99.000000" : 0,
            "99.500000" : 0,
            "99.900000" : 0,
            "99.950000" : 0,
            "99.990000" : 0,
            "0.00" : 0,
            "0.00" : 0,
            "0.00" : 0
          },
          "bins" : {

          }
        },
        "lat_ns" : {
          "min" : 0,
          "max" : 0,
          "mean" : 0.000000,
          "stddev" : 0.000000
        },
        "bw_min" : 0,
        "bw_max" : 0,
        "bw_agg" : 0.000000,
        "bw_mean" : 0.000000,
        "bw_dev" : 0.000000,
        "bw_samples" : 0,
        "iops_min" : 0,
        "iops_max" : 0,
        "iops_mean" : 0.000000,
        "iops_stddev" : 0.000000,
        "iops_samples" : 0
      },
      "write" : {
        "io_bytes" : 320200704,
        "io_kbytes" : 312696,
        "bw" : 10422,
        "iops" : 20845.705143,
        "runtime" : 30001,
        "total_ios" : 625392,
        "short_ios" : 0,
        "drop_ios" : 0,
        "slat_ns" : {
          "min" : 28609,
          "max" : 20373953,
          "mean" : 185826.663713,
          "stddev" : 197786.669426
        },
        "clat_ns" : {
          "min" : 4127,
          "max" : 22956938,
          "mean" : 1344712.027939,
          "stddev" : 750573.568919,
          "percentile" : {
            "1.000000" : 577536,
            "5.000000" : 675840,
            "10.000000" : 733184,
            "20.000000" : 798720,
            "30.000000" : 864256,
            "40.000000" : 970752,
            "50.000000" : 1138688,
            "60.000000" : 1351680,
            "70.000000" : 1531904,
            "80.000000" : 1744896,
            "90.000000" : 2146304,
            "95.000000" : 2670592,
            "99.000000" : 4046848,
            "99.500000" : 4816896,
            "99.900000" : 6914048,
            "99.950000" : 7962624,
            "99.990000" : 11599872,
            "0.00" : 0,
            "0.00" : 0,
            "0.00" : 0
          },
          "bins" : {
            "4128" : 1,
            "4384" : 1,
            "4576" : 1,
            "4704" : 1,
            "127488" : 1,
            "244736" : 1,
            "321536" : 1,
            "391168" : 1,
            "399360" : 1,
            "407552" : 3,
            "411648" : 1,
            "415744" : 2,
            "419840" : 4,
            "423936" : 4,
            "428032" : 5,
            "432128" : 3,
            "436224" : 8,
            "440320" : 9,
            "444416" : 8,
            "448512" : 8,
            "452608" : 10,
            "456704" : 13,
            "460800" : 21,
            "464896" : 25,
            "468992" : 42,
            "473088" : 32,
            "477184" : 48,
            "481280" : 50,
            "485376" : 62,
            "489472" : 66,
            "493568" : 95,
            "497664" : 117,
            "501760" : 127,
            "505856" : 131,
            "509952" : 143,
            "514048" : 176,
            "518144" : 187,
            "522240" : 201,
            "528384" : 501,
            "536576" : 603,
            "544768" : 682,
            "552960" : 827,
            "561152" : 952,
            "569344" : 1064,
            "577536" : 1217,
            "585728" : 1296,
            "593920" : 1432,
            "602112" : 1566,
            "610304" : 1763,
            "618496" : 1878,
            "626688" : 2034,
            "634880" : 2197,
            "643072" : 2370,
            "651264" : 2505,
            "659456" : 2832,
            "667648" : 2992,
            "675840" : 3283,
            "684032" : 3515,
            "692224" : 3776,
            "700416" : 4261,
            "708608" : 4719,
            "716800" : 5216,
            "724992" : 5637,
            "733184" : 6066,
            "741376" : 6681,
            "749568" : 7324,
            "757760" : 7730,
            "765952" : 8004,
            "774144" : 8272,
            "782336" : 8661,
            "790528" : 8665,
            "798720" : 8651,
            "806912" : 8646,
            "815104" : 8244,
            "823296" : 8032,
            "831488" : 7720,
            "839680" : 7373,
            "847872" : 7045,
            "856064" : 6658,
            "864256" : 6546,
            "872448" : 5972,
            "880640" : 5574,
            "888832" : 5527,
            "897024" : 5202,
            "905216" : 4989,
            "913408" : 4698,
            "921600" : 4664,
            "929792" : 4323,
            "937984" : 4229,
            "946176" : 4092,
            "954368" : 3940,
            "962560" : 3817,
            "970752" : 3601,
            "978944" : 3583,
            "987136" : 3524,
            "995328" : 3432,
            "1003520" : 3387,
            "1011712" : 3215,
            "1019904" : 3239,
            "1028096" : 3006,
            "1036288" : 3022,
            "1044480" : 3019,
            "1056768" : 5515,
            "1073152" : 5381,
            "1089536" : 5311,
            "1105920" : 5423,
            "1122304" : 5329,
            "1138688" : 5331,
            "1155072" : 5126,
            "1171456" : 5209,
            "1187840" : 5049,
            "1204224" : 5169,
            "1220608" : 5010,
            "1236992" : 5046,
            "1253376" : 5023,
            "1269760" : 5036,
            "1286144" : 5038,
            "1302528" : 5117,
            "1318912" : 5222,
            "1335296" : 5222,
            "1351680" : 5103,
            "1368064" : 5221,
            "1384448" : 5258,
            "1400832" : 5264,
            "1417216" : 5207,
            "1433600" : 5307,
            "1449984" : 5448,
            "1466368" : 5286,
            "1482752" : 5443,
            "1499136" : 5623,
            "1515520" : 5522,
            "1531904" : 5594,
            "1548288" : 5668,
            "1564672" : 5683,
            "1581056" : 5565,
            "1597440" : 5548,
            "1613824" : 5339,
            "1630208" : 5061,
            "1646592" : 5010,
            "1662976" : 4691,
            "1679360" : 4691,
            "1695744" : 4471,
            "1712128" : 4390,
            "1728512" : 4253,
            "1744896" : 4047,
            "1761280" : 3845,
            "1777664" : 3537,
            "1794048" : 3577,
            "1810432" : 3375,
            "1826816" : 3114,
            "1843200" : 3001,
            "1859584" : 2807,
            "1875968" : 2686,
            "1892352" : 2485,
            "1908736" : 2555,