{
  "fio version" : "fio-3.1",
  "timestamp" : 1574274672,
  "timestamp_ms" : 1574274672292,
  "time" : "Wed Nov 20 18:31:12 2019",
  "global options" : {
    "directory" : "data/fio_write/beegfs-randwrite-64-lkpw8",
    "bs" : "131072",
    "fallocate" : "none",
    "runtime" : "30",
    "time_based" : "1",
    "ioengine" : "libaio",
    "iodepth" : "8",
    "direct" : "1",
    "buffered" : "0",
    "invalidate" : "1",
    "ramp_time" : "0",
    "thread" : "0",
    "group_reporting" : "1",
    "filesize" : "32g",
    "size" : "32g",
    "filename_format" : "$jobnum.dat"
  },
  "jobs" : [
    {
      "jobname" : "fio-job",
      "groupid" : 0,
      "error" : 0,
      "eta" : 0,
      "elapsed" : 33,
      "job options" : {
        "rw" : "randwrite"
      },
      "read" : {
        "io_bytes" : 0,
        "io_kbytes" : 0,
        "bw" : 0,
        "iops" : 0.000000,
        "runtime" : 0,
        "total_ios" : 0,
        "short_ios" : 0,
        "drop_ios" : 0,
        "slat_ns" : {
          "min" : 0,
          "max" : 0,
          "mean" : 0.000000,
          "stddev" : 0.000000
        },
        "clat_ns" : {
          "min" : 0,
          "max" : 0,
          "mean" : 0.000000,
          "stddev" : 0.000000,
          "percentile" : {
            "1.000000" : 0,
            "5.000000" : 0,
            "10.000000" : 0,
            "20.000000" : 0,
            "30.000000" : 0,
            "40.000000" : 0,
            "50.000000" : 0,
            "60.000000" : 0,
            "70.000000" : 0,
            "80.000000" : 0,
            "90.000000" : 0,
            "95.000000" : 0,
            "99.000000" : 0,
            "99.500000" : 0,
            "99.900000" : 0,
            "99.950000" : 0,
            "99.990000" : 0,
            "0.00" : 0,
            "0.00" : 0,
            "0.00" : 0
          },
          "bins" : {

          }
        },
        "lat_ns" : {
          "min" : 0,
          "max" : 0,
          "mean" : 0.000000,
          "stddev" : 0.000000
        },
        "bw_min" : 0,
        "bw_max" : 0,
        "bw_agg" : 0.000000,
        "bw_mean" : 0.000000,
        "bw_dev" : 0.000000,
        "bw_samples" : 0,
        "iops_min" : 0,
        "iops_max" : 0,
        "iops_mean" : 0.000000,
        "iops_stddev" : 0.000000,
        "iops_samples" : 0
      },
      "write" : {
        "io_bytes" : 24641536,
        "io_kbytes" : 24064,
        "bw" : 751,
        "iops" : 5.874082,
        "runtime" : 32005,
        "total_ios" : 188,
        "short_ios" : 0,
        "drop_ios" : 0,
        "slat_ns" : {
          "min" : 8266,
          "max" : 13999033976,
          "mean" : 598196946.861702,
          "stddev" : 1518465684.273997
        },
        "clat_ns" : {
          "min" : 127256,
          "max" : 22681942906,
          "mean" : 4459946391.632978,
          "stddev" : 4682798637.886507,
          "percentile" : {
            "1.000000" : 288768,
            "5.000000" : 7569408,
            "10.000000" : 65273856,
            "20.000000" : 1061158912,
            "30.000000" : 1853882368,
            "40.000000" : 2533359616,
            "50.000000" : 3036676096,
            "60.000000" : 4328521728,
            "70.000000" : 4731174912,
            "80.000000" : 5603590144,
            "90.000000" : 11609833472,
            "95.000000" : 15367929856,
            "99.000000" : 17112760320,
            "99.500000" : 17112760320,
            "99.900000" : 17112760320,
            "99.950000" : 17112760320,
            "99.990000" : 17112760320,
            "0.00" : 0,
            "0.00" : 0,
            "0.00" : 0
          },
          "bins" : {
            "127488" : 1,
            "288768" : 1,
            "456704" : 1,
            "1351680" : 1,
            "1728512" : 1,
            "2572288" : 1,
            "2998272" : 1,
            "3031040" : 2,
            "7569408" : 1,
            "7634944" : 1,
            "8093696" : 1,
            "57933824" : 1,
            "58458112" : 1,
            "58982400" : 1,
            "64225280" : 1,
            "65273856" : 4,
            "109576192" : 1,
            "162529280" : 1,
            "304087040" : 1,
            "624951296" : 1,
            "641728512" : 3,
            "994050048" : 2,
            "1019215872" : 5,
            "1044381696" : 1,
            "1061158912" : 4,
            "1249902592" : 1,
            "1317011456" : 1,
            "1350565888" : 2,
            "1367343104" : 1,
            "1400897536" : 1,
            "1535115264" : 1,
            "1568669696" : 1,
            "1585446912" : 2,
            "1652555776" : 1,
            "1837105152" : 5,
            "1853882368" : 4,
            "1971322880" : 2,
            "1988100096" : 1,
            "2004877312" : 2,
            "2021654528" : 1,
            "2139095040" : 1,
            "2164260864" : 2,
            "2197815296" : 3,
            "2432696320" : 2,
            "2499805184" : 2,
            "2533359616" : 1,
            "2600468480" : 1,
            "2667577344" : 1,
            "2734686208" : 2,
            "2768240640" : 1,
            "2801795072" : 1,
            "2835349504" : 1,
            "2902458368" : 1,
            "2969567232" : 4,
            "3003121664" : 4,
            "3036676096" : 2,
            "3070230528" : 1,
            "3103784960" : 1,
            "3170893824" : 1,
            "3271557120" : 4,
            "3338665984" : 5,
            "3506438144" : 2,
            "3674210304" : 1,
            "3976200192" : 1,
            "4143972352" : 1,
            "4278190080" : 1,
            "4328521728" : 7,
            "4395630592" : 3,
            "4529848320" : 8,
            "4731174912" : 4,
            "4865392640" : 4,
            "4932501504" : 2,
            "5066719232" : 1,
            "5133828096" : 1,
            "5268045824" : 1,
            "5335154688" : 4,
            "5469372416" : 1,
            "5536481280" : 2,
            "5603590144" : 1,
            "5670699008" : 1,
            "5737807872" : 2,
            "6140461056" : 1,
            "6341787648" : 1,
            "6408896512" : 2,
            "7012876288" : 1,
            "7079985152" : 1,
            "9059696640" : 3,
            "9730785280" : 1,
            "9865003008" : 1,
            "10670309376" : 2,
            "10804527104" : 2,
            "11609833472" : 1,
            "11744051200" : 3,
            "12683575296" : 1,
            "12817793024" : 1,
            "13623099392" : 1,
            "14025752576" : 1,
            "14428405760" : 1,
            "15367929856" : 1,
            "16978542592" : 1,
            "17112760320" : 8
          }
        },
        "lat_ns" : {
          "min" : 1564167,
          "max" : 22748405209,
          "mean" : 5058144778.047873,
          "stddev" : 4917227120.372766
        },
        "bw_min" : 256,
        "bw_max" : 4608,
        "bw_agg" : 91.689242,
        "bw_mean" : 688.586207,
        "bw_dev" : 647.302989,
        "bw_samples" : 58,
        "iops_min" : 2,
        "iops_max" : 36,
        "iops_mean" : 5.344828,
        "iops_stddev" : 5.069869,
        "iops_samples" : 58
      },
      "trim" : {
        "io_bytes" : 0,
        "io_kbytes" : 0,
        "bw" : 0,
        "iops" : 0.000000,
        "runtime" : 0,
        "total_ios" : 0,
        "short_ios" : 0,
        "drop_ios" : 0,
        "slat_ns" : {
          "min" : 0,
          "max" : 0,
          "mean" : 0.000000,
          "stddev" : 0.000000
        },
        "clat_ns" : {
          "min" : 0,
          "max" : 0,
          "mean" : 0.000000,
          "stddev" : 0.000000,
          "percentile" : {
            "1.000000" : 0,
            "5.000000" : 0,
            "10.000000" : 0,
            "20.000000" : 0,
            "30.000000" : 0,
            "40.000000" : 0,
            "50.000000" : 0,
            "60.000000" : 0,
            "70.000000" : 0,
            "80.000000" : 0,
            "90.000000" : 0,
            "95.000000" : 0,