{
  "fio version" : "fio-3.1",
  "timestamp" : 1556099485,
  "timestamp_ms" : 1556099485420,
  "time" : "Wed Apr 24 09:51:25 2019",
  "global options" : {
    "fallocate" : "none",
    "runtime" : "30",
    "directory" : "data/fio_write/beegfs-write-64-qgfd7",
    "bs" : "131072",
    "time_based" : "1",
    "ioengine" : "libaio",
    "iodepth" : "8",
    "direct" : "1",
    "buffered" : "0",
    "thread" : "0",
    "group_reporting" : "1",
    "filesize" : "32g",
    "size" : "32g",
    "filename_format" : "$jobnum.dat"
  },
  "jobs" : [
    {
      "jobname" : "fio-job",
      "groupid" : 0,
      "error" : 0,
      "eta" : 0,
      "elapsed" : 33,
      "job options" : {
        "rw" : "write"
      },
      "read" : {
        "io_bytes" : 0,
        "io_kbytes" : 0,
        "bw" : 0,
        "iops" : 0.000000,
        "runtime" : 0,
        "total_ios" : 0,
        "short_ios" : 0,
        "drop_ios" : 0,
        "slat_ns" : {
          "min" : 0,
          "max" : 0,
          "mean" : 0.000000,
          "stddev" : 0.000000
        },
        "clat_ns" : {
          "min" : 0,
          "max" : 0,
          "mean" : 0.000000,
          "stddev" : 0.000000,
          "percentile" : {
            "1.000000" : 0,
            "5.000000" : 0,
            "10.000000" : 0,
            "20.000000" : 0,
            "30.000000" : 0,
            "40.000000" : 0,
            "50.000000" : 0,
            "60.000000" : 0,
            "70.000000" : 0,
            "80.000000" : 0,
            "90.000000" : 0,
            "95.000000" : 0,
            "99.000000" : 0,
            "99.500000" : 0,
            "99.900000" : 0,
            "99.950000" : 0,
            "99.990000" : 0,
            "0.00" : 0,
            "0.00" : 0,
            "0.00" : 0
          },
          "bins" : {

          }
        },
        "lat_ns" : {
          "min" : 0,
          "max" : 0,
          "mean" : 0.000000,
          "stddev" : 0.000000
        },
        "bw_min" : 0,
        "bw_max" : 0,
        "bw_agg" : 0.000000,
        "bw_mean" : 0.000000,
        "bw_dev" : 0.000000,
        "bw_samples" : 0,
        "iops_min" : 0,
        "iops_max" : 0,
        "iops_mean" : 0.000000,
        "iops_stddev" : 0.000000,
        "iops_samples" : 0
      },
      "write" : {
        "io_bytes" : 2972450816,
        "io_kbytes" : 2902784,
        "bw" : 96720,
        "iops" : 755.631081,
        "runtime" : 30012,
        "total_ios" : 22678,
        "short_ios" : 0,
        "drop_ios" : 0,
        "slat_ns" : {
          "min" : 830175,
          "max" : 484619912,
          "mean" : 5219426.599039,
          "stddev" : 17094518.687335
        },
        "clat_ns" : {
          "min" : 4647,
          "max" : 492777798,
          "mean" : 36583680.995767,
          "stddev" : 42110932.131402,
          "percentile" : {
            "1.000000" : 8847360,
            "5.000000" : 12255232,
            "10.000000" : 15138816,
            "20.000000" : 19005440,
            "30.000000" : 21626880,
            "40.000000" : 23986176,
            "50.000000" : 26345472,
            "60.000000" : 28704768,
            "70.000000" : 31588352,
            "80.000000" : 35389440,
            "90.000000" : 46399488,
            "95.000000" : 156237824,
            "99.000000" : 217055232,
            "99.500000" : 229638144,
            "99.900000" : 450887680,
            "99.950000" : 488636416,
            "99.990000" : 492830720,
            "0.00" : 0,
            "0.00" : 0,
            "0.00" : 0
          },
          "bins" : {
            "4640" : 1,
            "5088" : 1,
            "6304" : 1,
            "8640" : 1,
            "1105920" : 1,
            "2408448" : 1,
            "6455296" : 1,
            "7176192" : 1,
            "7307264" : 1,
            "7438336" : 1,
            "7503872" : 1,
            "7569408" : 2,
            "7634944" : 5,
            "7700480" : 7,
            "7766016" : 6,
            "7831552" : 8,
            "7897088" : 7,
            "7962624" : 10,
            "8028160" : 14,
            "8093696" : 11,
            "8159232" : 8,
            "8224768" : 11,
            "8290304" : 17,
            "8355840" : 12,
            "8454144" : 27,
            "8585216" : 39,
            "8716288" : 27,
            "8847360" : 34,
            "8978432" : 46,
            "9109504" : 39,
            "9240576" : 40,
            "9371648" : 34,
            "9502720" : 50,
            "9633792" : 23,
            "9764864" : 35,
            "9895936" : 29,
            "10027008" : 29,
            "10158080" : 31,
            "10289152" : 47,
            "10420224" : 29,
            "10551296" : 31,
            "10682368" : 28,
            "10813440" : 31,
            "10944512" : 25,
            "11075584" : 34,
            "11206656" : 36,
            "11337728" : 28,
            "11468800" : 29,
            "11599872" : 35,
            "11730944" : 33,
            "11862016" : 41,
            "11993088" : 33,
            "12124160" : 52,
            "12255232" : 32,
            "12386304" : 52,
            "12517376" : 41,
            "12648448" : 54,
            "12779520" : 60,
            "12910592" : 58,
            "13041664" : 37,
            "13172736" : 42,
            "13303808" : 50,
            "13434880" : 54,
            "13565952" : 53,
            "13697024" : 49,
            "13828096" : 56,
            "13959168" : 40,
            "14090240" : 42,
            "14221312" : 57,
            "14352384" : 49,
            "14483456" : 61,
            "14614528" : 55,
            "14745600" : 47,
            "14876672" : 62,
            "15007744" : 60,
            "15138816" : 48,
            "15269888" : 62,
            "15400960" : 66,
            "15532032" : 57,
            "15663104" : 73,
            "15794176" : 71,
            "15925248" : 59,
            "16056320" : 79,
            "16187392" : 66,
            "16318464" : 62,
            "16449536" : 83,
            "16580608" : 89,
            "16711680" : 100,
            "16908288" : 152,
            "17170432" : 183,
            "17432576" : 176,
            "17694720" : 152,
            "17956864" : 168,
            "18219008" : 172,
            "18481152" : 162,
            "18743296" : 168,
            "19005440" : 190,
            "19267584" : 188,
            "19529728" : 195,
            "19791872" : 226,
            "20054016" : 218,
            "20316160" : 223,
            "20578304" : 235,
            "20840448" : 210,
            "21102592" : 264,
            "21364736" : 235,
            "21626880" : 267,
            "21889024" : 241,
            "22151168" : 261,
            "22413312" : 216,
            "22675456" : 219,
            "22937600" : 241,
            "23199744" : 226,
            "23461888" : 243,
            "23724032" : 271,
            "23986176" : 253,
            "24248320" : 246,
            "24510464" : 266,
            "24772608" : 273,
            "25034752" : 254,
            "25296896" : 255,
            "25559040" : 259,
            "25821184" : 271,
            "26083328" : 261,
            "26345472" : 276,
            "26607616" : 260,
            "26869760" : 257,
            "27131904" : 248,
            "27394048" : 225,
            "27656192" : 251,
            "27918336" : 307,
            "28180480" : 236,
            "28442624" : 257,
            "28704768" : 223,
            "28966912" : 232,
            "29229056" : 220,
            "29491200" : 229,
            "29753344" : 232,
            "30015488" : 225,
            "30277632" : 204,
            "30539776" : 217,
            "30801920" : 182,
            "31064064" : 192,
            "31326208" : 198,
            "31588352" : 209,
            "31850496" : 184,
            "32112640" : 161,
            "32374784" : 179,
            "32636928" : 158,
            "32899072" : 154,
            "33161216" : 127,
            "33423360" : 126,
            "33816576" : 293,