{
  "fio version" : "fio-3.1",
  "timestamp" : 1556099564,
  "timestamp_ms" : 1556099564042,
  "time" : "Wed Apr 24 09:52:44 2019",
  "global options" : {
    "fallocate" : "none",
    "runtime" : "30",
    "directory" : "data/fio_write/beegfs-write-64-qgfd7",
    "bs" : "524288",
    "time_based" : "1",
    "ioengine" : "libaio",
    "iodepth" : "8",
    "direct" : "1",
    "buffered" : "0",
    "thread" : "0",
    "group_reporting" : "1",
    "filesize" : "32g",
    "size" : "32g",
    "filename_format" : "$jobnum.dat"
  },
  "jobs" : [
    {
      "jobname" : "fio-job",
      "groupid" : 0,
      "error" : 0,
      "eta" : 0,
      "elapsed" : 31,
      "job options" : {
        "rw" : "write"
      },
      "read" : {
        "io_bytes" : 0,
        "io_kbytes" : 0,
        "bw" : 0,
        "iops" : 0.000000,
        "runtime" : 0,
        "total_ios" : 0,
        "short_ios" : 0,
        "drop_ios" : 0,
        "slat_ns" : {
          "min" : 0,
          "max" : 0,
          "mean" : 0.000000,
          "stddev" : 0.000000
        },
        "clat_ns" : {
          "min" : 0,
          "max" : 0,
          "mean" : 0.000000,
          "stddev" : 0.000000,
          "percentile" : {
            "1.000000" : 0,
            "5.000000" : 0,
            "10.000000" : 0,
            "20.000000" : 0,
            "30.000000" : 0,
            "40.000000" : 0,
            "50.000000" : 0,
            "60.000000" : 0,
            "70.000000" : 0,
            "80.000000" : 0,
            "90.000000" : 0,
            "95.000000" : 0,
            "99.000000" : 0,
            "99.500000" : 0,
            "99.900000" : 0,
            "99.950000" : 0,
            "99.990000" : 0,
            "0.00" : 0,
            "0.00" : 0,
            "0.00" : 0
          },
          "bins" : {

          }
        },
        "lat_ns" : {
          "min" : 0,
          "max" : 0,
          "mean" : 0.000000,
          "stddev" : 0.000000
        },
        "bw_min" : 0,
        "bw_max" : 0,
        "bw_agg" : 0.000000,
        "bw_mean" : 0.000000,
        "bw_dev" : 0.000000,
        "bw_samples" : 0,
        "iops_min" : 0,
        "iops_max" : 0,
        "iops_mean" : 0.000000,
        "iops_stddev" : 0.000000,
        "iops_samples" : 0
      },
      "write" : {
        "io_bytes" : 3146252288,
        "io_kbytes" : 3072512,
        "bw" : 102389,
        "iops" : 199.980005,
        "runtime" : 30008,
        "total_ios" : 6001,
        "short_ios" : 0,
        "drop_ios" : 0,
        "slat_ns" : {
          "min" : 4442715,
          "max" : 225542424,
          "mean" : 19967264.807365,
          "stddev" : 26594499.578754
        },
        "clat_ns" : {
          "min" : 7966,
          "max" : 382524947,
          "mean" : 139612232.892685,
          "stddev" : 64048059.827569,
          "percentile" : {
            "1.000000" : 67633152,
            "5.000000" : 84410368,
            "10.000000" : 91750400,
            "20.000000" : 100139008,
            "30.000000" : 104333312,
            "40.000000" : 109576192,
            "50.000000" : 114819072,
            "60.000000" : 120061952,
            "70.000000" : 129499136,
            "80.000000" : 170917888,
            "90.000000" : 258998272,
            "95.000000" : 287309824,
            "99.000000" : 325058560,
            "99.500000" : 333447168,
            "99.900000" : 350224384,
            "99.950000" : 358612992,
            "99.990000" : 383778816,
            "0.00" : 0,
            "0.00" : 0,
            "0.00" : 0
          },
          "bins" : {
            "7968" : 1,
            "8768" : 1,
            "9664" : 1,
            "10176" : 1,
            "8159232" : 1,
            "8454144" : 1,
            "14352384" : 1,
            "14745600" : 1,
            "20840448" : 1,
            "22937600" : 1,
            "28704768" : 1,
            "29229056" : 1,
            "34865152" : 1,
            "36438016" : 1,
            "42205184" : 2,
            "44826624" : 1,
            "50069504" : 1,
            "51642368" : 2,
            "53739520" : 1,
            "54263808" : 1,
            "56885248" : 1,
            "57409536" : 1,
            "58458112" : 1,
            "58982400" : 2,
            "61079552" : 2,
            "62652416" : 1,
            "63176704" : 4,
            "63700992" : 4,
            "64225280" : 7,
            "64749568" : 2,
            "65273856" : 4,
            "65798144" : 3,
            "66322432" : 5,
            "66846720" : 1,
            "67633152" : 6,
            "68681728" : 5,
            "69730304" : 9,
            "70778880" : 11,
            "71827456" : 14,
            "72876032" : 10,
            "73924608" : 12,
            "74973184" : 10,
            "76021760" : 15,
            "77070336" : 12,
            "78118912" : 16,
            "79167488" : 14,
            "80216064" : 21,
            "81264640" : 21,
            "82313216" : 33,
            "83361792" : 26,
            "84410368" : 28,
            "85458944" : 33,
            "86507520" : 48,
            "87556096" : 45,
            "88604672" : 38,
            "89653248" : 51,
            "90701824" : 46,
            "91750400" : 53,
            "92798976" : 62,
            "93847552" : 70,
            "94896128" : 78,
            "95944704" : 74,
            "96993280" : 89,
            "98041856" : 94,
            "99090432" : 89,
            "100139008" : 122,
            "101187584" : 108,
            "102236160" : 145,
            "103284736" : 109,
            "104333312" : 138,
            "105381888" : 134,
            "106430464" : 138,
            "107479040" : 121,
            "108527616" : 137,
            "109576192" : 130,
            "110624768" : 125,
            "111673344" : 135,
            "112721920" : 122,
            "113770496" : 118,
            "114819072" : 114,
            "115867648" : 107,
            "116916224" : 106,
            "117964800" : 115,
            "119013376" : 102,
            "120061952" : 95,
            "121110528" : 76,
            "122159104" : 84,
            "123207680" : 83,
            "124256256" : 68,
            "125304832" : 67,
            "126353408" : 59,
            "127401984" : 53,
            "128450560" : 51,
            "129499136" : 64,
            "130547712" : 66,
            "131596288" : 38,
            "132644864" : 35,
            "133693440" : 35,
            "135266304" : 65,
            "137363456" : 65,
            "139460608" : 56,
            "141557760" : 40,
            "143654912" : 43,
            "145752064" : 23,
            "147849216" : 22,
            "149946368" : 17,
            "152043520" : 13,
            "154140672" : 16,
            "156237824" : 10,
            "158334976" : 6,
            "160432128" : 9,
            "162529280" : 6,
            "164626432" : 7,
            "166723584" : 2,
            "168820736" : 1,
            "170917888" : 7,
            "173015040" : 6,
            "175112192" : 4,
            "177209344" : 7,
            "179306496" : 9,
            "181403648" : 6,
            "183500800" : 15,
            "185597952" : 4,
            "187695104" : 7,
            "189792256" : 4,
            "191889408" : 6,
            "193986560" : 11,
            "196083712" : 3,
            "198180864" : 6,
            "200278016" : 7,
            "202375168" : 8,
            "204472320" : 9,
            "206569472" : 13,
            "208666624" : 16,
            "210763776" : 21,
            "212860928" : 11,
            "214958080" : 19,
            "217055232" : 20,
            "219152384" : 23,
            "221249536" : 17,
            "223346688" : 22,
            "225443840" : 19,
            "227540992" : 18,
            "229638144" : 21,
            "231735296" : 18,
            "233832448" : 20,
            "235929600" : 14,
            "238026752" : 14,
            "240123904" : 23,
            "242221056" : 16,
            "244318208" : 22,