{
  "fio version" : "fio-3.1",
  "timestamp" : 1574247231,
  "timestamp_ms" : 1574247231267,
  "time" : "Wed Nov 20 10:53:51 2019",
  "global options" : {
    "directory" : "data/fio_write/beegfs-write-64-kkcll",
    "bs" : "256",
    "fallocate" : "none",
    "runtime" : "30",
    "time_based" : "1",
    "ioengine" : "libaio",
    "iodepth" : "8",
    "direct" : "1",
    "buffered" : "0",
    "invalidate" : "1",
    "ramp_time" : "0",
    "thread" : "0",
    "group_reporting" : "1",
    "filesize" : "32g",
    "size" : "32g",
    "filename_format" : "$jobnum.dat"
  },
  "jobs" : [
    {
      "jobname" : "fio-job",
      "groupid" : 0,
      "error" : 0,
      "eta" : 0,
      "elapsed" : 31,
      "job options" : {
        "rw" : "write"
      },
      "read" : {
        "io_bytes" : 0,
        "io_kbytes" : 0,
        "bw" : 0,
        "iops" : 0.000000,
        "runtime" : 0,
        "total_ios" : 0,
        "short_ios" : 0,
        "drop_ios" : 0,
        "slat_ns" : {
          "min" : 0,
          "max" : 0,
          "mean" : 0.000000,
          "stddev" : 0.000000
        },
        "clat_ns" : {
          "min" : 0,
          "max" : 0,
          "mean" : 0.000000,
          "stddev" : 0.000000,
          "percentile" : {
            "1.000000" : 0,
            "5.000000" : 0,
            "10.000000" : 0,
            "20.000000" : 0,
            "30.000000" : 0,
            "40.000000" : 0,
            "50.000000" : 0,
            "60.000000" : 0,
            "70.000000" : 0,
            "80.000000" : 0,
            "90.000000" : 0,
            "95.000000" : 0,
            "99.000000" : 0,
            "99.500000" : 0,
            "99.900000" : 0,
            "99.950000" : 0,
            "99.990000" : 0,
            "0.00" : 0,
            "0.00" : 0,
            "0.00" : 0
          },
          "bins" : {

          }
        },
        "lat_ns" : {
          "min" : 0,
          "max" : 0,
          "mean" : 0.000000,
          "stddev" : 0.000000
        },
        "bw_min" : 0,
        "bw_max" : 0,
        "bw_agg" : 0.000000,
        "bw_mean" : 0.000000,
        "bw_dev" : 0.000000,
        "bw_samples" : 0,
        "iops_min" : 0,
        "iops_max" : 0,
        "iops_mean" : 0.000000,
        "iops_stddev" : 0.000000,
        "iops_samples" : 0
      },
      "write" : {
        "io_bytes" : 182181120,
        "io_kbytes" : 177911,
        "bw" : 5930,
        "iops" : 23720.709310,
        "runtime" : 30001,
        "total_ios" : 711645,
        "short_ios" : 0,
        "drop_ios" : 0,
        "slat_ns" : {
          "min" : 25150,
          "max" : 10949290,
          "mean" : 163226.152069,
          "stddev" : 100494.963120
        },
        "clat_ns" : {
          "min" : 2697,
          "max" : 11656438,
          "mean" : 1182594.016066,
          "stddev" : 307001.316505,
          "percentile" : {
            "1.000000" : 651264,
            "5.000000" : 782336,
            "10.000000" : 847872,
            "20.000000" : 946176,
            "30.000000" : 1011712,
            "40.000000" : 1073152,
            "50.000000" : 1138688,
            "60.000000" : 1220608,
            "70.000000" : 1286144,
            "80.000000" : 1400832,
            "90.000000" : 1548288,
            "95.000000" : 1712128,
            "99.000000" : 2056192,
            "99.500000" : 2211840,
            "99.900000" : 2703360,
            "99.950000" : 3194880,
            "99.990000" : 7766016,
            "0.00" : 0,
            "0.00" : 0,
            "0.00" : 0
          },
          "bins" : {
            "2704" : 1,
            "2864" : 1,
            "3408" : 1,
            "4448" : 1,
            "90624" : 1,
            "120320" : 1,
            "148480" : 1,
            "220160" : 1,
            "242688" : 1,
            "248832" : 1,
            "250880" : 2,
            "252928" : 1,
            "261120" : 1,
            "264192" : 1,
            "272384" : 2,
            "276480" : 1,
            "280576" : 2,
            "288768" : 2,
            "296960" : 1,
            "309248" : 2,
            "329728" : 1,
            "333824" : 3,
            "342016" : 3,
            "346112" : 2,
            "350208" : 2,
            "354304" : 3,
            "358400" : 4,
            "362496" : 3,
            "366592" : 5,
            "370688" : 1,
            "374784" : 4,
            "378880" : 13,
            "382976" : 5,
            "387072" : 6,
            "391168" : 4,
            "395264" : 3,
            "399360" : 2,
            "403456" : 7,
            "407552" : 9,
            "411648" : 11,
            "415744" : 11,
            "419840" : 14,
            "423936" : 13,
            "428032" : 8,
            "432128" : 17,
            "436224" : 17,
            "440320" : 19,
            "444416" : 16,
            "448512" : 27,
            "452608" : 24,
            "456704" : 23,
            "460800" : 25,
            "464896" : 37,
            "468992" : 39,
            "473088" : 35,
            "477184" : 41,
            "481280" : 41,
            "485376" : 48,
            "489472" : 47,
            "493568" : 54,
            "497664" : 37,
            "501760" : 61,
            "505856" : 71,
            "509952" : 58,
            "514048" : 54,
            "518144" : 65,
            "522240" : 82,
            "528384" : 164,
            "536576" : 193,
            "544768" : 193,
            "552960" : 219,
            "561152" : 246,
            "569344" : 276,
            "577536" : 329,
            "585728" : 348,
            "593920" : 415,
            "602112" : 403,
            "610304" : 494,
            "618496" : 580,
            "626688" : 659,
            "634880" : 658,
            "643072" : 731,
            "651264" : 803,
            "659456" : 934,
            "667648" : 975,
            "675840" : 1122,
            "684032" : 1135,
            "692224" : 1287,
            "700416" : 1415,
            "708608" : 1531,
            "716800" : 1790,
            "724992" : 1869,
            "733184" : 1998,
            "741376" : 2239,
            "749568" : 2404,
            "757760" : 2595,
            "765952" : 2739,
            "774144" : 3030,
            "782336" : 3183,
            "790528" : 3434,
            "798720" : 3636,
            "806912" : 3789,
            "815104" : 3969,
            "823296" : 4275,
            "831488" : 4433,
            "839680" : 4801,
            "847872" : 4869,
            "856064" : 5183,
            "864256" : 5338,
            "872448" : 5577,
            "880640" : 5864,
            "888832" : 6060,
            "897024" : 6336,
            "905216" : 6766,
            "913408" : 6944,
            "921600" : 7143,
            "929792" : 7071,
            "937984" : 7292,
            "946176" : 7390,
            "954368" : 7584,
            "962560" : 7740,
            "970752" : 8040,
            "978944" : 8088,
            "987136" : 8323,
            "995328" : 8591,
            "1003520" : 8782,
            "1011712" : 8681,
            "1019904" : 8693,
            "1028096" : 8749,
            "1036288" : 8768,
            "1044480" : 8895,
            "1056768" : 17973,
            "1073152" : 17953,
            "1089536" : 18532,
            "1105920" : 18226,
            "1122304" : 17981,
            "1138688" : 17508,
            "1155072" : 17218,
            "1171456" : 17067,
            "1187840" : 16764,
            "1204224" : 16507,
            "1220608" : 15975,
            "1236992" : 15375,
            "1253376" : 14768,
            "1269760" : 14332,
            "1286144" : 13857,
            "1302528" : 12890,
            "1318912" : 12407,
            "1335296" : 11940,
            "1351680" : 11426,
            "1368064" : 10517,
            "1384448" : 10203,
            "1400832" : 9401,
            "1417216" : 8917,
            "1433600" : 8351,
            "1449984" : 7888,
            "1466368" : 7501,