{
  "fio version" : "fio-3.1",
  "timestamp" : 1556100088,
  "timestamp_ms" : 1556100088119,
  "time" : "Wed Apr 24 10:01:28 2019",
  "global options" : {
    "fallocate" : "none",
    "runtime" : "30",
    "directory" : "data/fio_write/beegfs-randwrite-64-fs2dr",
    "bs" : "2048",
    "time_based" : "1",
    "ioengine" : "libaio",
    "iodepth" : "8",
    "direct" : "1",
    "buffered" : "0",
    "thread" : "0",
    "group_reporting" : "1",
    "filesize" : "32g",
    "size" : "32g",
    "filename_format" : "$jobnum.dat"
  },
  "jobs" : [
    {
      "jobname" : "fio-job",
      "groupid" : 0,
      "error" : 0,
      "eta" : 0,
      "elapsed" : 39,
      "job options" : {
        "rw" : "randwrite"
      },
      "read" : {
        "io_bytes" : 0,
        "io_kbytes" : 0,
        "bw" : 0,
        "iops" : 0.000000,
        "runtime" : 0,
        "total_ios" : 0,
        "short_ios" : 0,
        "drop_ios" : 0,
        "slat_ns" : {
          "min" : 0,
          "max" : 0,
          "mean" : 0.000000,
          "stddev" : 0.000000
        },
        "clat_ns" : {
          "min" : 0,
          "max" : 0,
          "mean" : 0.000000,
          "stddev" : 0.000000,
          "percentile" : {
            "1.000000" : 0,
            "5.000000" : 0,
            "10.000000" : 0,
            "20.000000" : 0,
            "30.000000" : 0,
            "40.000000" : 0,
            "50.000000" : 0,
            "60.000000" : 0,
            "70.000000" : 0,
            "80.000000" : 0,
            "90.000000" : 0,
            "95.000000" : 0,
            "99.000000" : 0,
            "99.500000" : 0,
            "99.900000" : 0,
            "99.950000" : 0,
            "99.990000" : 0,
            "0.00" : 0,
            "0.00" : 0,
            "0.00" : 0
          },
          "bins" : {

          }
        },
        "lat_ns" : {
          "min" : 0,
          "max" : 0,
          "mean" : 0.000000,
          "stddev" : 0.000000
        },
        "bw_min" : 0,
        "bw_max" : 0,
        "bw_agg" : 0.000000,
        "bw_mean" : 0.000000,
        "bw_dev" : 0.000000,
        "bw_samples" : 0,
        "iops_min" : 0,
        "iops_max" : 0,
        "iops_mean" : 0.000000,
        "iops_stddev" : 0.000000,
        "iops_samples" : 0
      },
      "write" : {
        "io_bytes" : 1517568,
        "io_kbytes" : 1482,
        "bw" : 39,
        "iops" : 19.693829,
        "runtime" : 37626,
        "total_ios" : 741,
        "short_ios" : 0,
        "drop_ios" : 0,
        "slat_ns" : {
          "min" : 90519,
          "max" : 13360509434,
          "mean" : 182869767.927125,
          "stddev" : 801538111.522226
        },
        "clat_ns" : {
          "min" : 7684,
          "max" : 14169414957,
          "mean" : 1279363747.696356,
          "stddev" : 2214391642.093781,
          "percentile" : {
            "1.000000" : 1073152,
            "5.000000" : 5079040,
            "10.000000" : 15663104,
            "20.000000" : 43253760,
            "30.000000" : 96993280,
            "40.000000" : 304087040,
            "50.000000" : 534773760,
            "60.000000" : 826277888,
            "70.000000" : 1249902592,
            "80.000000" : 1904214016,
            "90.000000" : 3204448256,
            "95.000000" : 4529848320,
            "99.000000" : 13354663936,
            "99.500000" : 14159970304,
            "99.900000" : 14159970304,
            "99.950000" : 14159970304,
            "99.990000" : 14159970304,
            "0.00" : 0,
            "0.00" : 0,
            "0.00" : 0
          },
          "bins" : {
            "7712" : 1,
            "9920" : 1,
            "10304" : 1,
            "11584" : 1,
            "987136" : 1,
            "1011712" : 2,
            "1073152" : 1,
            "1105920" : 1,
            "1138688" : 2,
            "1155072" : 1,
            "1171456" : 1,
            "1204224" : 1,
            "1236992" : 1,
            "1417216" : 1,
            "1613824" : 2,
            "1630208" : 1,
            "1794048" : 2,
            "2088960" : 2,
            "2113536" : 2,
            "2179072" : 2,
            "2211840" : 1,
            "2277376" : 1,
            "2441216" : 1,
            "2506752" : 1,
            "3391488" : 1,
            "3424256" : 1,
            "3751936" : 1,
            "4112384" : 2,
            "4177920" : 1,
            "5079040" : 1,
            "5341184" : 1,
            "6848512" : 1,
            "6914048" : 1,
            "6979584" : 1,
            "7831552" : 1,
            "7897088" : 2,
            "7962624" : 1,
            "8093696" : 2,
            "8224768" : 2,
            "8716288" : 1,
            "8847360" : 1,
            "9240576" : 1,
            "9764864" : 1,
            "10289152" : 1,
            "10420224" : 1,
            "10551296" : 1,
            "11468800" : 1,
            "11599872" : 1,
            "12779520" : 3,
            "13172736" : 1,
            "13434880" : 1,
            "13565952" : 1,
            "14352384" : 1,
            "14483456" : 2,
            "14614528" : 1,
            "14876672" : 3,
            "15400960" : 1,
            "15532032" : 1,
            "15663104" : 1,
            "16056320" : 1,
            "16187392" : 1,
            "16580608" : 1,
            "16908288" : 1,
            "17170432" : 1,
            "17956864" : 1,
            "18219008" : 2,
            "18481152" : 3,
            "18743296" : 5,
            "19791872" : 1,
            "20054016" : 1,
            "20316160" : 3,
            "23724032" : 3,
            "24510464" : 1,
            "24772608" : 2,
            "25034752" : 2,
            "25559040" : 1,
            "26345472" : 1,
            "26869760" : 1,
            "27131904" : 1,
            "27394048" : 1,
            "27918336" : 1,
            "28180480" : 3,
            "28442624" : 1,
            "29491200" : 1,
            "30015488" : 1,
            "31064064" : 1,
            "31326208" : 1,
            "31850496" : 1,
            "32636928" : 2,
            "33423360" : 1,
            "33816576" : 2,
            "34865152" : 5,
            "35389440" : 3,
            "35913728" : 1,
            "36962304" : 1,
            "37486592" : 1,
            "39583744" : 3,
            "40108032" : 5,
            "41156608" : 1,
            "41680896" : 2,
            "42729472" : 2,
            "43253760" : 1,
            "44302336" : 3,
            "44826624" : 1,
            "45875200" : 1,
            "46399488" : 2,
            "47972352" : 2,
            "49020928" : 2,
            "49545216" : 1,
            "50069504" : 1,
            "50593792" : 2,
            "51118080" : 2,
            "52690944" : 2,
            "54263808" : 3,
            "54788096" : 2,
            "55312384" : 3,
            "56885248" : 2,
            "57933824" : 2,
            "58458112" : 1,
            "59506688" : 1,
            "60030976" : 4,
            "62652416" : 1,
            "63176704" : 1,
            "65273856" : 1,
            "66846720" : 1,
            "67633152" : 2,
            "68681728" : 2,
            "69730304" : 2,
            "73924608" : 1,
            "74973184" : 2,
            "76021760" : 1,
            "77070336" : 2,
            "81264640" : 2,
            "83361792" : 5,
            "84410368" : 3,
            "85458944" : 4,
            "86507520" : 2,
            "90701824" : 1,
            "94896128" : 1,
            "95944704" : 2,
            "96993280" : 1,
            "98041856" : 1,
            "99090432" : 1,
            "101187584" : 2,
            "103284736" : 4,
            "108527616" : 5,
            "109576192" : 1,
            "116916224" : 2,
            "119013376" : 1,
            "120061952" : 1,
            "124256256" : 1,
            "127401984" : 7,
            "128450560" : 1,
            "145752064" : 2,
            "154140672" : 1,
            "158334976" : 2,
            "160432128" : 1,
            "179306496" : 7,
            "200278016" : 7,