{
  "fio version" : "fio-3.1",
  "timestamp" : 1574244992,
  "timestamp_ms" : 1574244992455,
  "time" : "Wed Nov 20 10:16:32 2019",
  "global options" : {
    "directory" : "data/fio_write/beegfs-write-8-gnlk6",
    "bs" : "2048",
    "fallocate" : "none",
    "runtime" : "30",
    "time_based" : "1",
    "ioengine" : "libaio",
    "iodepth" : "8",
    "direct" : "1",
    "buffered" : "0",
    "invalidate" : "1",
    "ramp_time" : "0",
    "thread" : "0",
    "group_reporting" : "1",
    "filesize" : "32g",
    "size" : "32g",
    "filename_format" : "$jobnum.dat"
  },
  "jobs" : [
    {
      "jobname" : "fio-job",
      "groupid" : 0,
      "error" : 0,
      "eta" : 0,
      "elapsed" : 31,
      "job options" : {
        "rw" : "write"
      },
      "read" : {
        "io_bytes" : 0,
        "io_kbytes" : 0,
        "bw" : 0,
        "iops" : 0.000000,
        "runtime" : 0,
        "total_ios" : 0,
        "short_ios" : 0,
        "drop_ios" : 0,
        "slat_ns" : {
          "min" : 0,
          "max" : 0,
          "mean" : 0.000000,
          "stddev" : 0.000000
        },
        "clat_ns" : {
          "min" : 0,
          "max" : 0,
          "mean" : 0.000000,
          "stddev" : 0.000000,
          "percentile" : {
            "1.000000" : 0,
            "5.000000" : 0,
            "10.000000" : 0,
            "20.000000" : 0,
            "30.000000" : 0,
            "40.000000" : 0,
            "50.000000" : 0,
            "60.000000" : 0,
            "70.000000" : 0,
            "80.000000" : 0,
            "90.000000" : 0,
            "95.000000" : 0,
            "99.000000" : 0,
            "99.500000" : 0,
            "99.900000" : 0,
            "99.950000" : 0,
            "99.990000" : 0,
            "0.00" : 0,
            "0.00" : 0,
            "0.00" : 0
          },
          "bins" : {

          }
        },
        "lat_ns" : {
          "min" : 0,
          "max" : 0,
          "mean" : 0.000000,
          "stddev" : 0.000000
        },
        "bw_min" : 0,
        "bw_max" : 0,
        "bw_agg" : 0.000000,
        "bw_mean" : 0.000000,
        "bw_dev" : 0.000000,
        "bw_samples" : 0,
        "iops_min" : 0,
        "iops_max" : 0,
        "iops_mean" : 0.000000,
        "iops_stddev" : 0.000000,
        "iops_samples" : 0
      },
      "write" : {
        "io_bytes" : 3482996736,
        "io_kbytes" : 3401364,
        "bw" : 113375,
        "iops" : 56687.510416,
        "runtime" : 30001,
        "total_ios" : 1700682,
        "short_ios" : 0,
        "drop_ios" : 0,
        "slat_ns" : {
          "min" : 17159,
          "max" : 3390234,
          "mean" : 66059.741481,
          "stddev" : 39767.038713
        },
        "clat_ns" : {
          "min" : 1899,
          "max" : 3738880,
          "mean" : 496158.269932,
          "stddev" : 118459.841488,
          "percentile" : {
            "1.000000" : 252928,
            "5.000000" : 321536,
            "10.000000" : 378880,
            "20.000000" : 419840,
            "30.000000" : 444416,
            "40.000000" : 460800,
            "50.000000" : 481280,
            "60.000000" : 501760,
            "70.000000" : 528384,
            "80.000000" : 561152,
            "90.000000" : 626688,
            "95.000000" : 708608,
            "99.000000" : 921600,
            "99.500000" : 987136,
            "99.900000" : 1122304,
            "99.950000" : 1187840,
            "99.990000" : 1449984,
            "0.00" : 0,
            "0.00" : 0,
            "0.00" : 0
          },
          "bins" : {
            "1896" : 1,
            "2040" : 1,
            "2384" : 1,
            "2480" : 1,
            "42752" : 1,
            "55552" : 1,
            "72192" : 1,
            "96768" : 1,
            "100864" : 1,
            "102912" : 1,
            "124416" : 1,
            "144384" : 1,
            "148480" : 1,
            "150528" : 1,
            "162816" : 1,
            "173056" : 1,
            "175104" : 1,
            "187392" : 2,
            "189440" : 5,
            "193536" : 1,
            "195584" : 1,
            "197632" : 1,
            "199680" : 2,
            "201728" : 1,
            "205824" : 3,
            "207872" : 8,
            "209920" : 11,
            "211968" : 14,
            "214016" : 22,
            "216064" : 32,
            "218112" : 61,
            "220160" : 111,
            "222208" : 196,
            "224256" : 371,
            "226304" : 483,
            "228352" : 642,
            "230400" : 832,
            "232448" : 1077,
            "234496" : 1152,
            "236544" : 1290,
            "238592" : 1312,
            "240640" : 1336,
            "242688" : 1438,
            "244736" : 1542,
            "246784" : 1521,
            "248832" : 1628,
            "250880" : 1727,
            "252928" : 1837,
            "254976" : 1824,
            "257024" : 1793,
            "259072" : 1808,
            "261120" : 1868,
            "264192" : 3899,
            "268288" : 3794,
            "272384" : 3957,
            "276480" : 4124,
            "280576" : 4019,
            "284672" : 4162,
            "288768" : 4124,
            "292864" : 4099,
            "296960" : 4011,
            "301056" : 4190,
            "305152" : 4175,
            "309248" : 4221,
            "313344" : 4238,
            "317440" : 4224,
            "321536" : 4333,
            "325632" : 4473,
            "329728" : 4550,
            "333824" : 4590,
            "337920" : 4797,
            "342016" : 4920,
            "346112" : 5109,
            "350208" : 5214,
            "354304" : 5626,
            "358400" : 5967,
            "362496" : 6277,
            "366592" : 6915,
            "370688" : 7401,
            "374784" : 8215,
            "378880" : 9083,
            "382976" : 9972,
            "387072" : 11064,
            "391168" : 12584,
            "395264" : 13975,
            "399360" : 16027,
            "403456" : 17815,
            "407552" : 19567,
            "411648" : 21393,
            "415744" : 23613,
            "419840" : 25784,
            "423936" : 27353,
            "428032" : 29661,
            "432128" : 30931,
            "436224" : 33159,
            "440320" : 34320,
            "444416" : 35245,
            "448512" : 36574,
            "452608" : 37162,
            "456704" : 37205,
            "460800" : 37703,
            "464896" : 37835,
            "468992" : 38032,
            "473088" : 37195,
            "477184" : 36885,
            "481280" : 36222,
            "485376" : 35653,
            "489472" : 34798,
            "493568" : 33538,
            "497664" : 32748,
            "501760" : 31591,
            "505856" : 30244,
            "509952" : 29273,
            "514048" : 28246,
            "518144" : 27217,
            "522240" : 25470,
            "528384" : 48383,
            "536576" : 44025,
            "544768" : 39872,
            "552960" : 36530,
            "561152" : 32580,
            "569344" : 29720,
            "577536" : 26648,
            "585728" : 23662,
            "593920" : 21067,
            "602112" : 18963,
            "610304" : 16764,
            "618496" : 15067,
            "626688" : 13357,
            "634880" : 11891,
            "643072" : 10485,
            "651264" : 9592,
            "659456" : 8559,
            "667648" : 7697,
            "675840" : 6801,
            "684032" : 6188,
            "692224" : 5699,
            "700416" : 5290,
            "708608" : 4748,
            "716800" : 4361,
            "724992" : 4090,
            "733184" : 3728,
            "741376" : 3564,
            "749568" : 3391,
            "757760" : 3138,
            "765952" : 3002,
            "774144" : 2854,
            "782336" : 2793,
            "790528" : 2619,
            "798720" : 2476,
            "806912" : 2463,
            "815104" : 2267,
            "823296" : 2285,
            "831488" : 2182,
            "839680" : 2040,