{
  "fio version" : "fio-3.1",
  "timestamp" : 1556724862,
  "timestamp_ms" : 1556724862641,
  "time" : "Wed May  1 15:34:22 2019",
  "global options" : {
    "fallocate" : "none",
    "runtime" : "30",
    "directory" : "data/fio_write/beegfs-write-8-vl7hp",
    "bs" : "262144",
    "time_based" : "1",
    "ioengine" : "libaio",
    "iodepth" : "8",
    "direct" : "1",
    "buffered" : "0",
    "thread" : "0",
    "group_reporting" : "1",
    "filesize" : "32g",
    "size" : "32g",
    "filename_format" : "$jobnum.dat"
  },
  "jobs" : [
    {
      "jobname" : "fio-job",
      "groupid" : 0,
      "error" : 0,
      "eta" : 0,
      "elapsed" : 31,
      "job options" : {
        "rw" : "write"
      },
      "read" : {
        "io_bytes" : 0,
        "io_kbytes" : 0,
        "bw" : 0,
        "iops" : 0.000000,
        "runtime" : 0,
        "total_ios" : 0,
        "short_ios" : 0,
        "drop_ios" : 0,
        "slat_ns" : {
          "min" : 0,
          "max" : 0,
          "mean" : 0.000000,
          "stddev" : 0.000000
        },
        "clat_ns" : {
          "min" : 0,
          "max" : 0,
          "mean" : 0.000000,
          "stddev" : 0.000000,
          "percentile" : {
            "1.000000" : 0,
            "5.000000" : 0,
            "10.000000" : 0,
            "20.000000" : 0,
            "30.000000" : 0,
            "40.000000" : 0,
            "50.000000" : 0,
            "60.000000" : 0,
            "70.000000" : 0,
            "80.000000" : 0,
            "90.000000" : 0,
            "95.000000" : 0,
            "99.000000" : 0,
            "99.500000" : 0,
            "99.900000" : 0,
            "99.950000" : 0,
            "99.990000" : 0,
            "0.00" : 0,
            "0.00" : 0,
            "0.00" : 0
          },
          "bins" : {

          }
        },
        "lat_ns" : {
          "min" : 0,
          "max" : 0,
          "mean" : 0.000000,
          "stddev" : 0.000000
        },
        "bw_min" : 0,
        "bw_max" : 0,
        "bw_agg" : 0.000000,
        "bw_mean" : 0.000000,
        "bw_dev" : 0.000000,
        "bw_samples" : 0,
        "iops_min" : 0,
        "iops_max" : 0,
        "iops_mean" : 0.000000,
        "iops_stddev" : 0.000000,
        "iops_samples" : 0
      },
      "write" : {
        "io_bytes" : 14199029760,
        "io_kbytes" : 13866240,
        "bw" : 462192,
        "iops" : 1805.439819,
        "runtime" : 30001,
        "total_ios" : 54165,
        "short_ios" : 0,
        "drop_ios" : 0,
        "slat_ns" : {
          "min" : 221986,
          "max" : 29673906,
          "mean" : 2212630.234856,
          "stddev" : 2663817.555643
        },
        "clat_ns" : {
          "min" : 2228,
          "max" : 61626453,
          "mean" : 15505834.069141,
          "stddev" : 9149461.254435,
          "percentile" : {
            "1.000000" : 2834432,
            "5.000000" : 3915776,
            "10.000000" : 5079040,
            "20.000000" : 7176192,
            "30.000000" : 9109504,
            "40.000000" : 11206656,
            "50.000000" : 13565952,
            "60.000000" : 16318464,
            "70.000000" : 19529728,
            "80.000000" : 23724032,
            "90.000000" : 29229056,
            "95.000000" : 32899072,
            "99.000000" : 39583744,
            "99.500000" : 41680896,
            "99.900000" : 47972352,
            "99.950000" : 50593792,
            "99.990000" : 56360960,
            "0.00" : 0,
            "0.00" : 0,
            "0.00" : 0
          },
          "bins" : {
            "2224" : 1,
            "2288" : 1,
            "2416" : 1,
            "3728" : 1,
            "292864" : 1,
            "528384" : 1,
            "610304" : 1,
            "1056768" : 1,
            "1089536" : 1,
            "1187840" : 1,
            "1417216" : 1,
            "1515520" : 1,
            "1564672" : 1,
            "1925120" : 1,
            "2007040" : 1,
            "2113536" : 2,
            "2179072" : 1,
            "2211840" : 1,
            "2244608" : 2,
            "2277376" : 3,
            "2310144" : 7,
            "2342912" : 8,
            "2375680" : 11,
            "2408448" : 15,
            "2441216" : 22,
            "2473984" : 15,
            "2506752" : 25,
            "2539520" : 26,
            "2572288" : 39,
            "2605056" : 32,
            "2637824" : 39,
            "2670592" : 55,
            "2703360" : 54,
            "2736128" : 45,
            "2768896" : 58,
            "2801664" : 39,
            "2834432" : 56,
            "2867200" : 73,
            "2899968" : 73,
            "2932736" : 76,
            "2965504" : 59,
            "2998272" : 69,
            "3031040" : 73,
            "3063808" : 65,
            "3096576" : 68,
            "3129344" : 70,
            "3162112" : 58,
            "3194880" : 60,
            "3227648" : 59,
            "3260416" : 71,
            "3293184" : 65,
            "3325952" : 50,
            "3358720" : 73,
            "3391488" : 58,
            "3424256" : 65,
            "3457024" : 61,
            "3489792" : 62,
            "3522560" : 81,
            "3555328" : 64,
            "3588096" : 69,
            "3620864" : 66,
            "3653632" : 65,
            "3686400" : 67,
            "3719168" : 60,
            "3751936" : 73,
            "3784704" : 71,
            "3817472" : 76,
            "3850240" : 55,
            "3883008" : 67,
            "3915776" : 50,
            "3948544" : 72,
            "3981312" : 69,
            "4014080" : 90,
            "4046848" : 75,
            "4079616" : 68,
            "4112384" : 71,
            "4145152" : 66,
            "4177920" : 59,
            "4227072" : 168,
            "4292608" : 148,
            "4358144" : 138,
            "4423680" : 153,
            "4489216" : 151,
            "4554752" : 145,
            "4620288" : 146,
            "4685824" : 150,
            "4751360" : 152,
            "4816896" : 161,
            "4882432" : 143,
            "4947968" : 142,
            "5013504" : 147,
            "5079040" : 176,
            "5144576" : 154,
            "5210112" : 162,
            "5275648" : 160,
            "5341184" : 153,
            "5406720" : 176,
            "5472256" : 155,
            "5537792" : 182,
            "5603328" : 148,
            "5668864" : 175,
            "5734400" : 177,
            "5799936" : 191,
            "5865472" : 170,
            "5931008" : 173,
            "5996544" : 162,
            "6062080" : 189,
            "6127616" : 189,
            "6193152" : 168,
            "6258688" : 162,
            "6324224" : 179,
            "6389760" : 197,
            "6455296" : 185,
            "6520832" : 169,
            "6586368" : 183,
            "6651904" : 196,
            "6717440" : 194,
            "6782976" : 175,
            "6848512" : 151,
            "6914048" : 172,
            "6979584" : 137,
            "7045120" : 163,
            "7110656" : 189,
            "7176192" : 180,
            "7241728" : 189,
            "7307264" : 182,
            "7372800" : 190,
            "7438336" : 197,
            "7503872" : 157,
            "7569408" : 175,
            "7634944" : 198,
            "7700480" : 193,
            "7766016" : 170,
            "7831552" : 195,
            "7897088" : 184,
            "7962624" : 202,
            "8028160" : 178,
            "8093696" : 190,
            "8159232" : 167,
            "8224768" : 210,
            "8290304" : 185,
            "8355840" : 188,
            "8454144" : 368,
            "8585216" : 359,
            "8716288" : 358,
            "8847360" : 340,
            "8978432" : 352,
            "9109504" : 363,
            "9240576" : 368,
            "9371648" : 321,
            "9502720" : 350,
            "9633792" : 350,
            "9764864" : 331,
            "9895936" : 326,
            "10027008" : 344,
            "10158080" : 348,
            "10289152" : 341,