{
  "fio version" : "fio-3.1",
  "timestamp" : 1574273979,
  "timestamp_ms" : 1574273979957,
  "time" : "Wed Nov 20 18:19:39 2019",
  "global options" : {
    "directory" : "data/fio_write/beegfs-write-64-4vzdv",
    "bs" : "2097152",
    "fallocate" : "none",
    "runtime" : "30",
    "time_based" : "1",
    "ioengine" : "libaio",
    "iodepth" : "8",
    "direct" : "1",
    "buffered" : "0",
    "invalidate" : "1",
    "ramp_time" : "0",
    "thread" : "0",
    "group_reporting" : "1",
    "filesize" : "32g",
    "size" : "32g",
    "filename_format" : "$jobnum.dat"
  },
  "jobs" : [
    {
      "jobname" : "fio-job",
      "groupid" : 0,
      "error" : 0,
      "eta" : 0,
      "elapsed" : 31,
      "job options" : {
        "rw" : "write"
      },
      "read" : {
        "io_bytes" : 0,
        "io_kbytes" : 0,
        "bw" : 0,
        "iops" : 0.000000,
        "runtime" : 0,
        "total_ios" : 0,
        "short_ios" : 0,
        "drop_ios" : 0,
        "slat_ns" : {
          "min" : 0,
          "max" : 0,
          "mean" : 0.000000,
          "stddev" : 0.000000
        },
        "clat_ns" : {
          "min" : 0,
          "max" : 0,
          "mean" : 0.000000,
          "stddev" : 0.000000,
          "percentile" : {
            "1.000000" : 0,
            "5.000000" : 0,
            "10.000000" : 0,
            "20.000000" : 0,
            "30.000000" : 0,
            "40.000000" : 0,
            "50.000000" : 0,
            "60.000000" : 0,
            "70.000000" : 0,
            "80.000000" : 0,
            "90.000000" : 0,
            "95.000000" : 0,
            "99.000000" : 0,
            "99.500000" : 0,
            "99.900000" : 0,
            "99.950000" : 0,
            "99.990000" : 0,
            "0.00" : 0,
            "0.00" : 0,
            "0.00" : 0
          },
          "bins" : {

          }
        },
        "lat_ns" : {
          "min" : 0,
          "max" : 0,
          "mean" : 0.000000,
          "stddev" : 0.000000
        },
        "bw_min" : 0,
        "bw_max" : 0,
        "bw_agg" : 0.000000,
        "bw_mean" : 0.000000,
        "bw_dev" : 0.000000,
        "bw_samples" : 0,
        "iops_min" : 0,
        "iops_max" : 0,
        "iops_mean" : 0.000000,
        "iops_stddev" : 0.000000,
        "iops_samples" : 0
      },
      "write" : {
        "io_bytes" : 2078277632,
        "io_kbytes" : 2029568,
        "bw" : 67541,
        "iops" : 32.979467,
        "runtime" : 30049,
        "total_ios" : 991,
        "short_ios" : 0,
        "drop_ios" : 0,
        "slat_ns" : {
          "min" : 3133641,
          "max" : 1002892983,
          "mean" : 121139405.178607,
          "stddev" : 142270734.998701
        },
        "clat_ns" : {
          "min" : 10569,
          "max" : 2249494571,
          "mean" : 840580796.447023,
          "stddev" : 327429006.827437,
          "percentile" : {
            "1.000000" : 162529280,
            "5.000000" : 408944640,
            "10.000000" : 492830720,
            "20.000000" : 591396864,
            "30.000000" : 666894336,
            "40.000000" : 717225984,
            "50.000000" : 792723456,
            "60.000000" : 859832320,
            "70.000000" : 952107008,
            "80.000000" : 1069547520,
            "90.000000" : 1283457024,
            "95.000000" : 1501560832,
            "99.000000" : 1803550720,
            "99.500000" : 2038431744,
            "99.900000" : 2264924160,
            "99.950000" : 2264924160,
            "99.990000" : 2264924160,
            "0.00" : 0,
            "0.00" : 0,
            "0.00" : 0
          },
          "bins" : {
            "10560" : 1,
            "12736" : 1,
            "17536" : 1,
            "28544" : 1,
            "14483456" : 1,
            "51118080" : 1,
            "54788096" : 1,
            "62652416" : 1,
            "145752064" : 1,
            "162529280" : 1,
            "175112192" : 1,
            "202375168" : 1,
            "208666624" : 1,
            "212860928" : 1,
            "219152384" : 1,
            "248512512" : 2,
            "252706816" : 1,
            "261095424" : 1,
            "274726912" : 1,
            "278921216" : 1,
            "295698432" : 2,
            "299892736" : 2,
            "304087040" : 2,
            "308281344" : 1,
            "325058560" : 2,
            "329252864" : 2,
            "333447168" : 1,
            "337641472" : 2,
            "346030080" : 1,
            "362807296" : 1,
            "371195904" : 3,
            "375390208" : 1,
            "379584512" : 2,
            "387973120" : 2,
            "392167424" : 3,
            "404750336" : 1,
            "408944640" : 1,
            "413138944" : 1,
            "417333248" : 2,
            "421527552" : 2,
            "425721856" : 2,
            "434110464" : 3,
            "438304768" : 3,
            "442499072" : 6,
            "446693376" : 1,
            "450887680" : 2,
            "455081984" : 1,
            "463470592" : 2,
            "467664896" : 5,
            "471859200" : 4,
            "476053504" : 3,
            "480247808" : 5,
            "484442112" : 3,
            "488636416" : 4,
            "492830720" : 5,
            "497025024" : 3,
            "501219328" : 3,
            "505413632" : 5,
            "509607936" : 1,
            "513802240" : 3,
            "517996544" : 3,
            "522190848" : 4,
            "526385152" : 2,
            "530579456" : 1,
            "534773760" : 4,
            "541065216" : 12,
            "549453824" : 10,
            "557842432" : 10,
            "566231040" : 10,
            "574619648" : 10,
            "583008256" : 7,
            "591396864" : 9,
            "599785472" : 8,
            "608174080" : 13,
            "616562688" : 13,
            "624951296" : 18,
            "633339904" : 8,
            "641728512" : 5,
            "650117120" : 15,
            "658505728" : 14,
            "666894336" : 20,
            "675282944" : 15,
            "683671552" : 18,
            "692060160" : 13,
            "700448768" : 10,
            "708837376" : 18,
            "717225984" : 10,
            "725614592" : 18,
            "734003200" : 13,
            "742391808" : 11,
            "750780416" : 9,
            "759169024" : 14,
            "767557632" : 12,
            "775946240" : 10,
            "784334848" : 8,
            "792723456" : 10,
            "801112064" : 12,
            "809500672" : 19,
            "817889280" : 10,
            "826277888" : 15,
            "834666496" : 11,
            "843055104" : 8,
            "851443712" : 12,
            "859832320" : 12,
            "868220928" : 7,
            "876609536" : 9,
            "884998144" : 9,
            "893386752" : 3,
            "901775360" : 10,
            "910163968" : 12,
            "918552576" : 7,
            "926941184" : 12,
            "935329792" : 13,
            "943718400" : 6,
            "952107008" : 4,
            "960495616" : 8,
            "968884224" : 9,
            "977272832" : 6,
            "985661440" : 9,
            "994050048" : 6,
            "1002438656" : 3,
            "1010827264" : 7,
            "1019215872" : 9,
            "1027604480" : 6,
            "1035993088" : 5,
            "1044381696" : 7,
            "1052770304" : 5,
            "1061158912" : 7,
            "1069547520" : 11,
            "1082130432" : 10,
            "1098907648" : 11,
            "1115684864" : 8,
            "1132462080" : 15,
            "1149239296" : 9,
            "1166016512" : 7,
            "1182793728" : 10,
            "1199570944" : 6,
            "1216348160" : 4,
            "1233125376" : 8,
            "1249902592" : 2,
            "1266679808" : 8,
            "1283457024" : 7,
            "1300234240" : 7,
            "1317011456" : 3,
            "1333788672" : 1,
            "1350565888" : 5,
            "1367343104" : 5,
            "1384120320" : 7,