{
  "fio version" : "fio-3.1",
  "timestamp" : 1574271272,
  "timestamp_ms" : 1574271272232,
  "time" : "Wed Nov 20 17:34:32 2019",
  "global options" : {
    "directory" : "data/fio_write/beegfs-write-8-cq45k",
    "bs" : "2048",
    "fallocate" : "none",
    "runtime" : "30",
    "time_based" : "1",
    "ioengine" : "libaio",
    "iodepth" : "8",
    "direct" : "1",
    "buffered" : "0",
    "invalidate" : "1",
    "ramp_time" : "0",
    "thread" : "0",
    "group_reporting" : "1",
    "filesize" : "32g",
    "size" : "32g",
    "filename_format" : "$jobnum.dat"
  },
  "jobs" : [
    {
      "jobname" : "fio-job",
      "groupid" : 0,
      "error" : 0,
      "eta" : 0,
      "elapsed" : 31,
      "job options" : {
        "rw" : "write"
      },
      "read" : {
        "io_bytes" : 0,
        "io_kbytes" : 0,
        "bw" : 0,
        "iops" : 0.000000,
        "runtime" : 0,
        "total_ios" : 0,
        "short_ios" : 0,
        "drop_ios" : 0,
        "slat_ns" : {
          "min" : 0,
          "max" : 0,
          "mean" : 0.000000,
          "stddev" : 0.000000
        },
        "clat_ns" : {
          "min" : 0,
          "max" : 0,
          "mean" : 0.000000,
          "stddev" : 0.000000,
          "percentile" : {
            "1.000000" : 0,
            "5.000000" : 0,
            "10.000000" : 0,
            "20.000000" : 0,
            "30.000000" : 0,
            "40.000000" : 0,
            "50.000000" : 0,
            "60.000000" : 0,
            "70.000000" : 0,
            "80.000000" : 0,
            "90.000000" : 0,
            "95.000000" : 0,
            "99.000000" : 0,
            "99.500000" : 0,
            "99.900000" : 0,
            "99.950000" : 0,
            "99.990000" : 0,
            "0.00" : 0,
            "0.00" : 0,
            "0.00" : 0
          },
          "bins" : {

          }
        },
        "lat_ns" : {
          "min" : 0,
          "max" : 0,
          "mean" : 0.000000,
          "stddev" : 0.000000
        },
        "bw_min" : 0,
        "bw_max" : 0,
        "bw_agg" : 0.000000,
        "bw_mean" : 0.000000,
        "bw_dev" : 0.000000,
        "bw_samples" : 0,
        "iops_min" : 0,
        "iops_max" : 0,
        "iops_mean" : 0.000000,
        "iops_stddev" : 0.000000,
        "iops_samples" : 0
      },
      "write" : {
        "io_bytes" : 3423672320,
        "io_kbytes" : 3343430,
        "bw" : 111443,
        "iops" : 55721.975934,
        "runtime" : 30001,
        "total_ios" : 1671715,
        "short_ios" : 0,
        "drop_ios" : 0,
        "slat_ns" : {
          "min" : 18415,
          "max" : 9637446,
          "mean" : 66887.327583,
          "stddev" : 41522.946720
        },
        "clat_ns" : {
          "min" : 1849,
          "max" : 10043873,
          "mean" : 504996.091837,
          "stddev" : 126543.140626,
          "percentile" : {
            "1.000000" : 257024,
            "5.000000" : 313344,
            "10.000000" : 382976,
            "20.000000" : 428032,
            "30.000000" : 452608,
            "40.000000" : 473088,
            "50.000000" : 489472,
            "60.000000" : 509952,
            "70.000000" : 536576,
            "80.000000" : 569344,
            "90.000000" : 634880,
            "95.000000" : 716800,
            "99.000000" : 946176,
            "99.500000" : 1019904,
            "99.900000" : 1171456,
            "99.950000" : 1253376,
            "99.990000" : 2375680,
            "0.00" : 0,
            "0.00" : 0,
            "0.00" : 0
          },
          "bins" : {
            "1848" : 1,
            "2128" : 1,
            "2480" : 1,
            "2640" : 1,
            "33024" : 1,
            "34048" : 1,
            "62720" : 1,
            "65280" : 1,
            "94720" : 1,
            "95744" : 1,
            "97792" : 1,
            "122368" : 1,
            "132096" : 1,
            "156672" : 1,
            "177152" : 1,
            "187392" : 1,
            "195584" : 1,
            "197632" : 1,
            "199680" : 5,
            "201728" : 8,
            "203776" : 7,
            "205824" : 5,
            "207872" : 10,
            "209920" : 10,
            "211968" : 16,
            "214016" : 13,
            "216064" : 20,
            "218112" : 20,
            "220160" : 54,
            "222208" : 92,
            "224256" : 124,
            "226304" : 209,
            "228352" : 320,
            "230400" : 462,
            "232448" : 601,
            "234496" : 762,
            "236544" : 910,
            "238592" : 1017,
            "240640" : 1091,
            "242688" : 1144,
            "244736" : 1245,
            "246784" : 1280,
            "248832" : 1417,
            "250880" : 1563,
            "252928" : 1794,
            "254976" : 1998,
            "257024" : 2167,
            "259072" : 2298,
            "261120" : 2262,
            "264192" : 4906,
            "268288" : 5253,
            "272384" : 5208,
            "276480" : 5206,
            "280576" : 4974,
            "284672" : 4879,
            "288768" : 4878,
            "292864" : 4804,
            "296960" : 4622,
            "301056" : 4600,
            "305152" : 4379,
            "309248" : 4238,
            "313344" : 4356,
            "317440" : 4283,
            "321536" : 4221,
            "325632" : 4207,
            "329728" : 4266,
            "333824" : 4402,
            "337920" : 4453,
            "342016" : 4590,
            "346112" : 4766,
            "350208" : 4839,
            "354304" : 5023,
            "358400" : 5217,
            "362496" : 5581,
            "366592" : 5797,
            "370688" : 6064,
            "374784" : 6542,
            "378880" : 7083,
            "382976" : 7611,
            "387072" : 8394,
            "391168" : 9338,
            "395264" : 10454,
            "399360" : 11561,
            "403456" : 13209,
            "407552" : 14547,
            "411648" : 16386,
            "415744" : 18097,
            "419840" : 20039,
            "423936" : 21598,
            "428032" : 23734,
            "432128" : 25275,
            "436224" : 27681,
            "440320" : 29403,
            "444416" : 30780,
            "448512" : 32668,
            "452608" : 33534,
            "456704" : 34882,
            "460800" : 35468,
            "464896" : 36371,
            "468992" : 36742,
            "473088" : 37095,
            "477184" : 36620,
            "481280" : 36516,
            "485376" : 36454,
            "489472" : 35474,
            "493568" : 34911,
            "497664" : 34181,
            "501760" : 32826,
            "505856" : 32026,
            "509952" : 31046,
            "514048" : 29924,
            "518144" : 28462,
            "522240" : 27383,
            "528384" : 51060,
            "536576" : 46862,
            "544768" : 42478,
            "552960" : 38062,
            "561152" : 34871,
            "569344" : 31442,
            "577536" : 28446,
            "585728" : 26174,
            "593920" : 23528,
            "602112" : 21275,
            "610304" : 19289,
            "618496" : 17553,
            "626688" : 16026,
            "634880" : 14082,
            "643072" : 12733,
            "651264" : 11506,
            "659456" : 10191,
            "667648" : 9215,
            "675840" : 8116,
            "684032" : 7299,
            "692224" : 6389,
            "700416" : 6033,
            "708608" : 5451,
            "716800" : 4819,
            "724992" : 4537,
            "733184" : 4096,
            "741376" : 3776,
            "749568" : 3462,
            "757760" : 3275,
            "765952" : 3069,
            "774144" : 2907,
            "782336" : 2684,
            "790528" : 2634,
            "798720" : 2501,
            "806912" : 2328,
            "815104" : 2326,
            "823296" : 2248,
            "831488" : 2070,
            "839680" : 2084,
            "847872" : 1988,
            "856064" : 1884,