{
  "fio version" : "fio-3.1",
  "timestamp" : 1556096541,
  "timestamp_ms" : 1556096541233,
  "time" : "Wed Apr 24 10:02:21 2019",
  "global options" : {
    "fallocate" : "none",
    "runtime" : "30",
    "directory" : "/mnt/storage-nvme/fio_write/beegfs-write-64-client-39945-49",
    "bs" : "1024",
    "time_based" : "1",
    "ioengine" : "libaio",
    "iodepth" : "8",
    "direct" : "1",
    "buffered" : "0",
    "thread" : "0",
    "group_reporting" : "1",
    "filesize" : "32g",
    "size" : "32g",
    "filename_format" : "$jobnum.dat"
  },
  "jobs" : [
    {
      "jobname" : "fio-job",
      "groupid" : 0,
      "error" : 0,
      "eta" : 0,
      "elapsed" : 31,
      "job options" : {
        "rw" : "write"
      },
      "read" : {
        "io_bytes" : 0,
        "io_kbytes" : 0,
        "bw" : 0,
        "iops" : 0.000000,
        "runtime" : 0,
        "total_ios" : 0,
        "short_ios" : 0,
        "drop_ios" : 0,
        "slat_ns" : {
          "min" : 0,
          "max" : 0,
          "mean" : 0.000000,
          "stddev" : 0.000000
        },
        "clat_ns" : {
          "min" : 0,
          "max" : 0,
          "mean" : 0.000000,
          "stddev" : 0.000000,
          "percentile" : {
            "1.000000" : 0,
            "5.000000" : 0,
            "10.000000" : 0,
            "20.000000" : 0,
            "30.000000" : 0,
            "40.000000" : 0,
            "50.000000" : 0,
            "60.000000" : 0,
            "70.000000" : 0,
            "80.000000" : 0,
            "90.000000" : 0,
            "95.000000" : 0,
            "99.000000" : 0,
            "99.500000" : 0,
            "99.900000" : 0,
            "99.950000" : 0,
            "99.990000" : 0,
            "0.00" : 0,
            "0.00" : 0,
            "0.00" : 0
          },
          "bins" : {

          }
        },
        "lat_ns" : {
          "min" : 0,
          "max" : 0,
          "mean" : 0.000000,
          "stddev" : 0.000000
        },
        "bw_min" : 0,
        "bw_max" : 0,
        "bw_agg" : 0.000000,
        "bw_mean" : 0.000000,
        "bw_dev" : 0.000000,
        "bw_samples" : 0,
        "iops_min" : 0,
        "iops_max" : 0,
        "iops_mean" : 0.000000,
        "iops_stddev" : 0.000000,
        "iops_samples" : 0
      },
      "write" : {
        "io_bytes" : 125084672,
        "io_kbytes" : 122153,
        "bw" : 4071,
        "iops" : 4071.630946,
        "runtime" : 30001,
        "total_ios" : 122153,
        "short_ios" : 0,
        "drop_ios" : 0,
        "slat_ns" : {
          "min" : 49708,
          "max" : 27156034,
          "mean" : 979872.710552,
          "stddev" : 1325161.339268
        },
        "clat_ns" : {
          "min" : 2279,
          "max" : 71164153,
          "mean" : 6876884.315981,
          "stddev" : 6374838.681042,
          "percentile" : {
            "1.000000" : 897024,
            "5.000000" : 1171456,
            "10.000000" : 1400832,
            "20.000000" : 1875968,
            "30.000000" : 2834432,
            "40.000000" : 3883008,
            "50.000000" : 4947968,
            "60.000000" : 6324224,
            "70.000000" : 8093696,
            "80.000000" : 10551296,
            "90.000000" : 14745600,
            "95.000000" : 19005440,
            "99.000000" : 31064064,
            "99.500000" : 36438016,
            "99.900000" : 49020928,
            "99.950000" : 53215232,
            "99.990000" : 62128128,
            "0.00" : 0,
            "0.00" : 0,
            "0.00" : 0
          },
          "bins" : {
            "2288" : 1,
            "2608" : 2,
            "3536" : 1,
            "218112" : 1,
            "411648" : 1,
            "522240" : 2,
            "544768" : 1,
            "552960" : 7,
            "561152" : 8,
            "569344" : 2,
            "577536" : 3,
            "585728" : 18,
            "593920" : 14,
            "602112" : 13,
            "610304" : 10,
            "618496" : 20,
            "626688" : 25,
            "634880" : 20,
            "643072" : 21,
            "651264" : 19,
            "659456" : 20,
            "667648" : 14,
            "675840" : 17,
            "684032" : 17,
            "692224" : 17,
            "700416" : 14,
            "708608" : 20,
            "716800" : 24,
            "724992" : 19,
            "733184" : 23,
            "741376" : 22,
            "749568" : 17,
            "757760" : 13,
            "765952" : 35,
            "774144" : 32,
            "782336" : 34,
            "790528" : 43,
            "798720" : 25,
            "806912" : 30,
            "815104" : 34,
            "823296" : 43,
            "831488" : 48,
            "839680" : 44,
            "847872" : 74,
            "856064" : 62,
            "864256" : 61,
            "872448" : 70,
            "880640" : 64,
            "888832" : 67,
            "897024" : 91,
            "905216" : 75,
            "913408" : 81,
            "921600" : 81,
            "929792" : 89,
            "937984" : 90,
            "946176" : 98,
            "954368" : 99,
            "962560" : 103,
            "970752" : 117,
            "978944" : 119,
            "987136" : 119,
            "995328" : 130,
            "1003520" : 140,
            "1011712" : 120,
            "1019904" : 114,
            "1028096" : 128,
            "1036288" : 154,
            "1044480" : 148,
            "1056768" : 295,
            "1073152" : 326,
            "1089536" : 331,
            "1105920" : 330,
            "1122304" : 392,
            "1138688" : 394,
            "1155072" : 387,
            "1171456" : 400,
            "1187840" : 413,
            "1204224" : 370,
            "1220608" : 397,
            "1236992" : 456,
            "1253376" : 469,
            "1269760" : 446,
            "1286144" : 498,
            "1302528" : 474,
            "1318912" : 473,
            "1335296" : 467,
            "1351680" : 485,
            "1368064" : 553,
            "1384448" : 517,
            "1400832" : 525,
            "1417216" : 475,
            "1433600" : 520,
            "1449984" : 543,
            "1466368" : 459,
            "1482752" : 505,
            "1499136" : 480,
            "1515520" : 470,
            "1531904" : 437,
            "1548288" : 483,
            "1564672" : 460,
            "1581056" : 465,
            "1597440" : 446,
            "1613824" : 447,
            "1630208" : 438,
            "1646592" : 409,
            "1662976" : 413,
            "1679360" : 398,
            "1695744" : 393,
            "1712128" : 352,
            "1728512" : 339,
            "1744896" : 350,
            "1761280" : 377,
            "1777664" : 344,
            "1794048" : 331,
            "1810432" : 354,
            "1826816" : 312,
            "1843200" : 314,
            "1859584" : 297,
            "1875968" : 306,
            "1892352" : 305,
            "1908736" : 243,
            "1925120" : 274,
            "1941504" : 246,
            "1957888" : 257,
            "1974272" : 265,
            "1990656" : 262,
            "2007040" : 266,
            "2023424" : 255,
            "2039808" : 232,
            "2056192" : 215,
            "2072576" : 223,
            "2088960" : 228,
            "2113536" : 445,
            "2146304" : 437,
            "2179072" : 437,
            "2211840" : 369,
            "2244608" : 423,
            "2277376" : 412,
            "2310144" : 377,
            "2342912" : 406,
            "2375680" : 395,
            "2408448" : 355,
            "2441216" : 392,
            "2473984" : 428,
            "2506752" : 365,
            "2539520" : 391,
            "2572288" : 370,
            "2605056" : 334,
            "2637824" : 331,
            "2670592" : 380,
            "2703360" : 388,
            "2736128" : 388,
            "2768896" : 366,
            "2801664" : 363,
            "2834432" : 368,
            "2867200" : 357,
            "2899968" : 373,