{
  "fio version" : "fio-3.1",
  "timestamp" : 1556100645,
  "timestamp_ms" : 1556100645056,
  "time" : "Wed Apr 24 10:10:45 2019",
  "global options" : {
    "fallocate" : "none",
    "runtime" : "30",
    "directory" : "data/fio_write/beegfs-randwrite-64-l8lbk",
    "bs" : "1048576",
    "time_based" : "1",
    "ioengine" : "libaio",
    "iodepth" : "8",
    "direct" : "1",
    "buffered" : "0",
    "thread" : "0",
    "group_reporting" : "1",
    "filesize" : "32g",
    "size" : "32g",
    "filename_format" : "$jobnum.dat"
  },
  "jobs" : [
    {
      "jobname" : "fio-job",
      "groupid" : 0,
      "error" : 0,
      "eta" : 0,
      "elapsed" : 41,
      "job options" : {
        "rw" : "randwrite"
      },
      "read" : {
        "io_bytes" : 0,
        "io_kbytes" : 0,
        "bw" : 0,
        "iops" : 0.000000,
        "runtime" : 0,
        "total_ios" : 0,
        "short_ios" : 0,
        "drop_ios" : 0,
        "slat_ns" : {
          "min" : 0,
          "max" : 0,
          "mean" : 0.000000,
          "stddev" : 0.000000
        },
        "clat_ns" : {
          "min" : 0,
          "max" : 0,
          "mean" : 0.000000,
          "stddev" : 0.000000,
          "percentile" : {
            "1.000000" : 0,
            "5.000000" : 0,
            "10.000000" : 0,
            "20.000000" : 0,
            "30.000000" : 0,
            "40.000000" : 0,
            "50.000000" : 0,
            "60.000000" : 0,
            "70.000000" : 0,
            "80.000000" : 0,
            "90.000000" : 0,
            "95.000000" : 0,
            "99.000000" : 0,
            "99.500000" : 0,
            "99.900000" : 0,
            "99.950000" : 0,
            "99.990000" : 0,
            "0.00" : 0,
            "0.00" : 0,
            "0.00" : 0
          },
          "bins" : {

          }
        },
        "lat_ns" : {
          "min" : 0,
          "max" : 0,
          "mean" : 0.000000,
          "stddev" : 0.000000
        },
        "bw_min" : 0,
        "bw_max" : 0,
        "bw_agg" : 0.000000,
        "bw_mean" : 0.000000,
        "bw_dev" : 0.000000,
        "bw_samples" : 0,
        "iops_min" : 0,
        "iops_max" : 0,
        "iops_mean" : 0.000000,
        "iops_stddev" : 0.000000,
        "iops_samples" : 0
      },
      "write" : {
        "io_bytes" : 600834048,
        "io_kbytes" : 586752,
        "bw" : 15303,
        "iops" : 14.944837,
        "runtime" : 38341,
        "total_ios" : 573,
        "short_ios" : 0,
        "drop_ios" : 0,
        "slat_ns" : {
          "min" : 7897122,
          "max" : 13859142798,
          "mean" : 251342322.319372,
          "stddev" : 1172450979.814227
        },
        "clat_ns" : {
          "min" : 10261,
          "max" : 20411397548,
          "mean" : 1733605288.349040,
          "stddev" : 3610611424.067441,
          "percentile" : {
            "1.000000" : 61603840,
            "5.000000" : 81264640,
            "10.000000" : 99090432,
            "20.000000" : 113770496,
            "30.000000" : 135266304,
            "40.000000" : 175112192,
            "50.000000" : 242221056,
            "60.000000" : 429916160,
            "70.000000" : 1098907648,
            "80.000000" : 1568669696,
            "90.000000" : 6341787648,
            "95.000000" : 9999220736,
            "99.000000" : 17112760320,
            "99.500000" : 17112760320,
            "99.900000" : 17112760320,
            "99.950000" : 17112760320,
            "99.990000" : 17112760320,
            "0.00" : 0,
            "0.00" : 0,
            "0.00" : 0
          },
          "bins" : {
            "10304" : 1,
            "10432" : 1,
            "10560" : 1,
            "10944" : 1,
            "60555264" : 1,
            "61603840" : 2,
            "62128128" : 2,
            "64225280" : 1,
            "64749568" : 3,
            "65273856" : 1,
            "66322432" : 1,
            "67633152" : 2,
            "68681728" : 1,
            "69730304" : 1,
            "70778880" : 1,
            "71827456" : 1,
            "72876032" : 1,
            "74973184" : 1,
            "76021760" : 2,
            "79167488" : 1,
            "80216064" : 1,
            "81264640" : 3,
            "82313216" : 2,
            "83361792" : 1,
            "84410368" : 2,
            "86507520" : 2,
            "87556096" : 1,
            "88604672" : 2,
            "89653248" : 2,
            "90701824" : 1,
            "91750400" : 6,
            "92798976" : 3,
            "93847552" : 1,
            "94896128" : 1,
            "96993280" : 3,
            "99090432" : 6,
            "100139008" : 4,
            "101187584" : 5,
            "102236160" : 3,
            "103284736" : 1,
            "104333312" : 7,
            "105381888" : 2,
            "106430464" : 6,
            "108527616" : 6,
            "109576192" : 2,
            "110624768" : 3,
            "111673344" : 7,
            "112721920" : 5,
            "113770496" : 7,
            "114819072" : 3,
            "115867648" : 7,
            "116916224" : 1,
            "117964800" : 2,
            "119013376" : 1,
            "121110528" : 4,
            "122159104" : 3,
            "123207680" : 3,
            "124256256" : 2,
            "125304832" : 1,
            "127401984" : 3,
            "128450560" : 1,
            "129499136" : 2,
            "130547712" : 3,
            "131596288" : 4,
            "132644864" : 4,
            "133693440" : 3,
            "135266304" : 4,
            "137363456" : 1,
            "139460608" : 2,
            "141557760" : 4,
            "143654912" : 3,
            "145752064" : 4,
            "147849216" : 1,
            "149946368" : 4,
            "152043520" : 1,
            "154140672" : 2,
            "156237824" : 4,
            "158334976" : 4,
            "160432128" : 1,
            "162529280" : 4,
            "164626432" : 4,
            "166723584" : 4,
            "168820736" : 4,
            "170917888" : 1,
            "173015040" : 7,
            "175112192" : 6,
            "177209344" : 1,
            "181403648" : 6,
            "183500800" : 2,
            "185597952" : 4,
            "187695104" : 4,
            "189792256" : 4,
            "191889408" : 1,
            "193986560" : 2,
            "196083712" : 2,
            "198180864" : 1,
            "202375168" : 3,
            "204472320" : 3,
            "206569472" : 2,
            "208666624" : 1,
            "210763776" : 1,
            "212860928" : 2,
            "217055232" : 1,
            "219152384" : 1,
            "225443840" : 2,
            "227540992" : 2,
            "229638144" : 1,
            "231735296" : 1,
            "233832448" : 1,
            "238026752" : 1,
            "240123904" : 1,
            "242221056" : 5,
            "244318208" : 1,
            "246415360" : 3,
            "248512512" : 4,
            "252706816" : 3,
            "254803968" : 2,
            "256901120" : 1,
            "261095424" : 2,
            "263192576" : 1,
            "265289728" : 2,
            "267386880" : 2,
            "274726912" : 1,
            "283115520" : 1,
            "291504128" : 1,
            "295698432" : 1,
            "308281344" : 4,
            "312475648" : 1,
            "320864256" : 2,
            "325058560" : 2,
            "329252864" : 3,
            "337641472" : 1,
            "346030080" : 3,
            "358612992" : 4,
            "362807296" : 2,
            "371195904" : 1,
            "375390208" : 2,
            "421527552" : 2,
            "425721856" : 3,
            "429916160" : 1,
            "438304768" : 2,
            "463470592" : 2,
            "467664896" : 1,
            "480247808" : 2,
            "488636416" : 1,
            "505413632" : 1,
            "522190848" : 1,
            "526385152" : 3,
            "541065216" : 1,
            "549453824" : 4,
            "583008256" : 2,
            "599785472" : 1,
            "608174080" : 1,