{
  "fio version" : "fio-3.1",
  "timestamp" : 1556100228,
  "timestamp_ms" : 1556100228372,
  "time" : "Wed Apr 24 10:03:48 2019",
  "global options" : {
    "fallocate" : "none",
    "runtime" : "30",
    "directory" : "data/fio_write/beegfs-randwrite-64-hf65z",
    "bs" : "8192",
    "time_based" : "1",
    "ioengine" : "libaio",
    "iodepth" : "8",
    "direct" : "1",
    "buffered" : "0",
    "thread" : "0",
    "group_reporting" : "1",
    "filesize" : "32g",
    "size" : "32g",
    "filename_format" : "$jobnum.dat"
  },
  "jobs" : [
    {
      "jobname" : "fio-job",
      "groupid" : 0,
      "error" : 0,
      "eta" : 0,
      "elapsed" : 36,
      "job options" : {
        "rw" : "randwrite"
      },
      "read" : {
        "io_bytes" : 0,
        "io_kbytes" : 0,
        "bw" : 0,
        "iops" : 0.000000,
        "runtime" : 0,
        "total_ios" : 0,
        "short_ios" : 0,
        "drop_ios" : 0,
        "slat_ns" : {
          "min" : 0,
          "max" : 0,
          "mean" : 0.000000,
          "stddev" : 0.000000
        },
        "clat_ns" : {
          "min" : 0,
          "max" : 0,
          "mean" : 0.000000,
          "stddev" : 0.000000,
          "percentile" : {
            "1.000000" : 0,
            "5.000000" : 0,
            "10.000000" : 0,
            "20.000000" : 0,
            "30.000000" : 0,
            "40.000000" : 0,
            "50.000000" : 0,
            "60.000000" : 0,
            "70.000000" : 0,
            "80.000000" : 0,
            "90.000000" : 0,
            "95.000000" : 0,
            "99.000000" : 0,
            "99.500000" : 0,
            "99.900000" : 0,
            "99.950000" : 0,
            "99.990000" : 0,
            "0.00" : 0,
            "0.00" : 0,
            "0.00" : 0
          },
          "bins" : {

          }
        },
        "lat_ns" : {
          "min" : 0,
          "max" : 0,
          "mean" : 0.000000,
          "stddev" : 0.000000
        },
        "bw_min" : 0,
        "bw_max" : 0,
        "bw_agg" : 0.000000,
        "bw_mean" : 0.000000,
        "bw_dev" : 0.000000,
        "bw_samples" : 0,
        "iops_min" : 0,
        "iops_max" : 0,
        "iops_mean" : 0.000000,
        "iops_stddev" : 0.000000,
        "iops_samples" : 0
      },
      "write" : {
        "io_bytes" : 1515520,
        "io_kbytes" : 1480,
        "bw" : 46,
        "iops" : 5.834490,
        "runtime" : 31708,
        "total_ios" : 185,
        "short_ios" : 0,
        "drop_ios" : 0,
        "slat_ns" : {
          "min" : 144979,
          "max" : 12237939398,
          "mean" : 616039098.518919,
          "stddev" : 1661464512.607566
        },
        "clat_ns" : {
          "min" : 9824,
          "max" : 15993125808,
          "mean" : 4155622281.562161,
          "stddev" : 4159296342.450518,
          "percentile" : {
            "1.000000" : 10304,
            "5.000000" : 56360960,
            "10.000000" : 109576192,
            "20.000000" : 429916160,
            "30.000000" : 1035993088,
            "40.000000" : 1753219072,
            "50.000000" : 2600468480,
            "60.000000" : 4110417920,
            "70.000000" : 5536481280,
            "80.000000" : 8489271296,
            "90.000000" : 10267656192,
            "95.000000" : 12549357568,
            "99.000000" : 16039018496,
            "99.500000" : 16039018496,
            "99.900000" : 16039018496,
            "99.950000" : 16039018496,
            "99.990000" : 16039018496,
            "0.00" : 0,
            "0.00" : 0,
            "0.00" : 0
          },
          "bins" : {
            "9792" : 1,
            "10304" : 1,
            "10432" : 1,
            "23424" : 1,
            "1875968" : 1,
            "1974272" : 1,
            "33161216" : 1,
            "40108032" : 1,
            "55836672" : 1,
            "56360960" : 1,
            "62652416" : 1,
            "78118912" : 1,
            "80216064" : 2,
            "81264640" : 2,
            "100139008" : 2,
            "109576192" : 1,
            "116916224" : 1,
            "119013376" : 1,
            "125304832" : 2,
            "127401984" : 2,
            "133693440" : 1,
            "149946368" : 2,
            "152043520" : 1,
            "175112192" : 1,
            "214958080" : 1,
            "304087040" : 1,
            "329252864" : 2,
            "379584512" : 1,
            "413138944" : 1,
            "429916160" : 1,
            "624951296" : 3,
            "641728512" : 2,
            "650117120" : 2,
            "692060160" : 1,
            "717225984" : 1,
            "734003200" : 2,
            "742391808" : 1,
            "750780416" : 3,
            "767557632" : 3,
            "1035993088" : 1,
            "1115684864" : 1,
            "1132462080" : 1,
            "1166016512" : 1,
            "1233125376" : 1,
            "1283457024" : 3,
            "1384120320" : 2,
            "1400897536" : 1,
            "1602224128" : 4,
            "1619001344" : 1,
            "1719664640" : 1,
            "1753219072" : 3,
            "1786773504" : 2,
            "1803550720" : 1,
            "1853882368" : 1,
            "1887436800" : 1,
            "1904214016" : 1,
            "2088763392" : 1,
            "2139095040" : 1,
            "2466250752" : 3,
            "2533359616" : 3,
            "2566914048" : 1,
            "2600468480" : 4,
            "2701131776" : 4,
            "2835349504" : 1,
            "2868903936" : 2,
            "3070230528" : 2,
            "3506438144" : 2,
            "3539992576" : 1,
            "3909091328" : 2,
            "3976200192" : 1,
            "4076863488" : 1,
            "4110417920" : 2,
            "4143972352" : 1,
            "4177526784" : 3,
            "4278190080" : 2,
            "4328521728" : 1,
            "4395630592" : 1,
            "4462739456" : 4,
            "4529848320" : 1,
            "4932501504" : 3,
            "4999610368" : 1,
            "5536481280" : 1,
            "5737807872" : 2,
            "5939134464" : 2,
            "6006243328" : 2,
            "6207569920" : 2,
            "6341787648" : 1,
            "7348420608" : 1,
            "7616856064" : 1,
            "7683964928" : 2,
            "8019509248" : 1,
            "8355053568" : 1,
            "8489271296" : 4,
            "8556380160" : 2,
            "8791261184" : 1,
            "8925478912" : 1,
            "9059696640" : 1,
            "9193914368" : 3,
            "9328132096" : 2,
            "9462349824" : 2,
            "9730785280" : 2,
            "10133438464" : 2,
            "10267656192" : 4,
            "11475615744" : 2,
            "12280922112" : 1,
            "12549357568" : 5,
            "12683575296" : 1,
            "13086228480" : 1,
            "14025752576" : 2,
            "14159970304" : 1,
            "14562623488" : 1,
            "16039018496" : 2
          }
        },
        "lat_ns" : {
          "min" : 2207011,
          "max" : 16002901238,
          "mean" : 4771662927.983783,
          "stddev" : 4445307249.864762
        },
        "bw_min" : 16,
        "bw_max" : 224,
        "bw_agg" : 100.000000,
        "bw_mean" : 64.421053,
        "bw_dev" : 55.361530,
        "bw_samples" : 38,
        "iops_min" : 2,
        "iops_max" : 28,
        "iops_mean" : 8.052632,
        "iops_stddev" : 6.920191,
        "iops_samples" : 38
      },
      "trim" : {
        "io_bytes" : 0,
        "io_kbytes" : 0,
        "bw" : 0,
        "iops" : 0.000000,
        "runtime" : 0,
        "total_ios" : 0,
        "short_ios" : 0,
        "drop_ios" : 0,
        "slat_ns" : {
          "min" : 0,
          "max" : 0,
          "mean" : 0.000000,
          "stddev" : 0.000000
        },
        "clat_ns" : {
          "min" : 0,
          "max" : 0,
          "mean" : 0.000000,
          "stddev" : 0.000000,
          "percentile" : {
            "1.000000" : 0,
            "5.000000" : 0,
            "10.000000" : 0,