{
  "fio version" : "fio-3.1",
  "timestamp" : 1556099288,
  "timestamp_ms" : 1556099288820,
  "time" : "Wed Apr 24 09:48:08 2019",
  "global options" : {
    "fallocate" : "none",
    "runtime" : "30",
    "directory" : "data/fio_write/beegfs-write-64-kmgj5",
    "bs" : "4096",
    "time_based" : "1",
    "ioengine" : "libaio",
    "iodepth" : "8",
    "direct" : "1",
    "buffered" : "0",
    "thread" : "0",
    "group_reporting" : "1",
    "filesize" : "32g",
    "size" : "32g",
    "filename_format" : "$jobnum.dat"
  },
  "jobs" : [
    {
      "jobname" : "fio-job",
      "groupid" : 0,
      "error" : 0,
      "eta" : 0,
      "elapsed" : 31,
      "job options" : {
        "rw" : "write"
      },
      "read" : {
        "io_bytes" : 0,
        "io_kbytes" : 0,
        "bw" : 0,
        "iops" : 0.000000,
        "runtime" : 0,
        "total_ios" : 0,
        "short_ios" : 0,
        "drop_ios" : 0,
        "slat_ns" : {
          "min" : 0,
          "max" : 0,
          "mean" : 0.000000,
          "stddev" : 0.000000
        },
        "clat_ns" : {
          "min" : 0,
          "max" : 0,
          "mean" : 0.000000,
          "stddev" : 0.000000,
          "percentile" : {
            "1.000000" : 0,
            "5.000000" : 0,
            "10.000000" : 0,
            "20.000000" : 0,
            "30.000000" : 0,
            "40.000000" : 0,
            "50.000000" : 0,
            "60.000000" : 0,
            "70.000000" : 0,
            "80.000000" : 0,
            "90.000000" : 0,
            "95.000000" : 0,
            "99.000000" : 0,
            "99.500000" : 0,
            "99.900000" : 0,
            "99.950000" : 0,
            "99.990000" : 0,
            "0.00" : 0,
            "0.00" : 0,
            "0.00" : 0
          },
          "bins" : {

          }
        },
        "lat_ns" : {
          "min" : 0,
          "max" : 0,
          "mean" : 0.000000,
          "stddev" : 0.000000
        },
        "bw_min" : 0,
        "bw_max" : 0,
        "bw_agg" : 0.000000,
        "bw_mean" : 0.000000,
        "bw_dev" : 0.000000,
        "bw_samples" : 0,
        "iops_min" : 0,
        "iops_max" : 0,
        "iops_mean" : 0.000000,
        "iops_stddev" : 0.000000,
        "iops_samples" : 0
      },
      "write" : {
        "io_bytes" : 2924388352,
        "io_kbytes" : 2855848,
        "bw" : 95131,
        "iops" : 23782.878081,
        "runtime" : 30020,
        "total_ios" : 713962,
        "short_ios" : 0,
        "drop_ios" : 0,
        "slat_ns" : {
          "min" : 29185,
          "max" : 201337431,
          "mean" : 161856.278291,
          "stddev" : 1536665.938991
        },
        "clat_ns" : {
          "min" : 4055,
          "max" : 202422561,
          "mean" : 1174318.693974,
          "stddev" : 4077664.415121,
          "percentile" : {
            "1.000000" : 544768,
            "5.000000" : 626688,
            "10.000000" : 675840,
            "20.000000" : 733184,
            "30.000000" : 774144,
            "40.000000" : 806912,
            "50.000000" : 847872,
            "60.000000" : 905216,
            "70.000000" : 1011712,
            "80.000000" : 1253376,
            "90.000000" : 1613824,
            "95.000000" : 2056192,
            "99.000000" : 4358144,
            "99.500000" : 6193152,
            "99.900000" : 15269888,
            "99.950000" : 133693440,
            "99.990000" : 196083712,
            "0.00" : 0,
            "0.00" : 0,
            "0.00" : 0
          },
          "bins" : {
            "4048" : 1,
            "4192" : 1,
            "5536" : 1,
            "11328" : 1,
            "62720" : 1,
            "78336" : 1,
            "94720" : 1,
            "129536" : 1,
            "152576" : 1,
            "175104" : 1,
            "226304" : 1,
            "250880" : 1,
            "259072" : 1,
            "280576" : 1,
            "288768" : 1,
            "301056" : 1,
            "305152" : 1,
            "325632" : 2,
            "333824" : 2,
            "346112" : 2,
            "378880" : 2,
            "382976" : 1,
            "391168" : 3,
            "395264" : 20,
            "399360" : 10,
            "403456" : 10,
            "407552" : 11,
            "411648" : 27,
            "415744" : 23,
            "419840" : 14,
            "423936" : 10,
            "428032" : 17,
            "432128" : 20,
            "436224" : 24,
            "440320" : 23,
            "444416" : 34,
            "448512" : 48,
            "452608" : 36,
            "456704" : 56,
            "460800" : 46,
            "464896" : 69,
            "468992" : 73,
            "473088" : 78,
            "477184" : 97,
            "481280" : 113,
            "485376" : 146,
            "489472" : 150,
            "493568" : 192,
            "497664" : 235,
            "501760" : 257,
            "505856" : 260,
            "509952" : 315,
            "514048" : 405,
            "518144" : 425,
            "522240" : 449,
            "528384" : 1074,
            "536576" : 1171,
            "544768" : 1529,
            "552960" : 1652,
            "561152" : 1946,
            "569344" : 2237,
            "577536" : 2504,
            "585728" : 2816,
            "593920" : 3203,
            "602112" : 3563,
            "610304" : 3859,
            "618496" : 4242,
            "626688" : 4638,
            "634880" : 4950,
            "643072" : 5247,
            "651264" : 5829,
            "659456" : 6243,
            "667648" : 6658,
            "675840" : 7003,
            "684032" : 7492,
            "692224" : 8248,
            "700416" : 8637,
            "708608" : 9894,
            "716800" : 10694,
            "724992" : 11681,
            "733184" : 12563,
            "741376" : 13592,
            "749568" : 14597,
            "757760" : 15613,
            "765952" : 16676,
            "774144" : 17202,
            "782336" : 17784,
            "790528" : 17774,
            "798720" : 17584,
            "806912" : 17145,
            "815104" : 16357,
            "823296" : 15614,
            "831488" : 14612,
            "839680" : 13646,
            "847872" : 13351,
            "856064" : 12126,
            "864256" : 11453,
            "872448" : 10698,
            "880640" : 10006,
            "888832" : 9250,
            "897024" : 8473,
            "905216" : 7786,
            "913408" : 7494,
            "921600" : 6900,
            "929792" : 6409,
            "937984" : 5791,
            "946176" : 5580,
            "954368" : 5265,
            "962560" : 4907,
            "970752" : 4729,
            "978944" : 4404,
            "987136" : 4211,
            "995328" : 4130,
            "1003520" : 3814,
            "1011712" : 3415,
            "1019904" : 3502,
            "1028096" : 3261,
            "1036288" : 3100,
            "1044480" : 2914,
            "1056768" : 5561,
            "1073152" : 5231,
            "1089536" : 5073,
            "1105920" : 4730,
            "1122304" : 4769,
            "1138688" : 4454,
            "1155072" : 4393,
            "1171456" : 4271,
            "1187840" : 4094,
            "1204224" : 4169,
            "1220608" : 4111,
            "1236992" : 4146,
            "1253376" : 4042,
            "1269760" : 3814,
            "1286144" : 3716,
            "1302528" : 3595,
            "1318912" : 3536,
            "1335296" : 3488,
            "1351680" : 3491,
            "1368064" : 3491,
            "1384448" : 3375,
            "1400832" : 3251,
            "1417216" : 3178,
            "1433600" : 3013,
            "1449984" : 2946,
            "1466368" : 2971,
            "1482752" : 2872,
            "1499136" : 2951,
            "1515520" : 2970,
            "1531904" : 3048,
            "1548288" : 2986,
            "1564672" : 3094,
            "1581056" : 2826,
            "1597440" : 2666,
            "1613824" : 2465,
            "1630208" : 2508,
            "1646592" : 2323,