{
  "fio version" : "fio-3.1",
  "timestamp" : 1574274089,
  "timestamp_ms" : 1574274089933,
  "time" : "Wed Nov 20 18:21:29 2019",
  "global options" : {
    "directory" : "data/fio_write/beegfs-write-64-5bwg9",
    "bs" : "16777216",
    "fallocate" : "none",
    "runtime" : "30",
    "time_based" : "1",
    "ioengine" : "libaio",
    "iodepth" : "8",
    "direct" : "1",
    "buffered" : "0",
    "invalidate" : "1",
    "ramp_time" : "0",
    "thread" : "0",
    "group_reporting" : "1",
    "filesize" : "32g",
    "size" : "32g",
    "filename_format" : "$jobnum.dat"
  },
  "jobs" : [
    {
      "jobname" : "fio-job",
      "groupid" : 0,
      "error" : 0,
      "eta" : 0,
      "elapsed" : 32,
      "job options" : {
        "rw" : "write"
      },
      "read" : {
        "io_bytes" : 0,
        "io_kbytes" : 0,
        "bw" : 0,
        "iops" : 0.000000,
        "runtime" : 0,
        "total_ios" : 0,
        "short_ios" : 0,
        "drop_ios" : 0,
        "slat_ns" : {
          "min" : 0,
          "max" : 0,
          "mean" : 0.000000,
          "stddev" : 0.000000
        },
        "clat_ns" : {
          "min" : 0,
          "max" : 0,
          "mean" : 0.000000,
          "stddev" : 0.000000,
          "percentile" : {
            "1.000000" : 0,
            "5.000000" : 0,
            "10.000000" : 0,
            "20.000000" : 0,
            "30.000000" : 0,
            "40.000000" : 0,
            "50.000000" : 0,
            "60.000000" : 0,
            "70.000000" : 0,
            "80.000000" : 0,
            "90.000000" : 0,
            "95.000000" : 0,
            "99.000000" : 0,
            "99.500000" : 0,
            "99.900000" : 0,
            "99.950000" : 0,
            "99.990000" : 0,
            "0.00" : 0,
            "0.00" : 0,
            "0.00" : 0
          },
          "bins" : {

          }
        },
        "lat_ns" : {
          "min" : 0,
          "max" : 0,
          "mean" : 0.000000,
          "stddev" : 0.000000
        },
        "bw_min" : 0,
        "bw_max" : 0,
        "bw_agg" : 0.000000,
        "bw_mean" : 0.000000,
        "bw_dev" : 0.000000,
        "bw_samples" : 0,
        "iops_min" : 0,
        "iops_max" : 0,
        "iops_mean" : 0.000000,
        "iops_stddev" : 0.000000,
        "iops_samples" : 0
      },
      "write" : {
        "io_bytes" : 3355443200,
        "io_kbytes" : 3276800,
        "bw" : 107538,
        "iops" : 6.563618,
        "runtime" : 30471,
        "total_ios" : 200,
        "short_ios" : 0,
        "drop_ios" : 0,
        "slat_ns" : {
          "min" : 63687934,
          "max" : 1671983373,
          "mean" : 605540923.505000,
          "stddev" : 284280835.169446
        },
        "clat_ns" : {
          "min" : 8377,
          "max" : 7006071671,
          "mean" : 4099613513.690000,
          "stddev" : 1443377030.153367,
          "percentile" : {
            "1.000000" : 11712,
            "5.000000" : 1061158912,
            "10.000000" : 2164260864,
            "20.000000" : 3137339392,
            "30.000000" : 3472883712,
            "40.000000" : 3909091328,
            "50.000000" : 4328521728,
            "60.000000" : 4529848320,
            "70.000000" : 4865392640,
            "80.000000" : 5268045824,
            "90.000000" : 5804916736,
            "95.000000" : 6207569920,
            "99.000000" : 6744440832,
            "99.500000" : 6945767424,
            "99.900000" : 7012876288,
            "99.950000" : 7012876288,
            "99.990000" : 7012876288,
            "0.00" : 0,
            "0.00" : 0,
            "0.00" : 0
          },
          "bins" : {
            "8384" : 1,
            "11712" : 1,
            "11840" : 1,
            "13376" : 1,
            "358612992" : 1,
            "387973120" : 1,
            "509607936" : 1,
            "834666496" : 1,
            "943718400" : 1,
            "1061158912" : 1,
            "1132462080" : 1,
            "1384120320" : 1,
            "1518338048" : 1,
            "1585446912" : 1,
            "1719664640" : 1,
            "1769996288" : 1,
            "1853882368" : 1,
            "1904214016" : 2,
            "2164260864" : 1,
            "2197815296" : 1,
            "2298478592" : 1,
            "2365587456" : 1,
            "2499805184" : 1,
            "2533359616" : 2,
            "2701131776" : 1,
            "2801795072" : 3,
            "2835349504" : 1,
            "2868903936" : 1,
            "2902458368" : 1,
            "3036676096" : 3,
            "3070230528" : 2,
            "3103784960" : 1,
            "3137339392" : 1,
            "3170893824" : 1,
            "3204448256" : 1,
            "3238002688" : 2,
            "3271557120" : 1,
            "3305111552" : 1,
            "3338665984" : 3,
            "3372220416" : 3,
            "3405774848" : 5,
            "3439329280" : 1,
            "3472883712" : 2,
            "3506438144" : 2,
            "3539992576" : 3,
            "3607101440" : 1,
            "3640655872" : 2,
            "3674210304" : 1,
            "3741319168" : 2,
            "3808428032" : 3,
            "3841982464" : 1,
            "3875536896" : 3,
            "3909091328" : 2,
            "3976200192" : 3,
            "4009754624" : 2,
            "4043309056" : 4,
            "4076863488" : 2,
            "4110417920" : 3,
            "4143972352" : 1,
            "4177526784" : 1,
            "4244635648" : 1,
            "4278190080" : 2,
            "4328521728" : 4,
            "4395630592" : 12,
            "4462739456" : 1,
            "4529848320" : 5,
            "4596957184" : 5,
            "4664066048" : 4,
            "4731174912" : 5,
            "4798283776" : 4,
            "4865392640" : 3,
            "4932501504" : 3,
            "4999610368" : 4,
            "5066719232" : 2,
            "5133828096" : 7,
            "5200936960" : 1,
            "5268045824" : 2,
            "5335154688" : 3,
            "5402263552" : 4,
            "5469372416" : 1,
            "5536481280" : 1,
            "5603590144" : 1,
            "5670699008" : 2,
            "5737807872" : 6,
            "5804916736" : 1,
            "5872025600" : 1,
            "5939134464" : 2,
            "6006243328" : 5,
            "6073352192" : 1,
            "6207569920" : 3,
            "6274678784" : 1,
            "6341787648" : 2,
            "6543114240" : 1,
            "6610223104" : 1,
            "6744440832" : 1,
            "6945767424" : 1,
            "7012876288" : 1
          }
        },
        "lat_ns" : {
          "min" : 360674362,
          "max" : 7579020168,
          "mean" : 4705157868.615000,
          "stddev" : 1554817593.532560
        },
        "bw_min" : 32702,
        "bw_max" : 66331,
        "bw_agg" : 32.917786,
        "bw_mean" : 35399.128205,
        "bw_dev" : 8752.587795,
        "bw_samples" : 156,
        "iops_min" : 1,
        "iops_max" : 4,
        "iops_mean" : 2.083333,
        "iops_stddev" : 0.589788,
        "iops_samples" : 156
      },
      "trim" : {
        "io_bytes" : 0,
        "io_kbytes" : 0,
        "bw" : 0,
        "iops" : 0.000000,
        "runtime" : 0,
        "total_ios" : 0,
        "short_ios" : 0,
        "drop_ios" : 0,
        "slat_ns" : {
          "min" : 0,
          "max" : 0,
          "mean" : 0.000000,
          "stddev" : 0.000000
        },
        "clat_ns" : {
          "min" : 0,
          "max" : 0,
          "mean" : 0.000000,
          "stddev" : 0.000000,
          "percentile" : {
            "1.000000" : 0,
            "5.000000" : 0,
            "10.000000" : 0,
            "20.000000" : 0,
            "30.000000" : 0,
            "40.000000" : 0,
            "50.000000" : 0,
            "60.000000" : 0,
            "70.000000" : 0,
            "80.000000" : 0,
            "90.000000" : 0,
            "95.000000" : 0,
            "99.000000" : 0,
            "99.500000" : 0,
            "99.900000" : 0,