{
  "fio version" : "fio-3.1",
  "timestamp" : 1574274091,
  "timestamp_ms" : 1574274091275,
  "time" : "Wed Nov 20 18:21:31 2019",
  "global options" : {
    "directory" : "data/fio_write/beegfs-write-64-q7s59",
    "bs" : "16777216",
    "fallocate" : "none",
    "runtime" : "30",
    "time_based" : "1",
    "ioengine" : "libaio",
    "iodepth" : "8",
    "direct" : "1",
    "buffered" : "0",
    "invalidate" : "1",
    "ramp_time" : "0",
    "thread" : "0",
    "group_reporting" : "1",
    "filesize" : "32g",
    "size" : "32g",
    "filename_format" : "$jobnum.dat"
  },
  "jobs" : [
    {
      "jobname" : "fio-job",
      "groupid" : 0,
      "error" : 0,
      "eta" : 0,
      "elapsed" : 33,
      "job options" : {
        "rw" : "write"
      },
      "read" : {
        "io_bytes" : 0,
        "io_kbytes" : 0,
        "bw" : 0,
        "iops" : 0.000000,
        "runtime" : 0,
        "total_ios" : 0,
        "short_ios" : 0,
        "drop_ios" : 0,
        "slat_ns" : {
          "min" : 0,
          "max" : 0,
          "mean" : 0.000000,
          "stddev" : 0.000000
        },
        "clat_ns" : {
          "min" : 0,
          "max" : 0,
          "mean" : 0.000000,
          "stddev" : 0.000000,
          "percentile" : {
            "1.000000" : 0,
            "5.000000" : 0,
            "10.000000" : 0,
            "20.000000" : 0,
            "30.000000" : 0,
            "40.000000" : 0,
            "50.000000" : 0,
            "60.000000" : 0,
            "70.000000" : 0,
            "80.000000" : 0,
            "90.000000" : 0,
            "95.000000" : 0,
            "99.000000" : 0,
            "99.500000" : 0,
            "99.900000" : 0,
            "99.950000" : 0,
            "99.990000" : 0,
            "0.00" : 0,
            "0.00" : 0,
            "0.00" : 0
          },
          "bins" : {

          }
        },
        "lat_ns" : {
          "min" : 0,
          "max" : 0,
          "mean" : 0.000000,
          "stddev" : 0.000000
        },
        "bw_min" : 0,
        "bw_max" : 0,
        "bw_agg" : 0.000000,
        "bw_mean" : 0.000000,
        "bw_dev" : 0.000000,
        "bw_samples" : 0,
        "iops_min" : 0,
        "iops_max" : 0,
        "iops_mean" : 0.000000,
        "iops_stddev" : 0.000000,
        "iops_samples" : 0
      },
      "write" : {
        "io_bytes" : 1845493760,
        "io_kbytes" : 1802240,
        "bw" : 58964,
        "iops" : 3.598888,
        "runtime" : 30565,
        "total_ios" : 110,
        "short_ios" : 0,
        "drop_ios" : 0,
        "slat_ns" : {
          "min" : 350391825,
          "max" : 2604218813,
          "mean" : 1108163523.418182,
          "stddev" : 433039065.351684
        },
        "clat_ns" : {
          "min" : 9145,
          "max" : 10855790976,
          "mean" : 6887070917.081819,
          "stddev" : 2876449126.310748,
          "percentile" : {
            "1.000000" : 10688,
            "5.000000" : 650117120,
            "10.000000" : 1551892480,
            "20.000000" : 4529848320,
            "30.000000" : 6476005376,
            "40.000000" : 6878658560,
            "50.000000" : 7751073792,
            "60.000000" : 8153726976,
            "70.000000" : 8556380160,
            "80.000000" : 9059696640,
            "90.000000" : 9865003008,
            "95.000000" : 10133438464,
            "99.000000" : 10536091648,
            "99.500000" : 10804527104,
            "99.900000" : 10804527104,
            "99.950000" : 10804527104,
            "99.990000" : 10804527104,
            "0.00" : 0,
            "0.00" : 0,
            "0.00" : 0
          },
          "bins" : {
            "9152" : 1,
            "10688" : 1,
            "11072" : 1,
            "11840" : 1,
            "583008256" : 1,
            "650117120" : 1,
            "675282944" : 1,
            "868220928" : 1,
            "994050048" : 1,
            "1333788672" : 1,
            "1551892480" : 1,
            "2105540608" : 1,
            "2264924160" : 1,
            "2298478592" : 1,
            "2868903936" : 1,
            "2936012800" : 1,
            "2969567232" : 1,
            "3103784960" : 1,
            "3808428032" : 1,
            "3875536896" : 1,
            "4143972352" : 1,
            "4529848320" : 1,
            "4798283776" : 1,
            "4932501504" : 1,
            "5268045824" : 1,
            "5603590144" : 2,
            "6274678784" : 1,
            "6341787648" : 1,
            "6408896512" : 3,
            "6476005376" : 1,
            "6610223104" : 2,
            "6677331968" : 1,
            "6744440832" : 1,
            "6811549696" : 4,
            "6878658560" : 3,
            "6945767424" : 2,
            "7147094016" : 1,
            "7348420608" : 1,
            "7415529472" : 1,
            "7482638336" : 2,
            "7549747200" : 2,
            "7751073792" : 2,
            "7885291520" : 1,
            "7952400384" : 1,
            "8019509248" : 2,
            "8086618112" : 5,
            "8153726976" : 2,
            "8220835840" : 2,
            "8287944704" : 3,
            "8422162432" : 1,
            "8489271296" : 3,
            "8556380160" : 3,
            "8657043456" : 2,
            "8791261184" : 3,
            "8925478912" : 4,
            "9059696640" : 3,
            "9193914368" : 1,
            "9462349824" : 2,
            "9596567552" : 1,
            "9730785280" : 1,
            "9865003008" : 4,
            "9999220736" : 4,
            "10133438464" : 2,
            "10401873920" : 1,
            "10536091648" : 3,
            "10804527104" : 1
          }
        },
        "lat_ns" : {
          "min" : 581770255,
          "max" : 11901401953,
          "mean" : 7995237861.372727,
          "stddev" : 2978810810.024361
        },
        "bw_min" : 32702,
        "bw_max" : 65536,
        "bw_agg" : 56.498793,
        "bw_mean" : 33313.948052,
        "bw_dev" : 3728.575712,
        "bw_samples" : 77,
        "iops_min" : 1,
        "iops_max" : 4,
        "iops_mean" : 1.961039,
        "iops_stddev" : 0.341882,
        "iops_samples" : 77
      },
      "trim" : {
        "io_bytes" : 0,
        "io_kbytes" : 0,
        "bw" : 0,
        "iops" : 0.000000,
        "runtime" : 0,
        "total_ios" : 0,
        "short_ios" : 0,
        "drop_ios" : 0,
        "slat_ns" : {
          "min" : 0,
          "max" : 0,
          "mean" : 0.000000,
          "stddev" : 0.000000
        },
        "clat_ns" : {
          "min" : 0,
          "max" : 0,
          "mean" : 0.000000,
          "stddev" : 0.000000,
          "percentile" : {
            "1.000000" : 0,
            "5.000000" : 0,
            "10.000000" : 0,
            "20.000000" : 0,
            "30.000000" : 0,
            "40.000000" : 0,
            "50.000000" : 0,
            "60.000000" : 0,
            "70.000000" : 0,
            "80.000000" : 0,
            "90.000000" : 0,
            "95.000000" : 0,
            "99.000000" : 0,
            "99.500000" : 0,
            "99.900000" : 0,
            "99.950000" : 0,
            "99.990000" : 0,
            "0.00" : 0,
            "0.00" : 0,
            "0.00" : 0
          },
          "bins" : {

          }
        },
        "lat_ns" : {
          "min" : 0,
          "max" : 0,
          "mean" : 0.000000,
          "stddev" : 0.000000
        },
        "bw_min" : 0,
        "bw_max" : 0,
        "bw_agg" : 0.000000,
        "bw_mean" : 0.000000,
        "bw_dev" : 0.000000,
        "bw_samples" : 0,
        "iops_min" : 0,
        "iops_max" : 0,
        "iops_mean" : 0.000000,
        "iops_stddev" : 0.000000,
        "iops_samples" : 0
      },
      "usr_cpu" : 0.100067,
      "sys_cpu" : 0.047573,
      "ctx" : 1919,
      "majf" : 0,
      "minf" : 37,
      "iodepth_level" : {
        "1" : 3.636364,
        "2" : 7.272727,
        "4" : 14.545455,
        "8" : 74.545455,
        "16" : 0.000000,
        "32" : 0.000000,