{
  "fio version" : "fio-3.1",
  "timestamp" : 1574247650,
  "timestamp_ms" : 1574247650839,
  "time" : "Wed Nov 20 11:00:50 2019",
  "global options" : {
    "directory" : "data/fio_write/beegfs-write-64-vdwdw",
    "bs" : "1048576",
    "fallocate" : "none",
    "runtime" : "30",
    "time_based" : "1",
    "ioengine" : "libaio",
    "iodepth" : "8",
    "direct" : "1",
    "buffered" : "0",
    "invalidate" : "1",
    "ramp_time" : "0",
    "thread" : "0",
    "group_reporting" : "1",
    "filesize" : "32g",
    "size" : "32g",
    "filename_format" : "$jobnum.dat"
  },
  "jobs" : [
    {
      "jobname" : "fio-job",
      "groupid" : 0,
      "error" : 0,
      "eta" : 0,
      "elapsed" : 31,
      "job options" : {
        "rw" : "write"
      },
      "read" : {
        "io_bytes" : 0,
        "io_kbytes" : 0,
        "bw" : 0,
        "iops" : 0.000000,
        "runtime" : 0,
        "total_ios" : 0,
        "short_ios" : 0,
        "drop_ios" : 0,
        "slat_ns" : {
          "min" : 0,
          "max" : 0,
          "mean" : 0.000000,
          "stddev" : 0.000000
        },
        "clat_ns" : {
          "min" : 0,
          "max" : 0,
          "mean" : 0.000000,
          "stddev" : 0.000000,
          "percentile" : {
            "1.000000" : 0,
            "5.000000" : 0,
            "10.000000" : 0,
            "20.000000" : 0,
            "30.000000" : 0,
            "40.000000" : 0,
            "50.000000" : 0,
            "60.000000" : 0,
            "70.000000" : 0,
            "80.000000" : 0,
            "90.000000" : 0,
            "95.000000" : 0,
            "99.000000" : 0,
            "99.500000" : 0,
            "99.900000" : 0,
            "99.950000" : 0,
            "99.990000" : 0,
            "0.00" : 0,
            "0.00" : 0,
            "0.00" : 0
          },
          "bins" : {

          }
        },
        "lat_ns" : {
          "min" : 0,
          "max" : 0,
          "mean" : 0.000000,
          "stddev" : 0.000000
        },
        "bw_min" : 0,
        "bw_max" : 0,
        "bw_agg" : 0.000000,
        "bw_mean" : 0.000000,
        "bw_dev" : 0.000000,
        "bw_samples" : 0,
        "iops_min" : 0,
        "iops_max" : 0,
        "iops_mean" : 0.000000,
        "iops_stddev" : 0.000000,
        "iops_samples" : 0
      },
      "write" : {
        "io_bytes" : 1968177152,
        "io_kbytes" : 1922048,
        "bw" : 63566,
        "iops" : 62.076264,
        "runtime" : 30237,
        "total_ios" : 1877,
        "short_ios" : 0,
        "drop_ios" : 0,
        "slat_ns" : {
          "min" : 1157072,
          "max" : 1811321051,
          "mean" : 64228112.140117,
          "stddev" : 168871959.080906
        },
        "clat_ns" : {
          "min" : 6940,
          "max" : 2526946007,
          "mean" : 449183838.372403,
          "stddev" : 366733261.300560,
          "percentile" : {
            "1.000000" : 23724032,
            "5.000000" : 53739520,
            "10.000000" : 83361792,
            "20.000000" : 170917888,
            "30.000000" : 250609664,
            "40.000000" : 283115520,
            "50.000000" : 341835776,
            "60.000000" : 408944640,
            "70.000000" : 517996544,
            "80.000000" : 683671552,
            "90.000000" : 935329792,
            "95.000000" : 1132462080,
            "99.000000" : 1820327936,
            "99.500000" : 2038431744,
            "99.900000" : 2533359616,
            "99.950000" : 2533359616,
            "99.990000" : 2533359616,
            "0.00" : 0,
            "0.00" : 0,
            "0.00" : 0
          },
          "bins" : {
            "6944" : 1,
            "7072" : 1,
            "7456" : 1,
            "8096" : 1,
            "19267584" : 1,
            "20578304" : 1,
            "20840448" : 2,
            "21364736" : 2,
            "22413312" : 1,
            "22675456" : 1,
            "22937600" : 1,
            "23199744" : 2,
            "23461888" : 2,
            "23724032" : 2,
            "23986176" : 2,
            "24248320" : 2,
            "25034752" : 1,
            "25296896" : 2,
            "25559040" : 1,
            "25821184" : 1,
            "26083328" : 2,
            "26345472" : 3,
            "26607616" : 1,
            "26869760" : 1,
            "27131904" : 1,
            "27656192" : 1,
            "27918336" : 2,
            "28180480" : 4,
            "28442624" : 2,
            "28966912" : 3,
            "29491200" : 3,
            "30015488" : 3,
            "30277632" : 1,
            "31588352" : 1,
            "31850496" : 2,
            "32374784" : 2,
            "34865152" : 2,
            "35913728" : 2,
            "36962304" : 3,
            "37486592" : 1,
            "38010880" : 2,
            "38535168" : 1,
            "39583744" : 1,
            "40108032" : 3,
            "40632320" : 2,
            "41156608" : 1,
            "42205184" : 1,
            "43778048" : 1,
            "44302336" : 1,
            "44826624" : 2,
            "45350912" : 2,
            "47448064" : 1,
            "48496640" : 3,
            "50593792" : 1,
            "51118080" : 1,
            "52166656" : 1,
            "52690944" : 1,
            "53739520" : 1,
            "54263808" : 1,
            "54788096" : 1,
            "55836672" : 1,
            "56885248" : 1,
            "57409536" : 1,
            "59506688" : 2,
            "60030976" : 1,
            "61079552" : 1,
            "61603840" : 2,
            "62128128" : 1,
            "63700992" : 3,
            "64225280" : 1,
            "64749568" : 5,
            "65273856" : 2,
            "65798144" : 2,
            "66322432" : 2,
            "66846720" : 3,
            "67633152" : 5,
            "68681728" : 5,
            "69730304" : 5,
            "70778880" : 4,
            "71827456" : 4,
            "72876032" : 5,
            "73924608" : 5,
            "74973184" : 3,
            "76021760" : 4,
            "77070336" : 2,
            "78118912" : 3,
            "79167488" : 5,
            "80216064" : 4,
            "81264640" : 5,
            "82313216" : 4,
            "83361792" : 6,
            "84410368" : 3,
            "85458944" : 4,
            "86507520" : 4,
            "87556096" : 5,
            "88604672" : 3,
            "89653248" : 2,
            "90701824" : 4,
            "91750400" : 8,
            "92798976" : 3,
            "94896128" : 2,
            "95944704" : 3,
            "96993280" : 3,
            "98041856" : 1,
            "99090432" : 1,
            "101187584" : 1,
            "102236160" : 2,
            "103284736" : 2,
            "104333312" : 3,
            "105381888" : 1,
            "107479040" : 2,
            "108527616" : 3,
            "109576192" : 3,
            "111673344" : 1,
            "112721920" : 3,
            "113770496" : 1,
            "114819072" : 1,
            "115867648" : 2,
            "116916224" : 3,
            "117964800" : 2,
            "119013376" : 1,
            "120061952" : 4,
            "122159104" : 5,
            "123207680" : 1,
            "126353408" : 1,
            "128450560" : 3,
            "129499136" : 2,
            "131596288" : 7,
            "132644864" : 1,
            "133693440" : 1,
            "135266304" : 4,
            "137363456" : 2,
            "139460608" : 3,
            "141557760" : 4,
            "143654912" : 1,
            "145752064" : 7,
            "147849216" : 1,
            "149946368" : 5,
            "152043520" : 6,
            "156237824" : 9,
            "158334976" : 5,
            "160432128" : 4,
            "162529280" : 6,
            "164626432" : 4,
            "166723584" : 4,
            "168820736" : 7,
            "170917888" : 9,
            "173015040" : 1,
            "177209344" : 2,
            "179306496" : 1,
            "181403648" : 5,
            "183500800" : 3,
            "187695104" : 1,
            "191889408" : 1,