{
  "fio version" : "fio-3.1",
  "timestamp" : 1555517752,
  "timestamp_ms" : 1555517752692,
  "time" : "Wed Apr 17 16:15:52 2019",
  "global options" : {
    "fallocate" : "none",
    "runtime" : "30",
    "directory" : "/data/fio_write/beegfs-write-64-ccg88",
    "bs" : "2097152",
    "time_based" : "1",
    "ioengine" : "libaio",
    "iodepth" : "8",
    "direct" : "1",
    "buffered" : "0",
    "thread" : "0",
    "group_reporting" : "1",
    "filesize" : "32g",
    "size" : "32g",
    "filename_format" : "$jobnum.dat"
  },
  "jobs" : [
    {
      "jobname" : "fio-job",
      "groupid" : 0,
      "error" : 0,
      "eta" : 0,
      "elapsed" : 31,
      "job options" : {
        "rw" : "write"
      },
      "read" : {
        "io_bytes" : 0,
        "io_kbytes" : 0,
        "bw" : 0,
        "iops" : 0.000000,
        "runtime" : 0,
        "total_ios" : 0,
        "short_ios" : 0,
        "drop_ios" : 0,
        "slat_ns" : {
          "min" : 0,
          "max" : 0,
          "mean" : 0.000000,
          "stddev" : 0.000000
        },
        "clat_ns" : {
          "min" : 0,
          "max" : 0,
          "mean" : 0.000000,
          "stddev" : 0.000000,
          "percentile" : {
            "1.000000" : 0,
            "5.000000" : 0,
            "10.000000" : 0,
            "20.000000" : 0,
            "30.000000" : 0,
            "40.000000" : 0,
            "50.000000" : 0,
            "60.000000" : 0,
            "70.000000" : 0,
            "80.000000" : 0,
            "90.000000" : 0,
            "95.000000" : 0,
            "99.000000" : 0,
            "99.500000" : 0,
            "99.900000" : 0,
            "99.950000" : 0,
            "99.990000" : 0,
            "0.00" : 0,
            "0.00" : 0,
            "0.00" : 0
          },
          "bins" : {

          }
        },
        "lat_ns" : {
          "min" : 0,
          "max" : 0,
          "mean" : 0.000000,
          "stddev" : 0.000000
        },
        "bw_min" : 0,
        "bw_max" : 0,
        "bw_agg" : 0.000000,
        "bw_mean" : 0.000000,
        "bw_dev" : 0.000000,
        "bw_samples" : 0,
        "iops_min" : 0,
        "iops_max" : 0,
        "iops_mean" : 0.000000,
        "iops_stddev" : 0.000000,
        "iops_samples" : 0
      },
      "write" : {
        "io_bytes" : 2673868800,
        "io_kbytes" : 2611200,
        "bw" : 86964,
        "iops" : 42.463199,
        "runtime" : 30026,
        "total_ios" : 1275,
        "short_ios" : 0,
        "drop_ios" : 0,
        "slat_ns" : {
          "min" : 23039067,
          "max" : 646062589,
          "mean" : 93947432.250196,
          "stddev" : 46650893.461207
        },
        "clat_ns" : {
          "min" : 7131,
          "max" : 1411000555,
          "mean" : 649081174.072157,
          "stddev" : 129745493.979066,
          "percentile" : {
            "1.000000" : 168820736,
            "5.000000" : 513802240,
            "10.000000" : 557842432,
            "20.000000" : 591396864,
            "30.000000" : 608174080,
            "40.000000" : 624951296,
            "50.000000" : 641728512,
            "60.000000" : 650117120,
            "70.000000" : 675282944,
            "80.000000" : 700448768,
            "90.000000" : 767557632,
            "95.000000" : 868220928,
            "99.000000" : 1115684864,
            "99.500000" : 1166016512,
            "99.900000" : 1249902592,
            "99.950000" : 1417674752,
            "99.990000" : 1417674752,
            "0.00" : 0,
            "0.00" : 0,
            "0.00" : 0
          },
          "bins" : {
            "7136" : 1,
            "8256" : 1,
            "10176" : 1,
            "10688" : 1,
            "29229056" : 1,
            "30539776" : 1,
            "34340864" : 1,
            "68681728" : 1,
            "78118912" : 1,
            "82313216" : 1,
            "109576192" : 1,
            "123207680" : 1,
            "168820736" : 1,
            "170917888" : 1,
            "181403648" : 1,
            "212860928" : 1,
            "223346688" : 1,
            "231735296" : 1,
            "265289728" : 1,
            "287309824" : 1,
            "299892736" : 1,
            "304087040" : 1,
            "312475648" : 1,
            "354418688" : 1,
            "375390208" : 1,
            "383778816" : 1,
            "387973120" : 1,
            "396361728" : 2,
            "400556032" : 1,
            "413138944" : 2,
            "421527552" : 1,
            "425721856" : 1,
            "429916160" : 3,
            "434110464" : 1,
            "438304768" : 2,
            "442499072" : 1,
            "446693376" : 2,
            "455081984" : 1,
            "459276288" : 2,
            "467664896" : 1,
            "476053504" : 1,
            "480247808" : 5,
            "488636416" : 3,
            "492830720" : 1,
            "497025024" : 1,
            "501219328" : 3,
            "509607936" : 2,
            "513802240" : 4,
            "517996544" : 6,
            "522190848" : 2,
            "526385152" : 4,
            "530579456" : 4,
            "534773760" : 7,
            "541065216" : 18,
            "549453824" : 14,
            "557842432" : 15,
            "566231040" : 28,
            "574619648" : 31,
            "583008256" : 33,
            "591396864" : 44,
            "599785472" : 72,
            "608174080" : 62,
            "616562688" : 68,
            "624951296" : 67,
            "633339904" : 76,
            "641728512" : 83,
            "650117120" : 71,
            "658505728" : 59,
            "666894336" : 53,
            "675282944" : 53,
            "683671552" : 45,
            "692060160" : 26,
            "700448768" : 30,
            "708837376" : 27,
            "717225984" : 15,
            "725614592" : 20,
            "734003200" : 20,
            "742391808" : 9,
            "750780416" : 10,
            "759169024" : 6,
            "767557632" : 10,
            "775946240" : 4,
            "784334848" : 4,
            "792723456" : 11,
            "801112064" : 5,
            "809500672" : 6,
            "817889280" : 7,
            "826277888" : 6,
            "834666496" : 2,
            "843055104" : 1,
            "851443712" : 3,
            "859832320" : 4,
            "868220928" : 4,
            "876609536" : 6,
            "884998144" : 5,
            "893386752" : 1,
            "901775360" : 1,
            "910163968" : 5,
            "918552576" : 1,
            "935329792" : 2,
            "943718400" : 2,
            "952107008" : 2,
            "960495616" : 2,
            "968884224" : 1,
            "977272832" : 6,
            "985661440" : 1,
            "994050048" : 1,
            "1002438656" : 4,
            "1044381696" : 3,
            "1052770304" : 2,
            "1061158912" : 1,
            "1082130432" : 2,
            "1098907648" : 1,
            "1115684864" : 2,
            "1132462080" : 3,
            "1149239296" : 1,
            "1166016512" : 3,
            "1182793728" : 1,
            "1199570944" : 1,
            "1216348160" : 1,
            "1249902592" : 1,
            "1417674752" : 1
          }
        },
        "lat_ns" : {
          "min" : 29277163,
          "max" : 1444072265,
          "mean" : 743033358.224314,
          "stddev" : 137215813.543558
        },
        "bw_min" : 4145,
        "bw_max" : 37236,
        "bw_agg" : 24.907638,
        "bw_mean" : 21660.677966,
        "bw_dev" : 4584.890949,
        "bw_samples" : 236,
        "iops_min" : 2,
        "iops_max" : 18,
        "iops_mean" : 10.461864,
        "iops_stddev" : 2.241444,
        "iops_samples" : 236
      },
      "trim" : {
        "io_bytes" : 0,
        "io_kbytes" : 0,
        "bw" : 0,
        "iops" : 0.000000,
        "runtime" : 0,
        "total_ios" : 0,
        "short_ios" : 0,
        "drop_ios" : 0,
        "slat_ns" : {
          "min" : 0,
          "max" : 0,
          "mean" : 0.000000,
          "stddev" : 0.000000
        },