{
  "fio version" : "fio-3.1",
  "timestamp" : 1574247327,
  "timestamp_ms" : 1574247327137,
  "time" : "Wed Nov 20 10:55:27 2019",
  "global options" : {
    "directory" : "data/fio_write/beegfs-write-64-ghh7b",
    "bs" : "2048",
    "fallocate" : "none",
    "runtime" : "30",
    "time_based" : "1",
    "ioengine" : "libaio",
    "iodepth" : "8",
    "direct" : "1",
    "buffered" : "0",
    "invalidate" : "1",
    "ramp_time" : "0",
    "thread" : "0",
    "group_reporting" : "1",
    "filesize" : "32g",
    "size" : "32g",
    "filename_format" : "$jobnum.dat"
  },
  "jobs" : [
    {
      "jobname" : "fio-job",
      "groupid" : 0,
      "error" : 0,
      "eta" : 0,
      "elapsed" : 31,
      "job options" : {
        "rw" : "write"
      },
      "read" : {
        "io_bytes" : 0,
        "io_kbytes" : 0,
        "bw" : 0,
        "iops" : 0.000000,
        "runtime" : 0,
        "total_ios" : 0,
        "short_ios" : 0,
        "drop_ios" : 0,
        "slat_ns" : {
          "min" : 0,
          "max" : 0,
          "mean" : 0.000000,
          "stddev" : 0.000000
        },
        "clat_ns" : {
          "min" : 0,
          "max" : 0,
          "mean" : 0.000000,
          "stddev" : 0.000000,
          "percentile" : {
            "1.000000" : 0,
            "5.000000" : 0,
            "10.000000" : 0,
            "20.000000" : 0,
            "30.000000" : 0,
            "40.000000" : 0,
            "50.000000" : 0,
            "60.000000" : 0,
            "70.000000" : 0,
            "80.000000" : 0,
            "90.000000" : 0,
            "95.000000" : 0,
            "99.000000" : 0,
            "99.500000" : 0,
            "99.900000" : 0,
            "99.950000" : 0,
            "99.990000" : 0,
            "0.00" : 0,
            "0.00" : 0,
            "0.00" : 0
          },
          "bins" : {

          }
        },
        "lat_ns" : {
          "min" : 0,
          "max" : 0,
          "mean" : 0.000000,
          "stddev" : 0.000000
        },
        "bw_min" : 0,
        "bw_max" : 0,
        "bw_agg" : 0.000000,
        "bw_mean" : 0.000000,
        "bw_dev" : 0.000000,
        "bw_samples" : 0,
        "iops_min" : 0,
        "iops_max" : 0,
        "iops_mean" : 0.000000,
        "iops_stddev" : 0.000000,
        "iops_samples" : 0
      },
      "write" : {
        "io_bytes" : 1590325248,
        "io_kbytes" : 1553052,
        "bw" : 51766,
        "iops" : 25883.337222,
        "runtime" : 30001,
        "total_ios" : 776526,
        "short_ios" : 0,
        "drop_ios" : 0,
        "slat_ns" : {
          "min" : 24619,
          "max" : 11758216,
          "mean" : 148741.926369,
          "stddev" : 102153.964595
        },
        "clat_ns" : {
          "min" : 3281,
          "max" : 12290739,
          "mean" : 1084304.507373,
          "stddev" : 315063.311428,
          "percentile" : {
            "1.000000" : 569344,
            "5.000000" : 684032,
            "10.000000" : 757760,
            "20.000000" : 839680,
            "30.000000" : 913408,
            "40.000000" : 978944,
            "50.000000" : 1036288,
            "60.000000" : 1105920,
            "70.000000" : 1187840,
            "80.000000" : 1286144,
            "90.000000" : 1466368,
            "95.000000" : 1630208,
            "99.000000" : 2056192,
            "99.500000" : 2277376,
            "99.900000" : 2932736,
            "99.950000" : 3325952,
            "99.990000" : 5144576,
            "0.00" : 0,
            "0.00" : 0,
            "0.00" : 0
          },
          "bins" : {
            "3280" : 1,
            "3376" : 1,
            "3664" : 1,
            "61184" : 1,
            "62208" : 1,
            "78336" : 1,
            "96768" : 1,
            "107008" : 1,
            "114176" : 1,
            "136192" : 1,
            "146432" : 1,
            "168960" : 1,
            "187392" : 1,
            "203776" : 1,
            "228352" : 1,
            "236544" : 1,
            "240640" : 1,
            "296960" : 1,
            "305152" : 1,
            "309248" : 2,
            "313344" : 3,
            "317440" : 2,
            "321536" : 3,
            "325632" : 1,
            "329728" : 1,
            "333824" : 1,
            "337920" : 7,
            "342016" : 5,
            "346112" : 7,
            "350208" : 12,
            "354304" : 10,
            "358400" : 14,
            "362496" : 6,
            "366592" : 12,
            "370688" : 9,
            "374784" : 17,
            "378880" : 14,
            "382976" : 18,
            "387072" : 24,
            "391168" : 28,
            "395264" : 24,
            "399360" : 21,
            "403456" : 24,
            "407552" : 31,
            "411648" : 37,
            "415744" : 38,
            "419840" : 47,
            "423936" : 34,
            "428032" : 54,
            "432128" : 60,
            "436224" : 44,
            "440320" : 53,
            "444416" : 48,
            "448512" : 73,
            "452608" : 73,
            "456704" : 86,
            "460800" : 81,
            "464896" : 112,
            "468992" : 115,
            "473088" : 111,
            "477184" : 134,
            "481280" : 116,
            "485376" : 110,
            "489472" : 132,
            "493568" : 163,
            "497664" : 162,
            "501760" : 165,
            "505856" : 198,
            "509952" : 201,
            "514048" : 212,
            "518144" : 209,
            "522240" : 216,
            "528384" : 534,
            "536576" : 617,
            "544768" : 694,
            "552960" : 841,
            "561152" : 905,
            "569344" : 1011,
            "577536" : 1083,
            "585728" : 1211,
            "593920" : 1404,
            "602112" : 1603,
            "610304" : 1695,
            "618496" : 1885,
            "626688" : 2116,
            "634880" : 2256,
            "643072" : 2408,
            "651264" : 2544,
            "659456" : 2815,
            "667648" : 3201,
            "675840" : 3406,
            "684032" : 3613,
            "692224" : 3820,
            "700416" : 4074,
            "708608" : 4190,
            "716800" : 4503,
            "724992" : 4857,
            "733184" : 4992,
            "741376" : 5365,
            "749568" : 5743,
            "757760" : 5987,
            "765952" : 6321,
            "774144" : 6504,
            "782336" : 6674,
            "790528" : 7104,
            "798720" : 7196,
            "806912" : 7516,
            "815104" : 7801,
            "823296" : 7937,
            "831488" : 8118,
            "839680" : 8410,
            "847872" : 8574,
            "856064" : 8591,
            "864256" : 9060,
            "872448" : 9096,
            "880640" : 9333,
            "888832" : 9409,
            "897024" : 9583,
            "905216" : 9629,
            "913408" : 9816,
            "921600" : 9805,
            "929792" : 9900,
            "937984" : 9967,
            "946176" : 9968,
            "954368" : 10104,
            "962560" : 10254,
            "970752" : 10177,
            "978944" : 10297,
            "987136" : 10143,
            "995328" : 10222,
            "1003520" : 10479,
            "1011712" : 10338,
            "1019904" : 10034,
            "1028096" : 9913,
            "1036288" : 9870,
            "1044480" : 9678,
            "1056768" : 18979,
            "1073152" : 18650,
            "1089536" : 18193,
            "1105920" : 17505,
            "1122304" : 17157,
            "1138688" : 16458,
            "1155072" : 15548,
            "1171456" : 15077,
            "1187840" : 14420,
            "1204224" : 13588,
            "1220608" : 12979,
            "1236992" : 12415,
            "1253376" : 11737,
            "1269760" : 10830,
            "1286144" : 10437,
            "1302528" : 9791,
            "1318912" : 9108,
            "1335296" : 8740,
            "1351680" : 8034,
            "1368064" : 7488,