{
  "fio version" : "fio-3.1",
  "timestamp" : 1556020751,
  "timestamp_ms" : 1556020751232,
  "time" : "Tue Apr 23 12:59:11 2019",
  "global options" : {
    "fallocate" : "none",
    "runtime" : "30",
    "directory" : "/data/fio_write/beegfs-randwrite-64-client-26896-44",
    "bs" : "8388608",
    "time_based" : "1",
    "ioengine" : "libaio",
    "iodepth" : "8",
    "direct" : "1",
    "buffered" : "0",
    "thread" : "0",
    "group_reporting" : "1",
    "filesize" : "32g",
    "size" : "32g",
    "filename_format" : "$jobnum.dat"
  },
  "jobs" : [
    {
      "jobname" : "fio-job",
      "groupid" : 0,
      "error" : 0,
      "eta" : 0,
      "elapsed" : 35,
      "job options" : {
        "rw" : "randwrite"
      },
      "read" : {
        "io_bytes" : 0,
        "io_kbytes" : 0,
        "bw" : 0,
        "iops" : 0.000000,
        "runtime" : 0,
        "total_ios" : 0,
        "short_ios" : 0,
        "drop_ios" : 0,
        "slat_ns" : {
          "min" : 0,
          "max" : 0,
          "mean" : 0.000000,
          "stddev" : 0.000000
        },
        "clat_ns" : {
          "min" : 0,
          "max" : 0,
          "mean" : 0.000000,
          "stddev" : 0.000000,
          "percentile" : {
            "1.000000" : 0,
            "5.000000" : 0,
            "10.000000" : 0,
            "20.000000" : 0,
            "30.000000" : 0,
            "40.000000" : 0,
            "50.000000" : 0,
            "60.000000" : 0,
            "70.000000" : 0,
            "80.000000" : 0,
            "90.000000" : 0,
            "95.000000" : 0,
            "99.000000" : 0,
            "99.500000" : 0,
            "99.900000" : 0,
            "99.950000" : 0,
            "99.990000" : 0,
            "0.00" : 0,
            "0.00" : 0,
            "0.00" : 0
          },
          "bins" : {

          }
        },
        "lat_ns" : {
          "min" : 0,
          "max" : 0,
          "mean" : 0.000000,
          "stddev" : 0.000000
        },
        "bw_min" : 0,
        "bw_max" : 0,
        "bw_agg" : 0.000000,
        "bw_mean" : 0.000000,
        "bw_dev" : 0.000000,
        "bw_samples" : 0,
        "iops_min" : 0,
        "iops_max" : 0,
        "iops_mean" : 0.000000,
        "iops_stddev" : 0.000000,
        "iops_samples" : 0
      },
      "write" : {
        "io_bytes" : 268435456,
        "io_kbytes" : 262144,
        "bw" : 7614,
        "iops" : 0.929503,
        "runtime" : 34427,
        "total_ios" : 32,
        "short_ios" : 0,
        "drop_ios" : 0,
        "slat_ns" : {
          "min" : 333735049,
          "max" : 9904271269,
          "mean" : 3976887950.062500,
          "stddev" : 2156027137.256360
        },
        "clat_ns" : {
          "min" : 17360,
          "max" : 30974372434,
          "mean" : 14529603801.093750,
          "stddev" : 10446842683.689423,
          "percentile" : {
            "1.000000" : 17280,
            "5.000000" : 29056,
            "10.000000" : 263192576,
            "20.000000" : 1585446912,
            "30.000000" : 5939134464,
            "40.000000" : 11878268928,
            "50.000000" : 15904800768,
            "60.000000" : 17112760320,
            "70.000000" : 17112760320,
            "80.000000" : 17112760320,
            "90.000000" : 17112760320,
            "95.000000" : 17112760320,
            "99.000000" : 17112760320,
            "99.500000" : 17112760320,
            "99.900000" : 17112760320,
            "99.950000" : 17112760320,
            "99.990000" : 17112760320,
            "0.00" : 0,
            "0.00" : 0,
            "0.00" : 0
          },
          "bins" : {
            "17280" : 1,
            "29056" : 1,
            "126353408" : 1,
            "263192576" : 1,
            "1249902592" : 1,
            "1333788672" : 1,
            "1585446912" : 1,
            "3003121664" : 1,
            "4462739456" : 1,
            "5939134464" : 1,
            "8086618112" : 1,
            "8287944704" : 1,
            "11878268928" : 1,
            "12683575296" : 1,
            "13488881664" : 1,
            "15904800768" : 1,
            "16173236224" : 1,
            "17112760320" : 15
          }
        },
        "lat_ns" : {
          "min" : 1245608842,
          "max" : 34156320584,
          "mean" : 18506493679.593750,
          "stddev" : 10240637829.338776
        },
        "bw_min" : 11314,
        "bw_max" : 16449,
        "bw_agg" : 100.000000,
        "bw_mean" : 13036.333333,
        "bw_dev" : 2955.499337,
        "bw_samples" : 3,
        "iops_min" : 1,
        "iops_max" : 2,
        "iops_mean" : 1.333333,
        "iops_stddev" : 0.577350,
        "iops_samples" : 3
      },
      "trim" : {
        "io_bytes" : 0,
        "io_kbytes" : 0,
        "bw" : 0,
        "iops" : 0.000000,
        "runtime" : 0,
        "total_ios" : 0,
        "short_ios" : 0,
        "drop_ios" : 0,
        "slat_ns" : {
          "min" : 0,
          "max" : 0,
          "mean" : 0.000000,
          "stddev" : 0.000000
        },
        "clat_ns" : {
          "min" : 0,
          "max" : 0,
          "mean" : 0.000000,
          "stddev" : 0.000000,
          "percentile" : {
            "1.000000" : 0,
            "5.000000" : 0,
            "10.000000" : 0,
            "20.000000" : 0,
            "30.000000" : 0,
            "40.000000" : 0,
            "50.000000" : 0,
            "60.000000" : 0,
            "70.000000" : 0,
            "80.000000" : 0,
            "90.000000" : 0,
            "95.000000" : 0,
            "99.000000" : 0,
            "99.500000" : 0,
            "99.900000" : 0,
            "99.950000" : 0,
            "99.990000" : 0,
            "0.00" : 0,
            "0.00" : 0,
            "0.00" : 0
          },
          "bins" : {

          }
        },
        "lat_ns" : {
          "min" : 0,
          "max" : 0,
          "mean" : 0.000000,
          "stddev" : 0.000000
        },
        "bw_min" : 0,
        "bw_max" : 0,
        "bw_agg" : 0.000000,
        "bw_mean" : 0.000000,
        "bw_dev" : 0.000000,
        "bw_samples" : 0,
        "iops_min" : 0,
        "iops_max" : 0,
        "iops_mean" : 0.000000,
        "iops_stddev" : 0.000000,
        "iops_samples" : 0
      },
      "usr_cpu" : 0.014879,
      "sys_cpu" : 0.051686,
      "ctx" : 207,
      "majf" : 0,
      "minf" : 104,
      "iodepth_level" : {
        "1" : 12.500000,
        "2" : 25.000000,
        "4" : 50.000000,
        "8" : 12.500000,
        "16" : 0.000000,
        "32" : 0.000000,
        ">=64" : 0.000000
      },
      "latency_ns" : {
        "2" : 0.000000,
        "4" : 0.000000,
        "10" : 0.000000,
        "20" : 0.000000,
        "50" : 0.000000,
        "100" : 0.000000,
        "250" : 0.000000,
        "500" : 0.000000,
        "750" : 0.000000,
        "1000" : 0.000000
      },
      "latency_us" : {
        "2" : 0.000000,
        "4" : 0.000000,
        "10" : 0.000000,
        "20" : 3.125000,
        "50" : 3.125000,
        "100" : 0.000000,
        "250" : 0.000000,
        "500" : 0.000000,
        "750" : 0.000000,
        "1000" : 0.000000
      },
      "latency_ms" : {
        "2" : 0.000000,
        "4" : 0.000000,
        "10" : 0.000000,
        "20" : 0.000000,
        "50" : 0.000000,
        "100" : 0.000000,
        "250" : 3.125000,
        "500" : 3.125000,
        "750" : 0.000000,
        "1000" : 0.000000,
        "2000" : 9.375000,
        ">=2000" : 78.125000
      },
      "latency_depth" : 8,
      "latency_target" : 0,
      "latency_percentile" : 100.000000,
      "latency_window" : 0
    }
  ],
  "disk_util" : [
    {
      "name" : "sda",
      "read_ios" : 0,
      "write_ios" : 31698,
      "read_merges" : 0,
      "write_merges" : 863,
      "read_ticks" : 0,
      "write_ticks" : 4934455,
      "in_queue" : 4925861,
      "util" : 100.000000
    }
  ]
}
