{
  "fio version" : "fio-3.1",
  "timestamp" : 1556097520,
  "timestamp_ms" : 1556097520396,
  "time" : "Wed Apr 24 10:18:40 2019",
  "global options" : {
    "fallocate" : "none",
    "runtime" : "30",
    "directory" : "/mnt/storage-nvme/fio_write/beegfs-randwrite-64-client-75712-31",
    "bs" : "4194304",
    "time_based" : "1",
    "ioengine" : "libaio",
    "iodepth" : "8",
    "direct" : "1",
    "buffered" : "0",
    "thread" : "0",
    "group_reporting" : "1",
    "filesize" : "32g",
    "size" : "32g",
    "filename_format" : "$jobnum.dat"
  },
  "jobs" : [
    {
      "jobname" : "fio-job",
      "groupid" : 0,
      "error" : 0,
      "eta" : 0,
      "elapsed" : 31,
      "job options" : {
        "rw" : "randwrite"
      },
      "read" : {
        "io_bytes" : 0,
        "io_kbytes" : 0,
        "bw" : 0,
        "iops" : 0.000000,
        "runtime" : 0,
        "total_ios" : 0,
        "short_ios" : 0,
        "drop_ios" : 0,
        "slat_ns" : {
          "min" : 0,
          "max" : 0,
          "mean" : 0.000000,
          "stddev" : 0.000000
        },
        "clat_ns" : {
          "min" : 0,
          "max" : 0,
          "mean" : 0.000000,
          "stddev" : 0.000000,
          "percentile" : {
            "1.000000" : 0,
            "5.000000" : 0,
            "10.000000" : 0,
            "20.000000" : 0,
            "30.000000" : 0,
            "40.000000" : 0,
            "50.000000" : 0,
            "60.000000" : 0,
            "70.000000" : 0,
            "80.000000" : 0,
            "90.000000" : 0,
            "95.000000" : 0,
            "99.000000" : 0,
            "99.500000" : 0,
            "99.900000" : 0,
            "99.950000" : 0,
            "99.990000" : 0,
            "0.00" : 0,
            "0.00" : 0,
            "0.00" : 0
          },
          "bins" : {

          }
        },
        "lat_ns" : {
          "min" : 0,
          "max" : 0,
          "mean" : 0.000000,
          "stddev" : 0.000000
        },
        "bw_min" : 0,
        "bw_max" : 0,
        "bw_agg" : 0.000000,
        "bw_mean" : 0.000000,
        "bw_dev" : 0.000000,
        "bw_samples" : 0,
        "iops_min" : 0,
        "iops_max" : 0,
        "iops_mean" : 0.000000,
        "iops_stddev" : 0.000000,
        "iops_samples" : 0
      },
      "write" : {
        "io_bytes" : 1778384896,
        "io_kbytes" : 1736704,
        "bw" : 57749,
        "iops" : 14.099026,
        "runtime" : 30073,
        "total_ios" : 424,
        "short_ios" : 0,
        "drop_ios" : 0,
        "slat_ns" : {
          "min" : 27338487,
          "max" : 1899342331,
          "mean" : 283170514.049528,
          "stddev" : 288384784.596239
        },
        "clat_ns" : {
          "min" : 3808,
          "max" : 5994563815,
          "mean" : 1902545552.912736,
          "stddev" : 803262116.681181,
          "percentile" : {
            "1.000000" : 112721920,
            "5.000000" : 775946240,
            "10.000000" : 968884224,
            "20.000000" : 1249902592,
            "30.000000" : 1484783616,
            "40.000000" : 1652555776,
            "50.000000" : 1803550720,
            "60.000000" : 2004877312,
            "70.000000" : 2197815296,
            "80.000000" : 2499805184,
            "90.000000" : 2936012800,
            "95.000000" : 3338665984,
            "99.000000" : 4211081216,
            "99.500000" : 4278190080,
            "99.900000" : 6006243328,
            "99.950000" : 6006243328,
            "99.990000" : 6006243328,
            "0.00" : 0,
            "0.00" : 0,
            "0.00" : 0
          },
          "bins" : {
            "3824" : 1,
            "5280" : 1,
            "6752" : 1,
            "8384" : 1,
            "112721920" : 1,
            "166723584" : 1,
            "200278016" : 1,
            "396361728" : 1,
            "455081984" : 1,
            "505413632" : 1,
            "522190848" : 1,
            "599785472" : 1,
            "608174080" : 1,
            "624951296" : 1,
            "633339904" : 1,
            "641728512" : 1,
            "650117120" : 1,
            "658505728" : 1,
            "683671552" : 1,
            "692060160" : 1,
            "708837376" : 1,
            "775946240" : 1,
            "792723456" : 2,
            "809500672" : 2,
            "826277888" : 1,
            "834666496" : 1,
            "843055104" : 1,
            "851443712" : 2,
            "859832320" : 1,
            "868220928" : 2,
            "876609536" : 1,
            "893386752" : 1,
            "910163968" : 1,
            "926941184" : 1,
            "952107008" : 1,
            "968884224" : 5,
            "977272832" : 1,
            "985661440" : 1,
            "994050048" : 1,
            "1010827264" : 2,
            "1019215872" : 2,
            "1027604480" : 2,
            "1052770304" : 1,
            "1061158912" : 1,
            "1082130432" : 2,
            "1098907648" : 1,
            "1115684864" : 1,
            "1132462080" : 1,
            "1149239296" : 1,
            "1166016512" : 3,
            "1182793728" : 5,
            "1199570944" : 7,
            "1216348160" : 4,
            "1233125376" : 4,
            "1249902592" : 3,
            "1266679808" : 2,
            "1317011456" : 2,
            "1333788672" : 2,
            "1350565888" : 4,
            "1367343104" : 4,
            "1384120320" : 4,
            "1400897536" : 4,
            "1417674752" : 4,
            "1434451968" : 6,
            "1451229184" : 6,
            "1468006400" : 2,
            "1484783616" : 4,
            "1501560832" : 3,
            "1518338048" : 3,
            "1551892480" : 4,
            "1568669696" : 7,
            "1585446912" : 3,
            "1602224128" : 3,
            "1619001344" : 7,
            "1635778560" : 6,
            "1652555776" : 4,
            "1669332992" : 6,
            "1686110208" : 7,
            "1702887424" : 3,
            "1719664640" : 5,
            "1736441856" : 4,
            "1753219072" : 5,
            "1769996288" : 6,
            "1786773504" : 3,
            "1803550720" : 2,
            "1820327936" : 1,
            "1837105152" : 3,
            "1853882368" : 2,
            "1870659584" : 7,
            "1887436800" : 3,
            "1904214016" : 1,
            "1920991232" : 5,
            "1937768448" : 6,
            "1954545664" : 5,
            "1971322880" : 6,
            "1988100096" : 3,
            "2004877312" : 3,
            "2021654528" : 4,
            "2038431744" : 3,
            "2055208960" : 9,
            "2071986176" : 3,
            "2088763392" : 2,
            "2122317824" : 2,
            "2139095040" : 5,
            "2164260864" : 5,
            "2197815296" : 7,
            "2231369728" : 7,
            "2264924160" : 3,
            "2298478592" : 5,
            "2332033024" : 6,
            "2365587456" : 4,
            "2399141888" : 7,
            "2432696320" : 3,
            "2466250752" : 6,
            "2499805184" : 7,
            "2533359616" : 3,
            "2566914048" : 6,
            "2600468480" : 5,
            "2634022912" : 1,
            "2667577344" : 3,
            "2701131776" : 5,
            "2734686208" : 1,
            "2768240640" : 1,
            "2801795072" : 2,
            "2835349504" : 1,
            "2868903936" : 2,
            "2902458368" : 4,
            "2936012800" : 3,
            "2969567232" : 1,
            "3003121664" : 3,
            "3036676096" : 2,
            "3070230528" : 1,
            "3103784960" : 4,
            "3137339392" : 2,
            "3170893824" : 3,
            "3204448256" : 1,
            "3238002688" : 2,
            "3338665984" : 2,
            "3372220416" : 1,
            "3439329280" : 1,
            "3472883712" : 1,
            "3506438144" : 1,
            "3573547008" : 3,
            "3607101440" : 1,
            "3640655872" : 1,
            "3707764736" : 1,
            "3741319168" : 1,