{
  "fio version" : "fio-3.1",
  "timestamp" : 1556097261,
  "timestamp_ms" : 1556097261039,
  "time" : "Wed Apr 24 10:14:21 2019",
  "global options" : {
    "fallocate" : "none",
    "runtime" : "30",
    "directory" : "/mnt/storage-nvme/fio_write/beegfs-randwrite-64-client-75712-17",
    "bs" : "16384",
    "time_based" : "1",
    "ioengine" : "libaio",
    "iodepth" : "8",
    "direct" : "1",
    "buffered" : "0",
    "thread" : "0",
    "group_reporting" : "1",
    "filesize" : "32g",
    "size" : "32g",
    "filename_format" : "$jobnum.dat"
  },
  "jobs" : [
    {
      "jobname" : "fio-job",
      "groupid" : 0,
      "error" : 0,
      "eta" : 0,
      "elapsed" : 31,
      "job options" : {
        "rw" : "randwrite"
      },
      "read" : {
        "io_bytes" : 0,
        "io_kbytes" : 0,
        "bw" : 0,
        "iops" : 0.000000,
        "runtime" : 0,
        "total_ios" : 0,
        "short_ios" : 0,
        "drop_ios" : 0,
        "slat_ns" : {
          "min" : 0,
          "max" : 0,
          "mean" : 0.000000,
          "stddev" : 0.000000
        },
        "clat_ns" : {
          "min" : 0,
          "max" : 0,
          "mean" : 0.000000,
          "stddev" : 0.000000,
          "percentile" : {
            "1.000000" : 0,
            "5.000000" : 0,
            "10.000000" : 0,
            "20.000000" : 0,
            "30.000000" : 0,
            "40.000000" : 0,
            "50.000000" : 0,
            "60.000000" : 0,
            "70.000000" : 0,
            "80.000000" : 0,
            "90.000000" : 0,
            "95.000000" : 0,
            "99.000000" : 0,
            "99.500000" : 0,
            "99.900000" : 0,
            "99.950000" : 0,
            "99.990000" : 0,
            "0.00" : 0,
            "0.00" : 0,
            "0.00" : 0
          },
          "bins" : {

          }
        },
        "lat_ns" : {
          "min" : 0,
          "max" : 0,
          "mean" : 0.000000,
          "stddev" : 0.000000
        },
        "bw_min" : 0,
        "bw_max" : 0,
        "bw_agg" : 0.000000,
        "bw_mean" : 0.000000,
        "bw_dev" : 0.000000,
        "bw_samples" : 0,
        "iops_min" : 0,
        "iops_max" : 0,
        "iops_mean" : 0.000000,
        "iops_stddev" : 0.000000,
        "iops_samples" : 0
      },
      "write" : {
        "io_bytes" : 1891942400,
        "io_kbytes" : 1847600,
        "bw" : 61584,
        "iops" : 3849.038365,
        "runtime" : 30001,
        "total_ios" : 115475,
        "short_ios" : 0,
        "drop_ios" : 0,
        "slat_ns" : {
          "min" : 82887,
          "max" : 592713739,
          "mean" : 1036263.162208,
          "stddev" : 3791896.769749
        },
        "clat_ns" : {
          "min" : 2129,
          "max" : 730954028,
          "mean" : 7199903.423061,
          "stddev" : 8861796.126999,
          "percentile" : {
            "1.000000" : 806912,
            "5.000000" : 897024,
            "10.000000" : 1236992,
            "20.000000" : 2998272,
            "30.000000" : 4014080,
            "40.000000" : 5079040,
            "50.000000" : 6127616,
            "60.000000" : 7307264,
            "70.000000" : 8716288,
            "80.000000" : 10420224,
            "90.000000" : 13434880,
            "95.000000" : 16580608,
            "99.000000" : 24772608,
            "99.500000" : 29229056,
            "99.900000" : 40632320,
            "99.950000" : 45875200,
            "99.990000" : 583008256,
            "0.00" : 0,
            "0.00" : 0,
            "0.00" : 0
          },
          "bins" : {
            "2128" : 2,
            "5280" : 1,
            "9920" : 1,
            "111104" : 1,
            "126464" : 1,
            "140288" : 1,
            "158720" : 1,
            "224256" : 1,
            "236544" : 1,
            "264192" : 1,
            "272384" : 1,
            "358400" : 1,
            "362496" : 2,
            "382976" : 1,
            "468992" : 1,
            "473088" : 1,
            "493568" : 1,
            "505856" : 1,
            "593920" : 1,
            "602112" : 1,
            "610304" : 1,
            "643072" : 1,
            "700416" : 1,
            "708608" : 1,
            "716800" : 3,
            "724992" : 3,
            "733184" : 5,
            "741376" : 13,
            "749568" : 27,
            "757760" : 40,
            "765952" : 72,
            "774144" : 106,
            "782336" : 166,
            "790528" : 218,
            "798720" : 269,
            "806912" : 305,
            "815104" : 370,
            "823296" : 399,
            "831488" : 418,
            "839680" : 444,
            "847872" : 441,
            "856064" : 425,
            "864256" : 429,
            "872448" : 436,
            "880640" : 413,
            "888832" : 408,
            "897024" : 348,
            "905216" : 329,
            "913408" : 291,
            "921600" : 282,
            "929792" : 273,
            "937984" : 273,
            "946176" : 276,
            "954368" : 238,
            "962560" : 231,
            "970752" : 207,
            "978944" : 178,
            "987136" : 201,
            "995328" : 186,
            "1003520" : 166,
            "1011712" : 170,
            "1019904" : 166,
            "1028096" : 138,
            "1036288" : 156,
            "1044480" : 153,
            "1056768" : 264,
            "1073152" : 237,
            "1089536" : 206,
            "1105920" : 189,
            "1122304" : 181,
            "1138688" : 173,
            "1155072" : 137,
            "1171456" : 126,
            "1187840" : 109,
            "1204224" : 89,
            "1220608" : 96,
            "1236992" : 88,
            "1253376" : 71,
            "1269760" : 69,
            "1286144" : 55,
            "1302528" : 65,
            "1318912" : 77,
            "1335296" : 57,
            "1351680" : 63,
            "1368064" : 39,
            "1384448" : 55,
            "1400832" : 49,
            "1417216" : 52,
            "1433600" : 53,
            "1449984" : 53,
            "1466368" : 52,
            "1482752" : 65,
            "1499136" : 52,
            "1515520" : 53,
            "1531904" : 54,
            "1548288" : 50,
            "1564672" : 43,
            "1581056" : 57,
            "1597440" : 64,
            "1613824" : 54,
            "1630208" : 50,
            "1646592" : 57,
            "1662976" : 70,
            "1679360" : 71,
            "1695744" : 72,
            "1712128" : 80,
            "1728512" : 82,
            "1744896" : 82,
            "1761280" : 78,
            "1777664" : 92,
            "1794048" : 57,
            "1810432" : 75,
            "1826816" : 83,
            "1843200" : 69,
            "1859584" : 96,
            "1875968" : 71,
            "1892352" : 87,
            "1908736" : 74,
            "1925120" : 90,
            "1941504" : 94,
            "1957888" : 106,
            "1974272" : 115,
            "1990656" : 82,
            "2007040" : 94,
            "2023424" : 104,
            "2039808" : 98,
            "2056192" : 107,
            "2072576" : 91,
            "2088960" : 100,
            "2113536" : 198,
            "2146304" : 245,
            "2179072" : 225,
            "2211840" : 237,
            "2244608" : 216,
            "2277376" : 246,
            "2310144" : 248,
            "2342912" : 252,
            "2375680" : 234,
            "2408448" : 271,
            "2441216" : 279,
            "2473984" : 286,
            "2506752" : 307,
            "2539520" : 271,
            "2572288" : 283,
            "2605056" : 291,
            "2637824" : 316,
            "2670592" : 322,
            "2703360" : 301,
            "2736128" : 300,
            "2768896" : 324,
            "2801664" : 310,
            "2834432" : 309,
            "2867200" : 326,
            "2899968" : 320,
            "2932736" : 363,
            "2965504" : 335,
            "2998272" : 345,
            "3031040" : 364,