{
  "fio version" : "fio-3.1",
  "timestamp" : 1555518129,
  "timestamp_ms" : 1555518129986,
  "time" : "Wed Apr 17 16:22:09 2019",
  "global options" : {
    "fallocate" : "none",
    "runtime" : "30",
    "directory" : "/data/fio_write/beegfs-randwrite-64-25jqd",
    "bs" : "2048",
    "time_based" : "1",
    "ioengine" : "libaio",
    "iodepth" : "8",
    "direct" : "1",
    "buffered" : "0",
    "thread" : "0",
    "group_reporting" : "1",
    "filesize" : "32g",
    "size" : "32g",
    "filename_format" : "$jobnum.dat"
  },
  "jobs" : [
    {
      "jobname" : "fio-job",
      "groupid" : 0,
      "error" : 0,
      "eta" : 0,
      "elapsed" : 38,
      "job options" : {
        "rw" : "randwrite"
      },
      "read" : {
        "io_bytes" : 0,
        "io_kbytes" : 0,
        "bw" : 0,
        "iops" : 0.000000,
        "runtime" : 0,
        "total_ios" : 0,
        "short_ios" : 0,
        "drop_ios" : 0,
        "slat_ns" : {
          "min" : 0,
          "max" : 0,
          "mean" : 0.000000,
          "stddev" : 0.000000
        },
        "clat_ns" : {
          "min" : 0,
          "max" : 0,
          "mean" : 0.000000,
          "stddev" : 0.000000,
          "percentile" : {
            "1.000000" : 0,
            "5.000000" : 0,
            "10.000000" : 0,
            "20.000000" : 0,
            "30.000000" : 0,
            "40.000000" : 0,
            "50.000000" : 0,
            "60.000000" : 0,
            "70.000000" : 0,
            "80.000000" : 0,
            "90.000000" : 0,
            "95.000000" : 0,
            "99.000000" : 0,
            "99.500000" : 0,
            "99.900000" : 0,
            "99.950000" : 0,
            "99.990000" : 0,
            "0.00" : 0,
            "0.00" : 0,
            "0.00" : 0
          },
          "bins" : {

          }
        },
        "lat_ns" : {
          "min" : 0,
          "max" : 0,
          "mean" : 0.000000,
          "stddev" : 0.000000
        },
        "bw_min" : 0,
        "bw_max" : 0,
        "bw_agg" : 0.000000,
        "bw_mean" : 0.000000,
        "bw_dev" : 0.000000,
        "bw_samples" : 0,
        "iops_min" : 0,
        "iops_max" : 0,
        "iops_mean" : 0.000000,
        "iops_stddev" : 0.000000,
        "iops_samples" : 0
      },
      "write" : {
        "io_bytes" : 1302528,
        "io_kbytes" : 1272,
        "bw" : 35,
        "iops" : 17.777281,
        "runtime" : 35776,
        "total_ios" : 636,
        "short_ios" : 0,
        "drop_ios" : 0,
        "slat_ns" : {
          "min" : 101668,
          "max" : 10236936212,
          "mean" : 204020923.338050,
          "stddev" : 866016034.471891
        },
        "clat_ns" : {
          "min" : 10358,
          "max" : 14194989599,
          "mean" : 1423729792.578616,
          "stddev" : 2434945181.174233,
          "percentile" : {
            "1.000000" : 888832,
            "5.000000" : 11862016,
            "10.000000" : 23986176,
            "20.000000" : 73924608,
            "30.000000" : 187695104,
            "40.000000" : 291504128,
            "50.000000" : 396361728,
            "60.000000" : 513802240,
            "70.000000" : 801112064,
            "80.000000" : 2122317824,
            "90.000000" : 4932501504,
            "95.000000" : 7214202880,
            "99.000000" : 10670309376,
            "99.500000" : 12817793024,
            "99.900000" : 14159970304,
            "99.950000" : 14159970304,
            "99.990000" : 14159970304,
            "0.00" : 0,
            "0.00" : 0,
            "0.00" : 0
          },
          "bins" : {
            "10304" : 1,
            "10688" : 2,
            "12352" : 1,
            "880640" : 1,
            "888832" : 2,
            "913408" : 1,
            "929792" : 1,
            "937984" : 1,
            "1019904" : 1,
            "1089536" : 1,
            "1236992" : 1,
            "1318912" : 1,
            "1351680" : 1,
            "1449984" : 1,
            "1482752" : 1,
            "1499136" : 2,
            "1564672" : 1,
            "1728512" : 1,
            "1941504" : 1,
            "2211840" : 1,
            "2342912" : 1,
            "6062080" : 1,
            "6651904" : 1,
            "7045120" : 1,
            "8716288" : 1,
            "11730944" : 3,
            "11862016" : 1,
            "12124160" : 1,
            "12255232" : 1,
            "12386304" : 3,
            "12648448" : 1,
            "13959168" : 2,
            "14090240" : 1,
            "14614528" : 1,
            "15269888" : 1,
            "15532032" : 1,
            "15663104" : 3,
            "17170432" : 1,
            "17432576" : 3,
            "18743296" : 1,
            "19005440" : 1,
            "19791872" : 1,
            "20054016" : 1,
            "20316160" : 2,
            "22151168" : 1,
            "22413312" : 3,
            "23199744" : 1,
            "23724032" : 1,
            "23986176" : 1,
            "24772608" : 3,
            "26869760" : 2,
            "27918336" : 1,
            "28180480" : 1,
            "28442624" : 2,
            "30277632" : 1,
            "32636928" : 1,
            "33816576" : 1,
            "36962304" : 1,
            "38535168" : 1,
            "39059456" : 4,
            "41680896" : 3,
            "42729472" : 3,
            "43778048" : 2,
            "49020928" : 1,
            "50069504" : 1,
            "50593792" : 1,
            "51642368" : 1,
            "52690944" : 1,
            "54788096" : 1,
            "57409536" : 3,
            "61079552" : 4,
            "61603840" : 1,
            "64225280" : 1,
            "64749568" : 1,
            "65273856" : 1,
            "66322432" : 3,
            "67633152" : 3,
            "68681728" : 2,
            "69730304" : 4,
            "70778880" : 3,
            "72876032" : 3,
            "73924608" : 3,
            "74973184" : 1,
            "78118912" : 2,
            "80216064" : 2,
            "85458944" : 1,
            "95944704" : 1,
            "96993280" : 1,
            "98041856" : 2,
            "99090432" : 1,
            "101187584" : 3,
            "103284736" : 1,
            "106430464" : 4,
            "110624768" : 3,
            "112721920" : 3,
            "115867648" : 1,
            "117964800" : 1,
            "119013376" : 3,
            "122159104" : 1,
            "123207680" : 1,
            "124256256" : 1,
            "125304832" : 2,
            "131596288" : 1,
            "135266304" : 2,
            "137363456" : 1,
            "139460608" : 2,
            "141557760" : 3,
            "143654912" : 1,
            "154140672" : 2,
            "162529280" : 4,
            "164626432" : 3,
            "166723584" : 3,
            "170917888" : 1,
            "175112192" : 1,
            "177209344" : 1,
            "185597952" : 1,
            "187695104" : 6,
            "189792256" : 3,
            "196083712" : 4,
            "198180864" : 2,
            "202375168" : 1,
            "214958080" : 2,
            "217055232" : 2,
            "223346688" : 1,
            "225443840" : 4,
            "227540992" : 2,
            "231735296" : 5,
            "233832448" : 2,
            "235929600" : 1,
            "238026752" : 1,
            "240123904" : 5,
            "242221056" : 2,
            "244318208" : 3,
            "250609664" : 2,
            "254803968" : 3,
            "256901120" : 3,
            "258998272" : 1,
            "263192576" : 3,
            "267386880" : 2,
            "274726912" : 2,
            "278921216" : 2,
            "291504128" : 4,
            "295698432" : 6,
            "299892736" : 3,
            "304087040" : 4,
            "308281344" : 6,
            "312475648" : 2,
            "316669952" : 4,
            "320864256" : 3,
            "325058560" : 2,
            "329252864" : 3,
            "337641472" : 1,
            "341835776" : 5,
            "350224384" : 1,
            "354418688" : 2,
            "358612992" : 1,