{
  "fio version" : "fio-3.1",
  "timestamp" : 1574247963,
  "timestamp_ms" : 1574247963745,
  "time" : "Wed Nov 20 11:06:03 2019",
  "global options" : {
    "directory" : "data/fio_write/beegfs-randwrite-64-vkz2c",
    "bs" : "1024",
    "fallocate" : "none",
    "runtime" : "30",
    "time_based" : "1",
    "ioengine" : "libaio",
    "iodepth" : "8",
    "direct" : "1",
    "buffered" : "0",
    "invalidate" : "1",
    "ramp_time" : "0",
    "thread" : "0",
    "group_reporting" : "1",
    "filesize" : "32g",
    "size" : "32g",
    "filename_format" : "$jobnum.dat"
  },
  "jobs" : [
    {
      "jobname" : "fio-job",
      "groupid" : 0,
      "error" : 0,
      "eta" : 0,
      "elapsed" : 32,
      "job options" : {
        "rw" : "randwrite"
      },
      "read" : {
        "io_bytes" : 0,
        "io_kbytes" : 0,
        "bw" : 0,
        "iops" : 0.000000,
        "runtime" : 0,
        "total_ios" : 0,
        "short_ios" : 0,
        "drop_ios" : 0,
        "slat_ns" : {
          "min" : 0,
          "max" : 0,
          "mean" : 0.000000,
          "stddev" : 0.000000
        },
        "clat_ns" : {
          "min" : 0,
          "max" : 0,
          "mean" : 0.000000,
          "stddev" : 0.000000,
          "percentile" : {
            "1.000000" : 0,
            "5.000000" : 0,
            "10.000000" : 0,
            "20.000000" : 0,
            "30.000000" : 0,
            "40.000000" : 0,
            "50.000000" : 0,
            "60.000000" : 0,
            "70.000000" : 0,
            "80.000000" : 0,
            "90.000000" : 0,
            "95.000000" : 0,
            "99.000000" : 0,
            "99.500000" : 0,
            "99.900000" : 0,
            "99.950000" : 0,
            "99.990000" : 0,
            "0.00" : 0,
            "0.00" : 0,
            "0.00" : 0
          },
          "bins" : {

          }
        },
        "lat_ns" : {
          "min" : 0,
          "max" : 0,
          "mean" : 0.000000,
          "stddev" : 0.000000
        },
        "bw_min" : 0,
        "bw_max" : 0,
        "bw_agg" : 0.000000,
        "bw_mean" : 0.000000,
        "bw_dev" : 0.000000,
        "bw_samples" : 0,
        "iops_min" : 0,
        "iops_max" : 0,
        "iops_mean" : 0.000000,
        "iops_stddev" : 0.000000,
        "iops_samples" : 0
      },
      "write" : {
        "io_bytes" : 156672,
        "io_kbytes" : 153,
        "bw" : 4,
        "iops" : 4.956429,
        "runtime" : 30869,
        "total_ios" : 153,
        "short_ios" : 0,
        "drop_ios" : 0,
        "slat_ns" : {
          "min" : 151673,
          "max" : 2827492950,
          "mean" : 805019903.575163,
          "stddev" : 700953798.135419
        },
        "clat_ns" : {
          "min" : 5026,
          "max" : 11115149682,
          "mean" : 5586106795.385621,
          "stddev" : 2986772659.575182,
          "percentile" : {
            "1.000000" : 5152,
            "5.000000" : 968884224,
            "10.000000" : 1451229184,
            "20.000000" : 1937768448,
            "30.000000" : 3573547008,
            "40.000000" : 5335154688,
            "50.000000" : 6408896512,
            "60.000000" : 6744440832,
            "70.000000" : 7549747200,
            "80.000000" : 8489271296,
            "90.000000" : 9193914368,
            "95.000000" : 9596567552,
            "99.000000" : 10804527104,
            "99.500000" : 11072962560,
            "99.900000" : 11072962560,
            "99.950000" : 11072962560,
            "99.990000" : 11072962560,
            "0.00" : 0,
            "0.00" : 0,
            "0.00" : 0
          },
          "bins" : {
            "5024" : 1,
            "5152" : 1,
            "5472" : 1,
            "7584" : 1,
            "784334848" : 1,
            "817889280" : 1,
            "826277888" : 1,
            "968884224" : 1,
            "1082130432" : 1,
            "1132462080" : 1,
            "1317011456" : 1,
            "1333788672" : 2,
            "1434451968" : 1,
            "1451229184" : 2,
            "1484783616" : 1,
            "1518338048" : 1,
            "1535115264" : 1,
            "1568669696" : 4,
            "1753219072" : 1,
            "1786773504" : 1,
            "1853882368" : 1,
            "1904214016" : 1,
            "1937768448" : 4,
            "1971322880" : 1,
            "2088763392" : 2,
            "2164260864" : 1,
            "2231369728" : 1,
            "2332033024" : 1,
            "2399141888" : 1,
            "2466250752" : 1,
            "2566914048" : 1,
            "2701131776" : 1,
            "2734686208" : 1,
            "2969567232" : 1,
            "3338665984" : 1,
            "3539992576" : 1,
            "3573547008" : 1,
            "3607101440" : 1,
            "3674210304" : 1,
            "3741319168" : 1,
            "3774873600" : 1,
            "3942645760" : 1,
            "4009754624" : 1,
            "4211081216" : 1,
            "4328521728" : 1,
            "4462739456" : 1,
            "4529848320" : 1,
            "4798283776" : 2,
            "5133828096" : 1,
            "5200936960" : 2,
            "5335154688" : 1,
            "5402263552" : 2,
            "5469372416" : 1,
            "5670699008" : 3,
            "5804916736" : 1,
            "5939134464" : 2,
            "6073352192" : 1,
            "6207569920" : 2,
            "6274678784" : 1,
            "6341787648" : 1,
            "6408896512" : 1,
            "6476005376" : 3,
            "6543114240" : 5,
            "6610223104" : 3,
            "6677331968" : 3,
            "6744440832" : 2,
            "6811549696" : 2,
            "6878658560" : 3,
            "6945767424" : 2,
            "7012876288" : 1,
            "7079985152" : 1,
            "7147094016" : 1,
            "7214202880" : 2,
            "7281311744" : 1,
            "7415529472" : 1,
            "7549747200" : 1,
            "7616856064" : 2,
            "7751073792" : 1,
            "7818182656" : 1,
            "8086618112" : 2,
            "8153726976" : 1,
            "8220835840" : 1,
            "8287944704" : 3,
            "8355053568" : 1,
            "8422162432" : 2,
            "8489271296" : 1,
            "8556380160" : 1,
            "8657043456" : 1,
            "8791261184" : 2,
            "8925478912" : 5,
            "9059696640" : 2,
            "9193914368" : 4,
            "9328132096" : 3,
            "9462349824" : 3,
            "9596567552" : 2,
            "9730785280" : 2,
            "10536091648" : 2,
            "10670309376" : 1,
            "10804527104" : 1,
            "11072962560" : 1
          }
        },
        "lat_ns" : {
          "min" : 788143563,
          "max" : 12437590774,
          "mean" : 6391128331.542483,
          "stddev" : 3291535790.932539
        },
        "bw_min" : 1,
        "bw_max" : 4,
        "bw_agg" : 52.912621,
        "bw_mean" : 2.116505,
        "bw_dev" : 0.757977,
        "bw_samples" : 103,
        "iops_min" : 1,
        "iops_max" : 4,
        "iops_mean" : 2.116505,
        "iops_stddev" : 0.757977,
        "iops_samples" : 103
      },
      "trim" : {
        "io_bytes" : 0,
        "io_kbytes" : 0,
        "bw" : 0,
        "iops" : 0.000000,
        "runtime" : 0,
        "total_ios" : 0,
        "short_ios" : 0,
        "drop_ios" : 0,
        "slat_ns" : {
          "min" : 0,
          "max" : 0,
          "mean" : 0.000000,
          "stddev" : 0.000000
        },
        "clat_ns" : {
          "min" : 0,
          "max" : 0,
          "mean" : 0.000000,
          "stddev" : 0.000000,
          "percentile" : {
            "1.000000" : 0,
            "5.000000" : 0,
            "10.000000" : 0,
            "20.000000" : 0,
            "30.000000" : 0,
            "40.000000" : 0,
            "50.000000" : 0,
            "60.000000" : 0,
            "70.000000" : 0,
            "80.000000" : 0,
            "90.000000" : 0,
            "95.000000" : 0,
            "99.000000" : 0,