{
  "fio version" : "fio-3.1",
  "timestamp" : 1556020616,
  "timestamp_ms" : 1556020616008,
  "time" : "Tue Apr 23 12:56:56 2019",
  "global options" : {
    "fallocate" : "none",
    "runtime" : "30",
    "directory" : "/data/fio_write/beegfs-randwrite-64-client-26896-32",
    "bs" : "524288",
    "time_based" : "1",
    "ioengine" : "libaio",
    "iodepth" : "8",
    "direct" : "1",
    "buffered" : "0",
    "thread" : "0",
    "group_reporting" : "1",
    "filesize" : "32g",
    "size" : "32g",
    "filename_format" : "$jobnum.dat"
  },
  "jobs" : [
    {
      "jobname" : "fio-job",
      "groupid" : 0,
      "error" : 0,
      "eta" : 0,
      "elapsed" : 31,
      "job options" : {
        "rw" : "randwrite"
      },
      "read" : {
        "io_bytes" : 0,
        "io_kbytes" : 0,
        "bw" : 0,
        "iops" : 0.000000,
        "runtime" : 0,
        "total_ios" : 0,
        "short_ios" : 0,
        "drop_ios" : 0,
        "slat_ns" : {
          "min" : 0,
          "max" : 0,
          "mean" : 0.000000,
          "stddev" : 0.000000
        },
        "clat_ns" : {
          "min" : 0,
          "max" : 0,
          "mean" : 0.000000,
          "stddev" : 0.000000,
          "percentile" : {
            "1.000000" : 0,
            "5.000000" : 0,
            "10.000000" : 0,
            "20.000000" : 0,
            "30.000000" : 0,
            "40.000000" : 0,
            "50.000000" : 0,
            "60.000000" : 0,
            "70.000000" : 0,
            "80.000000" : 0,
            "90.000000" : 0,
            "95.000000" : 0,
            "99.000000" : 0,
            "99.500000" : 0,
            "99.900000" : 0,
            "99.950000" : 0,
            "99.990000" : 0,
            "0.00" : 0,
            "0.00" : 0,
            "0.00" : 0
          },
          "bins" : {

          }
        },
        "lat_ns" : {
          "min" : 0,
          "max" : 0,
          "mean" : 0.000000,
          "stddev" : 0.000000
        },
        "bw_min" : 0,
        "bw_max" : 0,
        "bw_agg" : 0.000000,
        "bw_mean" : 0.000000,
        "bw_dev" : 0.000000,
        "bw_samples" : 0,
        "iops_min" : 0,
        "iops_max" : 0,
        "iops_mean" : 0.000000,
        "iops_stddev" : 0.000000,
        "iops_samples" : 0
      },
      "write" : {
        "io_bytes" : 272629760,
        "io_kbytes" : 266240,
        "bw" : 8667,
        "iops" : 16.928737,
        "runtime" : 30717,
        "total_ios" : 520,
        "short_ios" : 0,
        "drop_ios" : 0,
        "slat_ns" : {
          "min" : 36502,
          "max" : 3395778713,
          "mean" : 225427775.182692,
          "stddev" : 547791093.096931
        },
        "clat_ns" : {
          "min" : 26209297,
          "max" : 5403325526,
          "mean" : 1616516949.290385,
          "stddev" : 869981990.718803,
          "percentile" : {
            "1.000000" : 34865152,
            "5.000000" : 70778880,
            "10.000000" : 114819072,
            "20.000000" : 943718400,
            "30.000000" : 1518338048,
            "40.000000" : 1568669696,
            "50.000000" : 1652555776,
            "60.000000" : 1753219072,
            "70.000000" : 1870659584,
            "80.000000" : 1971322880,
            "90.000000" : 2466250752,
            "95.000000" : 3170893824,
            "99.000000" : 3841982464,
            "99.500000" : 5402263552,
            "99.900000" : 5402263552,
            "99.950000" : 5402263552,
            "99.990000" : 5402263552,
            "0.00" : 0,
            "0.00" : 0,
            "0.00" : 0
          },
          "bins" : {
            "26083328" : 1,
            "26345472" : 1,
            "33816576" : 1,
            "34865152" : 3,
            "38535168" : 1,
            "42205184" : 1,
            "44826624" : 2,
            "46399488" : 1,
            "47972352" : 1,
            "49545216" : 1,
            "51642368" : 1,
            "52690944" : 1,
            "54263808" : 1,
            "55312384" : 1,
            "56360960" : 1,
            "57409536" : 2,
            "58982400" : 1,
            "61079552" : 1,
            "62128128" : 1,
            "63700992" : 1,
            "68681728" : 1,
            "70778880" : 2,
            "71827456" : 1,
            "73924608" : 1,
            "76021760" : 1,
            "77070336" : 1,
            "79167488" : 1,
            "85458944" : 2,
            "86507520" : 2,
            "90701824" : 1,
            "91750400" : 1,
            "93847552" : 1,
            "94896128" : 2,
            "95944704" : 1,
            "96993280" : 1,
            "99090432" : 2,
            "101187584" : 1,
            "104333312" : 1,
            "106430464" : 2,
            "110624768" : 2,
            "114819072" : 1,
            "115867648" : 1,
            "123207680" : 1,
            "124256256" : 1,
            "128450560" : 1,
            "130547712" : 1,
            "132644864" : 1,
            "204472320" : 1,
            "219152384" : 1,
            "240123904" : 1,
            "244318208" : 1,
            "267386880" : 1,
            "287309824" : 1,
            "341835776" : 1,
            "387973120" : 1,
            "480247808" : 1,
            "484442112" : 1,
            "583008256" : 1,
            "616562688" : 1,
            "624951296" : 1,
            "650117120" : 1,
            "700448768" : 5,
            "708837376" : 8,
            "717225984" : 3,
            "734003200" : 1,
            "742391808" : 1,
            "759169024" : 5,
            "775946240" : 1,
            "784334848" : 1,
            "826277888" : 1,
            "851443712" : 2,
            "876609536" : 1,
            "893386752" : 1,
            "926941184" : 1,
            "943718400" : 1,
            "1052770304" : 1,
            "1115684864" : 1,
            "1149239296" : 1,
            "1166016512" : 1,
            "1182793728" : 2,
            "1216348160" : 3,
            "1249902592" : 1,
            "1384120320" : 13,
            "1400897536" : 1,
            "1434451968" : 2,
            "1468006400" : 14,
            "1484783616" : 2,
            "1501560832" : 3,
            "1518338048" : 21,
            "1535115264" : 22,
            "1551892480" : 15,
            "1568669696" : 8,
            "1585446912" : 1,
            "1619001344" : 14,
            "1635778560" : 26,
            "1652555776" : 8,
            "1669332992" : 6,
            "1686110208" : 13,
            "1702887424" : 9,
            "1719664640" : 1,
            "1736441856" : 16,
            "1753219072" : 7,
            "1769996288" : 14,
            "1803550720" : 1,
            "1837105152" : 8,
            "1853882368" : 7,
            "1870659584" : 19,
            "1887436800" : 13,
            "1904214016" : 1,
            "1920991232" : 1,
            "1937768448" : 8,
            "1954545664" : 19,
            "1971322880" : 10,
            "1988100096" : 1,
            "2004877312" : 2,
            "2021654528" : 7,
            "2038431744" : 1,
            "2055208960" : 7,
            "2071986176" : 6,
            "2122317824" : 1,
            "2164260864" : 5,
            "2197815296" : 7,
            "2231369728" : 6,
            "2264924160" : 2,
            "2466250752" : 6,
            "2600468480" : 6,
            "2701131776" : 6,
            "2734686208" : 6,
            "3103784960" : 6,
            "3137339392" : 1,
            "3170893824" : 5,
            "3405774848" : 2,
            "3439329280" : 5,
            "3472883712" : 1,
            "3506438144" : 4,
            "3640655872" : 2,
            "3741319168" : 2,
            "3841982464" : 1,
            "5402263552" : 5
          }
        },
        "lat_ns" : {
          "min" : 26333747,
          "max" : 5642756791,
          "mean" : 1841945052.096154,
          "stddev" : 1054882857.959136
        },
        "bw_min" : 1024,
        "bw_max" : 12288,
        "bw_agg" : 62.397600,
        "bw_mean" : 5408.000000,