{
  "fio version" : "fio-3.1",
  "timestamp" : 1574247686,
  "timestamp_ms" : 1574247686779,
  "time" : "Wed Nov 20 11:01:26 2019",
  "global options" : {
    "directory" : "data/fio_write/beegfs-write-64-4zbb8",
    "bs" : "2097152",
    "fallocate" : "none",
    "runtime" : "30",
    "time_based" : "1",
    "ioengine" : "libaio",
    "iodepth" : "8",
    "direct" : "1",
    "buffered" : "0",
    "invalidate" : "1",
    "ramp_time" : "0",
    "thread" : "0",
    "group_reporting" : "1",
    "filesize" : "32g",
    "size" : "32g",
    "filename_format" : "$jobnum.dat"
  },
  "jobs" : [
    {
      "jobname" : "fio-job",
      "groupid" : 0,
      "error" : 0,
      "eta" : 0,
      "elapsed" : 31,
      "job options" : {
        "rw" : "write"
      },
      "read" : {
        "io_bytes" : 0,
        "io_kbytes" : 0,
        "bw" : 0,
        "iops" : 0.000000,
        "runtime" : 0,
        "total_ios" : 0,
        "short_ios" : 0,
        "drop_ios" : 0,
        "slat_ns" : {
          "min" : 0,
          "max" : 0,
          "mean" : 0.000000,
          "stddev" : 0.000000
        },
        "clat_ns" : {
          "min" : 0,
          "max" : 0,
          "mean" : 0.000000,
          "stddev" : 0.000000,
          "percentile" : {
            "1.000000" : 0,
            "5.000000" : 0,
            "10.000000" : 0,
            "20.000000" : 0,
            "30.000000" : 0,
            "40.000000" : 0,
            "50.000000" : 0,
            "60.000000" : 0,
            "70.000000" : 0,
            "80.000000" : 0,
            "90.000000" : 0,
            "95.000000" : 0,
            "99.000000" : 0,
            "99.500000" : 0,
            "99.900000" : 0,
            "99.950000" : 0,
            "99.990000" : 0,
            "0.00" : 0,
            "0.00" : 0,
            "0.00" : 0
          },
          "bins" : {

          }
        },
        "lat_ns" : {
          "min" : 0,
          "max" : 0,
          "mean" : 0.000000,
          "stddev" : 0.000000
        },
        "bw_min" : 0,
        "bw_max" : 0,
        "bw_agg" : 0.000000,
        "bw_mean" : 0.000000,
        "bw_dev" : 0.000000,
        "bw_samples" : 0,
        "iops_min" : 0,
        "iops_max" : 0,
        "iops_mean" : 0.000000,
        "iops_stddev" : 0.000000,
        "iops_samples" : 0
      },
      "write" : {
        "io_bytes" : 1998585856,
        "io_kbytes" : 1951744,
        "bw" : 64986,
        "iops" : 31.731762,
        "runtime" : 30033,
        "total_ios" : 953,
        "short_ios" : 0,
        "drop_ios" : 0,
        "slat_ns" : {
          "min" : 2774683,
          "max" : 1814357013,
          "mean" : 125988666.001049,
          "stddev" : 198362363.903203
        },
        "clat_ns" : {
          "min" : 6906,
          "max" : 3257368440,
          "mean" : 872794100.537251,
          "stddev" : 491141390.874291,
          "percentile" : {
            "1.000000" : 61079552,
            "5.000000" : 329252864,
            "10.000000" : 421527552,
            "20.000000" : 513802240,
            "30.000000" : 574619648,
            "40.000000" : 650117120,
            "50.000000" : 725614592,
            "60.000000" : 843055104,
            "70.000000" : 1019215872,
            "80.000000" : 1216348160,
            "90.000000" : 1501560832,
            "95.000000" : 1837105152,
            "99.000000" : 2600468480,
            "99.500000" : 2768240640,
            "99.900000" : 3271557120,
            "99.950000" : 3271557120,
            "99.990000" : 3271557120,
            "0.00" : 0,
            "0.00" : 0,
            "0.00" : 0
          },
          "bins" : {
            "6880" : 1,
            "7968" : 1,
            "10176" : 1,
            "11840" : 1,
            "24510464" : 1,
            "29753344" : 1,
            "35389440" : 1,
            "46399488" : 1,
            "52166656" : 1,
            "61079552" : 1,
            "109576192" : 1,
            "130547712" : 1,
            "133693440" : 1,
            "135266304" : 1,
            "139460608" : 2,
            "152043520" : 1,
            "156237824" : 1,
            "164626432" : 1,
            "166723584" : 1,
            "170917888" : 1,
            "173015040" : 1,
            "206569472" : 1,
            "208666624" : 1,
            "229638144" : 2,
            "235929600" : 1,
            "238026752" : 1,
            "246415360" : 1,
            "248512512" : 1,
            "250609664" : 1,
            "252706816" : 2,
            "254803968" : 2,
            "261095424" : 1,
            "270532608" : 3,
            "283115520" : 1,
            "291504128" : 2,
            "304087040" : 2,
            "312475648" : 1,
            "325058560" : 1,
            "329252864" : 4,
            "333447168" : 1,
            "337641472" : 2,
            "341835776" : 2,
            "346030080" : 5,
            "350224384" : 2,
            "354418688" : 4,
            "358612992" : 2,
            "362807296" : 2,
            "367001600" : 1,
            "371195904" : 1,
            "379584512" : 2,
            "383778816" : 2,
            "387973120" : 1,
            "392167424" : 1,
            "396361728" : 1,
            "400556032" : 1,
            "404750336" : 1,
            "408944640" : 3,
            "413138944" : 5,
            "417333248" : 4,
            "421527552" : 5,
            "425721856" : 1,
            "429916160" : 4,
            "434110464" : 5,
            "438304768" : 2,
            "442499072" : 1,
            "446693376" : 5,
            "450887680" : 2,
            "455081984" : 3,
            "459276288" : 4,
            "463470592" : 3,
            "467664896" : 4,
            "471859200" : 3,
            "476053504" : 2,
            "480247808" : 8,
            "484442112" : 4,
            "488636416" : 4,
            "492830720" : 6,
            "497025024" : 6,
            "501219328" : 6,
            "505413632" : 5,
            "509607936" : 9,
            "513802240" : 8,
            "517996544" : 14,
            "522190848" : 4,
            "526385152" : 6,
            "530579456" : 8,
            "534773760" : 6,
            "541065216" : 10,
            "549453824" : 18,
            "557842432" : 7,
            "566231040" : 9,
            "574619648" : 12,
            "583008256" : 6,
            "591396864" : 15,
            "599785472" : 12,
            "608174080" : 8,
            "616562688" : 13,
            "624951296" : 10,
            "633339904" : 13,
            "641728512" : 15,
            "650117120" : 6,
            "658505728" : 11,
            "666894336" : 16,
            "675282944" : 8,
            "683671552" : 9,
            "692060160" : 11,
            "700448768" : 14,
            "708837376" : 14,
            "717225984" : 7,
            "725614592" : 6,
            "734003200" : 11,
            "742391808" : 9,
            "750780416" : 6,
            "759169024" : 13,
            "767557632" : 1,
            "775946240" : 8,
            "784334848" : 7,
            "792723456" : 6,
            "801112064" : 5,
            "809500672" : 6,
            "817889280" : 3,
            "826277888" : 7,
            "834666496" : 5,
            "843055104" : 6,
            "851443712" : 2,
            "859832320" : 5,
            "868220928" : 11,
            "876609536" : 5,
            "884998144" : 3,
            "893386752" : 4,
            "901775360" : 4,
            "910163968" : 5,
            "918552576" : 3,
            "926941184" : 4,
            "935329792" : 6,
            "943718400" : 9,
            "952107008" : 2,
            "960495616" : 1,
            "968884224" : 4,
            "977272832" : 3,
            "985661440" : 8,
            "994050048" : 1,
            "1002438656" : 7,
            "1010827264" : 3,
            "1019215872" : 5,
            "1027604480" : 2,
            "1035993088" : 6,
            "1044381696" : 7,
            "1052770304" : 2,
            "1061158912" : 5,