{
  "fio version" : "fio-3.1",
  "timestamp" : 1574247262,
  "timestamp_ms" : 1574247262708,
  "time" : "Wed Nov 20 10:54:22 2019",
  "global options" : {
    "directory" : "data/fio_write/beegfs-write-64-rm568",
    "bs" : "512",
    "fallocate" : "none",
    "runtime" : "30",
    "time_based" : "1",
    "ioengine" : "libaio",
    "iodepth" : "8",
    "direct" : "1",
    "buffered" : "0",
    "invalidate" : "1",
    "ramp_time" : "0",
    "thread" : "0",
    "group_reporting" : "1",
    "filesize" : "32g",
    "size" : "32g",
    "filename_format" : "$jobnum.dat"
  },
  "jobs" : [
    {
      "jobname" : "fio-job",
      "groupid" : 0,
      "error" : 0,
      "eta" : 0,
      "elapsed" : 31,
      "job options" : {
        "rw" : "write"
      },
      "read" : {
        "io_bytes" : 0,
        "io_kbytes" : 0,
        "bw" : 0,
        "iops" : 0.000000,
        "runtime" : 0,
        "total_ios" : 0,
        "short_ios" : 0,
        "drop_ios" : 0,
        "slat_ns" : {
          "min" : 0,
          "max" : 0,
          "mean" : 0.000000,
          "stddev" : 0.000000
        },
        "clat_ns" : {
          "min" : 0,
          "max" : 0,
          "mean" : 0.000000,
          "stddev" : 0.000000,
          "percentile" : {
            "1.000000" : 0,
            "5.000000" : 0,
            "10.000000" : 0,
            "20.000000" : 0,
            "30.000000" : 0,
            "40.000000" : 0,
            "50.000000" : 0,
            "60.000000" : 0,
            "70.000000" : 0,
            "80.000000" : 0,
            "90.000000" : 0,
            "95.000000" : 0,
            "99.000000" : 0,
            "99.500000" : 0,
            "99.900000" : 0,
            "99.950000" : 0,
            "99.990000" : 0,
            "0.00" : 0,
            "0.00" : 0,
            "0.00" : 0
          },
          "bins" : {

          }
        },
        "lat_ns" : {
          "min" : 0,
          "max" : 0,
          "mean" : 0.000000,
          "stddev" : 0.000000
        },
        "bw_min" : 0,
        "bw_max" : 0,
        "bw_agg" : 0.000000,
        "bw_mean" : 0.000000,
        "bw_dev" : 0.000000,
        "bw_samples" : 0,
        "iops_min" : 0,
        "iops_max" : 0,
        "iops_mean" : 0.000000,
        "iops_stddev" : 0.000000,
        "iops_samples" : 0
      },
      "write" : {
        "io_bytes" : 416524288,
        "io_kbytes" : 406762,
        "bw" : 13558,
        "iops" : 27116.562781,
        "runtime" : 30001,
        "total_ios" : 813524,
        "short_ios" : 0,
        "drop_ios" : 0,
        "slat_ns" : {
          "min" : 20732,
          "max" : 10318250,
          "mean" : 141729.843824,
          "stddev" : 88900.497917
        },
        "clat_ns" : {
          "min" : 2458,
          "max" : 10811322,
          "mean" : 1035104.450665,
          "stddev" : 284144.981786,
          "percentile" : {
            "1.000000" : 464896,
            "5.000000" : 634880,
            "10.000000" : 724992,
            "20.000000" : 815104,
            "30.000000" : 888832,
            "40.000000" : 946176,
            "50.000000" : 1003520,
            "60.000000" : 1073152,
            "70.000000" : 1138688,
            "80.000000" : 1236992,
            "90.000000" : 1384448,
            "95.000000" : 1531904,
            "99.000000" : 1875968,
            "99.500000" : 2023424,
            "99.900000" : 2506752,
            "99.950000" : 2932736,
            "99.990000" : 4112384,
            "0.00" : 0,
            "0.00" : 0,
            "0.00" : 0
          },
          "bins" : {
            "2448" : 1,
            "2736" : 1,
            "2928" : 1,
            "4320" : 1,
            "95744" : 1,
            "158720" : 1,
            "183296" : 1,
            "220160" : 1,
            "226304" : 1,
            "232448" : 1,
            "236544" : 2,
            "240640" : 2,
            "242688" : 3,
            "244736" : 3,
            "248832" : 1,
            "250880" : 2,
            "252928" : 1,
            "254976" : 2,
            "257024" : 3,
            "259072" : 7,
            "261120" : 6,
            "264192" : 7,
            "268288" : 13,
            "272384" : 8,
            "276480" : 10,
            "280576" : 11,
            "284672" : 9,
            "288768" : 17,
            "292864" : 19,
            "296960" : 14,
            "301056" : 21,
            "305152" : 26,
            "309248" : 18,
            "313344" : 19,
            "317440" : 27,
            "321536" : 38,
            "325632" : 44,
            "329728" : 49,
            "333824" : 31,
            "337920" : 40,
            "342016" : 42,
            "346112" : 49,
            "350208" : 64,
            "354304" : 50,
            "358400" : 47,
            "362496" : 66,
            "366592" : 74,
            "370688" : 85,
            "374784" : 97,
            "378880" : 112,
            "382976" : 122,
            "387072" : 150,
            "391168" : 158,
            "395264" : 171,
            "399360" : 194,
            "403456" : 227,
            "407552" : 260,
            "411648" : 249,
            "415744" : 295,
            "419840" : 360,
            "423936" : 340,
            "428032" : 394,
            "432128" : 429,
            "436224" : 456,
            "440320" : 487,
            "444416" : 424,
            "448512" : 478,
            "452608" : 519,
            "456704" : 534,
            "460800" : 568,
            "464896" : 546,
            "468992" : 570,
            "473088" : 592,
            "477184" : 633,
            "481280" : 574,
            "485376" : 597,
            "489472" : 603,
            "493568" : 596,
            "497664" : 600,
            "501760" : 623,
            "505856" : 567,
            "509952" : 642,
            "514048" : 617,
            "518144" : 626,
            "522240" : 573,
            "528384" : 1330,
            "536576" : 1315,
            "544768" : 1276,
            "552960" : 1347,
            "561152" : 1398,
            "569344" : 1515,
            "577536" : 1529,
            "585728" : 1590,
            "593920" : 1754,
            "602112" : 1830,
            "610304" : 1992,
            "618496" : 2130,
            "626688" : 2281,
            "634880" : 2479,
            "643072" : 2615,
            "651264" : 2940,
            "659456" : 3102,
            "667648" : 3362,
            "675840" : 3648,
            "684032" : 3919,
            "692224" : 4182,
            "700416" : 4415,
            "708608" : 4717,
            "716800" : 4971,
            "724992" : 5372,
            "733184" : 5473,
            "741376" : 5830,
            "749568" : 6186,
            "757760" : 6598,
            "765952" : 6997,
            "774144" : 7183,
            "782336" : 7601,
            "790528" : 8133,
            "798720" : 8466,
            "806912" : 8428,
            "815104" : 8718,
            "823296" : 9148,
            "831488" : 9257,
            "839680" : 9333,
            "847872" : 9800,
            "856064" : 9989,
            "864256" : 10266,
            "872448" : 10572,
            "880640" : 10523,
            "888832" : 10743,
            "897024" : 10767,
            "905216" : 11068,
            "913408" : 11157,
            "921600" : 11231,
            "929792" : 11436,
            "937984" : 11264,
            "946176" : 11191,
            "954368" : 11119,
            "962560" : 11516,
            "970752" : 11288,
            "978944" : 11460,
            "987136" : 11426,
            "995328" : 11599,
            "1003520" : 11608,
            "1011712" : 11233,
            "1019904" : 11053,
            "1028096" : 10818,
            "1036288" : 10725,
            "1044480" : 10579,
            "1056768" : 20611,
            "1073152" : 20033,
            "1089536" : 19170,
            "1105920" : 18401,
            "1122304" : 17622,
            "1138688" : 16666,
            "1155072" : 15753,
            "1171456" : 15084,