{
  "fio version" : "fio-3.1",
  "timestamp" : 1555517967,
  "timestamp_ms" : 1555517967802,
  "time" : "Wed Apr 17 16:19:27 2019",
  "global options" : {
    "fallocate" : "none",
    "runtime" : "30",
    "directory" : "/data/fio_write/beegfs-randwrite-64-p97s8",
    "bs" : "256",
    "time_based" : "1",
    "ioengine" : "libaio",
    "iodepth" : "8",
    "direct" : "1",
    "buffered" : "0",
    "thread" : "0",
    "group_reporting" : "1",
    "filesize" : "32g",
    "size" : "32g",
    "filename_format" : "$jobnum.dat"
  },
  "jobs" : [
    {
      "jobname" : "fio-job",
      "groupid" : 0,
      "error" : 0,
      "eta" : 0,
      "elapsed" : 32,
      "job options" : {
        "rw" : "randwrite"
      },
      "read" : {
        "io_bytes" : 0,
        "io_kbytes" : 0,
        "bw" : 0,
        "iops" : 0.000000,
        "runtime" : 0,
        "total_ios" : 0,
        "short_ios" : 0,
        "drop_ios" : 0,
        "slat_ns" : {
          "min" : 0,
          "max" : 0,
          "mean" : 0.000000,
          "stddev" : 0.000000
        },
        "clat_ns" : {
          "min" : 0,
          "max" : 0,
          "mean" : 0.000000,
          "stddev" : 0.000000,
          "percentile" : {
            "1.000000" : 0,
            "5.000000" : 0,
            "10.000000" : 0,
            "20.000000" : 0,
            "30.000000" : 0,
            "40.000000" : 0,
            "50.000000" : 0,
            "60.000000" : 0,
            "70.000000" : 0,
            "80.000000" : 0,
            "90.000000" : 0,
            "95.000000" : 0,
            "99.000000" : 0,
            "99.500000" : 0,
            "99.900000" : 0,
            "99.950000" : 0,
            "99.990000" : 0,
            "0.00" : 0,
            "0.00" : 0,
            "0.00" : 0
          },
          "bins" : {

          }
        },
        "lat_ns" : {
          "min" : 0,
          "max" : 0,
          "mean" : 0.000000,
          "stddev" : 0.000000
        },
        "bw_min" : 0,
        "bw_max" : 0,
        "bw_agg" : 0.000000,
        "bw_mean" : 0.000000,
        "bw_dev" : 0.000000,
        "bw_samples" : 0,
        "iops_min" : 0,
        "iops_max" : 0,
        "iops_mean" : 0.000000,
        "iops_stddev" : 0.000000,
        "iops_samples" : 0
      },
      "write" : {
        "io_bytes" : 135424,
        "io_kbytes" : 132,
        "bw" : 4,
        "iops" : 17.038683,
        "runtime" : 31047,
        "total_ios" : 529,
        "short_ios" : 0,
        "drop_ios" : 0,
        "slat_ns" : {
          "min" : 119063,
          "max" : 5049452738,
          "mean" : 234119311.204159,
          "stddev" : 521280305.107412
        },
        "clat_ns" : {
          "min" : 7771,
          "max" : 7441478733,
          "mean" : 1635116834.255198,
          "stddev" : 1317229657.716211,
          "percentile" : {
            "1.000000" : 3457024,
            "5.000000" : 80216064,
            "10.000000" : 158334976,
            "20.000000" : 434110464,
            "30.000000" : 868220928,
            "40.000000" : 1166016512,
            "50.000000" : 1417674752,
            "60.000000" : 1736441856,
            "70.000000" : 2122317824,
            "80.000000" : 2466250752,
            "90.000000" : 3238002688,
            "95.000000" : 4009754624,
            "99.000000" : 6744440832,
            "99.500000" : 7079985152,
            "99.900000" : 7415529472,
            "99.950000" : 7415529472,
            "99.990000" : 7415529472,
            "0.00" : 0,
            "0.00" : 0,
            "0.00" : 0
          },
          "bins" : {
            "7776" : 1,
            "8512" : 1,
            "9792" : 1,
            "11712" : 1,
            "3227648" : 1,
            "3457024" : 1,
            "8454144" : 1,
            "10944512" : 1,
            "12124160" : 1,
            "14221312" : 1,
            "32112640" : 2,
            "32899072" : 1,
            "36438016" : 1,
            "37486592" : 1,
            "38010880" : 1,
            "38535168" : 1,
            "39059456" : 1,
            "39583744" : 1,
            "41156608" : 1,
            "44302336" : 1,
            "44826624" : 2,
            "45875200" : 1,
            "49020928" : 1,
            "53739520" : 1,
            "80216064" : 2,
            "83361792" : 1,
            "91750400" : 1,
            "95944704" : 1,
            "106430464" : 1,
            "112721920" : 2,
            "126353408" : 1,
            "133693440" : 1,
            "135266304" : 1,
            "137363456" : 3,
            "139460608" : 3,
            "141557760" : 2,
            "143654912" : 2,
            "145752064" : 1,
            "147849216" : 1,
            "149946368" : 1,
            "158334976" : 3,
            "162529280" : 2,
            "168820736" : 1,
            "177209344" : 1,
            "189792256" : 1,
            "204472320" : 1,
            "233832448" : 2,
            "246415360" : 1,
            "250609664" : 1,
            "252706816" : 1,
            "254803968" : 1,
            "258998272" : 1,
            "263192576" : 1,
            "265289728" : 2,
            "267386880" : 1,
            "270532608" : 7,
            "274726912" : 1,
            "278921216" : 2,
            "283115520" : 1,
            "287309824" : 1,
            "295698432" : 1,
            "299892736" : 2,
            "308281344" : 2,
            "312475648" : 1,
            "316669952" : 2,
            "320864256" : 1,
            "325058560" : 2,
            "333447168" : 2,
            "337641472" : 1,
            "354418688" : 1,
            "358612992" : 1,
            "362807296" : 2,
            "379584512" : 1,
            "383778816" : 1,
            "425721856" : 1,
            "429916160" : 2,
            "434110464" : 1,
            "438304768" : 1,
            "442499072" : 2,
            "450887680" : 1,
            "459276288" : 1,
            "467664896" : 2,
            "471859200" : 1,
            "476053504" : 1,
            "480247808" : 2,
            "488636416" : 1,
            "501219328" : 1,
            "522190848" : 1,
            "541065216" : 3,
            "549453824" : 1,
            "574619648" : 1,
            "583008256" : 1,
            "624951296" : 1,
            "683671552" : 3,
            "692060160" : 1,
            "700448768" : 1,
            "708837376" : 2,
            "734003200" : 2,
            "742391808" : 2,
            "750780416" : 1,
            "767557632" : 1,
            "775946240" : 1,
            "792723456" : 1,
            "801112064" : 2,
            "809500672" : 4,
            "817889280" : 1,
            "826277888" : 1,
            "834666496" : 2,
            "851443712" : 2,
            "859832320" : 3,
            "868220928" : 3,
            "876609536" : 1,
            "884998144" : 2,
            "893386752" : 2,
            "901775360" : 4,
            "910163968" : 4,
            "918552576" : 2,
            "935329792" : 2,
            "943718400" : 1,
            "952107008" : 1,
            "960495616" : 1,
            "985661440" : 2,
            "994050048" : 2,
            "1002438656" : 1,
            "1010827264" : 3,
            "1027604480" : 1,
            "1035993088" : 2,
            "1044381696" : 4,
            "1052770304" : 1,
            "1061158912" : 3,
            "1069547520" : 2,
            "1082130432" : 4,
            "1098907648" : 2,
            "1115684864" : 2,
            "1132462080" : 1,
            "1149239296" : 1,
            "1166016512" : 2,
            "1182793728" : 2,
            "1199570944" : 5,
            "1216348160" : 6,
            "1233125376" : 4,
            "1249902592" : 3,
            "1283457024" : 4,
            "1300234240" : 7,
            "1317011456" : 3,
            "1333788672" : 4,
            "1350565888" : 5,
            "1367343104" : 2,
            "1384120320" : 2,
            "1417674752" : 5,
            "1434451968" : 5,
            "1451229184" : 2,