{
  "fio version" : "fio-3.1",
  "timestamp" : 1556099409,
  "timestamp_ms" : 1556099409267,
  "time" : "Wed Apr 24 09:50:09 2019",
  "global options" : {
    "fallocate" : "none",
    "runtime" : "30",
    "directory" : "data/fio_write/beegfs-write-64-dp2jh",
    "bs" : "32768",
    "time_based" : "1",
    "ioengine" : "libaio",
    "iodepth" : "8",
    "direct" : "1",
    "buffered" : "0",
    "thread" : "0",
    "group_reporting" : "1",
    "filesize" : "32g",
    "size" : "32g",
    "filename_format" : "$jobnum.dat"
  },
  "jobs" : [
    {
      "jobname" : "fio-job",
      "groupid" : 0,
      "error" : 0,
      "eta" : 0,
      "elapsed" : 31,
      "job options" : {
        "rw" : "write"
      },
      "read" : {
        "io_bytes" : 0,
        "io_kbytes" : 0,
        "bw" : 0,
        "iops" : 0.000000,
        "runtime" : 0,
        "total_ios" : 0,
        "short_ios" : 0,
        "drop_ios" : 0,
        "slat_ns" : {
          "min" : 0,
          "max" : 0,
          "mean" : 0.000000,
          "stddev" : 0.000000
        },
        "clat_ns" : {
          "min" : 0,
          "max" : 0,
          "mean" : 0.000000,
          "stddev" : 0.000000,
          "percentile" : {
            "1.000000" : 0,
            "5.000000" : 0,
            "10.000000" : 0,
            "20.000000" : 0,
            "30.000000" : 0,
            "40.000000" : 0,
            "50.000000" : 0,
            "60.000000" : 0,
            "70.000000" : 0,
            "80.000000" : 0,
            "90.000000" : 0,
            "95.000000" : 0,
            "99.000000" : 0,
            "99.500000" : 0,
            "99.900000" : 0,
            "99.950000" : 0,
            "99.990000" : 0,
            "0.00" : 0,
            "0.00" : 0,
            "0.00" : 0
          },
          "bins" : {

          }
        },
        "lat_ns" : {
          "min" : 0,
          "max" : 0,
          "mean" : 0.000000,
          "stddev" : 0.000000
        },
        "bw_min" : 0,
        "bw_max" : 0,
        "bw_agg" : 0.000000,
        "bw_mean" : 0.000000,
        "bw_dev" : 0.000000,
        "bw_samples" : 0,
        "iops_min" : 0,
        "iops_max" : 0,
        "iops_mean" : 0.000000,
        "iops_stddev" : 0.000000,
        "iops_samples" : 0
      },
      "write" : {
        "io_bytes" : 2286682112,
        "io_kbytes" : 2233088,
        "bw" : 74433,
        "iops" : 2326.055798,
        "runtime" : 30001,
        "total_ios" : 69784,
        "short_ios" : 0,
        "drop_ios" : 0,
        "slat_ns" : {
          "min" : 255218,
          "max" : 224477575,
          "mean" : 1702974.269632,
          "stddev" : 8445216.462766
        },
        "clat_ns" : {
          "min" : 4197,
          "max" : 229626952,
          "mean" : 11969986.384716,
          "stddev" : 21574328.037861,
          "percentile" : {
            "1.000000" : 2801664,
            "5.000000" : 3457024,
            "10.000000" : 3817472,
            "20.000000" : 4358144,
            "30.000000" : 5013504,
            "40.000000" : 5799936,
            "50.000000" : 6782976,
            "60.000000" : 8093696,
            "70.000000" : 10289152,
            "80.000000" : 13434880,
            "90.000000" : 19529728,
            "95.000000" : 26869760,
            "99.000000" : 149946368,
            "99.500000" : 175112192,
            "99.900000" : 212860928,
            "99.950000" : 219152384,
            "99.990000" : 229638144,
            "0.00" : 0,
            "0.00" : 0,
            "0.00" : 0
          },
          "bins" : {
            "4192" : 1,
            "4256" : 1,
            "4960" : 1,
            "5984" : 1,
            "440320" : 1,
            "468992" : 1,
            "536576" : 1,
            "888832" : 1,
            "978944" : 1,
            "1171456" : 1,
            "1433600" : 1,
            "1449984" : 1,
            "1548288" : 1,
            "1908736" : 1,
            "1925120" : 1,
            "2007040" : 1,
            "2113536" : 3,
            "2146304" : 14,
            "2179072" : 17,
            "2211840" : 15,
            "2244608" : 21,
            "2277376" : 28,
            "2310144" : 34,
            "2342912" : 28,
            "2375680" : 20,
            "2408448" : 31,
            "2441216" : 45,
            "2473984" : 37,
            "2506752" : 30,
            "2539520" : 20,
            "2572288" : 40,
            "2605056" : 26,
            "2637824" : 44,
            "2670592" : 47,
            "2703360" : 51,
            "2736128" : 56,
            "2768896" : 50,
            "2801664" : 66,
            "2834432" : 52,
            "2867200" : 64,
            "2899968" : 68,
            "2932736" : 73,
            "2965504" : 84,
            "2998272" : 91,
            "3031040" : 89,
            "3063808" : 110,
            "3096576" : 119,
            "3129344" : 140,
            "3162112" : 142,
            "3194880" : 178,
            "3227648" : 184,
            "3260416" : 196,
            "3293184" : 197,
            "3325952" : 238,
            "3358720" : 200,
            "3391488" : 247,
            "3424256" : 242,
            "3457024" : 261,
            "3489792" : 272,
            "3522560" : 277,
            "3555328" : 308,
            "3588096" : 306,
            "3620864" : 309,
            "3653632" : 352,
            "3686400" : 348,
            "3719168" : 333,
            "3751936" : 359,
            "3784704" : 366,
            "3817472" : 359,
            "3850240" : 387,
            "3883008" : 423,
            "3915776" : 438,
            "3948544" : 458,
            "3981312" : 476,
            "4014080" : 399,
            "4046848" : 453,
            "4079616" : 415,
            "4112384" : 406,
            "4145152" : 439,
            "4177920" : 386,
            "4227072" : 869,
            "4292608" : 816,
            "4358144" : 788,
            "4423680" : 803,
            "4489216" : 750,
            "4554752" : 715,
            "4620288" : 708,
            "4685824" : 592,
            "4751360" : 669,
            "4816896" : 664,
            "4882432" : 628,
            "4947968" : 641,
            "5013504" : 671,
            "5079040" : 606,
            "5144576" : 627,
            "5210112" : 598,
            "5275648" : 628,
            "5341184" : 609,
            "5406720" : 577,
            "5472256" : 591,
            "5537792" : 569,
            "5603328" : 528,
            "5668864" : 537,
            "5734400" : 531,
            "5799936" : 495,
            "5865472" : 450,
            "5931008" : 452,
            "5996544" : 446,
            "6062080" : 535,
            "6127616" : 510,
            "6193152" : 453,
            "6258688" : 452,
            "6324224" : 489,
            "6389760" : 448,
            "6455296" : 467,
            "6520832" : 464,
            "6586368" : 478,
            "6651904" : 457,
            "6717440" : 428,
            "6782976" : 381,
            "6848512" : 395,
            "6914048" : 406,
            "6979584" : 404,
            "7045120" : 354,
            "7110656" : 334,
            "7176192" : 366,
            "7241728" : 385,
            "7307264" : 375,
            "7372800" : 373,
            "7438336" : 338,
            "7503872" : 306,
            "7569408" : 316,
            "7634944" : 324,
            "7700480" : 336,
            "7766016" : 350,
            "7831552" : 329,
            "7897088" : 319,
            "7962624" : 321,
            "8028160" : 315,
            "8093696" : 263,
            "8159232" : 298,
            "8224768" : 286,
            "8290304" : 271,
            "8355840" : 248,
            "8454144" : 532,
            "8585216" : 509,
            "8716288" : 485,
            "8847360" : 434,
            "8978432" : 434,
            "9109504" : 415,
            "9240576" : 412,
            "9371648" : 405,
            "9502720" : 377,
            "9633792" : 322,
            "9764864" : 293,
            "9895936" : 366,