{
  "fio version" : "fio-3.1",
  "timestamp" : 1556099722,
  "timestamp_ms" : 1556099722034,
  "time" : "Wed Apr 24 09:55:22 2019",
  "global options" : {
    "fallocate" : "none",
    "runtime" : "30",
    "directory" : "data/fio_write/beegfs-write-64-dp2jh",
    "bs" : "8388608",
    "time_based" : "1",
    "ioengine" : "libaio",
    "iodepth" : "8",
    "direct" : "1",
    "buffered" : "0",
    "thread" : "0",
    "group_reporting" : "1",
    "filesize" : "32g",
    "size" : "32g",
    "filename_format" : "$jobnum.dat"
  },
  "jobs" : [
    {
      "jobname" : "fio-job",
      "groupid" : 0,
      "error" : 0,
      "eta" : 0,
      "elapsed" : 31,
      "job options" : {
        "rw" : "write"
      },
      "read" : {
        "io_bytes" : 0,
        "io_kbytes" : 0,
        "bw" : 0,
        "iops" : 0.000000,
        "runtime" : 0,
        "total_ios" : 0,
        "short_ios" : 0,
        "drop_ios" : 0,
        "slat_ns" : {
          "min" : 0,
          "max" : 0,
          "mean" : 0.000000,
          "stddev" : 0.000000
        },
        "clat_ns" : {
          "min" : 0,
          "max" : 0,
          "mean" : 0.000000,
          "stddev" : 0.000000,
          "percentile" : {
            "1.000000" : 0,
            "5.000000" : 0,
            "10.000000" : 0,
            "20.000000" : 0,
            "30.000000" : 0,
            "40.000000" : 0,
            "50.000000" : 0,
            "60.000000" : 0,
            "70.000000" : 0,
            "80.000000" : 0,
            "90.000000" : 0,
            "95.000000" : 0,
            "99.000000" : 0,
            "99.500000" : 0,
            "99.900000" : 0,
            "99.950000" : 0,
            "99.990000" : 0,
            "0.00" : 0,
            "0.00" : 0,
            "0.00" : 0
          },
          "bins" : {

          }
        },
        "lat_ns" : {
          "min" : 0,
          "max" : 0,
          "mean" : 0.000000,
          "stddev" : 0.000000
        },
        "bw_min" : 0,
        "bw_max" : 0,
        "bw_agg" : 0.000000,
        "bw_mean" : 0.000000,
        "bw_dev" : 0.000000,
        "bw_samples" : 0,
        "iops_min" : 0,
        "iops_max" : 0,
        "iops_mean" : 0.000000,
        "iops_stddev" : 0.000000,
        "iops_samples" : 0
      },
      "write" : {
        "io_bytes" : 2323644416,
        "io_kbytes" : 2269184,
        "bw" : 74912,
        "iops" : 9.144630,
        "runtime" : 30291,
        "total_ios" : 277,
        "short_ios" : 0,
        "drop_ios" : 0,
        "slat_ns" : {
          "min" : 172418102,
          "max" : 832594269,
          "mean" : 433975517.790614,
          "stddev" : 116098679.866258
        },
        "clat_ns" : {
          "min" : 11856,
          "max" : 3990291704,
          "mean" : 2896806477.635379,
          "stddev" : 814907574.381907,
          "percentile" : {
            "1.000000" : 15936,
            "5.000000" : 692060160,
            "10.000000" : 1887436800,
            "20.000000" : 2566914048,
            "30.000000" : 2868903936,
            "40.000000" : 3036676096,
            "50.000000" : 3137339392,
            "60.000000" : 3204448256,
            "70.000000" : 3305111552,
            "80.000000" : 3372220416,
            "90.000000" : 3573547008,
            "95.000000" : 3707764736,
            "99.000000" : 3841982464,
            "99.500000" : 3841982464,
            "99.900000" : 3976200192,
            "99.950000" : 3976200192,
            "99.990000" : 3976200192,
            "0.00" : 0,
            "0.00" : 0,
            "0.00" : 0
          },
          "bins" : {
            "11840" : 1,
            "14400" : 1,
            "15936" : 1,
            "16192" : 1,
            "173015040" : 1,
            "181403648" : 1,
            "204472320" : 1,
            "396361728" : 1,
            "417333248" : 1,
            "442499072" : 1,
            "526385152" : 1,
            "616562688" : 1,
            "641728512" : 1,
            "692060160" : 1,
            "759169024" : 1,
            "843055104" : 1,
            "859832320" : 1,
            "901775360" : 1,
            "1052770304" : 1,
            "1069547520" : 1,
            "1082130432" : 1,
            "1182793728" : 1,
            "1367343104" : 2,
            "1434451968" : 1,
            "1686110208" : 1,
            "1853882368" : 1,
            "1887436800" : 1,
            "1988100096" : 1,
            "2004877312" : 1,
            "2264924160" : 2,
            "2332033024" : 2,
            "2365587456" : 2,
            "2399141888" : 1,
            "2432696320" : 3,
            "2466250752" : 6,
            "2499805184" : 5,
            "2533359616" : 3,
            "2566914048" : 2,
            "2600468480" : 2,
            "2634022912" : 2,
            "2701131776" : 4,
            "2734686208" : 4,
            "2768240640" : 3,
            "2801795072" : 5,
            "2835349504" : 4,
            "2868903936" : 4,
            "2902458368" : 3,
            "2936012800" : 5,
            "2969567232" : 3,
            "3003121664" : 8,
            "3036676096" : 11,
            "3070230528" : 5,
            "3103784960" : 11,
            "3137339392" : 16,
            "3170893824" : 8,
            "3204448256" : 18,
            "3238002688" : 6,
            "3271557120" : 9,
            "3305111552" : 14,
            "3338665984" : 10,
            "3372220416" : 12,
            "3405774848" : 5,
            "3439329280" : 5,
            "3472883712" : 5,
            "3506438144" : 6,
            "3539992576" : 5,
            "3573547008" : 2,
            "3607101440" : 3,
            "3640655872" : 7,
            "3674210304" : 2,
            "3707764736" : 4,
            "3741319168" : 1,
            "3774873600" : 3,
            "3808428032" : 2,
            "3841982464" : 3,
            "3976200192" : 1
          }
        },
        "lat_ns" : {
          "min" : 172432828,
          "max" : 4490646015,
          "mean" : 3330786582.361011,
          "stddev" : 871396247.510113
        },
        "bw_min" : 16351,
        "bw_max" : 49448,
        "bw_agg" : 26.609876,
        "bw_mean" : 19933.990099,
        "bw_dev" : 6946.890954,
        "bw_samples" : 202,
        "iops_min" : 1,
        "iops_max" : 6,
        "iops_mean" : 2.376238,
        "iops_stddev" : 0.850537,
        "iops_samples" : 202
      },
      "trim" : {
        "io_bytes" : 0,
        "io_kbytes" : 0,
        "bw" : 0,
        "iops" : 0.000000,
        "runtime" : 0,
        "total_ios" : 0,
        "short_ios" : 0,
        "drop_ios" : 0,
        "slat_ns" : {
          "min" : 0,
          "max" : 0,
          "mean" : 0.000000,
          "stddev" : 0.000000
        },
        "clat_ns" : {
          "min" : 0,
          "max" : 0,
          "mean" : 0.000000,
          "stddev" : 0.000000,
          "percentile" : {
            "1.000000" : 0,
            "5.000000" : 0,
            "10.000000" : 0,
            "20.000000" : 0,
            "30.000000" : 0,
            "40.000000" : 0,
            "50.000000" : 0,
            "60.000000" : 0,
            "70.000000" : 0,
            "80.000000" : 0,
            "90.000000" : 0,
            "95.000000" : 0,
            "99.000000" : 0,
            "99.500000" : 0,
            "99.900000" : 0,
            "99.950000" : 0,
            "99.990000" : 0,
            "0.00" : 0,
            "0.00" : 0,
            "0.00" : 0
          },
          "bins" : {

          }
        },
        "lat_ns" : {
          "min" : 0,
          "max" : 0,
          "mean" : 0.000000,
          "stddev" : 0.000000
        },
        "bw_min" : 0,
        "bw_max" : 0,
        "bw_agg" : 0.000000,
        "bw_mean" : 0.000000,
        "bw_dev" : 0.000000,
        "bw_samples" : 0,
        "iops_min" : 0,
        "iops_max" : 0,
        "iops_mean" : 0.000000,
        "iops_stddev" : 0.000000,
        "iops_samples" : 0
      },
      "usr_cpu" : 0.202441,
      "sys_cpu" : 1.690879,
      "ctx" : 285556,