{
  "fio version" : "fio-3.1",
  "timestamp" : 1574245056,
  "timestamp_ms" : 1574245056405,
  "time" : "Wed Nov 20 10:17:36 2019",
  "global options" : {
    "directory" : "data/fio_write/beegfs-write-8-8gwmn",
    "bs" : "8192",
    "fallocate" : "none",
    "runtime" : "30",
    "time_based" : "1",
    "ioengine" : "libaio",
    "iodepth" : "8",
    "direct" : "1",
    "buffered" : "0",
    "invalidate" : "1",
    "ramp_time" : "0",
    "thread" : "0",
    "group_reporting" : "1",
    "filesize" : "32g",
    "size" : "32g",
    "filename_format" : "$jobnum.dat"
  },
  "jobs" : [
    {
      "jobname" : "fio-job",
      "groupid" : 0,
      "error" : 0,
      "eta" : 0,
      "elapsed" : 31,
      "job options" : {
        "rw" : "write"
      },
      "read" : {
        "io_bytes" : 0,
        "io_kbytes" : 0,
        "bw" : 0,
        "iops" : 0.000000,
        "runtime" : 0,
        "total_ios" : 0,
        "short_ios" : 0,
        "drop_ios" : 0,
        "slat_ns" : {
          "min" : 0,
          "max" : 0,
          "mean" : 0.000000,
          "stddev" : 0.000000
        },
        "clat_ns" : {
          "min" : 0,
          "max" : 0,
          "mean" : 0.000000,
          "stddev" : 0.000000,
          "percentile" : {
            "1.000000" : 0,
            "5.000000" : 0,
            "10.000000" : 0,
            "20.000000" : 0,
            "30.000000" : 0,
            "40.000000" : 0,
            "50.000000" : 0,
            "60.000000" : 0,
            "70.000000" : 0,
            "80.000000" : 0,
            "90.000000" : 0,
            "95.000000" : 0,
            "99.000000" : 0,
            "99.500000" : 0,
            "99.900000" : 0,
            "99.950000" : 0,
            "99.990000" : 0,
            "0.00" : 0,
            "0.00" : 0,
            "0.00" : 0
          },
          "bins" : {

          }
        },
        "lat_ns" : {
          "min" : 0,
          "max" : 0,
          "mean" : 0.000000,
          "stddev" : 0.000000
        },
        "bw_min" : 0,
        "bw_max" : 0,
        "bw_agg" : 0.000000,
        "bw_mean" : 0.000000,
        "bw_dev" : 0.000000,
        "bw_samples" : 0,
        "iops_min" : 0,
        "iops_max" : 0,
        "iops_mean" : 0.000000,
        "iops_stddev" : 0.000000,
        "iops_samples" : 0
      },
      "write" : {
        "io_bytes" : 13197746176,
        "io_kbytes" : 12888424,
        "bw" : 429599,
        "iops" : 53699.976667,
        "runtime" : 30001,
        "total_ios" : 1611053,
        "short_ios" : 0,
        "drop_ios" : 0,
        "slat_ns" : {
          "min" : 18034,
          "max" : 8283772,
          "mean" : 69556.479047,
          "stddev" : 68209.576321
        },
        "clat_ns" : {
          "min" : 2076,
          "max" : 8540748,
          "mean" : 523754.280448,
          "stddev" : 194626.883984,
          "percentile" : {
            "1.000000" : 261120,
            "5.000000" : 292864,
            "10.000000" : 321536,
            "20.000000" : 378880,
            "30.000000" : 423936,
            "40.000000" : 456704,
            "50.000000" : 485376,
            "60.000000" : 514048,
            "70.000000" : 561152,
            "80.000000" : 634880,
            "90.000000" : 790528,
            "95.000000" : 897024,
            "99.000000" : 1105920,
            "99.500000" : 1204224,
            "99.900000" : 1613824,
            "99.950000" : 1957888,
            "99.990000" : 3325952,
            "0.00" : 0,
            "0.00" : 0,
            "0.00" : 0
          },
          "bins" : {
            "2064" : 1,
            "2096" : 1,
            "3056" : 1,
            "9408" : 1,
            "46336" : 1,
            "69120" : 1,
            "89600" : 2,
            "123392" : 1,
            "158720" : 1,
            "160768" : 1,
            "166912" : 1,
            "201728" : 1,
            "203776" : 1,
            "205824" : 3,
            "207872" : 3,
            "209920" : 2,
            "211968" : 7,
            "214016" : 12,
            "216064" : 8,
            "218112" : 13,
            "220160" : 27,
            "222208" : 36,
            "224256" : 53,
            "226304" : 68,
            "228352" : 90,
            "230400" : 137,
            "232448" : 182,
            "234496" : 265,
            "236544" : 376,
            "238592" : 519,
            "240640" : 641,
            "242688" : 767,
            "244736" : 901,
            "246784" : 1021,
            "248832" : 1206,
            "250880" : 1384,
            "252928" : 1655,
            "254976" : 1742,
            "257024" : 1954,
            "259072" : 2109,
            "261120" : 2317,
            "264192" : 5337,
            "268288" : 6071,
            "272384" : 6865,
            "276480" : 7625,
            "280576" : 8341,
            "284672" : 9150,
            "288768" : 9714,
            "292864" : 10378,
            "296960" : 10854,
            "301056" : 11182,
            "305152" : 11532,
            "309248" : 11821,
            "313344" : 11877,
            "317440" : 11947,
            "321536" : 11936,
            "325632" : 12048,
            "329728" : 12020,
            "333824" : 11939,
            "337920" : 11934,
            "342016" : 11806,
            "346112" : 11762,
            "350208" : 11968,
            "354304" : 11774,
            "358400" : 11827,
            "362496" : 12030,
            "366592" : 12033,
            "370688" : 12142,
            "374784" : 12363,
            "378880" : 12577,
            "382976" : 12837,
            "387072" : 13197,
            "391168" : 13312,
            "395264" : 14106,
            "399360" : 14408,
            "403456" : 14843,
            "407552" : 15340,
            "411648" : 16399,
            "415744" : 16881,
            "419840" : 17578,
            "423936" : 18046,
            "428032" : 18900,
            "432128" : 19417,
            "436224" : 20432,
            "440320" : 20988,
            "444416" : 21275,
            "448512" : 21663,
            "452608" : 22051,
            "456704" : 22540,
            "460800" : 22352,
            "464896" : 22703,
            "468992" : 23123,
            "473088" : 22868,
            "477184" : 22936,
            "481280" : 22341,
            "485376" : 22231,
            "489472" : 21806,
            "493568" : 21624,
            "497664" : 21192,
            "501760" : 20521,
            "505856" : 20008,
            "509952" : 19539,
            "514048" : 18839,
            "518144" : 18277,
            "522240" : 17560,
            "528384" : 33945,
            "536576" : 31341,
            "544768" : 28644,
            "552960" : 26359,
            "561152" : 24320,
            "569344" : 22351,
            "577536" : 20642,
            "585728" : 18878,
            "593920" : 17299,
            "602112" : 15801,
            "610304" : 14750,
            "618496" : 13363,
            "626688" : 12485,
            "634880" : 11639,
            "643072" : 10495,
            "651264" : 9729,
            "659456" : 9219,
            "667648" : 8771,
            "675840" : 8570,
            "684032" : 8257,
            "692224" : 8058,
            "700416" : 7902,
            "708608" : 7816,
            "716800" : 7689,
            "724992" : 7790,
            "733184" : 7878,
            "741376" : 7729,
            "749568" : 7734,
            "757760" : 7626,
            "765952" : 7639,
            "774144" : 7552,
            "782336" : 7631,
            "790528" : 7738,
            "798720" : 7418,
            "806912" : 7239,
            "815104" : 7236,
            "823296" : 6785,
            "831488" : 6951,
            "839680" : 6651,
            "847872" : 6361,
            "856064" : 6155,
            "864256" : 5851,
            "872448" : 5671,
            "880640" : 5379,
            "888832" : 5354,
            "897024" : 4944,
            "905216" : 4731,
            "913408" : 4521,