{
  "fio version" : "fio-3.1",
  "timestamp" : 1555518680,
  "timestamp_ms" : 1555518680676,
  "time" : "Wed Apr 17 16:31:20 2019",
  "global options" : {
    "fallocate" : "none",
    "runtime" : "30",
    "directory" : "/data/fio_write/beegfs-randwrite-64-chgln",
    "bs" : "2097152",
    "time_based" : "1",
    "ioengine" : "libaio",
    "iodepth" : "8",
    "direct" : "1",
    "buffered" : "0",
    "thread" : "0",
    "group_reporting" : "1",
    "filesize" : "32g",
    "size" : "32g",
    "filename_format" : "$jobnum.dat"
  },
  "jobs" : [
    {
      "jobname" : "fio-job",
      "groupid" : 0,
      "error" : 0,
      "eta" : 0,
      "elapsed" : 34,
      "job options" : {
        "rw" : "randwrite"
      },
      "read" : {
        "io_bytes" : 0,
        "io_kbytes" : 0,
        "bw" : 0,
        "iops" : 0.000000,
        "runtime" : 0,
        "total_ios" : 0,
        "short_ios" : 0,
        "drop_ios" : 0,
        "slat_ns" : {
          "min" : 0,
          "max" : 0,
          "mean" : 0.000000,
          "stddev" : 0.000000
        },
        "clat_ns" : {
          "min" : 0,
          "max" : 0,
          "mean" : 0.000000,
          "stddev" : 0.000000,
          "percentile" : {
            "1.000000" : 0,
            "5.000000" : 0,
            "10.000000" : 0,
            "20.000000" : 0,
            "30.000000" : 0,
            "40.000000" : 0,
            "50.000000" : 0,
            "60.000000" : 0,
            "70.000000" : 0,
            "80.000000" : 0,
            "90.000000" : 0,
            "95.000000" : 0,
            "99.000000" : 0,
            "99.500000" : 0,
            "99.900000" : 0,
            "99.950000" : 0,
            "99.990000" : 0,
            "0.00" : 0,
            "0.00" : 0,
            "0.00" : 0
          },
          "bins" : {

          }
        },
        "lat_ns" : {
          "min" : 0,
          "max" : 0,
          "mean" : 0.000000,
          "stddev" : 0.000000
        },
        "bw_min" : 0,
        "bw_max" : 0,
        "bw_agg" : 0.000000,
        "bw_mean" : 0.000000,
        "bw_dev" : 0.000000,
        "bw_samples" : 0,
        "iops_min" : 0,
        "iops_max" : 0,
        "iops_mean" : 0.000000,
        "iops_stddev" : 0.000000,
        "iops_samples" : 0
      },
      "write" : {
        "io_bytes" : 195035136,
        "io_kbytes" : 190464,
        "bw" : 5816,
        "iops" : 2.840215,
        "runtime" : 32744,
        "total_ios" : 93,
        "short_ios" : 0,
        "drop_ios" : 0,
        "slat_ns" : {
          "min" : 17234587,
          "max" : 10452396956,
          "mean" : 1369153068.258064,
          "stddev" : 2268811738.913165
        },
        "clat_ns" : {
          "min" : 11005,
          "max" : 26066694751,
          "mean" : 8770650797.129032,
          "stddev" : 5744005796.472662,
          "percentile" : {
            "1.000000" : 10944,
            "5.000000" : 1652555776,
            "10.000000" : 2667577344,
            "20.000000" : 3472883712,
            "30.000000" : 4462739456,
            "40.000000" : 5603590144,
            "50.000000" : 7683964928,
            "60.000000" : 9328132096,
            "70.000000" : 13086228480,
            "80.000000" : 14294188032,
            "90.000000" : 16173236224,
            "95.000000" : 17112760320,
            "99.000000" : 17112760320,
            "99.500000" : 17112760320,
            "99.900000" : 17112760320,
            "99.950000" : 17112760320,
            "99.990000" : 17112760320,
            "0.00" : 0,
            "0.00" : 0,
            "0.00" : 0
          },
          "bins" : {
            "10944" : 1,
            "11712" : 1,
            "11968" : 1,
            "15680" : 1,
            "1652555776" : 1,
            "1736441856" : 1,
            "2499805184" : 1,
            "2600468480" : 1,
            "2634022912" : 1,
            "2667577344" : 1,
            "2868903936" : 1,
            "3070230528" : 1,
            "3103784960" : 1,
            "3137339392" : 1,
            "3238002688" : 1,
            "3271557120" : 1,
            "3305111552" : 1,
            "3405774848" : 1,
            "3472883712" : 2,
            "3573547008" : 1,
            "3607101440" : 1,
            "3741319168" : 1,
            "3909091328" : 2,
            "4328521728" : 1,
            "4395630592" : 1,
            "4462739456" : 2,
            "4596957184" : 1,
            "4731174912" : 2,
            "4999610368" : 2,
            "5335154688" : 1,
            "5469372416" : 1,
            "5536481280" : 1,
            "5603590144" : 2,
            "5804916736" : 1,
            "6476005376" : 1,
            "6811549696" : 1,
            "6878658560" : 1,
            "7214202880" : 1,
            "7281311744" : 1,
            "7683964928" : 2,
            "7751073792" : 1,
            "8153726976" : 2,
            "8422162432" : 1,
            "8791261184" : 1,
            "9193914368" : 3,
            "9328132096" : 2,
            "9462349824" : 1,
            "9730785280" : 1,
            "10536091648" : 1,
            "10938744832" : 1,
            "11072962560" : 1,
            "11207180288" : 1,
            "12012486656" : 1,
            "12415139840" : 1,
            "13086228480" : 1,
            "13354663936" : 2,
            "13488881664" : 1,
            "13757317120" : 3,
            "14159970304" : 2,
            "14294188032" : 3,
            "14831058944" : 4,
            "14965276672" : 1,
            "15770583040" : 1,
            "16173236224" : 1,
            "17112760320" : 9
          }
        },
        "lat_ns" : {
          "min" : 1657841580,
          "max" : 26140398764,
          "mean" : 10139806967.956991,
          "stddev" : 6066074073.486224
        },
        "bw_min" : 4087,
        "bw_max" : 12412,
        "bw_agg" : 100.000000,
        "bw_mean" : 6607.605263,
        "bw_dev" : 3106.182488,
        "bw_samples" : 38,
        "iops_min" : 1,
        "iops_max" : 6,
        "iops_mean" : 3.131579,
        "iops_stddev" : 1.491798,
        "iops_samples" : 38
      },
      "trim" : {
        "io_bytes" : 0,
        "io_kbytes" : 0,
        "bw" : 0,
        "iops" : 0.000000,
        "runtime" : 0,
        "total_ios" : 0,
        "short_ios" : 0,
        "drop_ios" : 0,
        "slat_ns" : {
          "min" : 0,
          "max" : 0,
          "mean" : 0.000000,
          "stddev" : 0.000000
        },
        "clat_ns" : {
          "min" : 0,
          "max" : 0,
          "mean" : 0.000000,
          "stddev" : 0.000000,
          "percentile" : {
            "1.000000" : 0,
            "5.000000" : 0,
            "10.000000" : 0,
            "20.000000" : 0,
            "30.000000" : 0,
            "40.000000" : 0,
            "50.000000" : 0,
            "60.000000" : 0,
            "70.000000" : 0,
            "80.000000" : 0,
            "90.000000" : 0,
            "95.000000" : 0,
            "99.000000" : 0,
            "99.500000" : 0,
            "99.900000" : 0,
            "99.950000" : 0,
            "99.990000" : 0,
            "0.00" : 0,
            "0.00" : 0,
            "0.00" : 0
          },
          "bins" : {

          }
        },
        "lat_ns" : {
          "min" : 0,
          "max" : 0,
          "mean" : 0.000000,
          "stddev" : 0.000000
        },
        "bw_min" : 0,
        "bw_max" : 0,
        "bw_agg" : 0.000000,
        "bw_mean" : 0.000000,
        "bw_dev" : 0.000000,
        "bw_samples" : 0,
        "iops_min" : 0,
        "iops_max" : 0,
        "iops_mean" : 0.000000,
        "iops_stddev" : 0.000000,
        "iops_samples" : 0
      },
      "usr_cpu" : 0.014107,
      "sys_cpu" : 0.112076,
      "ctx" : 23954,
      "majf" : 0,
      "minf" : 33,
      "iodepth_level" : {
        "1" : 4.301075,
        "2" : 8.602151,
        "4" : 17.204301,
        "8" : 69.892473,
        "16" : 0.000000,
        "32" : 0.000000,
        ">=64" : 0.000000
      },