{
  "fio version" : "fio-3.1",
  "timestamp" : 1556721131,
  "timestamp_ms" : 1556721131266,
  "time" : "Wed May  1 14:32:11 2019",
  "global options" : {
    "fallocate" : "none",
    "runtime" : "30",
    "directory" : "data/fio_write/beegfs-randwrite-8-nc4cs",
    "bs" : "262144",
    "time_based" : "1",
    "ioengine" : "libaio",
    "iodepth" : "8",
    "direct" : "1",
    "buffered" : "0",
    "thread" : "0",
    "group_reporting" : "1",
    "filesize" : "32g",
    "size" : "32g",
    "filename_format" : "$jobnum.dat"
  },
  "jobs" : [
    {
      "jobname" : "fio-job",
      "groupid" : 0,
      "error" : 0,
      "eta" : 0,
      "elapsed" : 31,
      "job options" : {
        "rw" : "randwrite"
      },
      "read" : {
        "io_bytes" : 0,
        "io_kbytes" : 0,
        "bw" : 0,
        "iops" : 0.000000,
        "runtime" : 0,
        "total_ios" : 0,
        "short_ios" : 0,
        "drop_ios" : 0,
        "slat_ns" : {
          "min" : 0,
          "max" : 0,
          "mean" : 0.000000,
          "stddev" : 0.000000
        },
        "clat_ns" : {
          "min" : 0,
          "max" : 0,
          "mean" : 0.000000,
          "stddev" : 0.000000,
          "percentile" : {
            "1.000000" : 0,
            "5.000000" : 0,
            "10.000000" : 0,
            "20.000000" : 0,
            "30.000000" : 0,
            "40.000000" : 0,
            "50.000000" : 0,
            "60.000000" : 0,
            "70.000000" : 0,
            "80.000000" : 0,
            "90.000000" : 0,
            "95.000000" : 0,
            "99.000000" : 0,
            "99.500000" : 0,
            "99.900000" : 0,
            "99.950000" : 0,
            "99.990000" : 0,
            "0.00" : 0,
            "0.00" : 0,
            "0.00" : 0
          },
          "bins" : {

          }
        },
        "lat_ns" : {
          "min" : 0,
          "max" : 0,
          "mean" : 0.000000,
          "stddev" : 0.000000
        },
        "bw_min" : 0,
        "bw_max" : 0,
        "bw_agg" : 0.000000,
        "bw_mean" : 0.000000,
        "bw_dev" : 0.000000,
        "bw_samples" : 0,
        "iops_min" : 0,
        "iops_max" : 0,
        "iops_mean" : 0.000000,
        "iops_stddev" : 0.000000,
        "iops_samples" : 0
      },
      "write" : {
        "io_bytes" : 10487070720,
        "io_kbytes" : 10241280,
        "bw" : 341353,
        "iops" : 1333.411106,
        "runtime" : 30002,
        "total_ios" : 40005,
        "short_ios" : 0,
        "drop_ios" : 0,
        "slat_ns" : {
          "min" : 1531978,
          "max" : 1401682033,
          "mean" : 2993567.967954,
          "stddev" : 14760570.356203
        },
        "clat_ns" : {
          "min" : 4569,
          "max" : 1675766505,
          "mean" : 20989195.052818,
          "stddev" : 40668416.733816,
          "percentile" : {
            "1.000000" : 14745600,
            "5.000000" : 15532032,
            "10.000000" : 15794176,
            "20.000000" : 16187392,
            "30.000000" : 16449536,
            "40.000000" : 16711680,
            "50.000000" : 17170432,
            "60.000000" : 17956864,
            "70.000000" : 18743296,
            "80.000000" : 20054016,
            "90.000000" : 20840448,
            "95.000000" : 21364736,
            "99.000000" : 67633152,
            "99.500000" : 217055232,
            "99.900000" : 650117120,
            "99.950000" : 834666496,
            "99.990000" : 1417674752,
            "0.00" : 0,
            "0.00" : 0,
            "0.00" : 0
          },
          "bins" : {
            "4576" : 1,
            "4832" : 1,
            "5216" : 1,
            "5344" : 1,
            "2113536" : 3,
            "2801664" : 1,
            "4046848" : 1,
            "4079616" : 1,
            "4358144" : 1,
            "4554752" : 1,
            "6062080" : 2,
            "6127616" : 1,
            "6520832" : 1,
            "8093696" : 2,
            "8159232" : 1,
            "8454144" : 1,
            "10027008" : 1,
            "10420224" : 1,
            "10551296" : 1,
            "10944512" : 1,
            "12124160" : 1,
            "12386304" : 1,
            "12648448" : 2,
            "13828096" : 3,
            "13959168" : 11,
            "14090240" : 13,
            "14221312" : 25,
            "14352384" : 38,
            "14483456" : 74,
            "14614528" : 99,
            "14745600" : 151,
            "14876672" : 196,
            "15007744" : 209,
            "15138816" : 246,
            "15269888" : 328,
            "15400960" : 394,
            "15532032" : 576,
            "15663104" : 760,
            "15794176" : 976,
            "15925248" : 1278,
            "16056320" : 1459,
            "16187392" : 1698,
            "16318464" : 1955,
            "16449536" : 1914,
            "16580608" : 1808,
            "16711680" : 1777,
            "16908288" : 2829,
            "17170432" : 1919,
            "17432576" : 1323,
            "17694720" : 1196,
            "17956864" : 1225,
            "18219008" : 1225,
            "18481152" : 1205,
            "18743296" : 1118,
            "19005440" : 1085,
            "19267584" : 1046,
            "19529728" : 906,
            "19791872" : 882,
            "20054016" : 849,
            "20316160" : 1090,
            "20578304" : 1200,
            "20840448" : 1210,
            "21102592" : 1051,
            "21364736" : 724,
            "21626880" : 451,
            "21889024" : 229,
            "22151168" : 134,
            "22413312" : 87,
            "22675456" : 70,
            "22937600" : 35,
            "23199744" : 27,
            "23461888" : 27,
            "23724032" : 21,
            "23986176" : 23,
            "24248320" : 9,
            "24510464" : 10,
            "24772608" : 7,
            "25034752" : 5,
            "25296896" : 7,
            "25559040" : 6,
            "25821184" : 7,
            "26083328" : 6,
            "26345472" : 8,
            "26607616" : 5,
            "26869760" : 4,
            "27131904" : 4,
            "27394048" : 6,
            "27656192" : 9,
            "27918336" : 4,
            "28180480" : 6,
            "28442624" : 1,
            "28704768" : 5,
            "28966912" : 5,
            "29229056" : 8,
            "29491200" : 7,
            "29753344" : 11,
            "30015488" : 6,
            "30277632" : 7,
            "30539776" : 4,
            "30801920" : 7,
            "31064064" : 6,
            "31326208" : 5,
            "31588352" : 5,
            "31850496" : 4,
            "32112640" : 2,
            "32374784" : 6,
            "32636928" : 4,
            "32899072" : 4,
            "33161216" : 5,
            "33423360" : 8,
            "33816576" : 20,
            "34340864" : 7,
            "34865152" : 9,
            "35389440" : 5,
            "35913728" : 3,
            "36438016" : 3,
            "36962304" : 1,
            "38010880" : 1,
            "38535168" : 3,
            "39059456" : 4,
            "40632320" : 4,
            "41156608" : 11,
            "41680896" : 4,
            "42205184" : 1,
            "43253760" : 6,
            "43778048" : 4,
            "44302336" : 6,
            "44826624" : 5,
            "45350912" : 2,
            "46923776" : 1,
            "47448064" : 2,
            "47972352" : 2,
            "48496640" : 1,
            "49020928" : 2,
            "49545216" : 7,
            "50069504" : 1,
            "50593792" : 5,
            "51118080" : 1,
            "51642368" : 2,
            "52166656" : 1,
            "52690944" : 7,
            "53215232" : 5,
            "53739520" : 1,
            "54263808" : 1,
            "54788096" : 2,
            "55312384" : 2,
            "58982400" : 3,
            "59506688" : 3,
            "60030976" : 4,
            "60555264" : 5,
            "61079552" : 5,
            "61603840" : 2,
            "62128128" : 1,
            "62652416" : 2,
            "63176704" : 2,