{
  "fio version" : "fio-3.1",
  "timestamp" : 1556021352,
  "timestamp_ms" : 1556021352557,
  "time" : "Tue Apr 23 13:09:12 2019",
  "global options" : {
    "fallocate" : "none",
    "runtime" : "30",
    "directory" : "/data/fio_write/beegfs-write-64-client-90087-56",
    "bs" : "512",
    "time_based" : "1",
    "ioengine" : "libaio",
    "iodepth" : "8",
    "direct" : "1",
    "buffered" : "0",
    "thread" : "0",
    "group_reporting" : "1",
    "filesize" : "32g",
    "size" : "32g",
    "filename_format" : "$jobnum.dat"
  },
  "jobs" : [
    {
      "jobname" : "fio-job",
      "groupid" : 0,
      "error" : 0,
      "eta" : 0,
      "elapsed" : 31,
      "job options" : {
        "rw" : "write"
      },
      "read" : {
        "io_bytes" : 0,
        "io_kbytes" : 0,
        "bw" : 0,
        "iops" : 0.000000,
        "runtime" : 0,
        "total_ios" : 0,
        "short_ios" : 0,
        "drop_ios" : 0,
        "slat_ns" : {
          "min" : 0,
          "max" : 0,
          "mean" : 0.000000,
          "stddev" : 0.000000
        },
        "clat_ns" : {
          "min" : 0,
          "max" : 0,
          "mean" : 0.000000,
          "stddev" : 0.000000,
          "percentile" : {
            "1.000000" : 0,
            "5.000000" : 0,
            "10.000000" : 0,
            "20.000000" : 0,
            "30.000000" : 0,
            "40.000000" : 0,
            "50.000000" : 0,
            "60.000000" : 0,
            "70.000000" : 0,
            "80.000000" : 0,
            "90.000000" : 0,
            "95.000000" : 0,
            "99.000000" : 0,
            "99.500000" : 0,
            "99.900000" : 0,
            "99.950000" : 0,
            "99.990000" : 0,
            "0.00" : 0,
            "0.00" : 0,
            "0.00" : 0
          },
          "bins" : {

          }
        },
        "lat_ns" : {
          "min" : 0,
          "max" : 0,
          "mean" : 0.000000,
          "stddev" : 0.000000
        },
        "bw_min" : 0,
        "bw_max" : 0,
        "bw_agg" : 0.000000,
        "bw_mean" : 0.000000,
        "bw_dev" : 0.000000,
        "bw_samples" : 0,
        "iops_min" : 0,
        "iops_max" : 0,
        "iops_mean" : 0.000000,
        "iops_stddev" : 0.000000,
        "iops_samples" : 0
      },
      "write" : {
        "io_bytes" : 14691840,
        "io_kbytes" : 14347,
        "bw" : 478,
        "iops" : 956.213136,
        "runtime" : 30009,
        "total_ios" : 28695,
        "short_ios" : 0,
        "drop_ios" : 0,
        "slat_ns" : {
          "min" : 235041,
          "max" : 502484002,
          "mean" : 4180197.919742,
          "stddev" : 6933608.807682
        },
        "clat_ns" : {
          "min" : 3334,
          "max" : 556088786,
          "mean" : 29259828.136226,
          "stddev" : 19569024.895767,
          "percentile" : {
            "1.000000" : 21626880,
            "5.000000" : 24248320,
            "10.000000" : 25296896,
            "20.000000" : 26083328,
            "30.000000" : 26607616,
            "40.000000" : 27131904,
            "50.000000" : 27656192,
            "60.000000" : 28180480,
            "70.000000" : 28966912,
            "80.000000" : 30277632,
            "90.000000" : 32374784,
            "95.000000" : 34865152,
            "99.000000" : 46923776,
            "99.500000" : 62652416,
            "99.900000" : 362807296,
            "99.950000" : 557842432,
            "99.990000" : 557842432,
            "0.00" : 0,
            "0.00" : 0,
            "0.00" : 0
          },
          "bins" : {
            "3344" : 1,
            "3824" : 1,
            "3920" : 1,
            "4048" : 1,
            "5799936" : 2,
            "8585216" : 1,
            "9240576" : 1,
            "11075584" : 1,
            "11730944" : 1,
            "14483456" : 2,
            "14876672" : 2,
            "15007744" : 4,
            "15138816" : 10,
            "15269888" : 19,
            "15400960" : 15,
            "15532032" : 15,
            "15663104" : 12,
            "15794176" : 8,
            "15925248" : 13,
            "16056320" : 4,
            "16187392" : 4,
            "16318464" : 1,
            "16449536" : 1,
            "16580608" : 1,
            "16711680" : 3,
            "16908288" : 6,
            "17170432" : 2,
            "17432576" : 2,
            "17694720" : 4,
            "17956864" : 3,
            "18219008" : 11,
            "18481152" : 9,
            "18743296" : 2,
            "19267584" : 4,
            "19529728" : 2,
            "19791872" : 8,
            "20054016" : 7,
            "20316160" : 24,
            "20578304" : 26,
            "20840448" : 5,
            "21102592" : 8,
            "21364736" : 16,
            "21626880" : 34,
            "21889024" : 31,
            "22151168" : 56,
            "22413312" : 49,
            "22675456" : 46,
            "22937600" : 43,
            "23199744" : 84,
            "23461888" : 129,
            "23724032" : 181,
            "23986176" : 247,
            "24248320" : 297,
            "24510464" : 342,
            "24772608" : 397,
            "25034752" : 563,
            "25296896" : 658,
            "25559040" : 786,
            "25821184" : 1008,
            "26083328" : 1131,
            "26345472" : 1296,
            "26607616" : 1319,
            "26869760" : 1372,
            "27131904" : 1478,
            "27394048" : 1753,
            "27656192" : 1529,
            "27918336" : 1376,
            "28180480" : 1282,
            "28442624" : 1147,
            "28704768" : 859,
            "28966912" : 817,
            "29229056" : 701,
            "29491200" : 611,
            "29753344" : 564,
            "30015488" : 457,
            "30277632" : 429,
            "30539776" : 484,
            "30801920" : 418,
            "31064064" : 358,
            "31326208" : 336,
            "31588352" : 313,
            "31850496" : 254,
            "32112640" : 292,
            "32374784" : 258,
            "32636928" : 200,
            "32899072" : 242,
            "33161216" : 162,
            "33423360" : 129,
            "33816576" : 229,
            "34340864" : 187,
            "34865152" : 151,
            "35389440" : 151,
            "35913728" : 87,
            "36438016" : 108,
            "36962304" : 71,
            "37486592" : 58,
            "38010880" : 87,
            "38535168" : 67,
            "39059456" : 43,
            "39583744" : 44,
            "40108032" : 38,
            "40632320" : 38,
            "41156608" : 29,
            "41680896" : 31,
            "42205184" : 23,
            "42729472" : 23,
            "43253760" : 12,
            "43778048" : 31,
            "44302336" : 32,
            "44826624" : 22,
            "45350912" : 21,
            "45875200" : 14,
            "46399488" : 19,
            "46923776" : 18,
            "47448064" : 18,
            "47972352" : 10,
            "48496640" : 7,
            "49020928" : 9,
            "49545216" : 9,
            "50069504" : 9,
            "50593792" : 7,
            "51118080" : 6,
            "51642368" : 2,
            "52166656" : 4,
            "52690944" : 2,
            "53215232" : 9,
            "53739520" : 3,
            "54263808" : 5,
            "54788096" : 3,
            "55312384" : 9,
            "55836672" : 6,
            "56360960" : 2,
            "56885248" : 5,
            "57409536" : 1,
            "57933824" : 4,
            "58458112" : 1,
            "58982400" : 2,
            "59506688" : 2,
            "60030976" : 1,
            "62652416" : 9,
            "63176704" : 8,
            "64225280" : 1,
            "64749568" : 11,
            "65273856" : 11,
            "65798144" : 5,
            "66322432" : 4,
            "66846720" : 4,
            "67633152" : 22,
            "68681728" : 1,
            "69730304" : 4,
            "73924608" : 4,
            "89653248" : 2,
            "93847552" : 2,
            "304087040" : 4,