{
  "fio version" : "fio-3.1",
  "timestamp" : 1555530890,
  "timestamp_ms" : 1555530890425,
  "time" : "Wed Apr 17 19:54:50 2019",
  "global options" : {
    "fallocate" : "none",
    "runtime" : "30",
    "directory" : "/data/fio_write/beegfs-write-64-brjq5",
    "bs" : "1024",
    "time_based" : "1",
    "ioengine" : "libaio",
    "iodepth" : "8",
    "direct" : "1",
    "buffered" : "0",
    "thread" : "0",
    "group_reporting" : "1",
    "filesize" : "32g",
    "size" : "32g",
    "filename_format" : "$jobnum.dat"
  },
  "jobs" : [
    {
      "jobname" : "fio-job",
      "groupid" : 0,
      "error" : 0,
      "eta" : 0,
      "elapsed" : 31,
      "job options" : {
        "rw" : "write"
      },
      "read" : {
        "io_bytes" : 0,
        "io_kbytes" : 0,
        "bw" : 0,
        "iops" : 0.000000,
        "runtime" : 0,
        "total_ios" : 0,
        "short_ios" : 0,
        "drop_ios" : 0,
        "slat_ns" : {
          "min" : 0,
          "max" : 0,
          "mean" : 0.000000,
          "stddev" : 0.000000
        },
        "clat_ns" : {
          "min" : 0,
          "max" : 0,
          "mean" : 0.000000,
          "stddev" : 0.000000,
          "percentile" : {
            "1.000000" : 0,
            "5.000000" : 0,
            "10.000000" : 0,
            "20.000000" : 0,
            "30.000000" : 0,
            "40.000000" : 0,
            "50.000000" : 0,
            "60.000000" : 0,
            "70.000000" : 0,
            "80.000000" : 0,
            "90.000000" : 0,
            "95.000000" : 0,
            "99.000000" : 0,
            "99.500000" : 0,
            "99.900000" : 0,
            "99.950000" : 0,
            "99.990000" : 0,
            "0.00" : 0,
            "0.00" : 0,
            "0.00" : 0
          },
          "bins" : {

          }
        },
        "lat_ns" : {
          "min" : 0,
          "max" : 0,
          "mean" : 0.000000,
          "stddev" : 0.000000
        },
        "bw_min" : 0,
        "bw_max" : 0,
        "bw_agg" : 0.000000,
        "bw_mean" : 0.000000,
        "bw_dev" : 0.000000,
        "bw_samples" : 0,
        "iops_min" : 0,
        "iops_max" : 0,
        "iops_mean" : 0.000000,
        "iops_stddev" : 0.000000,
        "iops_samples" : 0
      },
      "write" : {
        "io_bytes" : 103055360,
        "io_kbytes" : 100640,
        "bw" : 3354,
        "iops" : 3354.554848,
        "runtime" : 30001,
        "total_ios" : 100640,
        "short_ios" : 0,
        "drop_ios" : 0,
        "slat_ns" : {
          "min" : 47284,
          "max" : 30523227,
          "mean" : 1189382.518641,
          "stddev" : 1453480.003033
        },
        "clat_ns" : {
          "min" : 2432,
          "max" : 57390060,
          "mean" : 8346735.771244,
          "stddev" : 5673546.808122,
          "percentile" : {
            "1.000000" : 1105920,
            "5.000000" : 1892352,
            "10.000000" : 2605056,
            "20.000000" : 3719168,
            "30.000000" : 4751360,
            "40.000000" : 5734400,
            "50.000000" : 6914048,
            "60.000000" : 8224768,
            "70.000000" : 9895936,
            "80.000000" : 12386304,
            "90.000000" : 16187392,
            "95.000000" : 19791872,
            "99.000000" : 26607616,
            "99.500000" : 29491200,
            "99.900000" : 36962304,
            "99.950000" : 40108032,
            "99.990000" : 46399488,
            "0.00" : 0,
            "0.00" : 0,
            "0.00" : 0
          },
          "bins" : {
            "2448" : 1,
            "2768" : 1,
            "2928" : 1,
            "3600" : 1,
            "254976" : 1,
            "411648" : 1,
            "528384" : 2,
            "569344" : 3,
            "577536" : 2,
            "585728" : 2,
            "593920" : 1,
            "602112" : 1,
            "610304" : 3,
            "618496" : 2,
            "643072" : 1,
            "651264" : 2,
            "659456" : 3,
            "667648" : 2,
            "675840" : 4,
            "684032" : 2,
            "700416" : 2,
            "708608" : 9,
            "716800" : 4,
            "724992" : 5,
            "733184" : 2,
            "741376" : 7,
            "749568" : 3,
            "757760" : 8,
            "765952" : 4,
            "774144" : 3,
            "782336" : 10,
            "790528" : 13,
            "798720" : 10,
            "806912" : 6,
            "815104" : 12,
            "823296" : 12,
            "831488" : 12,
            "839680" : 17,
            "847872" : 24,
            "856064" : 15,
            "864256" : 15,
            "872448" : 17,
            "880640" : 18,
            "888832" : 23,
            "897024" : 25,
            "905216" : 21,
            "913408" : 35,
            "921600" : 28,
            "929792" : 21,
            "937984" : 21,
            "946176" : 29,
            "954368" : 29,
            "962560" : 22,
            "970752" : 32,
            "978944" : 25,
            "987136" : 25,
            "995328" : 39,
            "1003520" : 39,
            "1011712" : 24,
            "1019904" : 31,
            "1028096" : 36,
            "1036288" : 35,
            "1044480" : 26,
            "1056768" : 64,
            "1073152" : 50,
            "1089536" : 62,
            "1105920" : 69,
            "1122304" : 64,
            "1138688" : 83,
            "1155072" : 62,
            "1171456" : 64,
            "1187840" : 75,
            "1204224" : 65,
            "1220608" : 70,
            "1236992" : 76,
            "1253376" : 75,
            "1269760" : 81,
            "1286144" : 71,
            "1302528" : 59,
            "1318912" : 84,
            "1335296" : 60,
            "1351680" : 83,
            "1368064" : 81,
            "1384448" : 88,
            "1400832" : 86,
            "1417216" : 88,
            "1433600" : 88,
            "1449984" : 86,
            "1466368" : 92,
            "1482752" : 61,
            "1499136" : 77,
            "1515520" : 68,
            "1531904" : 69,
            "1548288" : 74,
            "1564672" : 79,
            "1581056" : 93,
            "1597440" : 93,
            "1613824" : 92,
            "1630208" : 80,
            "1646592" : 83,
            "1662976" : 89,
            "1679360" : 84,
            "1695744" : 85,
            "1712128" : 93,
            "1728512" : 96,
            "1744896" : 110,
            "1761280" : 123,
            "1777664" : 109,
            "1794048" : 117,
            "1810432" : 76,
            "1826816" : 92,
            "1843200" : 84,
            "1859584" : 112,
            "1875968" : 103,
            "1892352" : 102,
            "1908736" : 92,
            "1925120" : 99,
            "1941504" : 80,
            "1957888" : 118,
            "1974272" : 99,
            "1990656" : 84,
            "2007040" : 92,
            "2023424" : 83,
            "2039808" : 115,
            "2056192" : 115,
            "2072576" : 87,
            "2088960" : 109,
            "2113536" : 219,
            "2146304" : 215,
            "2179072" : 225,
            "2211840" : 255,
            "2244608" : 209,
            "2277376" : 237,
            "2310144" : 259,
            "2342912" : 216,
            "2375680" : 263,
            "2408448" : 255,
            "2441216" : 230,
            "2473984" : 262,
            "2506752" : 274,
            "2539520" : 236,
            "2572288" : 256,
            "2605056" : 247,
            "2637824" : 271,
            "2670592" : 272,
            "2703360" : 286,
            "2736128" : 256,
            "2768896" : 283,
            "2801664" : 272,
            "2834432" : 276,
            "2867200" : 270,
            "2899968" : 283,
            "2932736" : 290,
            "2965504" : 309,
            "2998272" : 269,
            "3031040" : 312,
            "3063808" : 314,
            "3096576" : 265,
            "3129344" : 293,
            "3162112" : 272,
            "3194880" : 301,