{
  "fio version" : "fio-3.1",
  "timestamp" : 1555517389,
  "timestamp_ms" : 1555517389595,
  "time" : "Wed Apr 17 16:09:49 2019",
  "global options" : {
    "fallocate" : "none",
    "runtime" : "30",
    "directory" : "/data/fio_write/beegfs-write-64-2v68b",
    "bs" : "2048",
    "time_based" : "1",
    "ioengine" : "libaio",
    "iodepth" : "8",
    "direct" : "1",
    "buffered" : "0",
    "thread" : "0",
    "group_reporting" : "1",
    "filesize" : "32g",
    "size" : "32g",
    "filename_format" : "$jobnum.dat"
  },
  "jobs" : [
    {
      "jobname" : "fio-job",
      "groupid" : 0,
      "error" : 0,
      "eta" : 0,
      "elapsed" : 31,
      "job options" : {
        "rw" : "write"
      },
      "read" : {
        "io_bytes" : 0,
        "io_kbytes" : 0,
        "bw" : 0,
        "iops" : 0.000000,
        "runtime" : 0,
        "total_ios" : 0,
        "short_ios" : 0,
        "drop_ios" : 0,
        "slat_ns" : {
          "min" : 0,
          "max" : 0,
          "mean" : 0.000000,
          "stddev" : 0.000000
        },
        "clat_ns" : {
          "min" : 0,
          "max" : 0,
          "mean" : 0.000000,
          "stddev" : 0.000000,
          "percentile" : {
            "1.000000" : 0,
            "5.000000" : 0,
            "10.000000" : 0,
            "20.000000" : 0,
            "30.000000" : 0,
            "40.000000" : 0,
            "50.000000" : 0,
            "60.000000" : 0,
            "70.000000" : 0,
            "80.000000" : 0,
            "90.000000" : 0,
            "95.000000" : 0,
            "99.000000" : 0,
            "99.500000" : 0,
            "99.900000" : 0,
            "99.950000" : 0,
            "99.990000" : 0,
            "0.00" : 0,
            "0.00" : 0,
            "0.00" : 0
          },
          "bins" : {

          }
        },
        "lat_ns" : {
          "min" : 0,
          "max" : 0,
          "mean" : 0.000000,
          "stddev" : 0.000000
        },
        "bw_min" : 0,
        "bw_max" : 0,
        "bw_agg" : 0.000000,
        "bw_mean" : 0.000000,
        "bw_dev" : 0.000000,
        "bw_samples" : 0,
        "iops_min" : 0,
        "iops_max" : 0,
        "iops_mean" : 0.000000,
        "iops_stddev" : 0.000000,
        "iops_samples" : 0
      },
      "write" : {
        "io_bytes" : 1987016704,
        "io_kbytes" : 1940446,
        "bw" : 64679,
        "iops" : 32339.688677,
        "runtime" : 30001,
        "total_ios" : 970223,
        "short_ios" : 0,
        "drop_ios" : 0,
        "slat_ns" : {
          "min" : 27583,
          "max" : 42063118,
          "mean" : 118445.980163,
          "stddev" : 128779.421340
        },
        "clat_ns" : {
          "min" : 4954,
          "max" : 42811742,
          "mean" : 866775.356041,
          "stddev" : 429727.089119,
          "percentile" : {
            "1.000000" : 505856,
            "5.000000" : 561152,
            "10.000000" : 602112,
            "20.000000" : 659456,
            "30.000000" : 700416,
            "40.000000" : 741376,
            "50.000000" : 774144,
            "60.000000" : 806912,
            "70.000000" : 856064,
            "80.000000" : 954368,
            "90.000000" : 1236992,
            "95.000000" : 1515520,
            "99.000000" : 2342912,
            "99.500000" : 2998272,
            "99.900000" : 5210112,
            "99.950000" : 6586368,
            "99.990000" : 10551296,
            "0.00" : 0,
            "0.00" : 0,
            "0.00" : 0
          },
          "bins" : {
            "4960" : 1,
            "5024" : 1,
            "5408" : 1,
            "5536" : 1,
            "97792" : 1,
            "98816" : 1,
            "111104" : 1,
            "116224" : 1,
            "199680" : 1,
            "201728" : 2,
            "218112" : 1,
            "292864" : 1,
            "313344" : 1,
            "329728" : 1,
            "337920" : 1,
            "342016" : 1,
            "354304" : 2,
            "358400" : 4,
            "362496" : 3,
            "366592" : 2,
            "370688" : 5,
            "374784" : 6,
            "378880" : 2,
            "382976" : 4,
            "387072" : 7,
            "391168" : 7,
            "395264" : 14,
            "399360" : 12,
            "403456" : 14,
            "407552" : 15,
            "411648" : 26,
            "415744" : 30,
            "419840" : 34,
            "423936" : 45,
            "428032" : 53,
            "432128" : 64,
            "436224" : 84,
            "440320" : 82,
            "444416" : 127,
            "448512" : 124,
            "452608" : 195,
            "456704" : 248,
            "460800" : 294,
            "464896" : 338,
            "468992" : 411,
            "473088" : 471,
            "477184" : 517,
            "481280" : 646,
            "485376" : 756,
            "489472" : 840,
            "493568" : 1080,
            "497664" : 1162,
            "501760" : 1257,
            "505856" : 1354,
            "509952" : 1662,
            "514048" : 1755,
            "518144" : 1981,
            "522240" : 2202,
            "528384" : 4977,
            "536576" : 5729,
            "544768" : 6466,
            "552960" : 7307,
            "561152" : 8160,
            "569344" : 8557,
            "577536" : 9597,
            "585728" : 10284,
            "593920" : 11179,
            "602112" : 11930,
            "610304" : 12892,
            "618496" : 13558,
            "626688" : 14438,
            "634880" : 15288,
            "643072" : 16096,
            "651264" : 16514,
            "659456" : 16925,
            "667648" : 17765,
            "675840" : 18257,
            "684032" : 18609,
            "692224" : 18765,
            "700416" : 19252,
            "708608" : 19867,
            "716800" : 20194,
            "724992" : 21096,
            "733184" : 21729,
            "741376" : 22722,
            "749568" : 23086,
            "757760" : 23944,
            "765952" : 24128,
            "774144" : 24337,
            "782336" : 23521,
            "790528" : 22718,
            "798720" : 21961,
            "806912" : 20446,
            "815104" : 19059,
            "823296" : 17836,
            "831488" : 16595,
            "839680" : 15052,
            "847872" : 14155,
            "856064" : 12801,
            "864256" : 11863,
            "872448" : 10928,
            "880640" : 10008,
            "888832" : 9185,
            "897024" : 8536,
            "905216" : 7914,
            "913408" : 7046,
            "921600" : 6664,
            "929792" : 6213,
            "937984" : 5764,
            "946176" : 5351,
            "954368" : 5042,
            "962560" : 4799,
            "970752" : 4526,
            "978944" : 4239,
            "987136" : 4063,
            "995328" : 3944,
            "1003520" : 3729,
            "1011712" : 3552,
            "1019904" : 3192,
            "1028096" : 3103,
            "1036288" : 3065,
            "1044480" : 2827,
            "1056768" : 5544,
            "1073152" : 5202,
            "1089536" : 5084,
            "1105920" : 4707,
            "1122304" : 4707,
            "1138688" : 4469,
            "1155072" : 4449,
            "1171456" : 4235,
            "1187840" : 4115,
            "1204224" : 3999,
            "1220608" : 3845,
            "1236992" : 3738,
            "1253376" : 3587,
            "1269760" : 3569,
            "1286144" : 3261,
            "1302528" : 3126,
            "1318912" : 3112,
            "1335296" : 3085,
            "1351680" : 2888,
            "1368064" : 2856,
            "1384448" : 2783,
            "1400832" : 2727,
            "1417216" : 2624,
            "1433600" : 2609,
            "1449984" : 2549,
            "1466368" : 2411,
            "1482752" : 2520,
            "1499136" : 2538,
            "1515520" : 2463,
            "1531904" : 2322,
            "1548288" : 2298,
            "1564672" : 2210,
            "1581056" : 2029,
            "1597440" : 1867,