{
  "fio version" : "fio-3.1",
  "timestamp" : 1556720348,
  "timestamp_ms" : 1556720348777,
  "time" : "Wed May  1 14:19:08 2019",
  "global options" : {
    "fallocate" : "none",
    "runtime" : "30",
    "directory" : "data/fio_write/beegfs-write-8-6l7nt",
    "bs" : "4096",
    "time_based" : "1",
    "ioengine" : "libaio",
    "iodepth" : "8",
    "direct" : "1",
    "buffered" : "0",
    "thread" : "0",
    "group_reporting" : "1",
    "filesize" : "32g",
    "size" : "32g",
    "filename_format" : "$jobnum.dat"
  },
  "jobs" : [
    {
      "jobname" : "fio-job",
      "groupid" : 0,
      "error" : 0,
      "eta" : 0,
      "elapsed" : 31,
      "job options" : {
        "rw" : "write"
      },
      "read" : {
        "io_bytes" : 0,
        "io_kbytes" : 0,
        "bw" : 0,
        "iops" : 0.000000,
        "runtime" : 0,
        "total_ios" : 0,
        "short_ios" : 0,
        "drop_ios" : 0,
        "slat_ns" : {
          "min" : 0,
          "max" : 0,
          "mean" : 0.000000,
          "stddev" : 0.000000
        },
        "clat_ns" : {
          "min" : 0,
          "max" : 0,
          "mean" : 0.000000,
          "stddev" : 0.000000,
          "percentile" : {
            "1.000000" : 0,
            "5.000000" : 0,
            "10.000000" : 0,
            "20.000000" : 0,
            "30.000000" : 0,
            "40.000000" : 0,
            "50.000000" : 0,
            "60.000000" : 0,
            "70.000000" : 0,
            "80.000000" : 0,
            "90.000000" : 0,
            "95.000000" : 0,
            "99.000000" : 0,
            "99.500000" : 0,
            "99.900000" : 0,
            "99.950000" : 0,
            "99.990000" : 0,
            "0.00" : 0,
            "0.00" : 0,
            "0.00" : 0
          },
          "bins" : {

          }
        },
        "lat_ns" : {
          "min" : 0,
          "max" : 0,
          "mean" : 0.000000,
          "stddev" : 0.000000
        },
        "bw_min" : 0,
        "bw_max" : 0,
        "bw_agg" : 0.000000,
        "bw_mean" : 0.000000,
        "bw_dev" : 0.000000,
        "bw_samples" : 0,
        "iops_min" : 0,
        "iops_max" : 0,
        "iops_mean" : 0.000000,
        "iops_stddev" : 0.000000,
        "iops_samples" : 0
      },
      "write" : {
        "io_bytes" : 6920118272,
        "io_kbytes" : 6757928,
        "bw" : 225256,
        "iops" : 56314.189527,
        "runtime" : 30001,
        "total_ios" : 1689482,
        "short_ios" : 0,
        "drop_ios" : 0,
        "slat_ns" : {
          "min" : 25295,
          "max" : 3275592,
          "mean" : 67023.294942,
          "stddev" : 42986.115937
        },
        "clat_ns" : {
          "min" : 3592,
          "max" : 4031325,
          "mean" : 498395.106009,
          "stddev" : 111592.530198,
          "percentile" : {
            "1.000000" : 403456,
            "5.000000" : 423936,
            "10.000000" : 436224,
            "20.000000" : 448512,
            "30.000000" : 456704,
            "40.000000" : 464896,
            "50.000000" : 473088,
            "60.000000" : 481280,
            "70.000000" : 493568,
            "80.000000" : 505856,
            "90.000000" : 544768,
            "95.000000" : 823296,
            "99.000000" : 946176,
            "99.500000" : 987136,
            "99.900000" : 1089536,
            "99.950000" : 1138688,
            "99.990000" : 3391488,
            "0.00" : 0,
            "0.00" : 0,
            "0.00" : 0
          },
          "bins" : {
            "3600" : 1,
            "3664" : 1,
            "3792" : 1,
            "3888" : 1,
            "59136" : 1,
            "60160" : 1,
            "63232" : 1,
            "69120" : 1,
            "112128" : 1,
            "115200" : 1,
            "144384" : 1,
            "175104" : 1,
            "185344" : 1,
            "189440" : 2,
            "240640" : 1,
            "242688" : 1,
            "244736" : 1,
            "264192" : 1,
            "296960" : 1,
            "309248" : 1,
            "313344" : 1,
            "325632" : 1,
            "333824" : 2,
            "337920" : 1,
            "342016" : 13,
            "346112" : 20,
            "350208" : 44,
            "354304" : 46,
            "358400" : 77,
            "362496" : 103,
            "366592" : 187,
            "370688" : 260,
            "374784" : 443,
            "378880" : 650,
            "382976" : 1050,
            "387072" : 1503,
            "391168" : 2132,
            "395264" : 3191,
            "399360" : 4428,
            "403456" : 6327,
            "407552" : 8564,
            "411648" : 11463,
            "415744" : 15120,
            "419840" : 19619,
            "423936" : 24367,
            "428032" : 30899,
            "432128" : 36925,
            "436224" : 43840,
            "440320" : 50397,
            "444416" : 58489,
            "448512" : 64713,
            "452608" : 70854,
            "456704" : 75534,
            "460800" : 79910,
            "464896" : 82106,
            "468992" : 84044,
            "473088" : 83667,
            "477184" : 82607,
            "481280" : 79831,
            "485376" : 75391,
            "489472" : 69692,
            "493568" : 62498,
            "497664" : 53130,
            "501760" : 44672,
            "505856" : 36836,
            "509952" : 30666,
            "514048" : 25333,
            "518144" : 21388,
            "522240" : 17990,
            "528384" : 29908,
            "536576" : 26262,
            "544768" : 23149,
            "552960" : 19787,
            "561152" : 13892,
            "569344" : 8155,
            "577536" : 4310,
            "585728" : 2555,
            "593920" : 1789,
            "602112" : 1252,
            "610304" : 937,
            "618496" : 777,
            "626688" : 523,
            "634880" : 424,
            "643072" : 328,
            "651264" : 244,
            "659456" : 207,
            "667648" : 194,
            "675840" : 148,
            "684032" : 120,
            "692224" : 90,
            "700416" : 100,
            "708608" : 89,
            "716800" : 58,
            "724992" : 68,
            "733184" : 73,
            "741376" : 63,
            "749568" : 106,
            "757760" : 111,
            "765952" : 197,
            "774144" : 314,
            "782336" : 530,
            "790528" : 729,
            "798720" : 1198,
            "806912" : 1706,
            "815104" : 2275,
            "823296" : 2896,
            "831488" : 3607,
            "839680" : 4248,
            "847872" : 4878,
            "856064" : 5374,
            "864256" : 5619,
            "872448" : 5900,
            "880640" : 5811,
            "888832" : 5310,
            "897024" : 5134,
            "905216" : 4631,
            "913408" : 4297,
            "921600" : 3715,
            "929792" : 3302,
            "937984" : 2784,
            "946176" : 2348,
            "954368" : 2055,
            "962560" : 1777,
            "970752" : 1524,
            "978944" : 1391,
            "987136" : 1132,
            "995328" : 996,
            "1003520" : 871,
            "1011712" : 766,
            "1019904" : 643,
            "1028096" : 638,
            "1036288" : 493,
            "1044480" : 405,
            "1056768" : 738,
            "1073152" : 593,
            "1089536" : 431,
            "1105920" : 294,
            "1122304" : 213,
            "1138688" : 149,
            "1155072" : 100,
            "1171456" : 61,
            "1187840" : 45,
            "1204224" : 30,
            "1220608" : 13,
            "1236992" : 13,
            "1253376" : 15,
            "1269760" : 10,
            "1286144" : 8,
            "1302528" : 4,
            "1318912" : 1,
            "1335296" : 1,
            "1351680" : 15,
            "1368064" : 8,
            "1384448" : 5,
            "1400832" : 6,
            "1417216" : 2,
            "1482752" : 1,
            "1499136" : 6,
            "1515520" : 6,