{
  "fio version" : "fio-3.1",
  "timestamp" : 1574247931,
  "timestamp_ms" : 1574247931263,
  "time" : "Wed Nov 20 11:05:31 2019",
  "global options" : {
    "directory" : "data/fio_write/beegfs-randwrite-64-9vhwg",
    "bs" : "512",
    "fallocate" : "none",
    "runtime" : "30",
    "time_based" : "1",
    "ioengine" : "libaio",
    "iodepth" : "8",
    "direct" : "1",
    "buffered" : "0",
    "invalidate" : "1",
    "ramp_time" : "0",
    "thread" : "0",
    "group_reporting" : "1",
    "filesize" : "32g",
    "size" : "32g",
    "filename_format" : "$jobnum.dat"
  },
  "jobs" : [
    {
      "jobname" : "fio-job",
      "groupid" : 0,
      "error" : 0,
      "eta" : 0,
      "elapsed" : 33,
      "job options" : {
        "rw" : "randwrite"
      },
      "read" : {
        "io_bytes" : 0,
        "io_kbytes" : 0,
        "bw" : 0,
        "iops" : 0.000000,
        "runtime" : 0,
        "total_ios" : 0,
        "short_ios" : 0,
        "drop_ios" : 0,
        "slat_ns" : {
          "min" : 0,
          "max" : 0,
          "mean" : 0.000000,
          "stddev" : 0.000000
        },
        "clat_ns" : {
          "min" : 0,
          "max" : 0,
          "mean" : 0.000000,
          "stddev" : 0.000000,
          "percentile" : {
            "1.000000" : 0,
            "5.000000" : 0,
            "10.000000" : 0,
            "20.000000" : 0,
            "30.000000" : 0,
            "40.000000" : 0,
            "50.000000" : 0,
            "60.000000" : 0,
            "70.000000" : 0,
            "80.000000" : 0,
            "90.000000" : 0,
            "95.000000" : 0,
            "99.000000" : 0,
            "99.500000" : 0,
            "99.900000" : 0,
            "99.950000" : 0,
            "99.990000" : 0,
            "0.00" : 0,
            "0.00" : 0,
            "0.00" : 0
          },
          "bins" : {

          }
        },
        "lat_ns" : {
          "min" : 0,
          "max" : 0,
          "mean" : 0.000000,
          "stddev" : 0.000000
        },
        "bw_min" : 0,
        "bw_max" : 0,
        "bw_agg" : 0.000000,
        "bw_mean" : 0.000000,
        "bw_dev" : 0.000000,
        "bw_samples" : 0,
        "iops_min" : 0,
        "iops_max" : 0,
        "iops_mean" : 0.000000,
        "iops_stddev" : 0.000000,
        "iops_samples" : 0
      },
      "write" : {
        "io_bytes" : 85504,
        "io_kbytes" : 83,
        "bw" : 2,
        "iops" : 5.277128,
        "runtime" : 31646,
        "total_ios" : 167,
        "short_ios" : 0,
        "drop_ios" : 0,
        "slat_ns" : {
          "min" : 75697,
          "max" : 5524851544,
          "mean" : 747886607.814371,
          "stddev" : 913274952.549151
        },
        "clat_ns" : {
          "min" : 5385,
          "max" : 11779248052,
          "mean" : 5170832727.904192,
          "stddev" : 2943715071.178820,
          "percentile" : {
            "1.000000" : 5536,
            "5.000000" : 1027604480,
            "10.000000" : 1652555776,
            "20.000000" : 2432696320,
            "30.000000" : 3170893824,
            "40.000000" : 3707764736,
            "50.000000" : 5133828096,
            "60.000000" : 5872025600,
            "70.000000" : 6677331968,
            "80.000000" : 8153726976,
            "90.000000" : 8925478912,
            "95.000000" : 10536091648,
            "99.000000" : 11475615744,
            "99.500000" : 11744051200,
            "99.900000" : 11744051200,
            "99.950000" : 11744051200,
            "99.990000" : 11744051200,
            "0.00" : 0,
            "0.00" : 0,
            "0.00" : 0
          },
          "bins" : {
            "5408" : 1,
            "5536" : 1,
            "7456" : 1,
            "7584" : 1,
            "367001600" : 1,
            "750780416" : 1,
            "809500672" : 1,
            "985661440" : 1,
            "1027604480" : 1,
            "1061158912" : 1,
            "1182793728" : 1,
            "1216348160" : 1,
            "1300234240" : 1,
            "1384120320" : 1,
            "1535115264" : 1,
            "1551892480" : 1,
            "1652555776" : 1,
            "1753219072" : 1,
            "1786773504" : 1,
            "1853882368" : 1,
            "1870659584" : 1,
            "1954545664" : 1,
            "2004877312" : 2,
            "2139095040" : 1,
            "2231369728" : 2,
            "2298478592" : 1,
            "2365587456" : 1,
            "2399141888" : 3,
            "2432696320" : 3,
            "2466250752" : 1,
            "2533359616" : 1,
            "2566914048" : 1,
            "2634022912" : 4,
            "2667577344" : 1,
            "2701131776" : 3,
            "2734686208" : 1,
            "2801795072" : 2,
            "3003121664" : 1,
            "3170893824" : 1,
            "3238002688" : 1,
            "3372220416" : 4,
            "3405774848" : 1,
            "3439329280" : 6,
            "3472883712" : 1,
            "3506438144" : 1,
            "3539992576" : 1,
            "3707764736" : 1,
            "3741319168" : 3,
            "3808428032" : 1,
            "4009754624" : 1,
            "4177526784" : 1,
            "4278190080" : 2,
            "4328521728" : 1,
            "4596957184" : 1,
            "4865392640" : 3,
            "4932501504" : 1,
            "4999610368" : 1,
            "5066719232" : 1,
            "5133828096" : 3,
            "5200936960" : 5,
            "5268045824" : 2,
            "5335154688" : 1,
            "5469372416" : 1,
            "5603590144" : 1,
            "5670699008" : 1,
            "5804916736" : 2,
            "5872025600" : 2,
            "6006243328" : 2,
            "6140461056" : 2,
            "6274678784" : 2,
            "6408896512" : 1,
            "6476005376" : 2,
            "6543114240" : 2,
            "6610223104" : 4,
            "6677331968" : 2,
            "6945767424" : 2,
            "7012876288" : 2,
            "7147094016" : 1,
            "7214202880" : 1,
            "7281311744" : 4,
            "7751073792" : 1,
            "7885291520" : 2,
            "8019509248" : 1,
            "8086618112" : 1,
            "8153726976" : 4,
            "8220835840" : 2,
            "8355053568" : 2,
            "8489271296" : 2,
            "8556380160" : 1,
            "8657043456" : 3,
            "8791261184" : 1,
            "8925478912" : 3,
            "9193914368" : 1,
            "9865003008" : 1,
            "10401873920" : 2,
            "10536091648" : 4,
            "10804527104" : 1,
            "10938744832" : 3,
            "11072962560" : 1,
            "11207180288" : 1,
            "11475615744" : 1,
            "11744051200" : 1
          }
        },
        "lat_ns" : {
          "min" : 368910854,
          "max" : 13400254328,
          "mean" : 5918721335.502994,
          "stddev" : 3089755383.304392
        },
        "bw_min" : 0,
        "bw_max" : 5,
        "bw_agg" : 63.265306,
        "bw_mean" : 1.265306,
        "bw_dev" : 0.925593,
        "bw_samples" : 98,
        "iops_min" : 1,
        "iops_max" : 10,
        "iops_mean" : 2.612245,
        "iops_stddev" : 1.756476,
        "iops_samples" : 98
      },
      "trim" : {
        "io_bytes" : 0,
        "io_kbytes" : 0,
        "bw" : 0,
        "iops" : 0.000000,
        "runtime" : 0,
        "total_ios" : 0,
        "short_ios" : 0,
        "drop_ios" : 0,
        "slat_ns" : {
          "min" : 0,
          "max" : 0,
          "mean" : 0.000000,
          "stddev" : 0.000000
        },
        "clat_ns" : {
          "min" : 0,
          "max" : 0,
          "mean" : 0.000000,
          "stddev" : 0.000000,
          "percentile" : {
            "1.000000" : 0,
            "5.000000" : 0,
            "10.000000" : 0,
            "20.000000" : 0,
            "30.000000" : 0,
            "40.000000" : 0,
            "50.000000" : 0,
            "60.000000" : 0,
            "70.000000" : 0,
            "80.000000" : 0,
            "90.000000" : 0,