{
  "fio version" : "fio-3.1",
  "timestamp" : 1556100281,
  "timestamp_ms" : 1556100281600,
  "time" : "Wed Apr 24 10:04:41 2019",
  "global options" : {
    "fallocate" : "none",
    "runtime" : "30",
    "directory" : "data/fio_write/beegfs-randwrite-64-r8fdk",
    "bs" : "16384",
    "time_based" : "1",
    "ioengine" : "libaio",
    "iodepth" : "8",
    "direct" : "1",
    "buffered" : "0",
    "thread" : "0",
    "group_reporting" : "1",
    "filesize" : "32g",
    "size" : "32g",
    "filename_format" : "$jobnum.dat"
  },
  "jobs" : [
    {
      "jobname" : "fio-job",
      "groupid" : 0,
      "error" : 0,
      "eta" : 0,
      "elapsed" : 35,
      "job options" : {
        "rw" : "randwrite"
      },
      "read" : {
        "io_bytes" : 0,
        "io_kbytes" : 0,
        "bw" : 0,
        "iops" : 0.000000,
        "runtime" : 0,
        "total_ios" : 0,
        "short_ios" : 0,
        "drop_ios" : 0,
        "slat_ns" : {
          "min" : 0,
          "max" : 0,
          "mean" : 0.000000,
          "stddev" : 0.000000
        },
        "clat_ns" : {
          "min" : 0,
          "max" : 0,
          "mean" : 0.000000,
          "stddev" : 0.000000,
          "percentile" : {
            "1.000000" : 0,
            "5.000000" : 0,
            "10.000000" : 0,
            "20.000000" : 0,
            "30.000000" : 0,
            "40.000000" : 0,
            "50.000000" : 0,
            "60.000000" : 0,
            "70.000000" : 0,
            "80.000000" : 0,
            "90.000000" : 0,
            "95.000000" : 0,
            "99.000000" : 0,
            "99.500000" : 0,
            "99.900000" : 0,
            "99.950000" : 0,
            "99.990000" : 0,
            "0.00" : 0,
            "0.00" : 0,
            "0.00" : 0
          },
          "bins" : {

          }
        },
        "lat_ns" : {
          "min" : 0,
          "max" : 0,
          "mean" : 0.000000,
          "stddev" : 0.000000
        },
        "bw_min" : 0,
        "bw_max" : 0,
        "bw_agg" : 0.000000,
        "bw_mean" : 0.000000,
        "bw_dev" : 0.000000,
        "bw_samples" : 0,
        "iops_min" : 0,
        "iops_max" : 0,
        "iops_mean" : 0.000000,
        "iops_stddev" : 0.000000,
        "iops_samples" : 0
      },
      "write" : {
        "io_bytes" : 2244608,
        "io_kbytes" : 2192,
        "bw" : 65,
        "iops" : 4.103639,
        "runtime" : 33385,
        "total_ios" : 137,
        "short_ios" : 0,
        "drop_ios" : 0,
        "slat_ns" : {
          "min" : 206474,
          "max" : 18837555698,
          "mean" : 792040816.948905,
          "stddev" : 2264287762.934660
        },
        "clat_ns" : {
          "min" : 6710,
          "max" : 21477186257,
          "mean" : 4780430298.999999,
          "stddev" : 4921855998.338861,
          "percentile" : {
            "1.000000" : 7392,
            "5.000000" : 130547712,
            "10.000000" : 358612992,
            "20.000000" : 608174080,
            "30.000000" : 1010827264,
            "40.000000" : 2432696320,
            "50.000000" : 3036676096,
            "60.000000" : 4462739456,
            "70.000000" : 4865392640,
            "80.000000" : 7885291520,
            "90.000000" : 13086228480,
            "95.000000" : 14025752576,
            "99.000000" : 17112760320,
            "99.500000" : 17112760320,
            "99.900000" : 17112760320,
            "99.950000" : 17112760320,
            "99.990000" : 17112760320,
            "0.00" : 0,
            "0.00" : 0,
            "0.00" : 0
          },
          "bins" : {
            "6688" : 1,
            "7392" : 1,
            "7840" : 1,
            "13504" : 1,
            "2736128" : 1,
            "105381888" : 1,
            "130547712" : 1,
            "261095424" : 1,
            "265289728" : 1,
            "270532608" : 2,
            "358612992" : 3,
            "367001600" : 2,
            "371195904" : 1,
            "517996544" : 1,
            "549453824" : 3,
            "566231040" : 1,
            "583008256" : 2,
            "591396864" : 2,
            "608174080" : 4,
            "700448768" : 1,
            "750780416" : 1,
            "775946240" : 1,
            "784334848" : 2,
            "834666496" : 2,
            "851443712" : 1,
            "859832320" : 2,
            "994050048" : 1,
            "1010827264" : 1,
            "1417674752" : 1,
            "1635778560" : 1,
            "1820327936" : 1,
            "1870659584" : 1,
            "1971322880" : 1,
            "2038431744" : 1,
            "2055208960" : 2,
            "2071986176" : 1,
            "2139095040" : 1,
            "2332033024" : 2,
            "2432696320" : 1,
            "2466250752" : 2,
            "2499805184" : 3,
            "2634022912" : 7,
            "2969567232" : 1,
            "3036676096" : 1,
            "3204448256" : 1,
            "3305111552" : 1,
            "3506438144" : 1,
            "3674210304" : 2,
            "3942645760" : 1,
            "4177526784" : 1,
            "4244635648" : 1,
            "4395630592" : 4,
            "4462739456" : 4,
            "4596957184" : 1,
            "4664066048" : 2,
            "4731174912" : 1,
            "4798283776" : 2,
            "4865392640" : 5,
            "4932501504" : 1,
            "6610223104" : 1,
            "6677331968" : 2,
            "6811549696" : 1,
            "7147094016" : 2,
            "7214202880" : 1,
            "7683964928" : 3,
            "7885291520" : 4,
            "8019509248" : 1,
            "8153726976" : 2,
            "8657043456" : 1,
            "9328132096" : 1,
            "9462349824" : 1,
            "10536091648" : 1,
            "11878268928" : 1,
            "12012486656" : 1,
            "12817793024" : 3,
            "13086228480" : 2,
            "13623099392" : 1,
            "13891534848" : 1,
            "14025752576" : 4,
            "14159970304" : 2,
            "17112760320" : 4
          }
        },
        "lat_ns" : {
          "min" : 130456001,
          "max" : 21478263232,
          "mean" : 5572472711.583941,
          "stddev" : 5130659652.133826
        },
        "bw_min" : 32,
        "bw_max" : 256,
        "bw_agg" : 100.000000,
        "bw_mean" : 108.387097,
        "bw_dev" : 70.437527,
        "bw_samples" : 31,
        "iops_min" : 2,
        "iops_max" : 16,
        "iops_mean" : 6.774194,
        "iops_stddev" : 4.402345,
        "iops_samples" : 31
      },
      "trim" : {
        "io_bytes" : 0,
        "io_kbytes" : 0,
        "bw" : 0,
        "iops" : 0.000000,
        "runtime" : 0,
        "total_ios" : 0,
        "short_ios" : 0,
        "drop_ios" : 0,
        "slat_ns" : {
          "min" : 0,
          "max" : 0,
          "mean" : 0.000000,
          "stddev" : 0.000000
        },
        "clat_ns" : {
          "min" : 0,
          "max" : 0,
          "mean" : 0.000000,
          "stddev" : 0.000000,
          "percentile" : {
            "1.000000" : 0,
            "5.000000" : 0,
            "10.000000" : 0,
            "20.000000" : 0,
            "30.000000" : 0,
            "40.000000" : 0,
            "50.000000" : 0,
            "60.000000" : 0,
            "70.000000" : 0,
            "80.000000" : 0,
            "90.000000" : 0,
            "95.000000" : 0,
            "99.000000" : 0,
            "99.500000" : 0,
            "99.900000" : 0,
            "99.950000" : 0,
            "99.990000" : 0,
            "0.00" : 0,
            "0.00" : 0,
            "0.00" : 0
          },
          "bins" : {

          }
        },
        "lat_ns" : {
          "min" : 0,
          "max" : 0,
          "mean" : 0.000000,
          "stddev" : 0.000000
        },
        "bw_min" : 0,
        "bw_max" : 0,
        "bw_agg" : 0.000000,
        "bw_mean" : 0.000000,
        "bw_dev" : 0.000000,
        "bw_samples" : 0,
        "iops_min" : 0,
        "iops_max" : 0,
        "iops_mean" : 0.000000,