{
  "fio version" : "fio-3.1",
  "timestamp" : 1556099964,
  "timestamp_ms" : 1556099964087,
  "time" : "Wed Apr 24 09:59:24 2019",
  "global options" : {
    "fallocate" : "none",
    "runtime" : "30",
    "directory" : "data/fio_write/beegfs-randwrite-64-r8fdk",
    "bs" : "512",
    "time_based" : "1",
    "ioengine" : "libaio",
    "iodepth" : "8",
    "direct" : "1",
    "buffered" : "0",
    "thread" : "0",
    "group_reporting" : "1",
    "filesize" : "32g",
    "size" : "32g",
    "filename_format" : "$jobnum.dat"
  },
  "jobs" : [
    {
      "jobname" : "fio-job",
      "groupid" : 0,
      "error" : 0,
      "eta" : 0,
      "elapsed" : 33,
      "job options" : {
        "rw" : "randwrite"
      },
      "read" : {
        "io_bytes" : 0,
        "io_kbytes" : 0,
        "bw" : 0,
        "iops" : 0.000000,
        "runtime" : 0,
        "total_ios" : 0,
        "short_ios" : 0,
        "drop_ios" : 0,
        "slat_ns" : {
          "min" : 0,
          "max" : 0,
          "mean" : 0.000000,
          "stddev" : 0.000000
        },
        "clat_ns" : {
          "min" : 0,
          "max" : 0,
          "mean" : 0.000000,
          "stddev" : 0.000000,
          "percentile" : {
            "1.000000" : 0,
            "5.000000" : 0,
            "10.000000" : 0,
            "20.000000" : 0,
            "30.000000" : 0,
            "40.000000" : 0,
            "50.000000" : 0,
            "60.000000" : 0,
            "70.000000" : 0,
            "80.000000" : 0,
            "90.000000" : 0,
            "95.000000" : 0,
            "99.000000" : 0,
            "99.500000" : 0,
            "99.900000" : 0,
            "99.950000" : 0,
            "99.990000" : 0,
            "0.00" : 0,
            "0.00" : 0,
            "0.00" : 0
          },
          "bins" : {

          }
        },
        "lat_ns" : {
          "min" : 0,
          "max" : 0,
          "mean" : 0.000000,
          "stddev" : 0.000000
        },
        "bw_min" : 0,
        "bw_max" : 0,
        "bw_agg" : 0.000000,
        "bw_mean" : 0.000000,
        "bw_dev" : 0.000000,
        "bw_samples" : 0,
        "iops_min" : 0,
        "iops_max" : 0,
        "iops_mean" : 0.000000,
        "iops_stddev" : 0.000000,
        "iops_samples" : 0
      },
      "write" : {
        "io_bytes" : 187904,
        "io_kbytes" : 183,
        "bw" : 6,
        "iops" : 12.099832,
        "runtime" : 30331,
        "total_ios" : 367,
        "short_ios" : 0,
        "drop_ios" : 0,
        "slat_ns" : {
          "min" : 115139,
          "max" : 8830999025,
          "mean" : 327779988.397820,
          "stddev" : 955199852.783797
        },
        "clat_ns" : {
          "min" : 6380,
          "max" : 11034993150,
          "mean" : 2265628744.337875,
          "stddev" : 2294085564.018700,
          "percentile" : {
            "1.000000" : 9664,
            "5.000000" : 38010880,
            "10.000000" : 51118080,
            "20.000000" : 141557760,
            "30.000000" : 700448768,
            "40.000000" : 943718400,
            "50.000000" : 1535115264,
            "60.000000" : 2332033024,
            "70.000000" : 2969567232,
            "80.000000" : 4110417920,
            "90.000000" : 5536481280,
            "95.000000" : 6207569920,
            "99.000000" : 9865003008,
            "99.500000" : 11072962560,
            "99.900000" : 11072962560,
            "99.950000" : 11072962560,
            "99.990000" : 11072962560,
            "0.00" : 0,
            "0.00" : 0,
            "0.00" : 0
          },
          "bins" : {
            "6368" : 1,
            "6496" : 1,
            "9152" : 1,
            "9664" : 1,
            "1449984" : 1,
            "8585216" : 1,
            "10813440" : 1,
            "16908288" : 3,
            "19267584" : 2,
            "22937600" : 1,
            "25034752" : 1,
            "28704768" : 1,
            "33816576" : 1,
            "35913728" : 1,
            "36962304" : 1,
            "38010880" : 1,
            "40108032" : 1,
            "41680896" : 1,
            "43253760" : 1,
            "43778048" : 1,
            "44826624" : 3,
            "45350912" : 1,
            "45875200" : 3,
            "46399488" : 4,
            "46923776" : 1,
            "47448064" : 1,
            "51118080" : 1,
            "51642368" : 1,
            "53215232" : 2,
            "54788096" : 1,
            "60030976" : 1,
            "60555264" : 5,
            "62128128" : 1,
            "66322432" : 1,
            "67633152" : 1,
            "70778880" : 1,
            "72876032" : 2,
            "78118912" : 2,
            "80216064" : 1,
            "95944704" : 1,
            "98041856" : 1,
            "101187584" : 1,
            "102236160" : 1,
            "106430464" : 1,
            "110624768" : 1,
            "121110528" : 1,
            "127401984" : 1,
            "131596288" : 2,
            "135266304" : 6,
            "137363456" : 1,
            "141557760" : 2,
            "143654912" : 1,
            "147849216" : 1,
            "149946368" : 2,
            "162529280" : 1,
            "170917888" : 1,
            "173015040" : 1,
            "185597952" : 2,
            "242221056" : 1,
            "246415360" : 1,
            "287309824" : 1,
            "383778816" : 1,
            "396361728" : 2,
            "400556032" : 1,
            "404750336" : 1,
            "476053504" : 1,
            "484442112" : 3,
            "530579456" : 2,
            "549453824" : 2,
            "557842432" : 1,
            "574619648" : 1,
            "616562688" : 1,
            "641728512" : 1,
            "650117120" : 2,
            "666894336" : 1,
            "675282944" : 2,
            "683671552" : 1,
            "700448768" : 1,
            "708837376" : 2,
            "725614592" : 2,
            "734003200" : 1,
            "742391808" : 1,
            "750780416" : 5,
            "759169024" : 1,
            "767557632" : 5,
            "775946240" : 4,
            "784334848" : 3,
            "801112064" : 3,
            "809500672" : 2,
            "859832320" : 1,
            "868220928" : 1,
            "876609536" : 1,
            "926941184" : 2,
            "935329792" : 1,
            "943718400" : 1,
            "994050048" : 2,
            "1002438656" : 2,
            "1010827264" : 3,
            "1027604480" : 3,
            "1052770304" : 1,
            "1082130432" : 1,
            "1115684864" : 1,
            "1199570944" : 1,
            "1249902592" : 1,
            "1266679808" : 1,
            "1283457024" : 1,
            "1317011456" : 1,
            "1333788672" : 4,
            "1350565888" : 3,
            "1367343104" : 1,
            "1400897536" : 1,
            "1451229184" : 1,
            "1468006400" : 4,
            "1535115264" : 5,
            "1568669696" : 1,
            "1585446912" : 4,
            "1602224128" : 2,
            "1702887424" : 2,
            "1719664640" : 2,
            "1769996288" : 1,
            "1837105152" : 1,
            "1853882368" : 1,
            "1887436800" : 4,
            "1904214016" : 2,
            "1937768448" : 1,
            "1988100096" : 1,
            "2004877312" : 1,
            "2088763392" : 1,
            "2122317824" : 2,
            "2164260864" : 3,
            "2231369728" : 1,
            "2264924160" : 4,
            "2298478592" : 1,
            "2332033024" : 3,
            "2365587456" : 2,
            "2399141888" : 1,
            "2432696320" : 1,
            "2499805184" : 1,
            "2533359616" : 10,
            "2566914048" : 8,
            "2667577344" : 1,
            "2734686208" : 2,
            "2835349504" : 3,
            "2868903936" : 2,
            "2936012800" : 2,
            "2969567232" : 4,
            "3003121664" : 2,
            "3036676096" : 5,
            "3103784960" : 2,
            "3170893824" : 4,
            "3238002688" : 1,
            "3271557120" : 2,