{
  "fio version" : "fio-3.1",
  "timestamp" : 1556720284,
  "timestamp_ms" : 1556720284469,
  "time" : "Wed May  1 14:18:04 2019",
  "global options" : {
    "fallocate" : "none",
    "runtime" : "30",
    "directory" : "data/fio_write/beegfs-write-8-k2m9l",
    "bs" : "1024",
    "time_based" : "1",
    "ioengine" : "libaio",
    "iodepth" : "8",
    "direct" : "1",
    "buffered" : "0",
    "thread" : "0",
    "group_reporting" : "1",
    "filesize" : "32g",
    "size" : "32g",
    "filename_format" : "$jobnum.dat"
  },
  "jobs" : [
    {
      "jobname" : "fio-job",
      "groupid" : 0,
      "error" : 0,
      "eta" : 0,
      "elapsed" : 31,
      "job options" : {
        "rw" : "write"
      },
      "read" : {
        "io_bytes" : 0,
        "io_kbytes" : 0,
        "bw" : 0,
        "iops" : 0.000000,
        "runtime" : 0,
        "total_ios" : 0,
        "short_ios" : 0,
        "drop_ios" : 0,
        "slat_ns" : {
          "min" : 0,
          "max" : 0,
          "mean" : 0.000000,
          "stddev" : 0.000000
        },
        "clat_ns" : {
          "min" : 0,
          "max" : 0,
          "mean" : 0.000000,
          "stddev" : 0.000000,
          "percentile" : {
            "1.000000" : 0,
            "5.000000" : 0,
            "10.000000" : 0,
            "20.000000" : 0,
            "30.000000" : 0,
            "40.000000" : 0,
            "50.000000" : 0,
            "60.000000" : 0,
            "70.000000" : 0,
            "80.000000" : 0,
            "90.000000" : 0,
            "95.000000" : 0,
            "99.000000" : 0,
            "99.500000" : 0,
            "99.900000" : 0,
            "99.950000" : 0,
            "99.990000" : 0,
            "0.00" : 0,
            "0.00" : 0,
            "0.00" : 0
          },
          "bins" : {

          }
        },
        "lat_ns" : {
          "min" : 0,
          "max" : 0,
          "mean" : 0.000000,
          "stddev" : 0.000000
        },
        "bw_min" : 0,
        "bw_max" : 0,
        "bw_agg" : 0.000000,
        "bw_mean" : 0.000000,
        "bw_dev" : 0.000000,
        "bw_samples" : 0,
        "iops_min" : 0,
        "iops_max" : 0,
        "iops_mean" : 0.000000,
        "iops_stddev" : 0.000000,
        "iops_samples" : 0
      },
      "write" : {
        "io_bytes" : 1686333440,
        "io_kbytes" : 1646810,
        "bw" : 54891,
        "iops" : 54891.836939,
        "runtime" : 30001,
        "total_ios" : 1646810,
        "short_ios" : 0,
        "drop_ios" : 0,
        "slat_ns" : {
          "min" : 25983,
          "max" : 3086865,
          "mean" : 68902.592257,
          "stddev" : 26301.569359
        },
        "clat_ns" : {
          "min" : 3462,
          "max" : 3548300,
          "mean" : 511268.270007,
          "stddev" : 69774.064358,
          "percentile" : {
            "1.000000" : 428032,
            "5.000000" : 448512,
            "10.000000" : 460800,
            "20.000000" : 477184,
            "30.000000" : 485376,
            "40.000000" : 493568,
            "50.000000" : 501760,
            "60.000000" : 509952,
            "70.000000" : 518144,
            "80.000000" : 536576,
            "90.000000" : 552960,
            "95.000000" : 577536,
            "99.000000" : 921600,
            "99.500000" : 1003520,
            "99.900000" : 1122304,
            "99.950000" : 1171456,
            "99.990000" : 1384448,
            "0.00" : 0,
            "0.00" : 0,
            "0.00" : 0
          },
          "bins" : {
            "3472" : 1,
            "3760" : 1,
            "3888" : 1,
            "4192" : 1,
            "53504" : 1,
            "66048" : 1,
            "70144" : 1,
            "71168" : 1,
            "116224" : 1,
            "126464" : 1,
            "136192" : 1,
            "142336" : 1,
            "187392" : 1,
            "193536" : 1,
            "226304" : 1,
            "240640" : 2,
            "268288" : 1,
            "284672" : 1,
            "313344" : 1,
            "325632" : 1,
            "333824" : 2,
            "337920" : 1,
            "350208" : 1,
            "354304" : 3,
            "358400" : 4,
            "362496" : 5,
            "366592" : 16,
            "370688" : 18,
            "374784" : 35,
            "378880" : 76,
            "382976" : 106,
            "387072" : 182,
            "391168" : 261,
            "395264" : 425,
            "399360" : 693,
            "403456" : 929,
            "407552" : 1341,
            "411648" : 1788,
            "415744" : 2566,
            "419840" : 3501,
            "423936" : 4475,
            "428032" : 5846,
            "432128" : 7675,
            "436224" : 9687,
            "440320" : 12105,
            "444416" : 14997,
            "448512" : 18191,
            "452608" : 22189,
            "456704" : 26994,
            "460800" : 32771,
            "464896" : 38443,
            "468992" : 45863,
            "473088" : 52915,
            "477184" : 60061,
            "481280" : 68155,
            "485376" : 74913,
            "489472" : 80682,
            "493568" : 84033,
            "497664" : 86295,
            "501760" : 87522,
            "505856" : 84699,
            "509952" : 80173,
            "514048" : 74756,
            "518144" : 68300,
            "522240" : 60877,
            "528384" : 100922,
            "536576" : 76470,
            "544768" : 56772,
            "552960" : 42215,
            "561152" : 34886,
            "569344" : 31108,
            "577536" : 25089,
            "585728" : 17820,
            "593920" : 10452,
            "602112" : 5142,
            "610304" : 2767,
            "618496" : 1762,
            "626688" : 1140,
            "634880" : 780,
            "643072" : 554,
            "651264" : 438,
            "659456" : 283,
            "667648" : 242,
            "675840" : 149,
            "684032" : 105,
            "692224" : 89,
            "700416" : 70,
            "708608" : 60,
            "716800" : 54,
            "724992" : 38,
            "733184" : 29,
            "741376" : 20,
            "749568" : 21,
            "757760" : 13,
            "765952" : 19,
            "774144" : 23,
            "782336" : 21,
            "790528" : 23,
            "798720" : 21,
            "806912" : 23,
            "815104" : 39,
            "823296" : 80,
            "831488" : 107,
            "839680" : 145,
            "847872" : 220,
            "856064" : 312,
            "864256" : 391,
            "872448" : 508,
            "880640" : 603,
            "888832" : 695,
            "897024" : 700,
            "905216" : 877,
            "913408" : 852,
            "921600" : 985,
            "929792" : 994,
            "937984" : 986,
            "946176" : 966,
            "954368" : 886,
            "962560" : 867,
            "970752" : 844,
            "978944" : 800,
            "987136" : 711,
            "995328" : 666,
            "1003520" : 589,
            "1011712" : 595,
            "1019904" : 530,
            "1028096" : 522,
            "1036288" : 464,
            "1044480" : 488,
            "1056768" : 968,
            "1073152" : 767,
            "1089536" : 692,
            "1105920" : 636,
            "1122304" : 524,
            "1138688" : 358,
            "1155072" : 267,
            "1171456" : 179,
            "1187840" : 142,
            "1204224" : 108,
            "1220608" : 91,
            "1236992" : 65,
            "1253376" : 55,
            "1269760" : 45,
            "1286144" : 29,
            "1302528" : 21,
            "1318912" : 11,
            "1335296" : 12,
            "1351680" : 19,
            "1368064" : 20,
            "1384448" : 22,
            "1400832" : 11,
            "1417216" : 8,
            "1433600" : 3,
            "1449984" : 2,
            "1466368" : 3,
            "1482752" : 2,
            "1499136" : 2,
            "1662976" : 2,
            "1679360" : 1,
            "1695744" : 3,