{
  "fio version" : "fio-3.1",
  "timestamp" : 1556097584,
  "timestamp_ms" : 1556097584963,
  "time" : "Wed Apr 24 10:19:44 2019",
  "global options" : {
    "fallocate" : "none",
    "runtime" : "30",
    "directory" : "/mnt/storage-nvme/fio_write/beegfs-randwrite-64-client-75712-46",
    "bs" : "16777216",
    "time_based" : "1",
    "ioengine" : "libaio",
    "iodepth" : "8",
    "direct" : "1",
    "buffered" : "0",
    "thread" : "0",
    "group_reporting" : "1",
    "filesize" : "32g",
    "size" : "32g",
    "filename_format" : "$jobnum.dat"
  },
  "jobs" : [
    {
      "jobname" : "fio-job",
      "groupid" : 0,
      "error" : 0,
      "eta" : 0,
      "elapsed" : 32,
      "job options" : {
        "rw" : "randwrite"
      },
      "read" : {
        "io_bytes" : 0,
        "io_kbytes" : 0,
        "bw" : 0,
        "iops" : 0.000000,
        "runtime" : 0,
        "total_ios" : 0,
        "short_ios" : 0,
        "drop_ios" : 0,
        "slat_ns" : {
          "min" : 0,
          "max" : 0,
          "mean" : 0.000000,
          "stddev" : 0.000000
        },
        "clat_ns" : {
          "min" : 0,
          "max" : 0,
          "mean" : 0.000000,
          "stddev" : 0.000000,
          "percentile" : {
            "1.000000" : 0,
            "5.000000" : 0,
            "10.000000" : 0,
            "20.000000" : 0,
            "30.000000" : 0,
            "40.000000" : 0,
            "50.000000" : 0,
            "60.000000" : 0,
            "70.000000" : 0,
            "80.000000" : 0,
            "90.000000" : 0,
            "95.000000" : 0,
            "99.000000" : 0,
            "99.500000" : 0,
            "99.900000" : 0,
            "99.950000" : 0,
            "99.990000" : 0,
            "0.00" : 0,
            "0.00" : 0,
            "0.00" : 0
          },
          "bins" : {

          }
        },
        "lat_ns" : {
          "min" : 0,
          "max" : 0,
          "mean" : 0.000000,
          "stddev" : 0.000000
        },
        "bw_min" : 0,
        "bw_max" : 0,
        "bw_agg" : 0.000000,
        "bw_mean" : 0.000000,
        "bw_dev" : 0.000000,
        "bw_samples" : 0,
        "iops_min" : 0,
        "iops_max" : 0,
        "iops_mean" : 0.000000,
        "iops_stddev" : 0.000000,
        "iops_samples" : 0
      },
      "write" : {
        "io_bytes" : 1761607680,
        "io_kbytes" : 1720320,
        "bw" : 55756,
        "iops" : 3.403124,
        "runtime" : 30854,
        "total_ios" : 105,
        "short_ios" : 0,
        "drop_ios" : 0,
        "slat_ns" : {
          "min" : 242473106,
          "max" : 3062963271,
          "mean" : 1165117552.980953,
          "stddev" : 567004253.503209
        },
        "clat_ns" : {
          "min" : 5269,
          "max" : 12737654604,
          "mean" : 7060427625.666667,
          "stddev" : 2971582895.857090,
          "percentile" : {
            "1.000000" : 5536,
            "5.000000" : 910163968,
            "10.000000" : 2566914048,
            "20.000000" : 5268045824,
            "30.000000" : 6207569920,
            "40.000000" : 6543114240,
            "50.000000" : 7348420608,
            "60.000000" : 7616856064,
            "70.000000" : 8657043456,
            "80.000000" : 9596567552,
            "90.000000" : 10938744832,
            "95.000000" : 11341398016,
            "99.000000" : 12415139840,
            "99.500000" : 12683575296,
            "99.900000" : 12683575296,
            "99.950000" : 12683575296,
            "99.990000" : 12683575296,
            "0.00" : 0,
            "0.00" : 0,
            "0.00" : 0
          },
          "bins" : {
            "5280" : 1,
            "5536" : 1,
            "8768" : 1,
            "12224" : 1,
            "901775360" : 1,
            "910163968" : 1,
            "926941184" : 1,
            "1702887424" : 1,
            "1853882368" : 1,
            "2038431744" : 1,
            "2566914048" : 1,
            "2667577344" : 1,
            "3137339392" : 1,
            "3170893824" : 1,
            "3372220416" : 1,
            "4009754624" : 1,
            "4529848320" : 1,
            "4596957184" : 1,
            "4731174912" : 1,
            "4865392640" : 1,
            "5268045824" : 3,
            "5335154688" : 1,
            "5469372416" : 1,
            "5737807872" : 1,
            "5872025600" : 2,
            "6140461056" : 1,
            "6207569920" : 4,
            "6274678784" : 2,
            "6341787648" : 1,
            "6476005376" : 4,
            "6543114240" : 2,
            "6610223104" : 1,
            "6744440832" : 2,
            "6811549696" : 1,
            "6945767424" : 1,
            "7012876288" : 3,
            "7079985152" : 1,
            "7348420608" : 2,
            "7415529472" : 4,
            "7482638336" : 2,
            "7549747200" : 2,
            "7616856064" : 2,
            "7818182656" : 1,
            "7952400384" : 1,
            "8019509248" : 2,
            "8220835840" : 1,
            "8287944704" : 1,
            "8355053568" : 1,
            "8489271296" : 2,
            "8556380160" : 1,
            "8657043456" : 2,
            "8791261184" : 1,
            "8925478912" : 1,
            "9059696640" : 2,
            "9328132096" : 2,
            "9462349824" : 2,
            "9596567552" : 1,
            "9730785280" : 2,
            "9865003008" : 2,
            "9999220736" : 1,
            "10267656192" : 2,
            "10670309376" : 2,
            "10804527104" : 1,
            "10938744832" : 4,
            "11072962560" : 1,
            "11341398016" : 1,
            "11475615744" : 1,
            "11609833472" : 1,
            "11744051200" : 1,
            "12415139840" : 1,
            "12683575296" : 1
          }
        },
        "lat_ns" : {
          "min" : 905032002,
          "max" : 14471448942,
          "mean" : 8225549584.352382,
          "stddev" : 3076613163.819602
        },
        "bw_min" : 32702,
        "bw_max" : 65536,
        "bw_agg" : 60.811544,
        "bw_mean" : 33906.084507,
        "bw_dev" : 5417.501506,
        "bw_samples" : 71,
        "iops_min" : 1,
        "iops_max" : 4,
        "iops_mean" : 2.000000,
        "iops_stddev" : 0.338062,
        "iops_samples" : 71
      },
      "trim" : {
        "io_bytes" : 0,
        "io_kbytes" : 0,
        "bw" : 0,
        "iops" : 0.000000,
        "runtime" : 0,
        "total_ios" : 0,
        "short_ios" : 0,
        "drop_ios" : 0,
        "slat_ns" : {
          "min" : 0,
          "max" : 0,
          "mean" : 0.000000,
          "stddev" : 0.000000
        },
        "clat_ns" : {
          "min" : 0,
          "max" : 0,
          "mean" : 0.000000,
          "stddev" : 0.000000,
          "percentile" : {
            "1.000000" : 0,
            "5.000000" : 0,
            "10.000000" : 0,
            "20.000000" : 0,
            "30.000000" : 0,
            "40.000000" : 0,
            "50.000000" : 0,
            "60.000000" : 0,
            "70.000000" : 0,
            "80.000000" : 0,
            "90.000000" : 0,
            "95.000000" : 0,
            "99.000000" : 0,
            "99.500000" : 0,
            "99.900000" : 0,
            "99.950000" : 0,
            "99.990000" : 0,
            "0.00" : 0,
            "0.00" : 0,
            "0.00" : 0
          },
          "bins" : {

          }
        },
        "lat_ns" : {
          "min" : 0,
          "max" : 0,
          "mean" : 0.000000,
          "stddev" : 0.000000
        },
        "bw_min" : 0,
        "bw_max" : 0,
        "bw_agg" : 0.000000,
        "bw_mean" : 0.000000,
        "bw_dev" : 0.000000,
        "bw_samples" : 0,
        "iops_min" : 0,
        "iops_max" : 0,
        "iops_mean" : 0.000000,
        "iops_stddev" : 0.000000,
        "iops_samples" : 0
      },
      "usr_cpu" : 0.111163,
      "sys_cpu" : 3.832667,
      "ctx" : 68526,
      "majf" : 0,
      "minf" : 2312,
      "iodepth_level" : {
        "1" : 3.809524,