{
  "fio version" : "fio-3.1",
  "timestamp" : 1574274672,
  "timestamp_ms" : 1574274672087,
  "time" : "Wed Nov 20 18:31:12 2019",
  "global options" : {
    "directory" : "data/fio_write/beegfs-randwrite-64-scwth",
    "bs" : "131072",
    "fallocate" : "none",
    "runtime" : "30",
    "time_based" : "1",
    "ioengine" : "libaio",
    "iodepth" : "8",
    "direct" : "1",
    "buffered" : "0",
    "invalidate" : "1",
    "ramp_time" : "0",
    "thread" : "0",
    "group_reporting" : "1",
    "filesize" : "32g",
    "size" : "32g",
    "filename_format" : "$jobnum.dat"
  },
  "jobs" : [
    {
      "jobname" : "fio-job",
      "groupid" : 0,
      "error" : 0,
      "eta" : 0,
      "elapsed" : 33,
      "job options" : {
        "rw" : "randwrite"
      },
      "read" : {
        "io_bytes" : 0,
        "io_kbytes" : 0,
        "bw" : 0,
        "iops" : 0.000000,
        "runtime" : 0,
        "total_ios" : 0,
        "short_ios" : 0,
        "drop_ios" : 0,
        "slat_ns" : {
          "min" : 0,
          "max" : 0,
          "mean" : 0.000000,
          "stddev" : 0.000000
        },
        "clat_ns" : {
          "min" : 0,
          "max" : 0,
          "mean" : 0.000000,
          "stddev" : 0.000000,
          "percentile" : {
            "1.000000" : 0,
            "5.000000" : 0,
            "10.000000" : 0,
            "20.000000" : 0,
            "30.000000" : 0,
            "40.000000" : 0,
            "50.000000" : 0,
            "60.000000" : 0,
            "70.000000" : 0,
            "80.000000" : 0,
            "90.000000" : 0,
            "95.000000" : 0,
            "99.000000" : 0,
            "99.500000" : 0,
            "99.900000" : 0,
            "99.950000" : 0,
            "99.990000" : 0,
            "0.00" : 0,
            "0.00" : 0,
            "0.00" : 0
          },
          "bins" : {

          }
        },
        "lat_ns" : {
          "min" : 0,
          "max" : 0,
          "mean" : 0.000000,
          "stddev" : 0.000000
        },
        "bw_min" : 0,
        "bw_max" : 0,
        "bw_agg" : 0.000000,
        "bw_mean" : 0.000000,
        "bw_dev" : 0.000000,
        "bw_samples" : 0,
        "iops_min" : 0,
        "iops_max" : 0,
        "iops_mean" : 0.000000,
        "iops_stddev" : 0.000000,
        "iops_samples" : 0
      },
      "write" : {
        "io_bytes" : 28966912,
        "io_kbytes" : 28288,
        "bw" : 875,
        "iops" : 6.837448,
        "runtime" : 32322,
        "total_ios" : 221,
        "short_ios" : 0,
        "drop_ios" : 0,
        "slat_ns" : {
          "min" : 9671,
          "max" : 3679646816,
          "mean" : 498650652.678733,
          "stddev" : 928641938.265088
        },
        "clat_ns" : {
          "min" : 243818,
          "max" : 16606254145,
          "mean" : 3982668051.696833,
          "stddev" : 3488307745.275421,
          "percentile" : {
            "1.000000" : 1613824,
            "5.000000" : 123207680,
            "10.000000" : 350224384,
            "20.000000" : 708837376,
            "30.000000" : 1451229184,
            "40.000000" : 2231369728,
            "50.000000" : 2936012800,
            "60.000000" : 4664066048,
            "70.000000" : 5536481280,
            "80.000000" : 6610223104,
            "90.000000" : 8355053568,
            "95.000000" : 9596567552,
            "99.000000" : 16039018496,
            "99.500000" : 16307453952,
            "99.900000" : 16575889408,
            "99.950000" : 16575889408,
            "99.990000" : 16575889408,
            "0.00" : 0,
            "0.00" : 0,
            "0.00" : 0
          },
          "bins" : {
            "244736" : 1,
            "362496" : 1,
            "1613824" : 1,
            "11993088" : 1,
            "21626880" : 1,
            "34340864" : 1,
            "67633152" : 1,
            "83361792" : 1,
            "85458944" : 1,
            "86507520" : 1,
            "89653248" : 1,
            "123207680" : 1,
            "166723584" : 1,
            "168820736" : 2,
            "198180864" : 1,
            "238026752" : 1,
            "325058560" : 1,
            "329252864" : 1,
            "337641472" : 1,
            "350224384" : 4,
            "367001600" : 1,
            "379584512" : 1,
            "383778816" : 1,
            "387973120" : 1,
            "400556032" : 1,
            "421527552" : 1,
            "434110464" : 1,
            "442499072" : 1,
            "467664896" : 1,
            "517996544" : 2,
            "522190848" : 1,
            "526385152" : 1,
            "549453824" : 1,
            "557842432" : 2,
            "566231040" : 1,
            "616562688" : 2,
            "633339904" : 1,
            "708837376" : 1,
            "734003200" : 2,
            "817889280" : 2,
            "910163968" : 1,
            "1098907648" : 2,
            "1199570944" : 1,
            "1216348160" : 1,
            "1266679808" : 1,
            "1283457024" : 3,
            "1333788672" : 1,
            "1384120320" : 6,
            "1400897536" : 1,
            "1451229184" : 1,
            "1484783616" : 2,
            "1535115264" : 1,
            "1585446912" : 1,
            "1602224128" : 1,
            "1619001344" : 1,
            "1719664640" : 1,
            "1753219072" : 1,
            "1786773504" : 1,
            "1837105152" : 1,
            "1853882368" : 1,
            "1887436800" : 1,
            "1920991232" : 1,
            "1937768448" : 1,
            "1971322880" : 1,
            "2004877312" : 1,
            "2088763392" : 1,
            "2139095040" : 1,
            "2164260864" : 1,
            "2197815296" : 2,
            "2231369728" : 3,
            "2365587456" : 2,
            "2432696320" : 1,
            "2533359616" : 1,
            "2566914048" : 4,
            "2600468480" : 1,
            "2634022912" : 1,
            "2667577344" : 3,
            "2701131776" : 1,
            "2801795072" : 1,
            "2835349504" : 2,
            "2902458368" : 1,
            "2936012800" : 2,
            "3003121664" : 1,
            "3036676096" : 1,
            "3103784960" : 1,
            "3238002688" : 2,
            "3271557120" : 2,
            "3338665984" : 2,
            "3372220416" : 1,
            "3405774848" : 2,
            "3573547008" : 2,
            "3707764736" : 1,
            "3741319168" : 1,
            "3841982464" : 1,
            "3875536896" : 1,
            "4177526784" : 1,
            "4328521728" : 1,
            "4596957184" : 1,
            "4664066048" : 1,
            "4798283776" : 1,
            "4865392640" : 1,
            "4932501504" : 3,
            "4999610368" : 2,
            "5066719232" : 3,
            "5133828096" : 2,
            "5200936960" : 3,
            "5268045824" : 2,
            "5402263552" : 1,
            "5469372416" : 1,
            "5536481280" : 4,
            "5603590144" : 1,
            "5670699008" : 1,
            "5737807872" : 1,
            "6006243328" : 1,
            "6073352192" : 6,
            "6140461056" : 3,
            "6274678784" : 3,
            "6408896512" : 2,
            "6610223104" : 4,
            "6677331968" : 3,
            "6744440832" : 4,
            "7012876288" : 2,
            "7147094016" : 1,
            "7549747200" : 1,
            "7818182656" : 1,
            "7885291520" : 2,
            "8153726976" : 1,
            "8220835840" : 2,
            "8287944704" : 1,
            "8355053568" : 3,
            "8556380160" : 1,
            "8925478912" : 1,
            "9193914368" : 1,
            "9328132096" : 3,
            "9462349824" : 3,
            "9596567552" : 2,
            "10401873920" : 1,
            "10804527104" : 2,
            "11341398016" : 2,
            "14294188032" : 1,
            "14428405760" : 1,
            "14562623488" : 1,
            "16039018496" : 1,
            "16307453952" : 1,
            "16575889408" : 1
          }
        },