{
  "fio version" : "fio-3.1",
  "timestamp" : 1555517981,
  "timestamp_ms" : 1555517981649,
  "time" : "Wed Apr 17 16:19:41 2019",
  "global options" : {
    "fallocate" : "none",
    "runtime" : "30",
    "directory" : "/data/fio_write/beegfs-randwrite-64-sp89z",
    "bs" : "256",
    "time_based" : "1",
    "ioengine" : "libaio",
    "iodepth" : "8",
    "direct" : "1",
    "buffered" : "0",
    "thread" : "0",
    "group_reporting" : "1",
    "filesize" : "32g",
    "size" : "32g",
    "filename_format" : "$jobnum.dat"
  },
  "jobs" : [
    {
      "jobname" : "fio-job",
      "groupid" : 0,
      "error" : 0,
      "eta" : 0,
      "elapsed" : 33,
      "job options" : {
        "rw" : "randwrite"
      },
      "read" : {
        "io_bytes" : 0,
        "io_kbytes" : 0,
        "bw" : 0,
        "iops" : 0.000000,
        "runtime" : 0,
        "total_ios" : 0,
        "short_ios" : 0,
        "drop_ios" : 0,
        "slat_ns" : {
          "min" : 0,
          "max" : 0,
          "mean" : 0.000000,
          "stddev" : 0.000000
        },
        "clat_ns" : {
          "min" : 0,
          "max" : 0,
          "mean" : 0.000000,
          "stddev" : 0.000000,
          "percentile" : {
            "1.000000" : 0,
            "5.000000" : 0,
            "10.000000" : 0,
            "20.000000" : 0,
            "30.000000" : 0,
            "40.000000" : 0,
            "50.000000" : 0,
            "60.000000" : 0,
            "70.000000" : 0,
            "80.000000" : 0,
            "90.000000" : 0,
            "95.000000" : 0,
            "99.000000" : 0,
            "99.500000" : 0,
            "99.900000" : 0,
            "99.950000" : 0,
            "99.990000" : 0,
            "0.00" : 0,
            "0.00" : 0,
            "0.00" : 0
          },
          "bins" : {

          }
        },
        "lat_ns" : {
          "min" : 0,
          "max" : 0,
          "mean" : 0.000000,
          "stddev" : 0.000000
        },
        "bw_min" : 0,
        "bw_max" : 0,
        "bw_agg" : 0.000000,
        "bw_mean" : 0.000000,
        "bw_dev" : 0.000000,
        "bw_samples" : 0,
        "iops_min" : 0,
        "iops_max" : 0,
        "iops_mean" : 0.000000,
        "iops_stddev" : 0.000000,
        "iops_samples" : 0
      },
      "write" : {
        "io_bytes" : 100864,
        "io_kbytes" : 98,
        "bw" : 3,
        "iops" : 12.325982,
        "runtime" : 31965,
        "total_ios" : 394,
        "short_ios" : 0,
        "drop_ios" : 0,
        "slat_ns" : {
          "min" : 89623,
          "max" : 7887696022,
          "mean" : 305829339.078680,
          "stddev" : 928886009.994117
        },
        "clat_ns" : {
          "min" : 9650,
          "max" : 10660597386,
          "mean" : 2131362034.885787,
          "stddev" : 2298442620.724426,
          "percentile" : {
            "1.000000" : 10688,
            "5.000000" : 42729472,
            "10.000000" : 124256256,
            "20.000000" : 425721856,
            "30.000000" : 641728512,
            "40.000000" : 1027604480,
            "50.000000" : 1317011456,
            "60.000000" : 1736441856,
            "70.000000" : 2264924160,
            "80.000000" : 3204448256,
            "90.000000" : 5872025600,
            "95.000000" : 7616856064,
            "99.000000" : 9865003008,
            "99.500000" : 10670309376,
            "99.900000" : 10670309376,
            "99.950000" : 10670309376,
            "99.990000" : 10670309376,
            "0.00" : 0,
            "0.00" : 0,
            "0.00" : 0
          },
          "bins" : {
            "9664" : 1,
            "9920" : 1,
            "10176" : 1,
            "10688" : 1,
            "864256" : 1,
            "872448" : 1,
            "888832" : 1,
            "921600" : 1,
            "1400832" : 1,
            "13434880" : 1,
            "14221312" : 1,
            "15269888" : 1,
            "19267584" : 2,
            "20578304" : 1,
            "22151168" : 2,
            "24510464" : 1,
            "27394048" : 1,
            "42729472" : 1,
            "43253760" : 1,
            "44302336" : 1,
            "48496640" : 1,
            "51118080" : 1,
            "52166656" : 2,
            "54788096" : 1,
            "58982400" : 1,
            "60555264" : 1,
            "65273856" : 2,
            "68681728" : 1,
            "70778880" : 1,
            "105381888" : 1,
            "111673344" : 4,
            "115867648" : 1,
            "124256256" : 1,
            "149946368" : 1,
            "152043520" : 1,
            "185597952" : 1,
            "204472320" : 4,
            "210763776" : 1,
            "212860928" : 1,
            "214958080" : 1,
            "250609664" : 1,
            "261095424" : 1,
            "270532608" : 3,
            "278921216" : 2,
            "299892736" : 1,
            "308281344" : 1,
            "312475648" : 2,
            "316669952" : 1,
            "320864256" : 4,
            "333447168" : 2,
            "337641472" : 2,
            "341835776" : 1,
            "346030080" : 1,
            "367001600" : 1,
            "379584512" : 2,
            "383778816" : 1,
            "392167424" : 2,
            "425721856" : 1,
            "438304768" : 4,
            "442499072" : 1,
            "446693376" : 2,
            "450887680" : 2,
            "455081984" : 2,
            "459276288" : 1,
            "467664896" : 1,
            "471859200" : 1,
            "476053504" : 4,
            "484442112" : 6,
            "492830720" : 1,
            "497025024" : 1,
            "501219328" : 1,
            "509607936" : 1,
            "526385152" : 1,
            "530579456" : 1,
            "541065216" : 2,
            "549453824" : 1,
            "566231040" : 2,
            "616562688" : 1,
            "624951296" : 1,
            "641728512" : 3,
            "650117120" : 1,
            "658505728" : 1,
            "683671552" : 6,
            "692060160" : 4,
            "700448768" : 1,
            "708837376" : 1,
            "717225984" : 2,
            "843055104" : 1,
            "851443712" : 2,
            "868220928" : 1,
            "876609536" : 1,
            "884998144" : 1,
            "918552576" : 1,
            "926941184" : 2,
            "935329792" : 2,
            "960495616" : 1,
            "977272832" : 1,
            "985661440" : 1,
            "994050048" : 6,
            "1027604480" : 4,
            "1035993088" : 1,
            "1052770304" : 1,
            "1069547520" : 2,
            "1082130432" : 5,
            "1098907648" : 1,
            "1115684864" : 1,
            "1132462080" : 4,
            "1149239296" : 2,
            "1166016512" : 5,
            "1182793728" : 2,
            "1199570944" : 2,
            "1233125376" : 1,
            "1249902592" : 2,
            "1283457024" : 2,
            "1300234240" : 1,
            "1317011456" : 9,
            "1333788672" : 3,
            "1350565888" : 2,
            "1367343104" : 6,
            "1400897536" : 2,
            "1417674752" : 1,
            "1434451968" : 1,
            "1468006400" : 3,
            "1484783616" : 2,
            "1501560832" : 1,
            "1518338048" : 1,
            "1535115264" : 1,
            "1585446912" : 1,
            "1635778560" : 1,
            "1652555776" : 1,
            "1686110208" : 1,
            "1702887424" : 2,
            "1719664640" : 5,
            "1736441856" : 8,
            "1803550720" : 2,
            "1820327936" : 1,
            "1837105152" : 5,
            "1870659584" : 1,
            "1887436800" : 3,
            "1904214016" : 3,
            "1937768448" : 1,
            "1988100096" : 1,
            "2021654528" : 1,
            "2038431744" : 2,
            "2055208960" : 1,
            "2071986176" : 1,
            "2088763392" : 1,
            "2105540608" : 1,
            "2122317824" : 1,
            "2139095040" : 2,
            "2164260864" : 3,
            "2197815296" : 1,