{
  "fio version" : "fio-3.1",
  "timestamp" : 1556021733,
  "timestamp_ms" : 1556021733226,
  "time" : "Tue Apr 23 13:15:33 2019",
  "global options" : {
    "fallocate" : "none",
    "runtime" : "30",
    "directory" : "/data/fio_write/beegfs-write-64-client-90087-59",
    "bs" : "2097152",
    "time_based" : "1",
    "ioengine" : "libaio",
    "iodepth" : "8",
    "direct" : "1",
    "buffered" : "0",
    "thread" : "0",
    "group_reporting" : "1",
    "filesize" : "32g",
    "size" : "32g",
    "filename_format" : "$jobnum.dat"
  },
  "jobs" : [
    {
      "jobname" : "fio-job",
      "groupid" : 0,
      "error" : 0,
      "eta" : 0,
      "elapsed" : 31,
      "job options" : {
        "rw" : "write"
      },
      "read" : {
        "io_bytes" : 0,
        "io_kbytes" : 0,
        "bw" : 0,
        "iops" : 0.000000,
        "runtime" : 0,
        "total_ios" : 0,
        "short_ios" : 0,
        "drop_ios" : 0,
        "slat_ns" : {
          "min" : 0,
          "max" : 0,
          "mean" : 0.000000,
          "stddev" : 0.000000
        },
        "clat_ns" : {
          "min" : 0,
          "max" : 0,
          "mean" : 0.000000,
          "stddev" : 0.000000,
          "percentile" : {
            "1.000000" : 0,
            "5.000000" : 0,
            "10.000000" : 0,
            "20.000000" : 0,
            "30.000000" : 0,
            "40.000000" : 0,
            "50.000000" : 0,
            "60.000000" : 0,
            "70.000000" : 0,
            "80.000000" : 0,
            "90.000000" : 0,
            "95.000000" : 0,
            "99.000000" : 0,
            "99.500000" : 0,
            "99.900000" : 0,
            "99.950000" : 0,
            "99.990000" : 0,
            "0.00" : 0,
            "0.00" : 0,
            "0.00" : 0
          },
          "bins" : {

          }
        },
        "lat_ns" : {
          "min" : 0,
          "max" : 0,
          "mean" : 0.000000,
          "stddev" : 0.000000
        },
        "bw_min" : 0,
        "bw_max" : 0,
        "bw_agg" : 0.000000,
        "bw_mean" : 0.000000,
        "bw_dev" : 0.000000,
        "bw_samples" : 0,
        "iops_min" : 0,
        "iops_max" : 0,
        "iops_mean" : 0.000000,
        "iops_stddev" : 0.000000,
        "iops_samples" : 0
      },
      "write" : {
        "io_bytes" : 394264576,
        "io_kbytes" : 385024,
        "bw" : 12579,
        "iops" : 6.142386,
        "runtime" : 30607,
        "total_ios" : 188,
        "short_ios" : 0,
        "drop_ios" : 0,
        "slat_ns" : {
          "min" : 58752390,
          "max" : 1334262741,
          "mean" : 645439215.787234,
          "stddev" : 223708794.990269
        },
        "clat_ns" : {
          "min" : 3342,
          "max" : 5659729449,
          "mean" : 4205648066.898937,
          "stddev" : 1128706275.223274,
          "percentile" : {
            "1.000000" : 4448,
            "5.000000" : 1300234240,
            "10.000000" : 2667577344,
            "20.000000" : 4043309056,
            "30.000000" : 4244635648,
            "40.000000" : 4328521728,
            "50.000000" : 4529848320,
            "60.000000" : 4596957184,
            "70.000000" : 4798283776,
            "80.000000" : 4932501504,
            "90.000000" : 5066719232,
            "95.000000" : 5268045824,
            "99.000000" : 5469372416,
            "99.500000" : 5670699008,
            "99.900000" : 5670699008,
            "99.950000" : 5670699008,
            "99.990000" : 5670699008,
            "0.00" : 0,
            "0.00" : 0,
            "0.00" : 0
          },
          "bins" : {
            "3344" : 1,
            "4448" : 1,
            "4576" : 1,
            "14272" : 1,
            "633339904" : 1,
            "641728512" : 2,
            "658505728" : 1,
            "1300234240" : 2,
            "1317011456" : 1,
            "1333788672" : 1,
            "1971322880" : 2,
            "1988100096" : 1,
            "2021654528" : 1,
            "2667577344" : 3,
            "2701131776" : 1,
            "3271557120" : 1,
            "3305111552" : 1,
            "3338665984" : 1,
            "3405774848" : 1,
            "3439329280" : 1,
            "3539992576" : 1,
            "3707764736" : 1,
            "3741319168" : 3,
            "3774873600" : 1,
            "3808428032" : 1,
            "3909091328" : 1,
            "3942645760" : 4,
            "4043309056" : 2,
            "4076863488" : 2,
            "4110417920" : 5,
            "4143972352" : 1,
            "4177526784" : 3,
            "4211081216" : 5,
            "4244635648" : 8,
            "4278190080" : 8,
            "4328521728" : 7,
            "4395630592" : 5,
            "4462739456" : 9,
            "4529848320" : 17,
            "4596957184" : 4,
            "4664066048" : 11,
            "4731174912" : 7,
            "4798283776" : 10,
            "4865392640" : 8,
            "4932501504" : 5,
            "4999610368" : 7,
            "5066719232" : 12,
            "5133828096" : 4,
            "5200936960" : 1,
            "5268045824" : 2,
            "5335154688" : 5,
            "5402263552" : 1,
            "5469372416" : 1,
            "5670699008" : 1
          }
        },
        "lat_ns" : {
          "min" : 636082347,
          "max" : 6213212327,
          "mean" : 4851088584.797873,
          "stddev" : 1134925888.337292
        },
        "bw_min" : 4096,
        "bw_max" : 8224,
        "bw_agg" : 34.355414,
        "bw_mean" : 4321.567568,
        "bw_dev" : 931.258487,
        "bw_samples" : 148,
        "iops_min" : 2,
        "iops_max" : 4,
        "iops_mean" : 2.108108,
        "iops_stddev" : 0.453784,
        "iops_samples" : 148
      },
      "trim" : {
        "io_bytes" : 0,
        "io_kbytes" : 0,
        "bw" : 0,
        "iops" : 0.000000,
        "runtime" : 0,
        "total_ios" : 0,
        "short_ios" : 0,
        "drop_ios" : 0,
        "slat_ns" : {
          "min" : 0,
          "max" : 0,
          "mean" : 0.000000,
          "stddev" : 0.000000
        },
        "clat_ns" : {
          "min" : 0,
          "max" : 0,
          "mean" : 0.000000,
          "stddev" : 0.000000,
          "percentile" : {
            "1.000000" : 0,
            "5.000000" : 0,
            "10.000000" : 0,
            "20.000000" : 0,
            "30.000000" : 0,
            "40.000000" : 0,
            "50.000000" : 0,
            "60.000000" : 0,
            "70.000000" : 0,
            "80.000000" : 0,
            "90.000000" : 0,
            "95.000000" : 0,
            "99.000000" : 0,
            "99.500000" : 0,
            "99.900000" : 0,
            "99.950000" : 0,
            "99.990000" : 0,
            "0.00" : 0,
            "0.00" : 0,
            "0.00" : 0
          },
          "bins" : {

          }
        },
        "lat_ns" : {
          "min" : 0,
          "max" : 0,
          "mean" : 0.000000,
          "stddev" : 0.000000
        },
        "bw_min" : 0,
        "bw_max" : 0,
        "bw_agg" : 0.000000,
        "bw_mean" : 0.000000,
        "bw_dev" : 0.000000,
        "bw_samples" : 0,
        "iops_min" : 0,
        "iops_max" : 0,
        "iops_mean" : 0.000000,
        "iops_stddev" : 0.000000,
        "iops_samples" : 0
      },
      "usr_cpu" : 0.023062,
      "sys_cpu" : 0.062597,
      "ctx" : 478,
      "majf" : 0,
      "minf" : 105,
      "iodepth_level" : {
        "1" : 2.127660,
        "2" : 4.255319,
        "4" : 8.510638,
        "8" : 85.106383,
        "16" : 0.000000,
        "32" : 0.000000,
        ">=64" : 0.000000
      },
      "latency_ns" : {
        "2" : 0.000000,
        "4" : 0.000000,
        "10" : 0.000000,
        "20" : 0.000000,
        "50" : 0.000000,
        "100" : 0.000000,
        "250" : 0.000000,
        "500" : 0.000000,
        "750" : 0.000000,
        "1000" : 0.000000
      },
      "latency_us" : {
        "2" : 0.000000,
        "4" : 0.531915,
        "10" : 1.063830,
        "20" : 0.531915,