{
  "fio version" : "fio-3.1",
  "timestamp" : 1556099760,
  "timestamp_ms" : 1556099760227,
  "time" : "Wed Apr 24 09:56:00 2019",
  "global options" : {
    "fallocate" : "none",
    "runtime" : "30",
    "directory" : "data/fio_write/beegfs-write-64-47987",
    "bs" : "16777216",
    "time_based" : "1",
    "ioengine" : "libaio",
    "iodepth" : "8",
    "direct" : "1",
    "buffered" : "0",
    "thread" : "0",
    "group_reporting" : "1",
    "filesize" : "32g",
    "size" : "32g",
    "filename_format" : "$jobnum.dat"
  },
  "jobs" : [
    {
      "jobname" : "fio-job",
      "groupid" : 0,
      "error" : 0,
      "eta" : 0,
      "elapsed" : 31,
      "job options" : {
        "rw" : "write"
      },
      "read" : {
        "io_bytes" : 0,
        "io_kbytes" : 0,
        "bw" : 0,
        "iops" : 0.000000,
        "runtime" : 0,
        "total_ios" : 0,
        "short_ios" : 0,
        "drop_ios" : 0,
        "slat_ns" : {
          "min" : 0,
          "max" : 0,
          "mean" : 0.000000,
          "stddev" : 0.000000
        },
        "clat_ns" : {
          "min" : 0,
          "max" : 0,
          "mean" : 0.000000,
          "stddev" : 0.000000,
          "percentile" : {
            "1.000000" : 0,
            "5.000000" : 0,
            "10.000000" : 0,
            "20.000000" : 0,
            "30.000000" : 0,
            "40.000000" : 0,
            "50.000000" : 0,
            "60.000000" : 0,
            "70.000000" : 0,
            "80.000000" : 0,
            "90.000000" : 0,
            "95.000000" : 0,
            "99.000000" : 0,
            "99.500000" : 0,
            "99.900000" : 0,
            "99.950000" : 0,
            "99.990000" : 0,
            "0.00" : 0,
            "0.00" : 0,
            "0.00" : 0
          },
          "bins" : {

          }
        },
        "lat_ns" : {
          "min" : 0,
          "max" : 0,
          "mean" : 0.000000,
          "stddev" : 0.000000
        },
        "bw_min" : 0,
        "bw_max" : 0,
        "bw_agg" : 0.000000,
        "bw_mean" : 0.000000,
        "bw_dev" : 0.000000,
        "bw_samples" : 0,
        "iops_min" : 0,
        "iops_max" : 0,
        "iops_mean" : 0.000000,
        "iops_stddev" : 0.000000,
        "iops_samples" : 0
      },
      "write" : {
        "io_bytes" : 3254779904,
        "io_kbytes" : 3178496,
        "bw" : 104914,
        "iops" : 6.403486,
        "runtime" : 30296,
        "total_ios" : 194,
        "short_ios" : 0,
        "drop_ios" : 0,
        "slat_ns" : {
          "min" : 315452533,
          "max" : 1079820397,
          "mean" : 621676498.242268,
          "stddev" : 161898654.931997
        },
        "clat_ns" : {
          "min" : 13667,
          "max" : 5871870263,
          "mean" : 4078375456.989691,
          "stddev" : 1397698363.374414,
          "percentile" : {
            "1.000000" : 16320,
            "5.000000" : 801112064,
            "10.000000" : 1786773504,
            "20.000000" : 3305111552,
            "30.000000" : 3674210304,
            "40.000000" : 3942645760,
            "50.000000" : 4395630592,
            "60.000000" : 4731174912,
            "70.000000" : 4999610368,
            "80.000000" : 5268045824,
            "90.000000" : 5469372416,
            "95.000000" : 5737807872,
            "99.000000" : 5872025600,
            "99.500000" : 5872025600,
            "99.900000" : 5872025600,
            "99.950000" : 5872025600,
            "99.990000" : 5872025600,
            "0.00" : 0,
            "0.00" : 0,
            "0.00" : 0
          },
          "bins" : {
            "13632" : 1,
            "16320" : 1,
            "16768" : 1,
            "17792" : 1,
            "316669952" : 1,
            "455081984" : 1,
            "459276288" : 1,
            "467664896" : 1,
            "775946240" : 1,
            "801112064" : 1,
            "843055104" : 1,
            "943718400" : 1,
            "1166016512" : 1,
            "1266679808" : 2,
            "1283457024" : 1,
            "1602224128" : 1,
            "1619001344" : 1,
            "1652555776" : 1,
            "1786773504" : 1,
            "2122317824" : 1,
            "2139095040" : 1,
            "2197815296" : 1,
            "2298478592" : 1,
            "2701131776" : 2,
            "2734686208" : 1,
            "2768240640" : 1,
            "3070230528" : 2,
            "3103784960" : 2,
            "3137339392" : 2,
            "3170893824" : 2,
            "3204448256" : 1,
            "3305111552" : 2,
            "3338665984" : 1,
            "3405774848" : 1,
            "3439329280" : 3,
            "3472883712" : 1,
            "3506438144" : 1,
            "3539992576" : 3,
            "3573547008" : 2,
            "3607101440" : 2,
            "3640655872" : 3,
            "3674210304" : 3,
            "3707764736" : 6,
            "3741319168" : 2,
            "3774873600" : 1,
            "3808428032" : 1,
            "3841982464" : 2,
            "3875536896" : 2,
            "3909091328" : 3,
            "3942645760" : 4,
            "3976200192" : 1,
            "4009754624" : 3,
            "4043309056" : 1,
            "4110417920" : 1,
            "4177526784" : 2,
            "4211081216" : 2,
            "4244635648" : 1,
            "4278190080" : 2,
            "4328521728" : 1,
            "4395630592" : 3,
            "4462739456" : 4,
            "4529848320" : 3,
            "4596957184" : 2,
            "4664066048" : 5,
            "4731174912" : 6,
            "4798283776" : 5,
            "4865392640" : 2,
            "4932501504" : 9,
            "4999610368" : 7,
            "5066719232" : 5,
            "5133828096" : 4,
            "5200936960" : 6,
            "5268045824" : 6,
            "5335154688" : 3,
            "5402263552" : 6,
            "5469372416" : 7,
            "5536481280" : 3,
            "5603590144" : 3,
            "5737807872" : 7,
            "5804916736" : 2,
            "5872025600" : 2
          }
        },
        "lat_ns" : {
          "min" : 315470641,
          "max" : 6681308023,
          "mean" : 4700055489.494845,
          "stddev" : 1496537393.584145
        },
        "bw_min" : 32702,
        "bw_max" : 65931,
        "bw_agg" : 32.178701,
        "bw_mean" : 33759.962025,
        "bw_dev" : 5156.653813,
        "bw_samples" : 158,
        "iops_min" : 1,
        "iops_max" : 4,
        "iops_mean" : 2.025316,
        "iops_stddev" : 0.356011,
        "iops_samples" : 158
      },
      "trim" : {
        "io_bytes" : 0,
        "io_kbytes" : 0,
        "bw" : 0,
        "iops" : 0.000000,
        "runtime" : 0,
        "total_ios" : 0,
        "short_ios" : 0,
        "drop_ios" : 0,
        "slat_ns" : {
          "min" : 0,
          "max" : 0,
          "mean" : 0.000000,
          "stddev" : 0.000000
        },
        "clat_ns" : {
          "min" : 0,
          "max" : 0,
          "mean" : 0.000000,
          "stddev" : 0.000000,
          "percentile" : {
            "1.000000" : 0,
            "5.000000" : 0,
            "10.000000" : 0,
            "20.000000" : 0,
            "30.000000" : 0,
            "40.000000" : 0,
            "50.000000" : 0,
            "60.000000" : 0,
            "70.000000" : 0,
            "80.000000" : 0,
            "90.000000" : 0,
            "95.000000" : 0,
            "99.000000" : 0,
            "99.500000" : 0,
            "99.900000" : 0,
            "99.950000" : 0,
            "99.990000" : 0,
            "0.00" : 0,
            "0.00" : 0,
            "0.00" : 0
          },
          "bins" : {

          }
        },
        "lat_ns" : {
          "min" : 0,
          "max" : 0,
          "mean" : 0.000000,
          "stddev" : 0.000000
        },
        "bw_min" : 0,
        "bw_max" : 0,
        "bw_agg" : 0.000000,
        "bw_mean" : 0.000000,
        "bw_dev" : 0.000000,
        "bw_samples" : 0,
        "iops_min" : 0,
        "iops_max" : 0,