{
  "fio version" : "fio-3.1",
  "timestamp" : 1574274713,
  "timestamp_ms" : 1574274713726,
  "time" : "Wed Nov 20 18:31:53 2019",
  "global options" : {
    "directory" : "data/fio_write/beegfs-randwrite-64-9lxlx",
    "bs" : "262144",
    "fallocate" : "none",
    "runtime" : "30",
    "time_based" : "1",
    "ioengine" : "libaio",
    "iodepth" : "8",
    "direct" : "1",
    "buffered" : "0",
    "invalidate" : "1",
    "ramp_time" : "0",
    "thread" : "0",
    "group_reporting" : "1",
    "filesize" : "32g",
    "size" : "32g",
    "filename_format" : "$jobnum.dat"
  },
  "jobs" : [
    {
      "jobname" : "fio-job",
      "groupid" : 0,
      "error" : 0,
      "eta" : 0,
      "elapsed" : 33,
      "job options" : {
        "rw" : "randwrite"
      },
      "read" : {
        "io_bytes" : 0,
        "io_kbytes" : 0,
        "bw" : 0,
        "iops" : 0.000000,
        "runtime" : 0,
        "total_ios" : 0,
        "short_ios" : 0,
        "drop_ios" : 0,
        "slat_ns" : {
          "min" : 0,
          "max" : 0,
          "mean" : 0.000000,
          "stddev" : 0.000000
        },
        "clat_ns" : {
          "min" : 0,
          "max" : 0,
          "mean" : 0.000000,
          "stddev" : 0.000000,
          "percentile" : {
            "1.000000" : 0,
            "5.000000" : 0,
            "10.000000" : 0,
            "20.000000" : 0,
            "30.000000" : 0,
            "40.000000" : 0,
            "50.000000" : 0,
            "60.000000" : 0,
            "70.000000" : 0,
            "80.000000" : 0,
            "90.000000" : 0,
            "95.000000" : 0,
            "99.000000" : 0,
            "99.500000" : 0,
            "99.900000" : 0,
            "99.950000" : 0,
            "99.990000" : 0,
            "0.00" : 0,
            "0.00" : 0,
            "0.00" : 0
          },
          "bins" : {

          }
        },
        "lat_ns" : {
          "min" : 0,
          "max" : 0,
          "mean" : 0.000000,
          "stddev" : 0.000000
        },
        "bw_min" : 0,
        "bw_max" : 0,
        "bw_agg" : 0.000000,
        "bw_mean" : 0.000000,
        "bw_dev" : 0.000000,
        "bw_samples" : 0,
        "iops_min" : 0,
        "iops_max" : 0,
        "iops_mean" : 0.000000,
        "iops_stddev" : 0.000000,
        "iops_samples" : 0
      },
      "write" : {
        "io_bytes" : 71565312,
        "io_kbytes" : 69888,
        "bw" : 2176,
        "iops" : 8.501230,
        "runtime" : 32113,
        "total_ios" : 273,
        "short_ios" : 0,
        "drop_ios" : 0,
        "slat_ns" : {
          "min" : 16844,
          "max" : 3577163218,
          "mean" : 379792718.402930,
          "stddev" : 621109679.381650
        },
        "clat_ns" : {
          "min" : 240879,
          "max" : 14052338343,
          "mean" : 3226690023.857144,
          "stddev" : 2408214045.991753,
          "percentile" : {
            "1.000000" : 32636928,
            "5.000000" : 196083712,
            "10.000000" : 616562688,
            "20.000000" : 1166016512,
            "30.000000" : 1602224128,
            "40.000000" : 2071986176,
            "50.000000" : 2868903936,
            "60.000000" : 3271557120,
            "70.000000" : 4076863488,
            "80.000000" : 4999610368,
            "90.000000" : 6811549696,
            "95.000000" : 7214202880,
            "99.000000" : 10536091648,
            "99.500000" : 12415139840,
            "99.900000" : 14025752576,
            "99.950000" : 14025752576,
            "99.990000" : 14025752576,
            "0.00" : 0,
            "0.00" : 0,
            "0.00" : 0
          },
          "bins" : {
            "240640" : 1,
            "1236992" : 1,
            "32636928" : 1,
            "93847552" : 1,
            "95944704" : 1,
            "129499136" : 1,
            "132644864" : 1,
            "139460608" : 1,
            "152043520" : 1,
            "183500800" : 1,
            "193986560" : 1,
            "196083712" : 3,
            "208666624" : 1,
            "221249536" : 1,
            "258998272" : 1,
            "362807296" : 2,
            "371195904" : 1,
            "387973120" : 1,
            "408944640" : 1,
            "549453824" : 2,
            "591396864" : 2,
            "599785472" : 1,
            "616562688" : 1,
            "650117120" : 1,
            "683671552" : 1,
            "717225984" : 1,
            "734003200" : 1,
            "784334848" : 3,
            "792723456" : 2,
            "826277888" : 1,
            "834666496" : 1,
            "843055104" : 1,
            "901775360" : 1,
            "926941184" : 1,
            "960495616" : 1,
            "968884224" : 1,
            "1010827264" : 3,
            "1035993088" : 1,
            "1082130432" : 1,
            "1098907648" : 2,
            "1149239296" : 3,
            "1166016512" : 2,
            "1182793728" : 1,
            "1199570944" : 1,
            "1233125376" : 1,
            "1249902592" : 1,
            "1266679808" : 4,
            "1283457024" : 1,
            "1300234240" : 5,
            "1317011456" : 1,
            "1333788672" : 1,
            "1384120320" : 1,
            "1417674752" : 5,
            "1468006400" : 2,
            "1535115264" : 1,
            "1602224128" : 2,
            "1635778560" : 1,
            "1652555776" : 1,
            "1669332992" : 1,
            "1686110208" : 1,
            "1702887424" : 2,
            "1786773504" : 1,
            "1803550720" : 2,
            "1820327936" : 1,
            "1837105152" : 1,
            "1870659584" : 1,
            "1887436800" : 2,
            "1904214016" : 1,
            "1920991232" : 1,
            "1937768448" : 2,
            "1954545664" : 2,
            "1971322880" : 1,
            "1988100096" : 3,
            "2055208960" : 1,
            "2071986176" : 2,
            "2088763392" : 1,
            "2139095040" : 3,
            "2197815296" : 1,
            "2264924160" : 1,
            "2298478592" : 1,
            "2332033024" : 3,
            "2399141888" : 3,
            "2432696320" : 1,
            "2634022912" : 1,
            "2667577344" : 2,
            "2701131776" : 2,
            "2734686208" : 4,
            "2768240640" : 1,
            "2801795072" : 1,
            "2868903936" : 2,
            "2902458368" : 2,
            "2936012800" : 2,
            "2969567232" : 1,
            "3036676096" : 4,
            "3070230528" : 3,
            "3137339392" : 2,
            "3170893824" : 4,
            "3204448256" : 1,
            "3238002688" : 5,
            "3271557120" : 3,
            "3305111552" : 1,
            "3439329280" : 2,
            "3506438144" : 2,
            "3607101440" : 1,
            "3674210304" : 2,
            "3707764736" : 2,
            "3741319168" : 2,
            "3774873600" : 2,
            "3808428032" : 3,
            "3841982464" : 1,
            "3875536896" : 2,
            "3909091328" : 5,
            "3976200192" : 1,
            "4009754624" : 1,
            "4076863488" : 2,
            "4110417920" : 1,
            "4143972352" : 1,
            "4177526784" : 1,
            "4211081216" : 1,
            "4244635648" : 1,
            "4328521728" : 1,
            "4395630592" : 1,
            "4462739456" : 5,
            "4529848320" : 3,
            "4596957184" : 3,
            "4664066048" : 1,
            "4865392640" : 4,
            "4932501504" : 1,
            "4999610368" : 4,
            "5066719232" : 1,
            "5133828096" : 2,
            "5268045824" : 1,
            "5335154688" : 1,
            "5402263552" : 3,
            "5536481280" : 1,
            "5670699008" : 1,
            "5737807872" : 1,
            "5804916736" : 1,
            "5939134464" : 1,
            "6006243328" : 1,
            "6073352192" : 2,
            "6341787648" : 1,
            "6610223104" : 3,
            "6744440832" : 3,
            "6811549696" : 4,
            "6878658560" : 4,