{
  "fio version" : "fio-3.1",
  "timestamp" : 1574274091,
  "timestamp_ms" : 1574274091275,
  "time" : "Wed Nov 20 18:21:31 2019",
  "global options" : {
    "directory" : "data/fio_write/beegfs-write-64-mhz5l",
    "bs" : "16777216",
    "fallocate" : "none",
    "runtime" : "30",
    "time_based" : "1",
    "ioengine" : "libaio",
    "iodepth" : "8",
    "direct" : "1",
    "buffered" : "0",
    "invalidate" : "1",
    "ramp_time" : "0",
    "thread" : "0",
    "group_reporting" : "1",
    "filesize" : "32g",
    "size" : "32g",
    "filename_format" : "$jobnum.dat"
  },
  "jobs" : [
    {
      "jobname" : "fio-job",
      "groupid" : 0,
      "error" : 0,
      "eta" : 0,
      "elapsed" : 33,
      "job options" : {
        "rw" : "write"
      },
      "read" : {
        "io_bytes" : 0,
        "io_kbytes" : 0,
        "bw" : 0,
        "iops" : 0.000000,
        "runtime" : 0,
        "total_ios" : 0,
        "short_ios" : 0,
        "drop_ios" : 0,
        "slat_ns" : {
          "min" : 0,
          "max" : 0,
          "mean" : 0.000000,
          "stddev" : 0.000000
        },
        "clat_ns" : {
          "min" : 0,
          "max" : 0,
          "mean" : 0.000000,
          "stddev" : 0.000000,
          "percentile" : {
            "1.000000" : 0,
            "5.000000" : 0,
            "10.000000" : 0,
            "20.000000" : 0,
            "30.000000" : 0,
            "40.000000" : 0,
            "50.000000" : 0,
            "60.000000" : 0,
            "70.000000" : 0,
            "80.000000" : 0,
            "90.000000" : 0,
            "95.000000" : 0,
            "99.000000" : 0,
            "99.500000" : 0,
            "99.900000" : 0,
            "99.950000" : 0,
            "99.990000" : 0,
            "0.00" : 0,
            "0.00" : 0,
            "0.00" : 0
          },
          "bins" : {

          }
        },
        "lat_ns" : {
          "min" : 0,
          "max" : 0,
          "mean" : 0.000000,
          "stddev" : 0.000000
        },
        "bw_min" : 0,
        "bw_max" : 0,
        "bw_agg" : 0.000000,
        "bw_mean" : 0.000000,
        "bw_dev" : 0.000000,
        "bw_samples" : 0,
        "iops_min" : 0,
        "iops_max" : 0,
        "iops_mean" : 0.000000,
        "iops_stddev" : 0.000000,
        "iops_samples" : 0
      },
      "write" : {
        "io_bytes" : 1845493760,
        "io_kbytes" : 1802240,
        "bw" : 59280,
        "iops" : 3.618183,
        "runtime" : 30402,
        "total_ios" : 110,
        "short_ios" : 0,
        "drop_ios" : 0,
        "slat_ns" : {
          "min" : 222620516,
          "max" : 3559396430,
          "mean" : 1097869768.363636,
          "stddev" : 544202831.329528
        },
        "clat_ns" : {
          "min" : 8963,
          "max" : 11268507413,
          "mean" : 6933323241.554545,
          "stddev" : 2918680475.965756,
          "percentile" : {
            "1.000000" : 10176,
            "5.000000" : 421527552,
            "10.000000" : 1786773504,
            "20.000000" : 4731174912,
            "30.000000" : 6006243328,
            "40.000000" : 7012876288,
            "50.000000" : 7751073792,
            "60.000000" : 8086618112,
            "70.000000" : 8791261184,
            "80.000000" : 9193914368,
            "90.000000" : 9999220736,
            "95.000000" : 10267656192,
            "99.000000" : 11072962560,
            "99.500000" : 11207180288,
            "99.900000" : 11207180288,
            "99.950000" : 11207180288,
            "99.990000" : 11207180288,
            "0.00" : 0,
            "0.00" : 0,
            "0.00" : 0
          },
          "bins" : {
            "9024" : 1,
            "10176" : 1,
            "10560" : 1,
            "10816" : 1,
            "383778816" : 1,
            "421527552" : 1,
            "608174080" : 1,
            "876609536" : 1,
            "1166016512" : 1,
            "1266679808" : 1,
            "1786773504" : 1,
            "2298478592" : 1,
            "2332033024" : 1,
            "2701131776" : 1,
            "2902458368" : 1,
            "3003121664" : 2,
            "3405774848" : 1,
            "4009754624" : 2,
            "4664066048" : 1,
            "4731174912" : 1,
            "5133828096" : 1,
            "5200936960" : 1,
            "5402263552" : 2,
            "5536481280" : 1,
            "5603590144" : 1,
            "5737807872" : 1,
            "5804916736" : 1,
            "5939134464" : 1,
            "6006243328" : 3,
            "6610223104" : 2,
            "6744440832" : 2,
            "6811549696" : 1,
            "6945767424" : 2,
            "7012876288" : 3,
            "7079985152" : 1,
            "7147094016" : 2,
            "7214202880" : 1,
            "7281311744" : 2,
            "7415529472" : 1,
            "7683964928" : 2,
            "7751073792" : 2,
            "7818182656" : 1,
            "7885291520" : 3,
            "7952400384" : 2,
            "8019509248" : 2,
            "8086618112" : 3,
            "8153726976" : 2,
            "8220835840" : 3,
            "8422162432" : 1,
            "8489271296" : 1,
            "8657043456" : 2,
            "8791261184" : 4,
            "8925478912" : 2,
            "9059696640" : 5,
            "9193914368" : 2,
            "9328132096" : 2,
            "9462349824" : 2,
            "9596567552" : 2,
            "9865003008" : 2,
            "9999220736" : 4,
            "10133438464" : 4,
            "10267656192" : 2,
            "10938744832" : 1,
            "11072962560" : 2,
            "11207180288" : 1
          }
        },
        "lat_ns" : {
          "min" : 384493142,
          "max" : 12489802404,
          "mean" : 8031196036.372726,
          "stddev" : 2999547674.303063
        },
        "bw_min" : 32768,
        "bw_max" : 65931,
        "bw_agg" : 56.286542,
        "bw_mean" : 33366.662338,
        "bw_dev" : 3766.652289,
        "bw_samples" : 77,
        "iops_min" : 2,
        "iops_max" : 4,
        "iops_mean" : 2.025974,
        "iops_stddev" : 0.227921,
        "iops_samples" : 77
      },
      "trim" : {
        "io_bytes" : 0,
        "io_kbytes" : 0,
        "bw" : 0,
        "iops" : 0.000000,
        "runtime" : 0,
        "total_ios" : 0,
        "short_ios" : 0,
        "drop_ios" : 0,
        "slat_ns" : {
          "min" : 0,
          "max" : 0,
          "mean" : 0.000000,
          "stddev" : 0.000000
        },
        "clat_ns" : {
          "min" : 0,
          "max" : 0,
          "mean" : 0.000000,
          "stddev" : 0.000000,
          "percentile" : {
            "1.000000" : 0,
            "5.000000" : 0,
            "10.000000" : 0,
            "20.000000" : 0,
            "30.000000" : 0,
            "40.000000" : 0,
            "50.000000" : 0,
            "60.000000" : 0,
            "70.000000" : 0,
            "80.000000" : 0,
            "90.000000" : 0,
            "95.000000" : 0,
            "99.000000" : 0,
            "99.500000" : 0,
            "99.900000" : 0,
            "99.950000" : 0,
            "99.990000" : 0,
            "0.00" : 0,
            "0.00" : 0,
            "0.00" : 0
          },
          "bins" : {

          }
        },
        "lat_ns" : {
          "min" : 0,
          "max" : 0,
          "mean" : 0.000000,
          "stddev" : 0.000000
        },
        "bw_min" : 0,
        "bw_max" : 0,
        "bw_agg" : 0.000000,
        "bw_mean" : 0.000000,
        "bw_dev" : 0.000000,
        "bw_samples" : 0,
        "iops_min" : 0,
        "iops_max" : 0,
        "iops_mean" : 0.000000,
        "iops_stddev" : 0.000000,
        "iops_samples" : 0
      },
      "usr_cpu" : 0.101793,
      "sys_cpu" : 0.051310,
      "ctx" : 1929,
      "majf" : 0,
      "minf" : 37,
      "iodepth_level" : {
        "1" : 3.636364,
        "2" : 7.272727,
        "4" : 14.545455,
        "8" : 74.545455,
        "16" : 0.000000,
        "32" : 0.000000,
        ">=64" : 0.000000
      },