{
  "fio version" : "fio-3.1",
  "timestamp" : 1574269889,
  "timestamp_ms" : 1574269889609,
  "time" : "Wed Nov 20 17:11:29 2019",
  "global options" : {
    "directory" : "data/fio_write/beegfs-randwrite-1-tqgcg",
    "bs" : "1048576",
    "fallocate" : "none",
    "runtime" : "30",
    "time_based" : "1",
    "ioengine" : "libaio",
    "iodepth" : "8",
    "direct" : "1",
    "buffered" : "0",
    "invalidate" : "1",
    "ramp_time" : "0",
    "thread" : "0",
    "group_reporting" : "1",
    "filesize" : "32g",
    "size" : "32g",
    "filename_format" : "$jobnum.dat"
  },
  "jobs" : [
    {
      "jobname" : "fio-job",
      "groupid" : 0,
      "error" : 0,
      "eta" : 0,
      "elapsed" : 31,
      "job options" : {
        "rw" : "randwrite"
      },
      "read" : {
        "io_bytes" : 0,
        "io_kbytes" : 0,
        "bw" : 0,
        "iops" : 0.000000,
        "runtime" : 0,
        "total_ios" : 0,
        "short_ios" : 0,
        "drop_ios" : 0,
        "slat_ns" : {
          "min" : 0,
          "max" : 0,
          "mean" : 0.000000,
          "stddev" : 0.000000
        },
        "clat_ns" : {
          "min" : 0,
          "max" : 0,
          "mean" : 0.000000,
          "stddev" : 0.000000,
          "percentile" : {
            "1.000000" : 0,
            "5.000000" : 0,
            "10.000000" : 0,
            "20.000000" : 0,
            "30.000000" : 0,
            "40.000000" : 0,
            "50.000000" : 0,
            "60.000000" : 0,
            "70.000000" : 0,
            "80.000000" : 0,
            "90.000000" : 0,
            "95.000000" : 0,
            "99.000000" : 0,
            "99.500000" : 0,
            "99.900000" : 0,
            "99.950000" : 0,
            "99.990000" : 0,
            "0.00" : 0,
            "0.00" : 0,
            "0.00" : 0
          },
          "bins" : {

          }
        },
        "lat_ns" : {
          "min" : 0,
          "max" : 0,
          "mean" : 0.000000,
          "stddev" : 0.000000
        },
        "bw_min" : 0,
        "bw_max" : 0,
        "bw_agg" : 0.000000,
        "bw_mean" : 0.000000,
        "bw_dev" : 0.000000,
        "bw_samples" : 0,
        "iops_min" : 0,
        "iops_max" : 0,
        "iops_mean" : 0.000000,
        "iops_stddev" : 0.000000,
        "iops_samples" : 0
      },
      "write" : {
        "io_bytes" : 60248031232,
        "io_kbytes" : 58835968,
        "bw" : 1960414,
        "iops" : 1914.467546,
        "runtime" : 30012,
        "total_ios" : 57457,
        "short_ios" : 0,
        "drop_ios" : 0,
        "slat_ns" : {
          "min" : 27466,
          "max" : 127763140,
          "mean" : 1980290.565623,
          "stddev" : 1437154.815500
        },
        "clat_ns" : {
          "min" : 3553421,
          "max" : 443470354,
          "mean" : 14714479.763841,
          "stddev" : 8122014.160924,
          "percentile" : {
            "1.000000" : 7700480,
            "5.000000" : 9502720,
            "10.000000" : 10551296,
            "20.000000" : 11730944,
            "30.000000" : 12648448,
            "40.000000" : 13434880,
            "50.000000" : 14221312,
            "60.000000" : 15007744,
            "70.000000" : 15794176,
            "80.000000" : 16908288,
            "90.000000" : 18481152,
            "95.000000" : 20054016,
            "99.000000" : 24248320,
            "99.500000" : 27131904,
            "99.900000" : 125304832,
            "99.950000" : 187695104,
            "99.990000" : 341835776,
            "0.00" : 0,
            "0.00" : 0,
            "0.00" : 0
          },
          "bins" : {
            "3555328" : 1,
            "3915776" : 1,
            "3948544" : 1,
            "4079616" : 1,
            "4292608" : 1,
            "4358144" : 2,
            "4423680" : 2,
            "4489216" : 2,
            "4554752" : 3,
            "4620288" : 3,
            "4685824" : 1,
            "4751360" : 1,
            "4816896" : 2,
            "4947968" : 3,
            "5013504" : 1,
            "5079040" : 1,
            "5144576" : 1,
            "5210112" : 3,
            "5275648" : 3,
            "5341184" : 4,
            "5406720" : 4,
            "5472256" : 4,
            "5537792" : 9,
            "5603328" : 5,
            "5668864" : 3,
            "5734400" : 7,
            "5799936" : 1,
            "5865472" : 7,
            "5931008" : 2,
            "5996544" : 8,
            "6062080" : 8,
            "6127616" : 6,
            "6193152" : 8,
            "6258688" : 9,
            "6324224" : 5,
            "6389760" : 11,
            "6455296" : 17,
            "6520832" : 13,
            "6586368" : 12,
            "6651904" : 18,
            "6717440" : 20,
            "6782976" : 13,
            "6848512" : 15,
            "6914048" : 17,
            "6979584" : 23,
            "7045120" : 16,
            "7110656" : 28,
            "7176192" : 24,
            "7241728" : 27,
            "7307264" : 16,
            "7372800" : 33,
            "7438336" : 31,
            "7503872" : 34,
            "7569408" : 28,
            "7634944" : 31,
            "7700480" : 37,
            "7766016" : 41,
            "7831552" : 33,
            "7897088" : 48,
            "7962624" : 47,
            "8028160" : 39,
            "8093696" : 46,
            "8159232" : 62,
            "8224768" : 60,
            "8290304" : 61,
            "8355840" : 64,
            "8454144" : 133,
            "8585216" : 165,
            "8716288" : 172,
            "8847360" : 190,
            "8978432" : 180,
            "9109504" : 211,
            "9240576" : 222,
            "9371648" : 238,
            "9502720" : 292,
            "9633792" : 303,
            "9764864" : 300,
            "9895936" : 298,
            "10027008" : 380,
            "10158080" : 384,
            "10289152" : 399,
            "10420224" : 430,
            "10551296" : 494,
            "10682368" : 521,
            "10813440" : 557,
            "10944512" : 564,
            "11075584" : 610,
            "11206656" : 641,
            "11337728" : 611,
            "11468800" : 686,
            "11599872" : 708,
            "11730944" : 720,
            "11862016" : 812,
            "11993088" : 850,
            "12124160" : 832,
            "12255232" : 802,
            "12386304" : 865,
            "12517376" : 920,
            "12648448" : 936,
            "12779520" : 995,
            "12910592" : 1003,
            "13041664" : 959,
            "13172736" : 1006,
            "13303808" : 1029,
            "13434880" : 1028,
            "13565952" : 997,
            "13697024" : 1009,
            "13828096" : 978,
            "13959168" : 993,
            "14090240" : 965,
            "14221312" : 995,
            "14352384" : 984,
            "14483456" : 998,
            "14614528" : 980,
            "14745600" : 948,
            "14876672" : 1008,
            "15007744" : 932,
            "15138816" : 847,
            "15269888" : 880,
            "15400960" : 833,
            "15532032" : 858,
            "15663104" : 810,
            "15794176" : 826,
            "15925248" : 800,
            "16056320" : 730,
            "16187392" : 725,
            "16318464" : 708,
            "16449536" : 679,
            "16580608" : 685,
            "16711680" : 623,
            "16908288" : 1204,
            "17170432" : 1125,
            "17432576" : 1001,
            "17694720" : 907,
            "17956864" : 809,
            "18219008" : 746,
            "18481152" : 640,
            "18743296" : 615,
            "19005440" : 531,
            "19267584" : 489,
            "19529728" : 475,
            "19791872" : 388,
            "20054016" : 352,
            "20316160" : 341,
            "20578304" : 249,
            "20840448" : 255,
            "21102592" : 231,
            "21364736" : 187,
            "21626880" : 190,
            "21889024" : 145,
            "22151168" : 129,