{
  "fio version" : "fio-3.1",
  "timestamp" : 1556100228,
  "timestamp_ms" : 1556100228610,
  "time" : "Wed Apr 24 10:03:48 2019",
  "global options" : {
    "fallocate" : "none",
    "runtime" : "30",
    "directory" : "data/fio_write/beegfs-randwrite-64-dnwwv",
    "bs" : "8192",
    "time_based" : "1",
    "ioengine" : "libaio",
    "iodepth" : "8",
    "direct" : "1",
    "buffered" : "0",
    "thread" : "0",
    "group_reporting" : "1",
    "filesize" : "32g",
    "size" : "32g",
    "filename_format" : "$jobnum.dat"
  },
  "jobs" : [
    {
      "jobname" : "fio-job",
      "groupid" : 0,
      "error" : 0,
      "eta" : 0,
      "elapsed" : 36,
      "job options" : {
        "rw" : "randwrite"
      },
      "read" : {
        "io_bytes" : 0,
        "io_kbytes" : 0,
        "bw" : 0,
        "iops" : 0.000000,
        "runtime" : 0,
        "total_ios" : 0,
        "short_ios" : 0,
        "drop_ios" : 0,
        "slat_ns" : {
          "min" : 0,
          "max" : 0,
          "mean" : 0.000000,
          "stddev" : 0.000000
        },
        "clat_ns" : {
          "min" : 0,
          "max" : 0,
          "mean" : 0.000000,
          "stddev" : 0.000000,
          "percentile" : {
            "1.000000" : 0,
            "5.000000" : 0,
            "10.000000" : 0,
            "20.000000" : 0,
            "30.000000" : 0,
            "40.000000" : 0,
            "50.000000" : 0,
            "60.000000" : 0,
            "70.000000" : 0,
            "80.000000" : 0,
            "90.000000" : 0,
            "95.000000" : 0,
            "99.000000" : 0,
            "99.500000" : 0,
            "99.900000" : 0,
            "99.950000" : 0,
            "99.990000" : 0,
            "0.00" : 0,
            "0.00" : 0,
            "0.00" : 0
          },
          "bins" : {

          }
        },
        "lat_ns" : {
          "min" : 0,
          "max" : 0,
          "mean" : 0.000000,
          "stddev" : 0.000000
        },
        "bw_min" : 0,
        "bw_max" : 0,
        "bw_agg" : 0.000000,
        "bw_mean" : 0.000000,
        "bw_dev" : 0.000000,
        "bw_samples" : 0,
        "iops_min" : 0,
        "iops_max" : 0,
        "iops_mean" : 0.000000,
        "iops_stddev" : 0.000000,
        "iops_samples" : 0
      },
      "write" : {
        "io_bytes" : 2277376,
        "io_kbytes" : 2224,
        "bw" : 72,
        "iops" : 9.000842,
        "runtime" : 30886,
        "total_ios" : 278,
        "short_ios" : 0,
        "drop_ios" : 0,
        "slat_ns" : {
          "min" : 141667,
          "max" : 10451058554,
          "mean" : 416326635.597122,
          "stddev" : 1341318060.642747
        },
        "clat_ns" : {
          "min" : 5415,
          "max" : 16229671411,
          "mean" : 2846729779.521583,
          "stddev" : 3431076066.880629,
          "percentile" : {
            "1.000000" : 8032,
            "5.000000" : 8224768,
            "10.000000" : 47448064,
            "20.000000" : 114819072,
            "30.000000" : 396361728,
            "40.000000" : 876609536,
            "50.000000" : 1216348160,
            "60.000000" : 2298478592,
            "70.000000" : 4278190080,
            "80.000000" : 5335154688,
            "90.000000" : 7818182656,
            "95.000000" : 9596567552,
            "99.000000" : 14025752576,
            "99.500000" : 16173236224,
            "99.900000" : 16173236224,
            "99.950000" : 16173236224,
            "99.990000" : 16173236224,
            "0.00" : 0,
            "0.00" : 0,
            "0.00" : 0
          },
          "bins" : {
            "5408" : 1,
            "8032" : 2,
            "14400" : 1,
            "1777664" : 1,
            "1826816" : 1,
            "6586368" : 1,
            "6782976" : 1,
            "7241728" : 1,
            "7634944" : 1,
            "7831552" : 1,
            "8159232" : 1,
            "8224768" : 2,
            "8454144" : 1,
            "10551296" : 1,
            "11599872" : 1,
            "14614528" : 1,
            "14745600" : 2,
            "14876672" : 1,
            "21102592" : 2,
            "41680896" : 1,
            "45875200" : 1,
            "47448064" : 6,
            "49020928" : 1,
            "51118080" : 3,
            "51642368" : 1,
            "56360960" : 4,
            "57409536" : 1,
            "57933824" : 2,
            "59506688" : 2,
            "63176704" : 1,
            "63700992" : 2,
            "73924608" : 2,
            "83361792" : 1,
            "88604672" : 1,
            "111673344" : 2,
            "114819072" : 4,
            "121110528" : 2,
            "122159104" : 2,
            "124256256" : 1,
            "127401984" : 1,
            "131596288" : 1,
            "139460608" : 1,
            "143654912" : 1,
            "166723584" : 1,
            "173015040" : 1,
            "175112192" : 1,
            "252706816" : 1,
            "270532608" : 4,
            "287309824" : 2,
            "295698432" : 1,
            "299892736" : 3,
            "316669952" : 1,
            "375390208" : 1,
            "396361728" : 2,
            "450887680" : 1,
            "455081984" : 2,
            "624951296" : 6,
            "658505728" : 1,
            "675282944" : 1,
            "683671552" : 1,
            "784334848" : 3,
            "801112064" : 2,
            "817889280" : 2,
            "826277888" : 1,
            "834666496" : 3,
            "843055104" : 1,
            "851443712" : 1,
            "876609536" : 5,
            "884998144" : 3,
            "893386752" : 1,
            "901775360" : 2,
            "918552576" : 1,
            "926941184" : 1,
            "935329792" : 2,
            "1010827264" : 1,
            "1115684864" : 3,
            "1132462080" : 1,
            "1149239296" : 4,
            "1166016512" : 1,
            "1199570944" : 2,
            "1216348160" : 2,
            "1233125376" : 1,
            "1266679808" : 1,
            "1283457024" : 2,
            "1317011456" : 2,
            "1333788672" : 2,
            "1350565888" : 2,
            "1384120320" : 1,
            "1400897536" : 2,
            "1417674752" : 2,
            "1518338048" : 3,
            "1551892480" : 1,
            "1702887424" : 1,
            "1837105152" : 2,
            "1904214016" : 1,
            "1954545664" : 1,
            "1971322880" : 1,
            "2021654528" : 1,
            "2071986176" : 1,
            "2298478592" : 1,
            "2332033024" : 1,
            "2365587456" : 1,
            "2399141888" : 1,
            "2600468480" : 5,
            "2634022912" : 1,
            "2667577344" : 1,
            "2701131776" : 2,
            "2734686208" : 1,
            "2835349504" : 1,
            "2936012800" : 1,
            "3204448256" : 1,
            "3238002688" : 1,
            "3271557120" : 1,
            "3305111552" : 1,
            "3405774848" : 1,
            "3472883712" : 1,
            "3707764736" : 1,
            "3774873600" : 1,
            "3841982464" : 1,
            "4211081216" : 1,
            "4244635648" : 1,
            "4278190080" : 3,
            "4328521728" : 2,
            "4395630592" : 3,
            "4529848320" : 2,
            "4664066048" : 3,
            "4999610368" : 3,
            "5066719232" : 2,
            "5133828096" : 10,
            "5335154688" : 4,
            "5402263552" : 3,
            "5536481280" : 2,
            "5737807872" : 2,
            "5872025600" : 1,
            "5939134464" : 1,
            "6006243328" : 2,
            "6140461056" : 1,
            "6207569920" : 1,
            "6408896512" : 5,
            "7281311744" : 4,
            "7616856064" : 2,
            "7818182656" : 3,
            "8153726976" : 2,
            "8220835840" : 2,
            "8355053568" : 1,
            "8489271296" : 1,
            "8925478912" : 3,
            "9059696640" : 1,
            "9462349824" : 1,
            "9596567552" : 3,
            "10133438464" : 3,