{
  "fio version" : "fio-3.1",
  "timestamp" : 1556096954,
  "timestamp_ms" : 1556096954833,
  "time" : "Wed Apr 24 10:09:14 2019",
  "global options" : {
    "fallocate" : "none",
    "runtime" : "30",
    "directory" : "/mnt/storage-nvme/fio_write/beegfs-write-64-client-39945-34",
    "bs" : "8388608",
    "time_based" : "1",
    "ioengine" : "libaio",
    "iodepth" : "8",
    "direct" : "1",
    "buffered" : "0",
    "thread" : "0",
    "group_reporting" : "1",
    "filesize" : "32g",
    "size" : "32g",
    "filename_format" : "$jobnum.dat"
  },
  "jobs" : [
    {
      "jobname" : "fio-job",
      "groupid" : 0,
      "error" : 0,
      "eta" : 0,
      "elapsed" : 31,
      "job options" : {
        "rw" : "write"
      },
      "read" : {
        "io_bytes" : 0,
        "io_kbytes" : 0,
        "bw" : 0,
        "iops" : 0.000000,
        "runtime" : 0,
        "total_ios" : 0,
        "short_ios" : 0,
        "drop_ios" : 0,
        "slat_ns" : {
          "min" : 0,
          "max" : 0,
          "mean" : 0.000000,
          "stddev" : 0.000000
        },
        "clat_ns" : {
          "min" : 0,
          "max" : 0,
          "mean" : 0.000000,
          "stddev" : 0.000000,
          "percentile" : {
            "1.000000" : 0,
            "5.000000" : 0,
            "10.000000" : 0,
            "20.000000" : 0,
            "30.000000" : 0,
            "40.000000" : 0,
            "50.000000" : 0,
            "60.000000" : 0,
            "70.000000" : 0,
            "80.000000" : 0,
            "90.000000" : 0,
            "95.000000" : 0,
            "99.000000" : 0,
            "99.500000" : 0,
            "99.900000" : 0,
            "99.950000" : 0,
            "99.990000" : 0,
            "0.00" : 0,
            "0.00" : 0,
            "0.00" : 0
          },
          "bins" : {

          }
        },
        "lat_ns" : {
          "min" : 0,
          "max" : 0,
          "mean" : 0.000000,
          "stddev" : 0.000000
        },
        "bw_min" : 0,
        "bw_max" : 0,
        "bw_agg" : 0.000000,
        "bw_mean" : 0.000000,
        "bw_dev" : 0.000000,
        "bw_samples" : 0,
        "iops_min" : 0,
        "iops_max" : 0,
        "iops_mean" : 0.000000,
        "iops_stddev" : 0.000000,
        "iops_samples" : 0
      },
      "write" : {
        "io_bytes" : 1828716544,
        "io_kbytes" : 1785856,
        "bw" : 59246,
        "iops" : 7.232193,
        "runtime" : 30143,
        "total_ios" : 218,
        "short_ios" : 0,
        "drop_ios" : 0,
        "slat_ns" : {
          "min" : 70514255,
          "max" : 2414636307,
          "mean" : 551971467.706422,
          "stddev" : 372980739.005955
        },
        "clat_ns" : {
          "min" : 4185,
          "max" : 6821327323,
          "mean" : 3553201596.224771,
          "stddev" : 1314059882.335983,
          "percentile" : {
            "1.000000" : 6112,
            "5.000000" : 574619648,
            "10.000000" : 2004877312,
            "20.000000" : 2667577344,
            "30.000000" : 3070230528,
            "40.000000" : 3338665984,
            "50.000000" : 3607101440,
            "60.000000" : 3942645760,
            "70.000000" : 4328521728,
            "80.000000" : 4664066048,
            "90.000000" : 4999610368,
            "95.000000" : 5335154688,
            "99.000000" : 6274678784,
            "99.500000" : 6476005376,
            "99.900000" : 6811549696,
            "99.950000" : 6811549696,
            "99.990000" : 6811549696,
            "0.00" : 0,
            "0.00" : 0,
            "0.00" : 0
          },
          "bins" : {
            "4192" : 1,
            "5728" : 1,
            "6112" : 1,
            "8096" : 1,
            "141557760" : 2,
            "170917888" : 1,
            "316669952" : 1,
            "371195904" : 1,
            "492830720" : 1,
            "574619648" : 1,
            "583008256" : 1,
            "708837376" : 1,
            "1166016512" : 1,
            "1249902592" : 1,
            "1266679808" : 1,
            "1719664640" : 1,
            "1803550720" : 1,
            "1820327936" : 2,
            "1920991232" : 1,
            "2004877312" : 1,
            "2055208960" : 1,
            "2088763392" : 2,
            "2105540608" : 2,
            "2164260864" : 1,
            "2298478592" : 1,
            "2332033024" : 2,
            "2399141888" : 1,
            "2432696320" : 4,
            "2499805184" : 2,
            "2533359616" : 4,
            "2634022912" : 1,
            "2667577344" : 3,
            "2701131776" : 1,
            "2734686208" : 4,
            "2768240640" : 1,
            "2801795072" : 1,
            "2868903936" : 4,
            "2902458368" : 1,
            "2936012800" : 1,
            "2969567232" : 2,
            "3003121664" : 1,
            "3036676096" : 2,
            "3070230528" : 3,
            "3103784960" : 1,
            "3137339392" : 1,
            "3170893824" : 2,
            "3204448256" : 2,
            "3238002688" : 1,
            "3271557120" : 6,
            "3305111552" : 5,
            "3338665984" : 4,
            "3372220416" : 3,
            "3405774848" : 2,
            "3439329280" : 2,
            "3472883712" : 6,
            "3539992576" : 1,
            "3573547008" : 4,
            "3607101440" : 2,
            "3640655872" : 3,
            "3674210304" : 4,
            "3741319168" : 2,
            "3774873600" : 1,
            "3808428032" : 1,
            "3841982464" : 2,
            "3875536896" : 5,
            "3909091328" : 2,
            "3942645760" : 4,
            "3976200192" : 1,
            "4009754624" : 4,
            "4043309056" : 4,
            "4076863488" : 4,
            "4143972352" : 1,
            "4177526784" : 1,
            "4278190080" : 1,
            "4328521728" : 4,
            "4395630592" : 3,
            "4462739456" : 6,
            "4529848320" : 6,
            "4596957184" : 4,
            "4664066048" : 4,
            "4731174912" : 3,
            "4798283776" : 5,
            "4865392640" : 3,
            "4932501504" : 4,
            "4999610368" : 7,
            "5066719232" : 2,
            "5133828096" : 1,
            "5200936960" : 3,
            "5268045824" : 1,
            "5335154688" : 4,
            "5469372416" : 2,
            "5737807872" : 3,
            "6073352192" : 1,
            "6274678784" : 1,
            "6476005376" : 1,
            "6811549696" : 1
          }
        },
        "lat_ns" : {
          "min" : 142162006,
          "max" : 7286723879,
          "mean" : 4105175032.633028,
          "stddev" : 1368869634.364422
        },
        "bw_min" : 16351,
        "bw_max" : 49448,
        "bw_agg" : 37.626846,
        "bw_mean" : 22292.401460,
        "bw_dev" : 9493.305758,
        "bw_samples" : 137,
        "iops_min" : 1,
        "iops_max" : 6,
        "iops_mean" : 2.686131,
        "iops_stddev" : 1.174182,
        "iops_samples" : 137
      },
      "trim" : {
        "io_bytes" : 0,
        "io_kbytes" : 0,
        "bw" : 0,
        "iops" : 0.000000,
        "runtime" : 0,
        "total_ios" : 0,
        "short_ios" : 0,
        "drop_ios" : 0,
        "slat_ns" : {
          "min" : 0,
          "max" : 0,
          "mean" : 0.000000,
          "stddev" : 0.000000
        },
        "clat_ns" : {
          "min" : 0,
          "max" : 0,
          "mean" : 0.000000,
          "stddev" : 0.000000,
          "percentile" : {
            "1.000000" : 0,
            "5.000000" : 0,
            "10.000000" : 0,
            "20.000000" : 0,
            "30.000000" : 0,
            "40.000000" : 0,
            "50.000000" : 0,
            "60.000000" : 0,
            "70.000000" : 0,
            "80.000000" : 0,
            "90.000000" : 0,
            "95.000000" : 0,
            "99.000000" : 0,
            "99.500000" : 0,
            "99.900000" : 0,
            "99.950000" : 0,
            "99.990000" : 0,
            "0.00" : 0,