{
  "fio version" : "fio-3.1",
  "timestamp" : 1555518353,
  "timestamp_ms" : 1555518353480,
  "time" : "Wed Apr 17 16:25:53 2019",
  "global options" : {
    "fallocate" : "none",
    "runtime" : "30",
    "directory" : "/data/fio_write/beegfs-randwrite-64-qkbmr",
    "bs" : "32768",
    "time_based" : "1",
    "ioengine" : "libaio",
    "iodepth" : "8",
    "direct" : "1",
    "buffered" : "0",
    "thread" : "0",
    "group_reporting" : "1",
    "filesize" : "32g",
    "size" : "32g",
    "filename_format" : "$jobnum.dat"
  },
  "jobs" : [
    {
      "jobname" : "fio-job",
      "groupid" : 0,
      "error" : 0,
      "eta" : 0,
      "elapsed" : 35,
      "job options" : {
        "rw" : "randwrite"
      },
      "read" : {
        "io_bytes" : 0,
        "io_kbytes" : 0,
        "bw" : 0,
        "iops" : 0.000000,
        "runtime" : 0,
        "total_ios" : 0,
        "short_ios" : 0,
        "drop_ios" : 0,
        "slat_ns" : {
          "min" : 0,
          "max" : 0,
          "mean" : 0.000000,
          "stddev" : 0.000000
        },
        "clat_ns" : {
          "min" : 0,
          "max" : 0,
          "mean" : 0.000000,
          "stddev" : 0.000000,
          "percentile" : {
            "1.000000" : 0,
            "5.000000" : 0,
            "10.000000" : 0,
            "20.000000" : 0,
            "30.000000" : 0,
            "40.000000" : 0,
            "50.000000" : 0,
            "60.000000" : 0,
            "70.000000" : 0,
            "80.000000" : 0,
            "90.000000" : 0,
            "95.000000" : 0,
            "99.000000" : 0,
            "99.500000" : 0,
            "99.900000" : 0,
            "99.950000" : 0,
            "99.990000" : 0,
            "0.00" : 0,
            "0.00" : 0,
            "0.00" : 0
          },
          "bins" : {

          }
        },
        "lat_ns" : {
          "min" : 0,
          "max" : 0,
          "mean" : 0.000000,
          "stddev" : 0.000000
        },
        "bw_min" : 0,
        "bw_max" : 0,
        "bw_agg" : 0.000000,
        "bw_mean" : 0.000000,
        "bw_dev" : 0.000000,
        "bw_samples" : 0,
        "iops_min" : 0,
        "iops_max" : 0,
        "iops_mean" : 0.000000,
        "iops_stddev" : 0.000000,
        "iops_samples" : 0
      },
      "write" : {
        "io_bytes" : 7045120,
        "io_kbytes" : 6880,
        "bw" : 200,
        "iops" : 6.258004,
        "runtime" : 34356,
        "total_ios" : 215,
        "short_ios" : 0,
        "drop_ios" : 0,
        "slat_ns" : {
          "min" : 309568,
          "max" : 11774018308,
          "mean" : 597560314.497674,
          "stddev" : 1611415587.368623
        },
        "clat_ns" : {
          "min" : 5443,
          "max" : 14597458651,
          "mean" : 4064110903.827908,
          "stddev" : 3694017525.057411,
          "percentile" : {
            "1.000000" : 9664,
            "5.000000" : 23199744,
            "10.000000" : 109576192,
            "20.000000" : 750780416,
            "30.000000" : 1434451968,
            "40.000000" : 2038431744,
            "50.000000" : 2734686208,
            "60.000000" : 3875536896,
            "70.000000" : 5536481280,
            "80.000000" : 6274678784,
            "90.000000" : 10804527104,
            "95.000000" : 11744051200,
            "99.000000" : 14025752576,
            "99.500000" : 14025752576,
            "99.900000" : 14562623488,
            "99.950000" : 14562623488,
            "99.990000" : 14562623488,
            "0.00" : 0,
            "0.00" : 0,
            "0.00" : 0
          },
          "bins" : {
            "5472" : 1,
            "9280" : 1,
            "9664" : 1,
            "9792" : 1,
            "3194880" : 1,
            "3260416" : 2,
            "3293184" : 1,
            "22413312" : 1,
            "22675456" : 1,
            "23199744" : 1,
            "28442624" : 1,
            "32899072" : 1,
            "38535168" : 1,
            "40632320" : 1,
            "46399488" : 1,
            "52166656" : 1,
            "52690944" : 1,
            "68681728" : 1,
            "74973184" : 2,
            "109576192" : 5,
            "287309824" : 1,
            "304087040" : 1,
            "513802240" : 1,
            "650117120" : 1,
            "658505728" : 2,
            "666894336" : 1,
            "692060160" : 1,
            "700448768" : 1,
            "708837376" : 1,
            "734003200" : 2,
            "742391808" : 3,
            "750780416" : 2,
            "859832320" : 1,
            "952107008" : 2,
            "977272832" : 1,
            "994050048" : 1,
            "1182793728" : 2,
            "1199570944" : 1,
            "1216348160" : 2,
            "1233125376" : 1,
            "1249902592" : 4,
            "1283457024" : 1,
            "1317011456" : 2,
            "1333788672" : 1,
            "1417674752" : 2,
            "1434451968" : 2,
            "1451229184" : 1,
            "1484783616" : 5,
            "1568669696" : 1,
            "1769996288" : 2,
            "1786773504" : 1,
            "1820327936" : 1,
            "1837105152" : 2,
            "1920991232" : 1,
            "1937768448" : 1,
            "1971322880" : 1,
            "2004877312" : 1,
            "2021654528" : 1,
            "2038431744" : 2,
            "2164260864" : 1,
            "2264924160" : 1,
            "2298478592" : 1,
            "2332033024" : 1,
            "2365587456" : 2,
            "2399141888" : 1,
            "2499805184" : 2,
            "2533359616" : 2,
            "2600468480" : 1,
            "2634022912" : 5,
            "2701131776" : 2,
            "2734686208" : 4,
            "2801795072" : 1,
            "2868903936" : 1,
            "3003121664" : 3,
            "3070230528" : 3,
            "3170893824" : 1,
            "3238002688" : 2,
            "3338665984" : 3,
            "3472883712" : 3,
            "3808428032" : 1,
            "3841982464" : 1,
            "3875536896" : 2,
            "4395630592" : 1,
            "4462739456" : 1,
            "4529848320" : 2,
            "4596957184" : 1,
            "5133828096" : 4,
            "5268045824" : 2,
            "5402263552" : 2,
            "5469372416" : 5,
            "5536481280" : 3,
            "5603590144" : 2,
            "5939134464" : 4,
            "6006243328" : 5,
            "6073352192" : 6,
            "6140461056" : 2,
            "6274678784" : 2,
            "6341787648" : 1,
            "6543114240" : 1,
            "6610223104" : 1,
            "6677331968" : 1,
            "6744440832" : 2,
            "7147094016" : 1,
            "7415529472" : 2,
            "7549747200" : 1,
            "7616856064" : 2,
            "7751073792" : 1,
            "8657043456" : 3,
            "9328132096" : 1,
            "9462349824" : 1,
            "9596567552" : 1,
            "10670309376" : 1,
            "10804527104" : 3,
            "11341398016" : 2,
            "11744051200" : 8,
            "12012486656" : 2,
            "12146704384" : 4,
            "14025752576" : 3,
            "14562623488" : 1
          }
        },
        "lat_ns" : {
          "min" : 3650464,
          "max" : 15051830861,
          "mean" : 4661672782.348837,
          "stddev" : 3803093967.637866
        },
        "bw_min" : 64,
        "bw_max" : 961,
        "bw_agg" : 100.000000,
        "bw_mean" : 244.104167,
        "bw_dev" : 214.598907,
        "bw_samples" : 48,
        "iops_min" : 2,
        "iops_max" : 30,
        "iops_mean" : 7.625000,
        "iops_stddev" : 6.699079,
        "iops_samples" : 48
      },
      "trim" : {
        "io_bytes" : 0,
        "io_kbytes" : 0,
        "bw" : 0,
        "iops" : 0.000000,
        "runtime" : 0,
        "total_ios" : 0,
        "short_ios" : 0,
        "drop_ios" : 0,
        "slat_ns" : {
          "min" : 0,
          "max" : 0,
          "mean" : 0.000000,
          "stddev" : 0.000000
        },
        "clat_ns" : {
          "min" : 0,