{
  "fio version" : "fio-3.1",
  "timestamp" : 1556099223,
  "timestamp_ms" : 1556099223045,
  "time" : "Wed Apr 24 09:47:03 2019",
  "global options" : {
    "fallocate" : "none",
    "runtime" : "30",
    "directory" : "data/fio_write/beegfs-write-64-jntj8",
    "bs" : "1024",
    "time_based" : "1",
    "ioengine" : "libaio",
    "iodepth" : "8",
    "direct" : "1",
    "buffered" : "0",
    "thread" : "0",
    "group_reporting" : "1",
    "filesize" : "32g",
    "size" : "32g",
    "filename_format" : "$jobnum.dat"
  },
  "jobs" : [
    {
      "jobname" : "fio-job",
      "groupid" : 0,
      "error" : 0,
      "eta" : 0,
      "elapsed" : 31,
      "job options" : {
        "rw" : "write"
      },
      "read" : {
        "io_bytes" : 0,
        "io_kbytes" : 0,
        "bw" : 0,
        "iops" : 0.000000,
        "runtime" : 0,
        "total_ios" : 0,
        "short_ios" : 0,
        "drop_ios" : 0,
        "slat_ns" : {
          "min" : 0,
          "max" : 0,
          "mean" : 0.000000,
          "stddev" : 0.000000
        },
        "clat_ns" : {
          "min" : 0,
          "max" : 0,
          "mean" : 0.000000,
          "stddev" : 0.000000,
          "percentile" : {
            "1.000000" : 0,
            "5.000000" : 0,
            "10.000000" : 0,
            "20.000000" : 0,
            "30.000000" : 0,
            "40.000000" : 0,
            "50.000000" : 0,
            "60.000000" : 0,
            "70.000000" : 0,
            "80.000000" : 0,
            "90.000000" : 0,
            "95.000000" : 0,
            "99.000000" : 0,
            "99.500000" : 0,
            "99.900000" : 0,
            "99.950000" : 0,
            "99.990000" : 0,
            "0.00" : 0,
            "0.00" : 0,
            "0.00" : 0
          },
          "bins" : {

          }
        },
        "lat_ns" : {
          "min" : 0,
          "max" : 0,
          "mean" : 0.000000,
          "stddev" : 0.000000
        },
        "bw_min" : 0,
        "bw_max" : 0,
        "bw_agg" : 0.000000,
        "bw_mean" : 0.000000,
        "bw_dev" : 0.000000,
        "bw_samples" : 0,
        "iops_min" : 0,
        "iops_max" : 0,
        "iops_mean" : 0.000000,
        "iops_stddev" : 0.000000,
        "iops_samples" : 0
      },
      "write" : {
        "io_bytes" : 815063040,
        "io_kbytes" : 795960,
        "bw" : 26531,
        "iops" : 26531.115629,
        "runtime" : 30001,
        "total_ios" : 795960,
        "short_ios" : 0,
        "drop_ios" : 0,
        "slat_ns" : {
          "min" : 29207,
          "max" : 15565535,
          "mean" : 145136.029542,
          "stddev" : 159860.107108
        },
        "clat_ns" : {
          "min" : 3840,
          "max" : 20360475,
          "mean" : 1056527.717605,
          "stddev" : 580204.513213,
          "percentile" : {
            "1.000000" : 536576,
            "5.000000" : 602112,
            "10.000000" : 651264,
            "20.000000" : 724992,
            "30.000000" : 774144,
            "40.000000" : 815104,
            "50.000000" : 864256,
            "60.000000" : 937984,
            "70.000000" : 1073152,
            "80.000000" : 1335296,
            "90.000000" : 1662976,
            "95.000000" : 2007040,
            "99.000000" : 3293184,
            "99.500000" : 4014080,
            "99.900000" : 6193152,
            "99.950000" : 7110656,
            "99.990000" : 11206656,
            "0.00" : 0,
            "0.00" : 0,
            "0.00" : 0
          },
          "bins" : {
            "3856" : 2,
            "4256" : 1,
            "28032" : 1,
            "77312" : 1,
            "84480" : 1,
            "98816" : 1,
            "111104" : 1,
            "144384" : 1,
            "171008" : 1,
            "183296" : 1,
            "193536" : 1,
            "197632" : 1,
            "254976" : 1,
            "264192" : 1,
            "268288" : 1,
            "309248" : 1,
            "333824" : 2,
            "362496" : 1,
            "403456" : 1,
            "407552" : 2,
            "411648" : 2,
            "415744" : 1,
            "419840" : 4,
            "423936" : 10,
            "428032" : 13,
            "432128" : 11,
            "436224" : 20,
            "440320" : 19,
            "444416" : 32,
            "448512" : 31,
            "452608" : 47,
            "456704" : 69,
            "460800" : 71,
            "464896" : 83,
            "468992" : 101,
            "473088" : 105,
            "477184" : 147,
            "481280" : 171,
            "485376" : 222,
            "489472" : 249,
            "493568" : 309,
            "497664" : 371,
            "501760" : 387,
            "505856" : 434,
            "509952" : 565,
            "514048" : 663,
            "518144" : 721,
            "522240" : 795,
            "528384" : 1849,
            "536576" : 2349,
            "544768" : 2809,
            "552960" : 3157,
            "561152" : 3466,
            "569344" : 3940,
            "577536" : 4387,
            "585728" : 4890,
            "593920" : 5198,
            "602112" : 5462,
            "610304" : 5895,
            "618496" : 6186,
            "626688" : 6665,
            "634880" : 6907,
            "643072" : 7173,
            "651264" : 7612,
            "659456" : 7963,
            "667648" : 8643,
            "675840" : 8841,
            "684032" : 9163,
            "692224" : 9443,
            "700416" : 9835,
            "708608" : 10362,
            "716800" : 10943,
            "724992" : 11333,
            "733184" : 11997,
            "741376" : 12584,
            "749568" : 13209,
            "757760" : 14176,
            "765952" : 14644,
            "774144" : 15329,
            "782336" : 15777,
            "790528" : 15670,
            "798720" : 15609,
            "806912" : 15452,
            "815104" : 15325,
            "823296" : 14455,
            "831488" : 14017,
            "839680" : 13515,
            "847872" : 12828,
            "856064" : 11956,
            "864256" : 11138,
            "872448" : 10560,
            "880640" : 10045,
            "888832" : 9291,
            "897024" : 8763,
            "905216" : 8286,
            "913408" : 7787,
            "921600" : 7300,
            "929792" : 6957,
            "937984" : 6562,
            "946176" : 6088,
            "954368" : 5807,
            "962560" : 5580,
            "970752" : 5387,
            "978944" : 5182,
            "987136" : 4896,
            "995328" : 4814,
            "1003520" : 4526,
            "1011712" : 4212,
            "1019904" : 4136,
            "1028096" : 3889,
            "1036288" : 3910,
            "1044480" : 3705,
            "1056768" : 7017,
            "1073152" : 6534,
            "1089536" : 6420,
            "1105920" : 6040,
            "1122304" : 5829,
            "1138688" : 5713,
            "1155072" : 5518,
            "1171456" : 5298,
            "1187840" : 5147,
            "1204224" : 4783,
            "1220608" : 4808,
            "1236992" : 4791,
            "1253376" : 4524,
            "1269760" : 4515,
            "1286144" : 4430,
            "1302528" : 4288,
            "1318912" : 4303,
            "1335296" : 4192,
            "1351680" : 4130,
            "1368064" : 4071,
            "1384448" : 4105,
            "1400832" : 3961,
            "1417216" : 3821,
            "1433600" : 3950,
            "1449984" : 3908,
            "1466368" : 3900,
            "1482752" : 3944,
            "1499136" : 3978,
            "1515520" : 4107,
            "1531904" : 4217,
            "1548288" : 4168,
            "1564672" : 4194,
            "1581056" : 4289,
            "1597440" : 4121,
            "1613824" : 3955,
            "1630208" : 3746,
            "1646592" : 3428,
            "1662976" : 3327,
            "1679360" : 3103,
            "1695744" : 2854,
            "1712128" : 2701,
            "1728512" : 2518,
            "1744896" : 2302,