{
  "fio version" : "fio-3.1",
  "timestamp" : 1556021733,
  "timestamp_ms" : 1556021733216,
  "time" : "Tue Apr 23 13:15:33 2019",
  "global options" : {
    "fallocate" : "none",
    "runtime" : "30",
    "directory" : "/data/fio_write/beegfs-write-64-client-90087-45",
    "bs" : "2097152",
    "time_based" : "1",
    "ioengine" : "libaio",
    "iodepth" : "8",
    "direct" : "1",
    "buffered" : "0",
    "thread" : "0",
    "group_reporting" : "1",
    "filesize" : "32g",
    "size" : "32g",
    "filename_format" : "$jobnum.dat"
  },
  "jobs" : [
    {
      "jobname" : "fio-job",
      "groupid" : 0,
      "error" : 0,
      "eta" : 0,
      "elapsed" : 31,
      "job options" : {
        "rw" : "write"
      },
      "read" : {
        "io_bytes" : 0,
        "io_kbytes" : 0,
        "bw" : 0,
        "iops" : 0.000000,
        "runtime" : 0,
        "total_ios" : 0,
        "short_ios" : 0,
        "drop_ios" : 0,
        "slat_ns" : {
          "min" : 0,
          "max" : 0,
          "mean" : 0.000000,
          "stddev" : 0.000000
        },
        "clat_ns" : {
          "min" : 0,
          "max" : 0,
          "mean" : 0.000000,
          "stddev" : 0.000000,
          "percentile" : {
            "1.000000" : 0,
            "5.000000" : 0,
            "10.000000" : 0,
            "20.000000" : 0,
            "30.000000" : 0,
            "40.000000" : 0,
            "50.000000" : 0,
            "60.000000" : 0,
            "70.000000" : 0,
            "80.000000" : 0,
            "90.000000" : 0,
            "95.000000" : 0,
            "99.000000" : 0,
            "99.500000" : 0,
            "99.900000" : 0,
            "99.950000" : 0,
            "99.990000" : 0,
            "0.00" : 0,
            "0.00" : 0,
            "0.00" : 0
          },
          "bins" : {

          }
        },
        "lat_ns" : {
          "min" : 0,
          "max" : 0,
          "mean" : 0.000000,
          "stddev" : 0.000000
        },
        "bw_min" : 0,
        "bw_max" : 0,
        "bw_agg" : 0.000000,
        "bw_mean" : 0.000000,
        "bw_dev" : 0.000000,
        "bw_samples" : 0,
        "iops_min" : 0,
        "iops_max" : 0,
        "iops_mean" : 0.000000,
        "iops_stddev" : 0.000000,
        "iops_samples" : 0
      },
      "write" : {
        "io_bytes" : 379584512,
        "io_kbytes" : 370688,
        "bw" : 12151,
        "iops" : 5.933454,
        "runtime" : 30505,
        "total_ios" : 181,
        "short_ios" : 0,
        "drop_ios" : 0,
        "slat_ns" : {
          "min" : 44453549,
          "max" : 1395099859,
          "mean" : 666740410.834254,
          "stddev" : 233810707.519789
        },
        "clat_ns" : {
          "min" : 4575,
          "max" : 5696161490,
          "mean" : 4278816743.453038,
          "stddev" : 1170121628.592468,
          "percentile" : {
            "1.000000" : 4832,
            "5.000000" : 1317011456,
            "10.000000" : 2701131776,
            "20.000000" : 4110417920,
            "30.000000" : 4328521728,
            "40.000000" : 4462739456,
            "50.000000" : 4596957184,
            "60.000000" : 4798283776,
            "70.000000" : 4932501504,
            "80.000000" : 4999610368,
            "90.000000" : 5133828096,
            "95.000000" : 5268045824,
            "99.000000" : 5469372416,
            "99.500000" : 5670699008,
            "99.900000" : 5670699008,
            "99.950000" : 5670699008,
            "99.990000" : 5670699008,
            "0.00" : 0,
            "0.00" : 0,
            "0.00" : 0
          },
          "bins" : {
            "4576" : 1,
            "4832" : 1,
            "4960" : 1,
            "5024" : 1,
            "633339904" : 1,
            "650117120" : 1,
            "658505728" : 2,
            "1300234240" : 1,
            "1317011456" : 1,
            "1333788672" : 2,
            "1988100096" : 2,
            "2021654528" : 2,
            "2667577344" : 2,
            "2701131776" : 2,
            "3238002688" : 2,
            "3305111552" : 2,
            "3506438144" : 1,
            "3707764736" : 1,
            "3808428032" : 1,
            "3875536896" : 2,
            "3909091328" : 1,
            "3942645760" : 2,
            "3976200192" : 1,
            "4043309056" : 1,
            "4076863488" : 1,
            "4110417920" : 3,
            "4143972352" : 3,
            "4177526784" : 2,
            "4211081216" : 3,
            "4244635648" : 2,
            "4278190080" : 5,
            "4328521728" : 7,
            "4395630592" : 6,
            "4462739456" : 9,
            "4529848320" : 11,
            "4596957184" : 8,
            "4664066048" : 8,
            "4731174912" : 6,
            "4798283776" : 6,
            "4865392640" : 12,
            "4932501504" : 13,
            "4999610368" : 9,
            "5066719232" : 12,
            "5133828096" : 8,
            "5200936960" : 1,
            "5268045824" : 3,
            "5335154688" : 5,
            "5402263552" : 2,
            "5469372416" : 1,
            "5670699008" : 1
          }
        },
        "lat_ns" : {
          "min" : 637426726,
          "max" : 6279942906,
          "mean" : 4945558595.762431,
          "stddev" : 1174814954.507231
        },
        "bw_min" : 4096,
        "bw_max" : 8192,
        "bw_agg" : 35.125372,
        "bw_mean" : 4268.083916,
        "bw_dev" : 824.061186,
        "bw_samples" : 143,
        "iops_min" : 2,
        "iops_max" : 4,
        "iops_mean" : 2.083916,
        "iops_stddev" : 0.402396,
        "iops_samples" : 143
      },
      "trim" : {
        "io_bytes" : 0,
        "io_kbytes" : 0,
        "bw" : 0,
        "iops" : 0.000000,
        "runtime" : 0,
        "total_ios" : 0,
        "short_ios" : 0,
        "drop_ios" : 0,
        "slat_ns" : {
          "min" : 0,
          "max" : 0,
          "mean" : 0.000000,
          "stddev" : 0.000000
        },
        "clat_ns" : {
          "min" : 0,
          "max" : 0,
          "mean" : 0.000000,
          "stddev" : 0.000000,
          "percentile" : {
            "1.000000" : 0,
            "5.000000" : 0,
            "10.000000" : 0,
            "20.000000" : 0,
            "30.000000" : 0,
            "40.000000" : 0,
            "50.000000" : 0,
            "60.000000" : 0,
            "70.000000" : 0,
            "80.000000" : 0,
            "90.000000" : 0,
            "95.000000" : 0,
            "99.000000" : 0,
            "99.500000" : 0,
            "99.900000" : 0,
            "99.950000" : 0,
            "99.990000" : 0,
            "0.00" : 0,
            "0.00" : 0,
            "0.00" : 0
          },
          "bins" : {

          }
        },
        "lat_ns" : {
          "min" : 0,
          "max" : 0,
          "mean" : 0.000000,
          "stddev" : 0.000000
        },
        "bw_min" : 0,
        "bw_max" : 0,
        "bw_agg" : 0.000000,
        "bw_mean" : 0.000000,
        "bw_dev" : 0.000000,
        "bw_samples" : 0,
        "iops_min" : 0,
        "iops_max" : 0,
        "iops_mean" : 0.000000,
        "iops_stddev" : 0.000000,
        "iops_samples" : 0
      },
      "usr_cpu" : 0.023161,
      "sys_cpu" : 0.051285,
      "ctx" : 458,
      "majf" : 0,
      "minf" : 105,
      "iodepth_level" : {
        "1" : 2.209945,
        "2" : 4.419890,
        "4" : 8.839779,
        "8" : 84.530387,
        "16" : 0.000000,
        "32" : 0.000000,
        ">=64" : 0.000000
      },
      "latency_ns" : {
        "2" : 0.000000,
        "4" : 0.000000,
        "10" : 0.000000,
        "20" : 0.000000,
        "50" : 0.000000,
        "100" : 0.000000,
        "250" : 0.000000,
        "500" : 0.000000,
        "750" : 0.000000,
        "1000" : 0.000000
      },
      "latency_us" : {
        "2" : 0.000000,
        "4" : 0.000000,
        "10" : 2.209945,
        "20" : 0.000000,
        "50" : 0.000000,
        "100" : 0.000000,
        "250" : 0.000000,
        "500" : 0.000000,