{
  "fio version" : "fio-3.1",
  "timestamp" : 1556724672,
  "timestamp_ms" : 1556724672519,
  "time" : "Wed May  1 15:31:12 2019",
  "global options" : {
    "fallocate" : "none",
    "runtime" : "30",
    "directory" : "data/fio_write/beegfs-write-8-9wrnr",
    "bs" : "4096",
    "time_based" : "1",
    "ioengine" : "libaio",
    "iodepth" : "8",
    "direct" : "1",
    "buffered" : "0",
    "thread" : "0",
    "group_reporting" : "1",
    "filesize" : "32g",
    "size" : "32g",
    "filename_format" : "$jobnum.dat"
  },
  "jobs" : [
    {
      "jobname" : "fio-job",
      "groupid" : 0,
      "error" : 0,
      "eta" : 0,
      "elapsed" : 31,
      "job options" : {
        "rw" : "write"
      },
      "read" : {
        "io_bytes" : 0,
        "io_kbytes" : 0,
        "bw" : 0,
        "iops" : 0.000000,
        "runtime" : 0,
        "total_ios" : 0,
        "short_ios" : 0,
        "drop_ios" : 0,
        "slat_ns" : {
          "min" : 0,
          "max" : 0,
          "mean" : 0.000000,
          "stddev" : 0.000000
        },
        "clat_ns" : {
          "min" : 0,
          "max" : 0,
          "mean" : 0.000000,
          "stddev" : 0.000000,
          "percentile" : {
            "1.000000" : 0,
            "5.000000" : 0,
            "10.000000" : 0,
            "20.000000" : 0,
            "30.000000" : 0,
            "40.000000" : 0,
            "50.000000" : 0,
            "60.000000" : 0,
            "70.000000" : 0,
            "80.000000" : 0,
            "90.000000" : 0,
            "95.000000" : 0,
            "99.000000" : 0,
            "99.500000" : 0,
            "99.900000" : 0,
            "99.950000" : 0,
            "99.990000" : 0,
            "0.00" : 0,
            "0.00" : 0,
            "0.00" : 0
          },
          "bins" : {

          }
        },
        "lat_ns" : {
          "min" : 0,
          "max" : 0,
          "mean" : 0.000000,
          "stddev" : 0.000000
        },
        "bw_min" : 0,
        "bw_max" : 0,
        "bw_agg" : 0.000000,
        "bw_mean" : 0.000000,
        "bw_dev" : 0.000000,
        "bw_samples" : 0,
        "iops_min" : 0,
        "iops_max" : 0,
        "iops_mean" : 0.000000,
        "iops_stddev" : 0.000000,
        "iops_samples" : 0
      },
      "write" : {
        "io_bytes" : 5063094272,
        "io_kbytes" : 4944428,
        "bw" : 164808,
        "iops" : 41202.193260,
        "runtime" : 30001,
        "total_ios" : 1236107,
        "short_ios" : 0,
        "drop_ios" : 0,
        "slat_ns" : {
          "min" : 46830,
          "max" : 16996667,
          "mean" : 94928.014792,
          "stddev" : 54198.938299
        },
        "clat_ns" : {
          "min" : 1578,
          "max" : 18398209,
          "mean" : 680629.691642,
          "stddev" : 214267.564088,
          "percentile" : {
            "1.000000" : 464896,
            "5.000000" : 501760,
            "10.000000" : 528384,
            "20.000000" : 552960,
            "30.000000" : 585728,
            "40.000000" : 610304,
            "50.000000" : 634880,
            "60.000000" : 675840,
            "70.000000" : 716800,
            "80.000000" : 774144,
            "90.000000" : 864256,
            "95.000000" : 970752,
            "99.000000" : 1318912,
            "99.500000" : 1548288,
            "99.900000" : 2473984,
            "99.950000" : 3424256,
            "99.990000" : 7176192,
            "0.00" : 0,
            "0.00" : 0,
            "0.00" : 0
          },
          "bins" : {
            "1576" : 1,
            "1672" : 1,
            "1688" : 1,
            "2160" : 1,
            "63744" : 1,
            "80384" : 1,
            "82432" : 2,
            "129536" : 1,
            "152576" : 1,
            "160768" : 1,
            "164864" : 1,
            "197632" : 1,
            "222208" : 1,
            "228352" : 1,
            "250880" : 1,
            "268288" : 1,
            "292864" : 2,
            "321536" : 1,
            "333824" : 1,
            "350208" : 1,
            "362496" : 1,
            "387072" : 4,
            "391168" : 13,
            "395264" : 24,
            "399360" : 41,
            "403456" : 38,
            "407552" : 68,
            "411648" : 86,
            "415744" : 132,
            "419840" : 205,
            "423936" : 299,
            "428032" : 363,
            "432128" : 502,
            "436224" : 675,
            "440320" : 795,
            "444416" : 1100,
            "448512" : 1454,
            "452608" : 1650,
            "456704" : 2102,
            "460800" : 2435,
            "464896" : 2853,
            "468992" : 3321,
            "473088" : 3943,
            "477184" : 4494,
            "481280" : 5059,
            "485376" : 5602,
            "489472" : 6362,
            "493568" : 7168,
            "497664" : 7945,
            "501760" : 8585,
            "505856" : 9660,
            "509952" : 10219,
            "514048" : 11198,
            "518144" : 11911,
            "522240" : 12808,
            "528384" : 27718,
            "536576" : 30929,
            "544768" : 33439,
            "552960" : 35474,
            "561152" : 37346,
            "569344" : 38034,
            "577536" : 38734,
            "585728" : 38914,
            "593920" : 38834,
            "602112" : 38212,
            "610304" : 36735,
            "618496" : 35990,
            "626688" : 34622,
            "634880" : 33284,
            "643072" : 31518,
            "651264" : 30390,
            "659456" : 29051,
            "667648" : 27490,
            "675840" : 25943,
            "684032" : 25112,
            "692224" : 23907,
            "700416" : 22828,
            "708608" : 21808,
            "716800" : 20639,
            "724992" : 19665,
            "733184" : 19118,
            "741376" : 18137,
            "749568" : 17037,
            "757760" : 16550,
            "765952" : 15705,
            "774144" : 14830,
            "782336" : 14041,
            "790528" : 13179,
            "798720" : 12213,
            "806912" : 11814,
            "815104" : 10976,
            "823296" : 10252,
            "831488" : 9571,
            "839680" : 8891,
            "847872" : 8281,
            "856064" : 7622,
            "864256" : 7231,
            "872448" : 6727,
            "880640" : 6115,
            "888832" : 5716,
            "897024" : 5348,
            "905216" : 4900,
            "913408" : 4613,
            "921600" : 4355,
            "929792" : 4172,
            "937984" : 3945,
            "946176" : 3673,
            "954368" : 3456,
            "962560" : 3242,
            "970752" : 2972,
            "978944" : 2788,
            "987136" : 2685,
            "995328" : 2692,
            "1003520" : 2418,
            "1011712" : 2316,
            "1019904" : 2158,
            "1028096" : 2024,
            "1036288" : 1927,
            "1044480" : 1790,
            "1056768" : 3317,
            "1073152" : 2942,
            "1089536" : 2668,
            "1105920" : 2393,
            "1122304" : 2248,
            "1138688" : 2069,
            "1155072" : 1738,
            "1171456" : 1637,
            "1187840" : 1539,
            "1204224" : 1332,
            "1220608" : 1189,
            "1236992" : 1104,
            "1253376" : 995,
            "1269760" : 973,
            "1286144" : 884,
            "1302528" : 873,
            "1318912" : 744,
            "1335296" : 636,
            "1351680" : 586,
            "1368064" : 625,
            "1384448" : 506,
            "1400832" : 530,
            "1417216" : 488,
            "1433600" : 456,
            "1449984" : 453,
            "1466368" : 362,
            "1482752" : 384,
            "1499136" : 334,
            "1515520" : 323,
            "1531904" : 298,
            "1548288" : 261,
            "1564672" : 284,
            "1581056" : 255,
            "1597440" : 206,
            "1613824" : 217,
            "1630208" : 194,