{
  "fio version" : "fio-3.1",
  "timestamp" : 1556724577,
  "timestamp_ms" : 1556724577965,
  "time" : "Wed May  1 15:29:37 2019",
  "global options" : {
    "fallocate" : "none",
    "runtime" : "30",
    "directory" : "data/fio_write/beegfs-write-8-9wrnr",
    "bs" : "512",
    "time_based" : "1",
    "ioengine" : "libaio",
    "iodepth" : "8",
    "direct" : "1",
    "buffered" : "0",
    "thread" : "0",
    "group_reporting" : "1",
    "filesize" : "32g",
    "size" : "32g",
    "filename_format" : "$jobnum.dat"
  },
  "jobs" : [
    {
      "jobname" : "fio-job",
      "groupid" : 0,
      "error" : 0,
      "eta" : 0,
      "elapsed" : 31,
      "job options" : {
        "rw" : "write"
      },
      "read" : {
        "io_bytes" : 0,
        "io_kbytes" : 0,
        "bw" : 0,
        "iops" : 0.000000,
        "runtime" : 0,
        "total_ios" : 0,
        "short_ios" : 0,
        "drop_ios" : 0,
        "slat_ns" : {
          "min" : 0,
          "max" : 0,
          "mean" : 0.000000,
          "stddev" : 0.000000
        },
        "clat_ns" : {
          "min" : 0,
          "max" : 0,
          "mean" : 0.000000,
          "stddev" : 0.000000,
          "percentile" : {
            "1.000000" : 0,
            "5.000000" : 0,
            "10.000000" : 0,
            "20.000000" : 0,
            "30.000000" : 0,
            "40.000000" : 0,
            "50.000000" : 0,
            "60.000000" : 0,
            "70.000000" : 0,
            "80.000000" : 0,
            "90.000000" : 0,
            "95.000000" : 0,
            "99.000000" : 0,
            "99.500000" : 0,
            "99.900000" : 0,
            "99.950000" : 0,
            "99.990000" : 0,
            "0.00" : 0,
            "0.00" : 0,
            "0.00" : 0
          },
          "bins" : {

          }
        },
        "lat_ns" : {
          "min" : 0,
          "max" : 0,
          "mean" : 0.000000,
          "stddev" : 0.000000
        },
        "bw_min" : 0,
        "bw_max" : 0,
        "bw_agg" : 0.000000,
        "bw_mean" : 0.000000,
        "bw_dev" : 0.000000,
        "bw_samples" : 0,
        "iops_min" : 0,
        "iops_max" : 0,
        "iops_mean" : 0.000000,
        "iops_stddev" : 0.000000,
        "iops_samples" : 0
      },
      "write" : {
        "io_bytes" : 394657280,
        "io_kbytes" : 385407,
        "bw" : 12846,
        "iops" : 25692.120525,
        "runtime" : 30002,
        "total_ios" : 770815,
        "short_ios" : 0,
        "drop_ios" : 0,
        "slat_ns" : {
          "min" : 42841,
          "max" : 20912371,
          "mean" : 154449.399621,
          "stddev" : 163979.255383
        },
        "clat_ns" : {
          "min" : 1511,
          "max" : 21595646,
          "mean" : 1090278.811152,
          "stddev" : 641520.416834,
          "percentile" : {
            "1.000000" : 481280,
            "5.000000" : 552960,
            "10.000000" : 610304,
            "20.000000" : 675840,
            "30.000000" : 716800,
            "40.000000" : 757760,
            "50.000000" : 823296,
            "60.000000" : 946176,
            "70.000000" : 1171456,
            "80.000000" : 1482752,
            "90.000000" : 1957888,
            "95.000000" : 2342912,
            "99.000000" : 3260416,
            "99.500000" : 3850240,
            "99.900000" : 5537792,
            "99.950000" : 5996544,
            "99.990000" : 8978432,
            "0.00" : 0,
            "0.00" : 0,
            "0.00" : 0
          },
          "bins" : {
            "1512" : 1,
            "1544" : 1,
            "1672" : 1,
            "1896" : 1,
            "93696" : 1,
            "94720" : 1,
            "168960" : 1,
            "171008" : 1,
            "189440" : 1,
            "240640" : 1,
            "264192" : 1,
            "268288" : 1,
            "313344" : 1,
            "342016" : 2,
            "374784" : 1,
            "378880" : 2,
            "382976" : 1,
            "387072" : 5,
            "391168" : 4,
            "395264" : 9,
            "399360" : 21,
            "403456" : 19,
            "407552" : 33,
            "411648" : 40,
            "415744" : 53,
            "419840" : 79,
            "423936" : 108,
            "428032" : 131,
            "432128" : 157,
            "436224" : 230,
            "440320" : 280,
            "444416" : 346,
            "448512" : 398,
            "452608" : 535,
            "456704" : 601,
            "460800" : 708,
            "464896" : 777,
            "468992" : 842,
            "473088" : 969,
            "477184" : 1102,
            "481280" : 1109,
            "485376" : 1226,
            "489472" : 1307,
            "493568" : 1324,
            "497664" : 1355,
            "501760" : 1503,
            "505856" : 1545,
            "509952" : 1592,
            "514048" : 1738,
            "518144" : 1783,
            "522240" : 1782,
            "528384" : 3932,
            "536576" : 4152,
            "544768" : 4631,
            "552960" : 4648,
            "561152" : 5200,
            "569344" : 5407,
            "577536" : 5868,
            "585728" : 5916,
            "593920" : 6469,
            "602112" : 6669,
            "610304" : 6864,
            "618496" : 7244,
            "626688" : 8009,
            "634880" : 8770,
            "643072" : 9446,
            "651264" : 10437,
            "659456" : 11496,
            "667648" : 12609,
            "675840" : 13813,
            "684032" : 14787,
            "692224" : 15435,
            "700416" : 15959,
            "708608" : 15808,
            "716800" : 15646,
            "724992" : 15275,
            "733184" : 15014,
            "741376" : 14416,
            "749568" : 13680,
            "757760" : 13274,
            "765952" : 12342,
            "774144" : 12026,
            "782336" : 10815,
            "790528" : 9809,
            "798720" : 9089,
            "806912" : 8240,
            "815104" : 7493,
            "823296" : 7155,
            "831488" : 6630,
            "839680" : 6250,
            "847872" : 6105,
            "856064" : 5728,
            "864256" : 5403,
            "872448" : 5244,
            "880640" : 4905,
            "888832" : 4686,
            "897024" : 4538,
            "905216" : 4376,
            "913408" : 4296,
            "921600" : 4042,
            "929792" : 3949,
            "937984" : 3826,
            "946176" : 3759,
            "954368" : 3748,
            "962560" : 3594,
            "970752" : 3416,
            "978944" : 3487,
            "987136" : 3237,
            "995328" : 3183,
            "1003520" : 3083,
            "1011712" : 3051,
            "1019904" : 2914,
            "1028096" : 2908,
            "1036288" : 2829,
            "1044480" : 2856,
            "1056768" : 5425,
            "1073152" : 5244,
            "1089536" : 5132,
            "1105920" : 5030,
            "1122304" : 4955,
            "1138688" : 4946,
            "1155072" : 4734,
            "1171456" : 4719,
            "1187840" : 4495,
            "1204224" : 4436,
            "1220608" : 4296,
            "1236992" : 4203,
            "1253376" : 4000,
            "1269760" : 4035,
            "1286144" : 3996,
            "1302528" : 4022,
            "1318912" : 3935,
            "1335296" : 3791,
            "1351680" : 3665,
            "1368064" : 3565,
            "1384448" : 3592,
            "1400832" : 3526,
            "1417216" : 3429,
            "1433600" : 3548,
            "1449984" : 3417,
            "1466368" : 3533,
            "1482752" : 3535,
            "1499136" : 3349,
            "1515520" : 3259,
            "1531904" : 3219,
            "1548288" : 3260,
            "1564672" : 3138,
            "1581056" : 2991,
            "1597440" : 2975,
            "1613824" : 2926,
            "1630208" : 2907,
            "1646592" : 2784,
            "1662976" : 2828,
            "1679360" : 2745,
            "1695744" : 2735,