{
  "fio version" : "fio-3.1",
  "timestamp" : 1555518352,
  "timestamp_ms" : 1555518352751,
  "time" : "Wed Apr 17 16:25:52 2019",
  "global options" : {
    "fallocate" : "none",
    "runtime" : "30",
    "directory" : "/data/fio_write/beegfs-randwrite-64-5zvhg",
    "bs" : "32768",
    "time_based" : "1",
    "ioengine" : "libaio",
    "iodepth" : "8",
    "direct" : "1",
    "buffered" : "0",
    "thread" : "0",
    "group_reporting" : "1",
    "filesize" : "32g",
    "size" : "32g",
    "filename_format" : "$jobnum.dat"
  },
  "jobs" : [
    {
      "jobname" : "fio-job",
      "groupid" : 0,
      "error" : 0,
      "eta" : 0,
      "elapsed" : 35,
      "job options" : {
        "rw" : "randwrite"
      },
      "read" : {
        "io_bytes" : 0,
        "io_kbytes" : 0,
        "bw" : 0,
        "iops" : 0.000000,
        "runtime" : 0,
        "total_ios" : 0,
        "short_ios" : 0,
        "drop_ios" : 0,
        "slat_ns" : {
          "min" : 0,
          "max" : 0,
          "mean" : 0.000000,
          "stddev" : 0.000000
        },
        "clat_ns" : {
          "min" : 0,
          "max" : 0,
          "mean" : 0.000000,
          "stddev" : 0.000000,
          "percentile" : {
            "1.000000" : 0,
            "5.000000" : 0,
            "10.000000" : 0,
            "20.000000" : 0,
            "30.000000" : 0,
            "40.000000" : 0,
            "50.000000" : 0,
            "60.000000" : 0,
            "70.000000" : 0,
            "80.000000" : 0,
            "90.000000" : 0,
            "95.000000" : 0,
            "99.000000" : 0,
            "99.500000" : 0,
            "99.900000" : 0,
            "99.950000" : 0,
            "99.990000" : 0,
            "0.00" : 0,
            "0.00" : 0,
            "0.00" : 0
          },
          "bins" : {

          }
        },
        "lat_ns" : {
          "min" : 0,
          "max" : 0,
          "mean" : 0.000000,
          "stddev" : 0.000000
        },
        "bw_min" : 0,
        "bw_max" : 0,
        "bw_agg" : 0.000000,
        "bw_mean" : 0.000000,
        "bw_dev" : 0.000000,
        "bw_samples" : 0,
        "iops_min" : 0,
        "iops_max" : 0,
        "iops_mean" : 0.000000,
        "iops_stddev" : 0.000000,
        "iops_samples" : 0
      },
      "write" : {
        "io_bytes" : 8814592,
        "io_kbytes" : 8608,
        "bw" : 268,
        "iops" : 8.380584,
        "runtime" : 32098,
        "total_ios" : 269,
        "short_ios" : 0,
        "drop_ios" : 0,
        "slat_ns" : {
          "min" : 311209,
          "max" : 8204061010,
          "mean" : 469534388.472119,
          "stddev" : 1139684049.792156
        },
        "clat_ns" : {
          "min" : 5349,
          "max" : 13404764235,
          "mean" : 3284426559.828997,
          "stddev" : 2774142588.617550,
          "percentile" : {
            "1.000000" : 10048,
            "5.000000" : 44826624,
            "10.000000" : 95944704,
            "20.000000" : 641728512,
            "30.000000" : 1098907648,
            "40.000000" : 1904214016,
            "50.000000" : 2701131776,
            "60.000000" : 3976200192,
            "70.000000" : 4596957184,
            "80.000000" : 5536481280,
            "90.000000" : 6811549696,
            "95.000000" : 8791261184,
            "99.000000" : 11609833472,
            "99.500000" : 11878268928,
            "99.900000" : 13354663936,
            "99.950000" : 13354663936,
            "99.990000" : 13354663936,
            "0.00" : 0,
            "0.00" : 0,
            "0.00" : 0
          },
          "bins" : {
            "5344" : 1,
            "8256" : 1,
            "10048" : 1,
            "10176" : 1,
            "3096576" : 1,
            "29229056" : 1,
            "29491200" : 1,
            "30277632" : 1,
            "33161216" : 1,
            "38010880" : 1,
            "39059456" : 1,
            "40108032" : 1,
            "41156608" : 1,
            "44826624" : 2,
            "53215232" : 2,
            "54788096" : 1,
            "55836672" : 1,
            "64749568" : 1,
            "72876032" : 1,
            "74973184" : 1,
            "80216064" : 1,
            "81264640" : 1,
            "82313216" : 1,
            "91750400" : 1,
            "95944704" : 1,
            "96993280" : 1,
            "101187584" : 2,
            "104333312" : 1,
            "105381888" : 1,
            "106430464" : 1,
            "109576192" : 1,
            "111673344" : 1,
            "112721920" : 1,
            "135266304" : 1,
            "162529280" : 1,
            "198180864" : 1,
            "362807296" : 1,
            "383778816" : 1,
            "396361728" : 1,
            "404750336" : 2,
            "425721856" : 1,
            "434110464" : 2,
            "541065216" : 1,
            "549453824" : 2,
            "566231040" : 1,
            "624951296" : 1,
            "633339904" : 1,
            "641728512" : 1,
            "675282944" : 1,
            "683671552" : 1,
            "700448768" : 1,
            "708837376" : 1,
            "725614592" : 1,
            "884998144" : 1,
            "901775360" : 3,
            "910163968" : 1,
            "918552576" : 2,
            "926941184" : 4,
            "935329792" : 2,
            "943718400" : 1,
            "952107008" : 1,
            "1035993088" : 1,
            "1044381696" : 1,
            "1052770304" : 1,
            "1069547520" : 1,
            "1082130432" : 2,
            "1098907648" : 2,
            "1166016512" : 2,
            "1367343104" : 3,
            "1451229184" : 1,
            "1468006400" : 3,
            "1501560832" : 1,
            "1602224128" : 1,
            "1635778560" : 1,
            "1719664640" : 2,
            "1736441856" : 2,
            "1769996288" : 4,
            "1820327936" : 1,
            "1887436800" : 2,
            "1904214016" : 3,
            "1920991232" : 1,
            "1937768448" : 2,
            "1988100096" : 3,
            "2021654528" : 3,
            "2105540608" : 1,
            "2164260864" : 1,
            "2197815296" : 2,
            "2231369728" : 1,
            "2365587456" : 3,
            "2499805184" : 4,
            "2533359616" : 2,
            "2600468480" : 2,
            "2667577344" : 1,
            "2701131776" : 5,
            "2801795072" : 1,
            "2902458368" : 2,
            "2936012800" : 2,
            "3170893824" : 1,
            "3271557120" : 2,
            "3305111552" : 3,
            "3405774848" : 2,
            "3539992576" : 2,
            "3573547008" : 1,
            "3774873600" : 2,
            "3875536896" : 1,
            "3976200192" : 5,
            "4043309056" : 2,
            "4076863488" : 3,
            "4110417920" : 4,
            "4278190080" : 3,
            "4395630592" : 6,
            "4462739456" : 4,
            "4529848320" : 2,
            "4596957184" : 2,
            "4664066048" : 1,
            "4798283776" : 7,
            "4865392640" : 1,
            "4932501504" : 1,
            "4999610368" : 1,
            "5066719232" : 1,
            "5133828096" : 8,
            "5268045824" : 1,
            "5335154688" : 2,
            "5402263552" : 1,
            "5469372416" : 2,
            "5536481280" : 2,
            "5603590144" : 1,
            "5737807872" : 2,
            "5804916736" : 1,
            "5872025600" : 1,
            "5939134464" : 1,
            "6006243328" : 5,
            "6073352192" : 4,
            "6140461056" : 1,
            "6274678784" : 3,
            "6341787648" : 1,
            "6543114240" : 1,
            "6610223104" : 1,
            "6744440832" : 1,
            "6811549696" : 3,
            "6945767424" : 1,
            "7012876288" : 1,
            "7079985152" : 2,
            "7147094016" : 2,
            "7281311744" : 3,
            "8657043456" : 1,
            "8791261184" : 3,
            "9059696640" : 3,
            "9328132096" : 2,
            "9462349824" : 1,