{
  "fio version" : "fio-3.1",
  "timestamp" : 1555531782,
  "timestamp_ms" : 1555531782496,
  "time" : "Wed Apr 17 20:09:42 2019",
  "global options" : {
    "fallocate" : "none",
    "runtime" : "30",
    "directory" : "/data/fio_write/beegfs-randwrite-64-g69r8",
    "bs" : "1048576",
    "time_based" : "1",
    "ioengine" : "libaio",
    "iodepth" : "8",
    "direct" : "1",
    "buffered" : "0",
    "thread" : "0",
    "group_reporting" : "1",
    "filesize" : "32g",
    "size" : "32g",
    "filename_format" : "$jobnum.dat"
  },
  "jobs" : [
    {
      "jobname" : "fio-job",
      "groupid" : 0,
      "error" : 0,
      "eta" : 0,
      "elapsed" : 31,
      "job options" : {
        "rw" : "randwrite"
      },
      "read" : {
        "io_bytes" : 0,
        "io_kbytes" : 0,
        "bw" : 0,
        "iops" : 0.000000,
        "runtime" : 0,
        "total_ios" : 0,
        "short_ios" : 0,
        "drop_ios" : 0,
        "slat_ns" : {
          "min" : 0,
          "max" : 0,
          "mean" : 0.000000,
          "stddev" : 0.000000
        },
        "clat_ns" : {
          "min" : 0,
          "max" : 0,
          "mean" : 0.000000,
          "stddev" : 0.000000,
          "percentile" : {
            "1.000000" : 0,
            "5.000000" : 0,
            "10.000000" : 0,
            "20.000000" : 0,
            "30.000000" : 0,
            "40.000000" : 0,
            "50.000000" : 0,
            "60.000000" : 0,
            "70.000000" : 0,
            "80.000000" : 0,
            "90.000000" : 0,
            "95.000000" : 0,
            "99.000000" : 0,
            "99.500000" : 0,
            "99.900000" : 0,
            "99.950000" : 0,
            "99.990000" : 0,
            "0.00" : 0,
            "0.00" : 0,
            "0.00" : 0
          },
          "bins" : {

          }
        },
        "lat_ns" : {
          "min" : 0,
          "max" : 0,
          "mean" : 0.000000,
          "stddev" : 0.000000
        },
        "bw_min" : 0,
        "bw_max" : 0,
        "bw_agg" : 0.000000,
        "bw_mean" : 0.000000,
        "bw_dev" : 0.000000,
        "bw_samples" : 0,
        "iops_min" : 0,
        "iops_max" : 0,
        "iops_mean" : 0.000000,
        "iops_stddev" : 0.000000,
        "iops_samples" : 0
      },
      "write" : {
        "io_bytes" : 1975517184,
        "io_kbytes" : 1929216,
        "bw" : 64087,
        "iops" : 62.585124,
        "runtime" : 30103,
        "total_ios" : 1884,
        "short_ios" : 0,
        "drop_ios" : 0,
        "slat_ns" : {
          "min" : 636664,
          "max" : 2103488922,
          "mean" : 63820088.366773,
          "stddev" : 154303301.230570
        },
        "clat_ns" : {
          "min" : 5664,
          "max" : 2663227944,
          "mean" : 442473971.601911,
          "stddev" : 407851529.929059,
          "percentile" : {
            "1.000000" : 11993088,
            "5.000000" : 29491200,
            "10.000000" : 64749568,
            "20.000000" : 119013376,
            "30.000000" : 168820736,
            "40.000000" : 244318208,
            "50.000000" : 325058560,
            "60.000000" : 400556032,
            "70.000000" : 549453824,
            "80.000000" : 717225984,
            "90.000000" : 994050048,
            "95.000000" : 1333788672,
            "99.000000" : 1820327936,
            "99.500000" : 2021654528,
            "99.900000" : 2466250752,
            "99.950000" : 2667577344,
            "99.990000" : 2667577344,
            "0.00" : 0,
            "0.00" : 0,
            "0.00" : 0
          },
          "bins" : {
            "5664" : 1,
            "6176" : 1,
            "6624" : 1,
            "7584" : 1,
            "7700480" : 1,
            "8028160" : 1,
            "8224768" : 1,
            "8585216" : 1,
            "8716288" : 1,
            "8978432" : 2,
            "9109504" : 1,
            "9764864" : 1,
            "10289152" : 1,
            "10420224" : 1,
            "11206656" : 1,
            "11337728" : 1,
            "11730944" : 1,
            "11993088" : 1,
            "12386304" : 1,
            "12517376" : 2,
            "13041664" : 1,
            "13172736" : 1,
            "13434880" : 1,
            "13697024" : 1,
            "13828096" : 2,
            "13959168" : 2,
            "14090240" : 1,
            "14352384" : 1,
            "14614528" : 3,
            "14745600" : 2,
            "15007744" : 1,
            "15138816" : 1,
            "15794176" : 1,
            "16056320" : 3,
            "16187392" : 2,
            "16580608" : 3,
            "16711680" : 1,
            "16908288" : 3,
            "17170432" : 1,
            "17694720" : 3,
            "17956864" : 1,
            "18219008" : 1,
            "18481152" : 1,
            "18743296" : 1,
            "19005440" : 1,
            "19529728" : 1,
            "20054016" : 1,
            "20316160" : 3,
            "20578304" : 1,
            "20840448" : 1,
            "21102592" : 1,
            "21889024" : 1,
            "22151168" : 1,
            "22413312" : 2,
            "22675456" : 1,
            "22937600" : 3,
            "23724032" : 1,
            "23986176" : 1,
            "25034752" : 2,
            "25296896" : 3,
            "25821184" : 3,
            "26083328" : 1,
            "26869760" : 1,
            "27656192" : 1,
            "28180480" : 1,
            "28442624" : 1,
            "28966912" : 1,
            "29491200" : 2,
            "29753344" : 1,
            "30539776" : 1,
            "30801920" : 1,
            "31064064" : 2,
            "31326208" : 1,
            "32636928" : 2,
            "33423360" : 1,
            "33816576" : 1,
            "34865152" : 2,
            "35913728" : 1,
            "36438016" : 2,
            "36962304" : 1,
            "37486592" : 1,
            "38010880" : 2,
            "38535168" : 2,
            "39583744" : 2,
            "40108032" : 1,
            "40632320" : 1,
            "41156608" : 3,
            "41680896" : 3,
            "42205184" : 4,
            "42729472" : 4,
            "43253760" : 3,
            "43778048" : 3,
            "44302336" : 1,
            "44826624" : 3,
            "45350912" : 2,
            "45875200" : 2,
            "47448064" : 2,
            "48496640" : 1,
            "49020928" : 2,
            "50069504" : 1,
            "50593792" : 1,
            "51118080" : 1,
            "54788096" : 2,
            "55312384" : 1,
            "56360960" : 1,
            "57933824" : 1,
            "58458112" : 2,
            "58982400" : 6,
            "59506688" : 3,
            "60030976" : 1,
            "60555264" : 2,
            "61079552" : 1,
            "61603840" : 1,
            "62128128" : 4,
            "62652416" : 1,
            "63176704" : 2,
            "63700992" : 1,
            "64225280" : 3,
            "64749568" : 1,
            "65273856" : 1,
            "65798144" : 2,
            "66322432" : 5,
            "66846720" : 1,
            "67633152" : 2,
            "68681728" : 1,
            "69730304" : 5,
            "70778880" : 4,
            "71827456" : 3,
            "72876032" : 5,
            "73924608" : 2,
            "74973184" : 3,
            "76021760" : 2,
            "77070336" : 1,
            "78118912" : 3,
            "79167488" : 5,
            "80216064" : 3,
            "81264640" : 1,
            "82313216" : 1,
            "83361792" : 4,
            "84410368" : 11,
            "85458944" : 2,
            "86507520" : 9,
            "87556096" : 4,
            "88604672" : 7,
            "89653248" : 2,
            "90701824" : 2,
            "91750400" : 5,
            "92798976" : 2,
            "93847552" : 3,
            "94896128" : 3,
            "95944704" : 3,
            "96993280" : 1,
            "98041856" : 4,
            "99090432" : 2,
            "100139008" : 4,
            "101187584" : 3,
            "102236160" : 5,
            "104333312" : 1,