{
  "fio version" : "fio-3.1",
  "timestamp" : 1555518296,
  "timestamp_ms" : 1555518296509,
  "time" : "Wed Apr 17 16:24:56 2019",
  "global options" : {
    "fallocate" : "none",
    "runtime" : "30",
    "directory" : "/data/fio_write/beegfs-randwrite-64-q8bj8",
    "bs" : "16384",
    "time_based" : "1",
    "ioengine" : "libaio",
    "iodepth" : "8",
    "direct" : "1",
    "buffered" : "0",
    "thread" : "0",
    "group_reporting" : "1",
    "filesize" : "32g",
    "size" : "32g",
    "filename_format" : "$jobnum.dat"
  },
  "jobs" : [
    {
      "jobname" : "fio-job",
      "groupid" : 0,
      "error" : 0,
      "eta" : 0,
      "elapsed" : 33,
      "job options" : {
        "rw" : "randwrite"
      },
      "read" : {
        "io_bytes" : 0,
        "io_kbytes" : 0,
        "bw" : 0,
        "iops" : 0.000000,
        "runtime" : 0,
        "total_ios" : 0,
        "short_ios" : 0,
        "drop_ios" : 0,
        "slat_ns" : {
          "min" : 0,
          "max" : 0,
          "mean" : 0.000000,
          "stddev" : 0.000000
        },
        "clat_ns" : {
          "min" : 0,
          "max" : 0,
          "mean" : 0.000000,
          "stddev" : 0.000000,
          "percentile" : {
            "1.000000" : 0,
            "5.000000" : 0,
            "10.000000" : 0,
            "20.000000" : 0,
            "30.000000" : 0,
            "40.000000" : 0,
            "50.000000" : 0,
            "60.000000" : 0,
            "70.000000" : 0,
            "80.000000" : 0,
            "90.000000" : 0,
            "95.000000" : 0,
            "99.000000" : 0,
            "99.500000" : 0,
            "99.900000" : 0,
            "99.950000" : 0,
            "99.990000" : 0,
            "0.00" : 0,
            "0.00" : 0,
            "0.00" : 0
          },
          "bins" : {

          }
        },
        "lat_ns" : {
          "min" : 0,
          "max" : 0,
          "mean" : 0.000000,
          "stddev" : 0.000000
        },
        "bw_min" : 0,
        "bw_max" : 0,
        "bw_agg" : 0.000000,
        "bw_mean" : 0.000000,
        "bw_dev" : 0.000000,
        "bw_samples" : 0,
        "iops_min" : 0,
        "iops_max" : 0,
        "iops_mean" : 0.000000,
        "iops_stddev" : 0.000000,
        "iops_samples" : 0
      },
      "write" : {
        "io_bytes" : 2768896,
        "io_kbytes" : 2704,
        "bw" : 87,
        "iops" : 5.488795,
        "runtime" : 30790,
        "total_ios" : 169,
        "short_ios" : 0,
        "drop_ios" : 0,
        "slat_ns" : {
          "min" : 184466,
          "max" : 10553932501,
          "mean" : 675335097.550296,
          "stddev" : 1589431967.934024
        },
        "clat_ns" : {
          "min" : 7300,
          "max" : 20915427153,
          "mean" : 4646984545.603550,
          "stddev" : 4684290538.220493,
          "percentile" : {
            "1.000000" : 9920,
            "5.000000" : 69730304,
            "10.000000" : 70778880,
            "20.000000" : 463470592,
            "30.000000" : 876609536,
            "40.000000" : 2197815296,
            "50.000000" : 3372220416,
            "60.000000" : 5066719232,
            "70.000000" : 6207569920,
            "80.000000" : 7952400384,
            "90.000000" : 12146704384,
            "95.000000" : 13220446208,
            "99.000000" : 17112760320,
            "99.500000" : 17112760320,
            "99.900000" : 17112760320,
            "99.950000" : 17112760320,
            "99.990000" : 17112760320,
            "0.00" : 0,
            "0.00" : 0,
            "0.00" : 0
          },
          "bins" : {
            "7328" : 1,
            "9920" : 1,
            "12480" : 1,
            "13120" : 1,
            "2998272" : 1,
            "3129344" : 1,
            "24248320" : 1,
            "26345472" : 1,
            "69730304" : 4,
            "70778880" : 7,
            "87556096" : 1,
            "164626432" : 1,
            "206569472" : 3,
            "227540992" : 1,
            "316669952" : 1,
            "358612992" : 2,
            "450887680" : 2,
            "459276288" : 1,
            "463470592" : 4,
            "530579456" : 1,
            "541065216" : 1,
            "566231040" : 1,
            "574619648" : 1,
            "599785472" : 1,
            "608174080" : 1,
            "616562688" : 1,
            "809500672" : 1,
            "817889280" : 1,
            "826277888" : 3,
            "834666496" : 2,
            "876609536" : 2,
            "901775360" : 5,
            "910163968" : 2,
            "952107008" : 1,
            "1019215872" : 1,
            "1384120320" : 1,
            "1585446912" : 1,
            "1803550720" : 2,
            "1820327936" : 1,
            "2071986176" : 1,
            "2197815296" : 2,
            "2264924160" : 4,
            "2332033024" : 2,
            "2432696320" : 1,
            "2499805184" : 2,
            "2667577344" : 1,
            "2734686208" : 2,
            "2902458368" : 1,
            "3238002688" : 1,
            "3271557120" : 1,
            "3372220416" : 2,
            "3539992576" : 1,
            "3573547008" : 1,
            "3607101440" : 1,
            "3707764736" : 3,
            "4395630592" : 4,
            "4462739456" : 1,
            "4529848320" : 1,
            "4731174912" : 2,
            "4999610368" : 1,
            "5066719232" : 2,
            "5200936960" : 1,
            "5335154688" : 5,
            "5402263552" : 3,
            "5469372416" : 2,
            "5536481280" : 1,
            "5804916736" : 2,
            "5872025600" : 2,
            "6207569920" : 1,
            "6341787648" : 2,
            "6543114240" : 2,
            "6677331968" : 1,
            "7147094016" : 3,
            "7415529472" : 3,
            "7482638336" : 1,
            "7549747200" : 1,
            "7683964928" : 2,
            "7751073792" : 1,
            "7952400384" : 2,
            "8019509248" : 2,
            "8489271296" : 1,
            "8657043456" : 3,
            "9999220736" : 1,
            "10267656192" : 1,
            "10536091648" : 1,
            "11072962560" : 2,
            "11341398016" : 2,
            "11609833472" : 1,
            "12012486656" : 1,
            "12146704384" : 1,
            "12280922112" : 1,
            "12549357568" : 1,
            "12683575296" : 1,
            "12817793024" : 2,
            "13220446208" : 3,
            "13354663936" : 1,
            "13757317120" : 1,
            "16441671680" : 1,
            "17112760320" : 5
          }
        },
        "lat_ns" : {
          "min" : 24552743,
          "max" : 20915962625,
          "mean" : 5322321486.278108,
          "stddev" : 5077246514.534939
        },
        "bw_min" : 32,
        "bw_max" : 384,
        "bw_agg" : 100.000000,
        "bw_mean" : 91.333333,
        "bw_dev" : 91.464988,
        "bw_samples" : 48,
        "iops_min" : 2,
        "iops_max" : 24,
        "iops_mean" : 5.708333,
        "iops_stddev" : 5.716562,
        "iops_samples" : 48
      },
      "trim" : {
        "io_bytes" : 0,
        "io_kbytes" : 0,
        "bw" : 0,
        "iops" : 0.000000,
        "runtime" : 0,
        "total_ios" : 0,
        "short_ios" : 0,
        "drop_ios" : 0,
        "slat_ns" : {
          "min" : 0,
          "max" : 0,
          "mean" : 0.000000,
          "stddev" : 0.000000
        },
        "clat_ns" : {
          "min" : 0,
          "max" : 0,
          "mean" : 0.000000,
          "stddev" : 0.000000,
          "percentile" : {
            "1.000000" : 0,
            "5.000000" : 0,
            "10.000000" : 0,
            "20.000000" : 0,
            "30.000000" : 0,
            "40.000000" : 0,
            "50.000000" : 0,
            "60.000000" : 0,
            "70.000000" : 0,
            "80.000000" : 0,
            "90.000000" : 0,
            "95.000000" : 0,
            "99.000000" : 0,
            "99.500000" : 0,
            "99.900000" : 0,
            "99.950000" : 0,