{
  "fio version" : "fio-3.1",
  "timestamp" : 1556100464,
  "timestamp_ms" : 1556100464464,
  "time" : "Wed Apr 24 10:07:44 2019",
  "global options" : {
    "fallocate" : "none",
    "runtime" : "30",
    "directory" : "data/fio_write/beegfs-randwrite-64-hwmn6",
    "bs" : "131072",
    "time_based" : "1",
    "ioengine" : "libaio",
    "iodepth" : "8",
    "direct" : "1",
    "buffered" : "0",
    "thread" : "0",
    "group_reporting" : "1",
    "filesize" : "32g",
    "size" : "32g",
    "filename_format" : "$jobnum.dat"
  },
  "jobs" : [
    {
      "jobname" : "fio-job",
      "groupid" : 0,
      "error" : 0,
      "eta" : 0,
      "elapsed" : 40,
      "job options" : {
        "rw" : "randwrite"
      },
      "read" : {
        "io_bytes" : 0,
        "io_kbytes" : 0,
        "bw" : 0,
        "iops" : 0.000000,
        "runtime" : 0,
        "total_ios" : 0,
        "short_ios" : 0,
        "drop_ios" : 0,
        "slat_ns" : {
          "min" : 0,
          "max" : 0,
          "mean" : 0.000000,
          "stddev" : 0.000000
        },
        "clat_ns" : {
          "min" : 0,
          "max" : 0,
          "mean" : 0.000000,
          "stddev" : 0.000000,
          "percentile" : {
            "1.000000" : 0,
            "5.000000" : 0,
            "10.000000" : 0,
            "20.000000" : 0,
            "30.000000" : 0,
            "40.000000" : 0,
            "50.000000" : 0,
            "60.000000" : 0,
            "70.000000" : 0,
            "80.000000" : 0,
            "90.000000" : 0,
            "95.000000" : 0,
            "99.000000" : 0,
            "99.500000" : 0,
            "99.900000" : 0,
            "99.950000" : 0,
            "99.990000" : 0,
            "0.00" : 0,
            "0.00" : 0,
            "0.00" : 0
          },
          "bins" : {

          }
        },
        "lat_ns" : {
          "min" : 0,
          "max" : 0,
          "mean" : 0.000000,
          "stddev" : 0.000000
        },
        "bw_min" : 0,
        "bw_max" : 0,
        "bw_agg" : 0.000000,
        "bw_mean" : 0.000000,
        "bw_dev" : 0.000000,
        "bw_samples" : 0,
        "iops_min" : 0,
        "iops_max" : 0,
        "iops_mean" : 0.000000,
        "iops_stddev" : 0.000000,
        "iops_samples" : 0
      },
      "write" : {
        "io_bytes" : 29884416,
        "io_kbytes" : 29184,
        "bw" : 883,
        "iops" : 6.900100,
        "runtime" : 33043,
        "total_ios" : 228,
        "short_ios" : 0,
        "drop_ios" : 0,
        "slat_ns" : {
          "min" : 1015267,
          "max" : 17348414190,
          "mean" : 500256025.548246,
          "stddev" : 1708841866.523848
        },
        "clat_ns" : {
          "min" : 5323,
          "max" : 18203597838,
          "mean" : 3328289585.460527,
          "stddev" : 4557953043.573244,
          "percentile" : {
            "1.000000" : 10688,
            "5.000000" : 60555264,
            "10.000000" : 94896128,
            "20.000000" : 265289728,
            "30.000000" : 574619648,
            "40.000000" : 1027604480,
            "50.000000" : 1535115264,
            "60.000000" : 1920991232,
            "70.000000" : 3506438144,
            "80.000000" : 4664066048,
            "90.000000" : 11341398016,
            "95.000000" : 15904800768,
            "99.000000" : 17112760320,
            "99.500000" : 17112760320,
            "99.900000" : 17112760320,
            "99.950000" : 17112760320,
            "99.990000" : 17112760320,
            "0.00" : 0,
            "0.00" : 0,
            "0.00" : 0
          },
          "bins" : {
            "5344" : 1,
            "9536" : 1,
            "10688" : 1,
            "10944" : 1,
            "11862016" : 1,
            "28442624" : 1,
            "34865152" : 1,
            "38535168" : 1,
            "39059456" : 1,
            "40108032" : 1,
            "60030976" : 1,
            "60555264" : 1,
            "63176704" : 1,
            "63700992" : 1,
            "67633152" : 1,
            "71827456" : 1,
            "73924608" : 2,
            "84410368" : 2,
            "86507520" : 1,
            "90701824" : 1,
            "94896128" : 1,
            "95944704" : 1,
            "100139008" : 1,
            "104333312" : 1,
            "105381888" : 1,
            "110624768" : 1,
            "131596288" : 1,
            "132644864" : 1,
            "135266304" : 2,
            "158334976" : 1,
            "202375168" : 3,
            "212860928" : 1,
            "217055232" : 3,
            "231735296" : 2,
            "242221056" : 2,
            "244318208" : 1,
            "265289728" : 1,
            "267386880" : 1,
            "278921216" : 1,
            "295698432" : 1,
            "299892736" : 1,
            "304087040" : 1,
            "308281344" : 2,
            "320864256" : 1,
            "346030080" : 1,
            "408944640" : 2,
            "501219328" : 1,
            "517996544" : 1,
            "522190848" : 1,
            "530579456" : 3,
            "534773760" : 1,
            "541065216" : 2,
            "549453824" : 1,
            "574619648" : 3,
            "608174080" : 1,
            "616562688" : 3,
            "641728512" : 1,
            "717225984" : 2,
            "775946240" : 1,
            "801112064" : 1,
            "809500672" : 3,
            "834666496" : 1,
            "876609536" : 2,
            "884998144" : 2,
            "926941184" : 1,
            "960495616" : 1,
            "985661440" : 1,
            "1010827264" : 1,
            "1027604480" : 1,
            "1115684864" : 2,
            "1233125376" : 3,
            "1249902592" : 1,
            "1300234240" : 2,
            "1317011456" : 1,
            "1367343104" : 2,
            "1384120320" : 3,
            "1417674752" : 1,
            "1451229184" : 1,
            "1518338048" : 3,
            "1535115264" : 3,
            "1619001344" : 2,
            "1719664640" : 2,
            "1736441856" : 6,
            "1753219072" : 4,
            "1786773504" : 2,
            "1803550720" : 2,
            "1904214016" : 3,
            "1920991232" : 4,
            "1937768448" : 3,
            "1971322880" : 1,
            "2088763392" : 1,
            "2533359616" : 2,
            "2634022912" : 2,
            "2734686208" : 2,
            "2768240640" : 2,
            "3003121664" : 1,
            "3439329280" : 1,
            "3472883712" : 4,
            "3506438144" : 2,
            "3539992576" : 1,
            "3573547008" : 1,
            "3741319168" : 3,
            "3774873600" : 2,
            "4278190080" : 1,
            "4328521728" : 4,
            "4395630592" : 4,
            "4462739456" : 1,
            "4529848320" : 1,
            "4664066048" : 5,
            "4731174912" : 1,
            "4798283776" : 4,
            "4932501504" : 2,
            "5603590144" : 1,
            "5939134464" : 5,
            "6878658560" : 1,
            "7079985152" : 2,
            "8220835840" : 2,
            "8657043456" : 1,
            "9999220736" : 2,
            "10133438464" : 1,
            "11341398016" : 6,
            "11878268928" : 1,
            "12817793024" : 1,
            "14428405760" : 2,
            "15502147584" : 1,
            "15904800768" : 1,
            "17112760320" : 11
          }
        },
        "lat_ns" : {
          "min" : 39946936,
          "max" : 18211213053,
          "mean" : 3828547294.820176,
          "stddev" : 4874842216.015386
        },
        "bw_min" : 256,
        "bw_max" : 3084,
        "bw_agg" : 100.000000,
        "bw_mean" : 1142.750000,
        "bw_dev" : 839.858851,
        "bw_samples" : 44,
        "iops_min" : 2,
        "iops_max" : 24,
        "iops_mean" : 8.863636,
        "iops_stddev" : 6.586070,
        "iops_samples" : 44
      },
      "trim" : {
        "io_bytes" : 0,
        "io_kbytes" : 0,
        "bw" : 0,
        "iops" : 0.000000,
        "runtime" : 0,
        "total_ios" : 0,