{
  "fio version" : "fio-3.1",
  "timestamp" : 1555518685,
  "timestamp_ms" : 1555518685198,
  "time" : "Wed Apr 17 16:31:25 2019",
  "global options" : {
    "fallocate" : "none",
    "runtime" : "30",
    "directory" : "/data/fio_write/beegfs-randwrite-64-dphvk",
    "bs" : "2097152",
    "time_based" : "1",
    "ioengine" : "libaio",
    "iodepth" : "8",
    "direct" : "1",
    "buffered" : "0",
    "thread" : "0",
    "group_reporting" : "1",
    "filesize" : "32g",
    "size" : "32g",
    "filename_format" : "$jobnum.dat"
  },
  "jobs" : [
    {
      "jobname" : "fio-job",
      "groupid" : 0,
      "error" : 0,
      "eta" : 0,
      "elapsed" : 33,
      "job options" : {
        "rw" : "randwrite"
      },
      "read" : {
        "io_bytes" : 0,
        "io_kbytes" : 0,
        "bw" : 0,
        "iops" : 0.000000,
        "runtime" : 0,
        "total_ios" : 0,
        "short_ios" : 0,
        "drop_ios" : 0,
        "slat_ns" : {
          "min" : 0,
          "max" : 0,
          "mean" : 0.000000,
          "stddev" : 0.000000
        },
        "clat_ns" : {
          "min" : 0,
          "max" : 0,
          "mean" : 0.000000,
          "stddev" : 0.000000,
          "percentile" : {
            "1.000000" : 0,
            "5.000000" : 0,
            "10.000000" : 0,
            "20.000000" : 0,
            "30.000000" : 0,
            "40.000000" : 0,
            "50.000000" : 0,
            "60.000000" : 0,
            "70.000000" : 0,
            "80.000000" : 0,
            "90.000000" : 0,
            "95.000000" : 0,
            "99.000000" : 0,
            "99.500000" : 0,
            "99.900000" : 0,
            "99.950000" : 0,
            "99.990000" : 0,
            "0.00" : 0,
            "0.00" : 0,
            "0.00" : 0
          },
          "bins" : {

          }
        },
        "lat_ns" : {
          "min" : 0,
          "max" : 0,
          "mean" : 0.000000,
          "stddev" : 0.000000
        },
        "bw_min" : 0,
        "bw_max" : 0,
        "bw_agg" : 0.000000,
        "bw_mean" : 0.000000,
        "bw_dev" : 0.000000,
        "bw_samples" : 0,
        "iops_min" : 0,
        "iops_max" : 0,
        "iops_mean" : 0.000000,
        "iops_stddev" : 0.000000,
        "iops_samples" : 0
      },
      "write" : {
        "io_bytes" : 178257920,
        "io_kbytes" : 174080,
        "bw" : 5510,
        "iops" : 2.690895,
        "runtime" : 31588,
        "total_ios" : 85,
        "short_ios" : 0,
        "drop_ios" : 0,
        "slat_ns" : {
          "min" : 17738637,
          "max" : 13867454170,
          "mean" : 1355015488.976470,
          "stddev" : 2430556242.992387
        },
        "clat_ns" : {
          "min" : 10928,
          "max" : 26340333351,
          "mean" : 8316641971.529411,
          "stddev" : 6674997395.141458,
          "percentile" : {
            "1.000000" : 10944,
            "5.000000" : 149946368,
            "10.000000" : 734003200,
            "20.000000" : 1501560832,
            "30.000000" : 3707764736,
            "40.000000" : 5335154688,
            "50.000000" : 7616856064,
            "60.000000" : 8355053568,
            "70.000000" : 11207180288,
            "80.000000" : 12415139840,
            "90.000000" : 17112760320,
            "95.000000" : 17112760320,
            "99.000000" : 17112760320,
            "99.500000" : 17112760320,
            "99.900000" : 17112760320,
            "99.950000" : 17112760320,
            "99.990000" : 17112760320,
            "0.00" : 0,
            "0.00" : 0,
            "0.00" : 0
          },
          "bins" : {
            "10944" : 2,
            "11712" : 1,
            "14528" : 1,
            "149946368" : 1,
            "154140672" : 1,
            "156237824" : 1,
            "583008256" : 1,
            "734003200" : 1,
            "843055104" : 1,
            "859832320" : 1,
            "893386752" : 1,
            "935329792" : 1,
            "1266679808" : 1,
            "1300234240" : 1,
            "1317011456" : 1,
            "1501560832" : 1,
            "1535115264" : 1,
            "1551892480" : 1,
            "2139095040" : 1,
            "2164260864" : 2,
            "3204448256" : 1,
            "3238002688" : 1,
            "3640655872" : 1,
            "3707764736" : 1,
            "3875536896" : 1,
            "4596957184" : 4,
            "4798283776" : 1,
            "5200936960" : 1,
            "5335154688" : 1,
            "5603590144" : 1,
            "6207569920" : 1,
            "7012876288" : 1,
            "7079985152" : 1,
            "7348420608" : 1,
            "7415529472" : 1,
            "7482638336" : 1,
            "7549747200" : 1,
            "7616856064" : 4,
            "7683964928" : 1,
            "7751073792" : 1,
            "7885291520" : 1,
            "8019509248" : 1,
            "8355053568" : 1,
            "8657043456" : 1,
            "9059696640" : 1,
            "9193914368" : 1,
            "9865003008" : 1,
            "10670309376" : 1,
            "10804527104" : 3,
            "11207180288" : 1,
            "11475615744" : 1,
            "11744051200" : 1,
            "12012486656" : 1,
            "12280922112" : 3,
            "12415139840" : 2,
            "13757317120" : 1,
            "14294188032" : 2,
            "14696841216" : 1,
            "14831058944" : 1,
            "16978542592" : 1,
            "17112760320" : 11
          }
        },
        "lat_ns" : {
          "min" : 173428796,
          "max" : 27051593932,
          "mean" : 9671660381.694118,
          "stddev" : 6967051340.668068
        },
        "bw_min" : 4087,
        "bw_max" : 20686,
        "bw_agg" : 100.000000,
        "bw_mean" : 8414.038462,
        "bw_dev" : 4751.194995,
        "bw_samples" : 26,
        "iops_min" : 1,
        "iops_max" : 10,
        "iops_mean" : 4.038462,
        "iops_stddev" : 2.340611,
        "iops_samples" : 26
      },
      "trim" : {
        "io_bytes" : 0,
        "io_kbytes" : 0,
        "bw" : 0,
        "iops" : 0.000000,
        "runtime" : 0,
        "total_ios" : 0,
        "short_ios" : 0,
        "drop_ios" : 0,
        "slat_ns" : {
          "min" : 0,
          "max" : 0,
          "mean" : 0.000000,
          "stddev" : 0.000000
        },
        "clat_ns" : {
          "min" : 0,
          "max" : 0,
          "mean" : 0.000000,
          "stddev" : 0.000000,
          "percentile" : {
            "1.000000" : 0,
            "5.000000" : 0,
            "10.000000" : 0,
            "20.000000" : 0,
            "30.000000" : 0,
            "40.000000" : 0,
            "50.000000" : 0,
            "60.000000" : 0,
            "70.000000" : 0,
            "80.000000" : 0,
            "90.000000" : 0,
            "95.000000" : 0,
            "99.000000" : 0,
            "99.500000" : 0,
            "99.900000" : 0,
            "99.950000" : 0,
            "99.990000" : 0,
            "0.00" : 0,
            "0.00" : 0,
            "0.00" : 0
          },
          "bins" : {

          }
        },
        "lat_ns" : {
          "min" : 0,
          "max" : 0,
          "mean" : 0.000000,
          "stddev" : 0.000000
        },
        "bw_min" : 0,
        "bw_max" : 0,
        "bw_agg" : 0.000000,
        "bw_mean" : 0.000000,
        "bw_dev" : 0.000000,
        "bw_samples" : 0,
        "iops_min" : 0,
        "iops_max" : 0,
        "iops_mean" : 0.000000,
        "iops_stddev" : 0.000000,
        "iops_samples" : 0
      },
      "usr_cpu" : 0.008902,
      "sys_cpu" : 0.115725,
      "ctx" : 21902,
      "majf" : 0,
      "minf" : 40,
      "iodepth_level" : {
        "1" : 4.705882,
        "2" : 9.411765,
        "4" : 18.823529,
        "8" : 67.058824,
        "16" : 0.000000,
        "32" : 0.000000,
        ">=64" : 0.000000
      },
      "latency_ns" : {
        "2" : 0.000000,
        "4" : 0.000000,
        "10" : 0.000000,
        "20" : 0.000000,
        "50" : 0.000000,
        "100" : 0.000000,