{
  "fio version" : "fio-3.1",
  "timestamp" : 1556725161,
  "timestamp_ms" : 1556725161218,
  "time" : "Wed May  1 15:39:21 2019",
  "global options" : {
    "fallocate" : "none",
    "runtime" : "30",
    "directory" : "data/fio_write/beegfs-randwrite-8-wdp87",
    "bs" : "2048",
    "time_based" : "1",
    "ioengine" : "libaio",
    "iodepth" : "8",
    "direct" : "1",
    "buffered" : "0",
    "thread" : "0",
    "group_reporting" : "1",
    "filesize" : "32g",
    "size" : "32g",
    "filename_format" : "$jobnum.dat"
  },
  "jobs" : [
    {
      "jobname" : "fio-job",
      "groupid" : 0,
      "error" : 0,
      "eta" : 0,
      "elapsed" : 31,
      "job options" : {
        "rw" : "randwrite"
      },
      "read" : {
        "io_bytes" : 0,
        "io_kbytes" : 0,
        "bw" : 0,
        "iops" : 0.000000,
        "runtime" : 0,
        "total_ios" : 0,
        "short_ios" : 0,
        "drop_ios" : 0,
        "slat_ns" : {
          "min" : 0,
          "max" : 0,
          "mean" : 0.000000,
          "stddev" : 0.000000
        },
        "clat_ns" : {
          "min" : 0,
          "max" : 0,
          "mean" : 0.000000,
          "stddev" : 0.000000,
          "percentile" : {
            "1.000000" : 0,
            "5.000000" : 0,
            "10.000000" : 0,
            "20.000000" : 0,
            "30.000000" : 0,
            "40.000000" : 0,
            "50.000000" : 0,
            "60.000000" : 0,
            "70.000000" : 0,
            "80.000000" : 0,
            "90.000000" : 0,
            "95.000000" : 0,
            "99.000000" : 0,
            "99.500000" : 0,
            "99.900000" : 0,
            "99.950000" : 0,
            "99.990000" : 0,
            "0.00" : 0,
            "0.00" : 0,
            "0.00" : 0
          },
          "bins" : {

          }
        },
        "lat_ns" : {
          "min" : 0,
          "max" : 0,
          "mean" : 0.000000,
          "stddev" : 0.000000
        },
        "bw_min" : 0,
        "bw_max" : 0,
        "bw_agg" : 0.000000,
        "bw_mean" : 0.000000,
        "bw_dev" : 0.000000,
        "bw_samples" : 0,
        "iops_min" : 0,
        "iops_max" : 0,
        "iops_mean" : 0.000000,
        "iops_stddev" : 0.000000,
        "iops_samples" : 0
      },
      "write" : {
        "io_bytes" : 615383040,
        "io_kbytes" : 600960,
        "bw" : 20031,
        "iops" : 10015.666144,
        "runtime" : 30001,
        "total_ios" : 300480,
        "short_ios" : 0,
        "drop_ios" : 0,
        "slat_ns" : {
          "min" : 58177,
          "max" : 540390383,
          "mean" : 397072.928118,
          "stddev" : 2378684.074106
        },
        "clat_ns" : {
          "min" : 2069,
          "max" : 1179218709,
          "mean" : 2767146.378135,
          "stddev" : 9807768.384848,
          "percentile" : {
            "1.000000" : 1269760,
            "5.000000" : 1351680,
            "10.000000" : 1400832,
            "20.000000" : 1466368,
            "30.000000" : 1548288,
            "40.000000" : 1662976,
            "50.000000" : 1990656,
            "60.000000" : 2441216,
            "70.000000" : 2932736,
            "80.000000" : 3653632,
            "90.000000" : 4816896,
            "95.000000" : 5996544,
            "99.000000" : 8224768,
            "99.500000" : 9240576,
            "99.900000" : 12255232,
            "99.950000" : 15138816,
            "99.990000" : 633339904,
            "0.00" : 0,
            "0.00" : 0,
            "0.00" : 0
          },
          "bins" : {
            "2064" : 1,
            "2320" : 1,
            "2448" : 1,
            "2672" : 1,
            "921600" : 1,
            "937984" : 1,
            "962560" : 2,
            "970752" : 1,
            "995328" : 1,
            "1003520" : 2,
            "1019904" : 1,
            "1036288" : 5,
            "1044480" : 4,
            "1056768" : 8,
            "1073152" : 12,
            "1089536" : 12,
            "1105920" : 32,
            "1122304" : 32,
            "1138688" : 71,
            "1155072" : 76,
            "1171456" : 130,
            "1187840" : 185,
            "1204224" : 279,
            "1220608" : 415,
            "1236992" : 534,
            "1253376" : 845,
            "1269760" : 1127,
            "1286144" : 1690,
            "1302528" : 2205,
            "1318912" : 2913,
            "1335296" : 3529,
            "1351680" : 4082,
            "1368064" : 4852,
            "1384448" : 5462,
            "1400832" : 6043,
            "1417216" : 6314,
            "1433600" : 6891,
            "1449984" : 7133,
            "1466368" : 7028,
            "1482752" : 7021,
            "1499136" : 6849,
            "1515520" : 6223,
            "1531904" : 6100,
            "1548288" : 5522,
            "1564672" : 5090,
            "1581056" : 4813,
            "1597440" : 4429,
            "1613824" : 3904,
            "1630208" : 3418,
            "1646592" : 3217,
            "1662976" : 2870,
            "1679360" : 2532,
            "1695744" : 2502,
            "1712128" : 2216,
            "1728512" : 1969,
            "1744896" : 1813,
            "1761280" : 1657,
            "1777664" : 1587,
            "1794048" : 1417,
            "1810432" : 1362,
            "1826816" : 1287,
            "1843200" : 1247,
            "1859584" : 1182,
            "1875968" : 1151,
            "1892352" : 1151,
            "1908736" : 1078,
            "1925120" : 1073,
            "1941504" : 1059,
            "1957888" : 1017,
            "1974272" : 1096,
            "1990656" : 1019,
            "2007040" : 1072,
            "2023424" : 1072,
            "2039808" : 1033,
            "2056192" : 1127,
            "2072576" : 1033,
            "2088960" : 1045,
            "2113536" : 2121,
            "2146304" : 2139,
            "2179072" : 2021,
            "2211840" : 2147,
            "2244608" : 2124,
            "2277376" : 2013,
            "2310144" : 2210,
            "2342912" : 2146,
            "2375680" : 2099,
            "2408448" : 2214,
            "2441216" : 2163,
            "2473984" : 2170,
            "2506752" : 2278,
            "2539520" : 2276,
            "2572288" : 2296,
            "2605056" : 2368,
            "2637824" : 2249,
            "2670592" : 2358,
            "2703360" : 2145,
            "2736128" : 2107,
            "2768896" : 1985,
            "2801664" : 1989,
            "2834432" : 1910,
            "2867200" : 1723,
            "2899968" : 1737,
            "2932736" : 1615,
            "2965504" : 1527,
            "2998272" : 1477,
            "3031040" : 1397,
            "3063808" : 1464,
            "3096576" : 1318,
            "3129344" : 1339,
            "3162112" : 1333,
            "3194880" : 1346,
            "3227648" : 1322,
            "3260416" : 1265,
            "3293184" : 1259,
            "3325952" : 1340,
            "3358720" : 1230,
            "3391488" : 1300,
            "3424256" : 1297,
            "3457024" : 1322,
            "3489792" : 1286,
            "3522560" : 1222,
            "3555328" : 1197,
            "3588096" : 1178,
            "3620864" : 1159,
            "3653632" : 1195,
            "3686400" : 1158,
            "3719168" : 1191,
            "3751936" : 1226,
            "3784704" : 1118,
            "3817472" : 1089,
            "3850240" : 1041,
            "3883008" : 1093,
            "3915776" : 1027,
            "3948544" : 953,
            "3981312" : 971,
            "4014080" : 898,
            "4046848" : 932,
            "4079616" : 942,
            "4112384" : 902,
            "4145152" : 810,
            "4177920" : 850,
            "4227072" : 1754,
            "4292608" : 1586,
            "4358144" : 1552,
            "4423680" : 1422,
            "4489216" : 1315,
            "4554752" : 1348,
            "4620288" : 1285,
            "4685824" : 1270,
            "4751360" : 1152,
            "4816896" : 1180,