{
  "fio version" : "fio-3.1",
  "timestamp" : 1556099600,
  "timestamp_ms" : 1556099600340,
  "time" : "Wed Apr 24 09:53:20 2019",
  "global options" : {
    "fallocate" : "none",
    "runtime" : "30",
    "directory" : "data/fio_write/beegfs-write-64-znk8h",
    "bs" : "1048576",
    "time_based" : "1",
    "ioengine" : "libaio",
    "iodepth" : "8",
    "direct" : "1",
    "buffered" : "0",
    "thread" : "0",
    "group_reporting" : "1",
    "filesize" : "32g",
    "size" : "32g",
    "filename_format" : "$jobnum.dat"
  },
  "jobs" : [
    {
      "jobname" : "fio-job",
      "groupid" : 0,
      "error" : 0,
      "eta" : 0,
      "elapsed" : 31,
      "job options" : {
        "rw" : "write"
      },
      "read" : {
        "io_bytes" : 0,
        "io_kbytes" : 0,
        "bw" : 0,
        "iops" : 0.000000,
        "runtime" : 0,
        "total_ios" : 0,
        "short_ios" : 0,
        "drop_ios" : 0,
        "slat_ns" : {
          "min" : 0,
          "max" : 0,
          "mean" : 0.000000,
          "stddev" : 0.000000
        },
        "clat_ns" : {
          "min" : 0,
          "max" : 0,
          "mean" : 0.000000,
          "stddev" : 0.000000,
          "percentile" : {
            "1.000000" : 0,
            "5.000000" : 0,
            "10.000000" : 0,
            "20.000000" : 0,
            "30.000000" : 0,
            "40.000000" : 0,
            "50.000000" : 0,
            "60.000000" : 0,
            "70.000000" : 0,
            "80.000000" : 0,
            "90.000000" : 0,
            "95.000000" : 0,
            "99.000000" : 0,
            "99.500000" : 0,
            "99.900000" : 0,
            "99.950000" : 0,
            "99.990000" : 0,
            "0.00" : 0,
            "0.00" : 0,
            "0.00" : 0
          },
          "bins" : {

          }
        },
        "lat_ns" : {
          "min" : 0,
          "max" : 0,
          "mean" : 0.000000,
          "stddev" : 0.000000
        },
        "bw_min" : 0,
        "bw_max" : 0,
        "bw_agg" : 0.000000,
        "bw_mean" : 0.000000,
        "bw_dev" : 0.000000,
        "bw_samples" : 0,
        "iops_min" : 0,
        "iops_max" : 0,
        "iops_mean" : 0.000000,
        "iops_stddev" : 0.000000,
        "iops_samples" : 0
      },
      "write" : {
        "io_bytes" : 3098542080,
        "io_kbytes" : 3025920,
        "bw" : 100816,
        "iops" : 98.454055,
        "runtime" : 30014,
        "total_ios" : 2955,
        "short_ios" : 0,
        "drop_ios" : 0,
        "slat_ns" : {
          "min" : 8949698,
          "max" : 431515371,
          "mean" : 40503011.366159,
          "stddev" : 40705486.580530
        },
        "clat_ns" : {
          "min" : 7308,
          "max" : 802712891,
          "mean" : 282731309.223350,
          "stddev" : 90441000.562744,
          "percentile" : {
            "1.000000" : 162529280,
            "5.000000" : 181403648,
            "10.000000" : 193986560,
            "20.000000" : 206569472,
            "30.000000" : 217055232,
            "40.000000" : 227540992,
            "50.000000" : 242221056,
            "60.000000" : 304087040,
            "70.000000" : 346030080,
            "80.000000" : 371195904,
            "90.000000" : 400556032,
            "95.000000" : 421527552,
            "99.000000" : 484442112,
            "99.500000" : 624951296,
            "99.900000" : 792723456,
            "99.950000" : 801112064,
            "99.990000" : 801112064,
            "0.00" : 0,
            "0.00" : 0,
            "0.00" : 0
          },
          "bins" : {
            "7328" : 1,
            "11968" : 1,
            "14272" : 1,
            "536576" : 1,
            "19529728" : 1,
            "26345472" : 1,
            "26607616" : 1,
            "27918336" : 1,
            "40108032" : 1,
            "58458112" : 1,
            "59506688" : 1,
            "60030976" : 1,
            "66322432" : 1,
            "72876032" : 1,
            "81264640" : 1,
            "84410368" : 1,
            "149946368" : 1,
            "152043520" : 1,
            "154140672" : 2,
            "156237824" : 1,
            "158334976" : 3,
            "160432128" : 4,
            "162529280" : 6,
            "164626432" : 10,
            "166723584" : 4,
            "168820736" : 11,
            "170917888" : 16,
            "173015040" : 8,
            "175112192" : 18,
            "177209344" : 14,
            "179306496" : 23,
            "181403648" : 19,
            "183500800" : 21,
            "185597952" : 15,
            "187695104" : 21,
            "189792256" : 35,
            "191889408" : 40,
            "193986560" : 29,
            "196083712" : 37,
            "198180864" : 45,
            "200278016" : 50,
            "202375168" : 57,
            "204472320" : 47,
            "206569472" : 68,
            "208666624" : 69,
            "210763776" : 44,
            "212860928" : 59,
            "214958080" : 57,
            "217055232" : 60,
            "219152384" : 58,
            "221249536" : 61,
            "223346688" : 57,
            "225443840" : 43,
            "227540992" : 54,
            "229638144" : 52,
            "231735296" : 49,
            "233832448" : 41,
            "235929600" : 46,
            "238026752" : 42,
            "240123904" : 37,
            "242221056" : 27,
            "244318208" : 28,
            "246415360" : 36,
            "248512512" : 25,
            "250609664" : 19,
            "252706816" : 15,
            "254803968" : 14,
            "256901120" : 16,
            "258998272" : 6,
            "261095424" : 15,
            "263192576" : 11,
            "265289728" : 7,
            "267386880" : 6,
            "270532608" : 12,
            "274726912" : 11,
            "278921216" : 6,
            "283115520" : 11,
            "287309824" : 8,
            "291504128" : 10,
            "295698432" : 14,
            "299892736" : 13,
            "304087040" : 24,
            "308281344" : 23,
            "312475648" : 19,
            "316669952" : 22,
            "320864256" : 39,
            "325058560" : 31,
            "329252864" : 35,
            "333447168" : 32,
            "337641472" : 37,
            "341835776" : 32,
            "346030080" : 28,
            "350224384" : 38,
            "354418688" : 42,
            "358612992" : 40,
            "362807296" : 45,
            "367001600" : 60,
            "371195904" : 60,
            "375390208" : 48,
            "379584512" : 44,
            "383778816" : 44,
            "387973120" : 39,
            "392167424" : 30,
            "396361728" : 35,
            "400556032" : 58,
            "404750336" : 31,
            "408944640" : 31,
            "413138944" : 30,
            "417333248" : 31,
            "421527552" : 21,
            "425721856" : 21,
            "429916160" : 16,
            "434110464" : 16,
            "438304768" : 8,
            "442499072" : 14,
            "446693376" : 10,
            "450887680" : 6,
            "455081984" : 6,
            "459276288" : 3,
            "463470592" : 3,
            "467664896" : 6,
            "471859200" : 3,
            "476053504" : 1,
            "480247808" : 2,
            "484442112" : 1,
            "492830720" : 2,
            "497025024" : 1,
            "501219328" : 1,
            "509607936" : 1,
            "534773760" : 1,
            "541065216" : 1,
            "557842432" : 2,
            "566231040" : 2,
            "583008256" : 2,
            "624951296" : 3,
            "633339904" : 7,
            "784334848" : 3,
            "792723456" : 1,
            "801112064" : 2
          }
        },
        "lat_ns" : {
          "min" : 19464299,
          "max" : 840370199,
          "mean" : 323238506.536718,
          "stddev" : 93698132.724316
        },
        "bw_min" : 8192,
        "bw_max" : 37311,
        "bw_agg" : 24.895263,
        "bw_mean" : 25098.408333,
        "bw_dev" : 5500.749096,