{
  "fio version" : "fio-3.1",
  "timestamp" : 1556097585,
  "timestamp_ms" : 1556097585167,
  "time" : "Wed Apr 24 10:19:45 2019",
  "global options" : {
    "fallocate" : "none",
    "runtime" : "30",
    "directory" : "/mnt/storage-nvme/fio_write/beegfs-randwrite-64-client-75712-25",
    "bs" : "16777216",
    "time_based" : "1",
    "ioengine" : "libaio",
    "iodepth" : "8",
    "direct" : "1",
    "buffered" : "0",
    "thread" : "0",
    "group_reporting" : "1",
    "filesize" : "32g",
    "size" : "32g",
    "filename_format" : "$jobnum.dat"
  },
  "jobs" : [
    {
      "jobname" : "fio-job",
      "groupid" : 0,
      "error" : 0,
      "eta" : 0,
      "elapsed" : 32,
      "job options" : {
        "rw" : "randwrite"
      },
      "read" : {
        "io_bytes" : 0,
        "io_kbytes" : 0,
        "bw" : 0,
        "iops" : 0.000000,
        "runtime" : 0,
        "total_ios" : 0,
        "short_ios" : 0,
        "drop_ios" : 0,
        "slat_ns" : {
          "min" : 0,
          "max" : 0,
          "mean" : 0.000000,
          "stddev" : 0.000000
        },
        "clat_ns" : {
          "min" : 0,
          "max" : 0,
          "mean" : 0.000000,
          "stddev" : 0.000000,
          "percentile" : {
            "1.000000" : 0,
            "5.000000" : 0,
            "10.000000" : 0,
            "20.000000" : 0,
            "30.000000" : 0,
            "40.000000" : 0,
            "50.000000" : 0,
            "60.000000" : 0,
            "70.000000" : 0,
            "80.000000" : 0,
            "90.000000" : 0,
            "95.000000" : 0,
            "99.000000" : 0,
            "99.500000" : 0,
            "99.900000" : 0,
            "99.950000" : 0,
            "99.990000" : 0,
            "0.00" : 0,
            "0.00" : 0,
            "0.00" : 0
          },
          "bins" : {

          }
        },
        "lat_ns" : {
          "min" : 0,
          "max" : 0,
          "mean" : 0.000000,
          "stddev" : 0.000000
        },
        "bw_min" : 0,
        "bw_max" : 0,
        "bw_agg" : 0.000000,
        "bw_mean" : 0.000000,
        "bw_dev" : 0.000000,
        "bw_samples" : 0,
        "iops_min" : 0,
        "iops_max" : 0,
        "iops_mean" : 0.000000,
        "iops_stddev" : 0.000000,
        "iops_samples" : 0
      },
      "write" : {
        "io_bytes" : 1811939328,
        "io_kbytes" : 1769472,
        "bw" : 58250,
        "iops" : 3.555321,
        "runtime" : 30377,
        "total_ios" : 108,
        "short_ios" : 0,
        "drop_ios" : 0,
        "slat_ns" : {
          "min" : 350798526,
          "max" : 2643205822,
          "mean" : 1123534804.842592,
          "stddev" : 508283685.193780
        },
        "clat_ns" : {
          "min" : 5746,
          "max" : 11912932469,
          "mean" : 6709391693.129631,
          "stddev" : 2638591811.743375,
          "percentile" : {
            "1.000000" : 5728,
            "5.000000" : 1317011456,
            "10.000000" : 2667577344,
            "20.000000" : 4798283776,
            "30.000000" : 5536481280,
            "40.000000" : 6408896512,
            "50.000000" : 7281311744,
            "60.000000" : 7885291520,
            "70.000000" : 8355053568,
            "80.000000" : 8925478912,
            "90.000000" : 9462349824,
            "95.000000" : 10267656192,
            "99.000000" : 11207180288,
            "99.500000" : 11878268928,
            "99.900000" : 11878268928,
            "99.950000" : 11878268928,
            "99.990000" : 11878268928,
            "0.00" : 0,
            "0.00" : 0,
            "0.00" : 0
          },
          "bins" : {
            "5728" : 2,
            "5984" : 1,
            "21120" : 1,
            "1300234240" : 1,
            "1317011456" : 2,
            "1719664640" : 1,
            "1837105152" : 1,
            "2499805184" : 1,
            "2667577344" : 1,
            "3003121664" : 1,
            "3103784960" : 1,
            "3741319168" : 1,
            "3774873600" : 2,
            "4395630592" : 1,
            "4529848320" : 1,
            "4664066048" : 3,
            "4798283776" : 1,
            "4865392640" : 1,
            "4932501504" : 1,
            "4999610368" : 1,
            "5200936960" : 2,
            "5268045824" : 1,
            "5335154688" : 1,
            "5402263552" : 1,
            "5469372416" : 2,
            "5536481280" : 1,
            "5603590144" : 1,
            "5670699008" : 1,
            "5804916736" : 1,
            "5872025600" : 1,
            "5939134464" : 1,
            "6006243328" : 1,
            "6207569920" : 1,
            "6274678784" : 1,
            "6341787648" : 1,
            "6408896512" : 2,
            "6610223104" : 3,
            "6811549696" : 1,
            "6878658560" : 1,
            "6945767424" : 2,
            "7214202880" : 2,
            "7281311744" : 1,
            "7415529472" : 1,
            "7549747200" : 1,
            "7616856064" : 1,
            "7683964928" : 4,
            "7751073792" : 2,
            "7818182656" : 1,
            "7885291520" : 3,
            "7952400384" : 2,
            "8086618112" : 2,
            "8153726976" : 2,
            "8220835840" : 1,
            "8287944704" : 1,
            "8355053568" : 3,
            "8422162432" : 4,
            "8489271296" : 1,
            "8556380160" : 1,
            "8657043456" : 1,
            "8791261184" : 1,
            "8925478912" : 3,
            "9059696640" : 1,
            "9193914368" : 6,
            "9328132096" : 1,
            "9462349824" : 1,
            "9865003008" : 2,
            "10133438464" : 1,
            "10267656192" : 2,
            "10536091648" : 2,
            "11072962560" : 1,
            "11207180288" : 1,
            "11878268928" : 1
          }
        },
        "lat_ns" : {
          "min" : 1300452643,
          "max" : 12901121984,
          "mean" : 7832930444.537036,
          "stddev" : 2669803863.552588
        },
        "bw_min" : 32702,
        "bw_max" : 65536,
        "bw_agg" : 57.022535,
        "bw_mean" : 33215.626667,
        "bw_dev" : 3783.785173,
        "bw_samples" : 75,
        "iops_min" : 1,
        "iops_max" : 4,
        "iops_mean" : 1.946667,
        "iops_stddev" : 0.363665,
        "iops_samples" : 75
      },
      "trim" : {
        "io_bytes" : 0,
        "io_kbytes" : 0,
        "bw" : 0,
        "iops" : 0.000000,
        "runtime" : 0,
        "total_ios" : 0,
        "short_ios" : 0,
        "drop_ios" : 0,
        "slat_ns" : {
          "min" : 0,
          "max" : 0,
          "mean" : 0.000000,
          "stddev" : 0.000000
        },
        "clat_ns" : {
          "min" : 0,
          "max" : 0,
          "mean" : 0.000000,
          "stddev" : 0.000000,
          "percentile" : {
            "1.000000" : 0,
            "5.000000" : 0,
            "10.000000" : 0,
            "20.000000" : 0,
            "30.000000" : 0,
            "40.000000" : 0,
            "50.000000" : 0,
            "60.000000" : 0,
            "70.000000" : 0,
            "80.000000" : 0,
            "90.000000" : 0,
            "95.000000" : 0,
            "99.000000" : 0,
            "99.500000" : 0,
            "99.900000" : 0,
            "99.950000" : 0,
            "99.990000" : 0,
            "0.00" : 0,
            "0.00" : 0,
            "0.00" : 0
          },
          "bins" : {

          }
        },
        "lat_ns" : {
          "min" : 0,
          "max" : 0,
          "mean" : 0.000000,
          "stddev" : 0.000000
        },
        "bw_min" : 0,
        "bw_max" : 0,
        "bw_agg" : 0.000000,
        "bw_mean" : 0.000000,
        "bw_dev" : 0.000000,
        "bw_samples" : 0,
        "iops_min" : 0,
        "iops_max" : 0,
        "iops_mean" : 0.000000,
        "iops_stddev" : 0.000000,
        "iops_samples" : 0
      },
      "usr_cpu" : 0.128461,
      "sys_cpu" : 3.611720,
      "ctx" : 68889,
      "majf" : 0,
      "minf" : 2402,